 ,Time,Time,Place,Place,Place,Place,Place,Place,Place,Environment,Environment,Environment,Environment,Environment,Environment,Aircraft 1,Aircraft 1,Aircraft 1,Aircraft 1,Aircraft 1,Aircraft 1,Aircraft 1,Aircraft 1,Aircraft 1,Aircraft 1,Aircraft 1,Aircraft 1,Aircraft 1,Aircraft 1,Aircraft 1,Aircraft 1,Aircraft 1,Aircraft 1,Aircraft 1,Aircraft 1,Aircraft 1,Aircraft 1,Aircraft 1,Aircraft 1,Aircraft 1,Aircraft 1,Aircraft 1,Aircraft 1,Aircraft 1,Aircraft 1,Aircraft 1,Aircraft 1,Aircraft 1,Aircraft 1,Aircraft 1,Component,Component,Component,Component,Aircraft 2,Aircraft 2,Aircraft 2,Aircraft 2,Aircraft 2,Aircraft 2,Aircraft 2,Aircraft 2,Aircraft 2,Aircraft 2,Aircraft 2,Aircraft 2,Aircraft 2,Aircraft 2,Aircraft 2,Aircraft 2,Aircraft 2,Aircraft 2,Aircraft 2,Aircraft 2,Aircraft 2,Aircraft 2,Aircraft 2,Aircraft 2,Aircraft 2,Aircraft 2,Aircraft 2,Aircraft 2,Aircraft 2,Aircraft 2,Aircraft 2,Aircraft 2,Aircraft 2,Aircraft 2,Aircraft 2,Person 1,Person 1,Person 1,Person 1,Person 1,Person 1,Person 1,Person 1,Person 1,Person 1,Person 1,Person 2,Person 2,Person 2,Person 2,Person 2,Person 2,Person 2,Person 2,Person 2,Person 2,Person 2,Events,Events,Events,Events,Events,Events,Assessments,Assessments,Report 1,Report 1,Report 2,Report 2,Report 1,
ACN,Date,Local Time Of Day,Locale Reference,State Reference,Relative Position.Angle.Radial,Relative Position.Distance.Nautical Miles,Altitude.AGL.Single Value,Altitude.MSL.Single Value,Latitude / Longitude (UAS),Flight Conditions,Weather Elements / Visibility,Work Environment Factor,Light,Ceiling,RVR.Single Value,ATC / Advisory,Aircraft Operator,Make Model Name,Aircraft Zone,Crew Size,Operating Under FAR Part,Flight Plan,Mission,Nav In Use,Flight Phase,Route In Use,Airspace,Maintenance Status.Maintenance Deferred,Maintenance Status.Records Complete,Maintenance Status.Released For Service,Maintenance Status.Required / Correct Doc On Board,Maintenance Status.Maintenance Type,Maintenance Status.Maintenance Items Involved,Cabin Lighting,Number Of Seats.Number,Passengers On Board.Number,Crew Size Flight Attendant.Number Of Crew,Airspace Authorization Provider (UAS),Operating Under Waivers / Exemptions / Authorizations (UAS),Waivers / Exemptions / Authorizations (UAS),Airworthiness Certification (UAS),Weight Category (UAS),Configuration (UAS),Flight Operated As (UAS),Flight Operated with Visual Observer (UAS),Control Mode (UAS),Flying In / Near / Over (UAS),Passenger Capable (UAS),Type (UAS),Number of UAS Being Controlled (UAS),Aircraft Component,Manufacturer,Aircraft Reference,Problem,ATC / Advisory,Aircraft Operator,Make Model Name,Aircraft Zone,Crew Size,Operating Under FAR Part,Flight Plan,Mission,Nav In Use,Flight Phase,Route In Use,Airspace,Maintenance Status.Maintenance Deferred,Maintenance Status.Records Complete,Maintenance Status.Released For Service,Maintenance Status.Required / Correct Doc On Board,Maintenance Status.Maintenance Type,Maintenance Status.Maintenance Items Involved,Cabin Lighting,Number Of Seats.Number,Passengers On Board.Number,Crew Size Flight Attendant.Number Of Crew,Airspace Authorization Provider (UAS),Operating Under Waivers / Exemptions / Authorizations (UAS),Waivers / Exemptions / Authorizations (UAS),Airworthiness Certification (UAS),Weight Category (UAS),Configuration (UAS),Flight Operated As (UAS),Flight Operated with Visual Observer (UAS),Control Mode (UAS),Flying In / Near / Over (UAS),Passenger Capable (UAS),Type (UAS),Number of UAS Being Controlled (UAS),Location Of Person,Location In Aircraft,Reporter Organization,Function,Qualification,Experience,Cabin Activity,Human Factors,Communication Breakdown,UAS Communication Breakdown,ASRS Report Number.Accession Number,Location Of Person,Location In Aircraft,Reporter Organization,Function,Qualification,Experience,Cabin Activity,Human Factors,Communication Breakdown,UAS Communication Breakdown,ASRS Report Number.Accession Number,Anomaly,Miss Distance,Were Passengers Involved In Event,Detector,When Detected,Result,Contributing Factors / Situations,Primary Problem,Narrative,Callback,Narrative,Callback,Synopsis,

430252,199903,0601-1200,CMI.VORTAC,IL,,10,,35000,,VMC,,,Daylight,,,Center ZID.ARTCC; Center ZAU.ARTCC,Air Carrier,Commercial Fixed Wing,,,Part 121,IFR,Passenger,,Cruise,Direct,Class A ZAU.A; Class A ZKC.A,,,,,,,,,,,,,,,,,,,,,,,,,,,,,,,,,,,,,,,,,,,,,,,,,,,,,,,,,,,,,,,Facility ZID.ARTCC,,Government,Enroute,Air Traffic Control Fully Certified,Air Traffic Control Military 3; Air Traffic Control Radar 28,,,,,730252,Facility ZAU.ARTCC,,Government,Enroute,Air Traffic Control Fully Certified,,,,,,,Airspace Violation All Types; Deviation / Discrepancy - Procedural Published Material / Policy,,,Person Air Traffic Control,,General None Reported / Taken,Human Factors,Human Factors,"ACFT FLT PLAN PROCESSING INCIDENT. ACFT DIDN'T HAND OFF TO ZKC ARTCC BECAUSE FLT PLAN PROCESSING FROM ZAU TO ZID WAS INCOMPLETE. RECEIVING CTLR AT ZID DIDN'T KNOW HE WAS TALKING TO AIRPLANE. HE THOUGHT ZAU WAS HANDLING NECESSARY COORD WITH ZKC. ACFT WENT INTO ZKC WITHOUT A HDOF -- AIRSPACE VIOLATION.",,,,"ZID CTLR NOT AWARE UNTIL AFTER A ZKC AIRSPACE VIOLATION OCCURS THAT INCORRECT COMPUTER RTE PROCESSING WAS NOT OBSERVED BY THE ZAU AND ZID CTLRS.",
454080,199911,0601-1200,LAX.Airport,CA,,,,4500,,VMC,,,Daylight,,,TRACON SCT.TRACON,Personal,Sierra 24,,1,Part 91,None,Passenger,VOR / VORTAC MZB.VORTAC,Cruise,Airway V25.Airway,Class B LAX.B,,,,,,,,,,,,,,,,,,,,,,,,,,,,,,,,,,,,,,,,,,,,,,,,,,,,,,,,,,,,,,,Aircraft X,,Personal,Pilot Flying; Single Pilot,Flight Crew Private; Flight Crew Instrument,Flight Crew Last 90 Days 25; Flight Crew Total 1973; Flight Crew Type 1693,,,,,454080,Facility SCT.TRACON,,Government,Approach,Air Traffic Control Fully Certified,,,,,,,Airspace Violation All Types; Deviation / Discrepancy - Procedural FAR,,,Person Air Traffic Control,,General None Reported / Taken,Human Factors,Human Factors,"ON OCT/XA/99 IN PREPARATION FOR A FLT FROM MYF TO LPC; I OBTAINED A BRIEFING AND WAS INFORMED THAT THE LAX VOR WAS OTS. I DEPARTED MYF AT ABOUT XA00 IFR TO VFR ON TOP AND CLBED TO 4500 FT MSL ARRIVING IN LPC XF30 HRS AFTER DEP. THROUGHOUT THE CRUISE PORTION OF FLT; I MAINTAINED THE 4500 FT ALT. AFTER CANCELING IFR I REQUESTED VFR ADVISORIES AND REMAINED IN CONTACT WITH ATC UNTIL REACHING THE GVO VOR WHERE I CANCELED FLT FOLLOWING. THE LOS ANGELES AREA WAS COVERED WITH A SOLID LAYER OF CLOUDS WITH TOPS ABOUT 2000 FT AND NO SURFACE FEATURES WERE VISIBLE IN THE LOS ANGELES BASIN. AT 4500 FT FORWARD VISIBILITY WAS UNRESTR. I MAKE THE MYF TO LPC TRIP FREQUENTLY AND PLANNED TO FOLLOW V25 TO LAX AND THEN DEPENDING ON ATC INSTRUCTIONS FOLLOW THE LAX SHORELINE RTE OR IF UNAVAILABLE THE LAX SPECIAL FLT RULES RTE. MY USUAL PROC IS TO USE THE LAX VOR TO IDENT V25 AS I APCH THE LOS ANGELES HARBOR BUT SINCE THE LAX VOR WAS DOWN; I CONTINUED TO NAV PAST SXC 022 DEG RADIAL USING THE MZB VOR. CLRLY USE OF SLI AND SXC OR SMO WOULD HAVE BEEN A BETTER CHOICE. I REQUESTED THE LAX SHORELINE RTE FROM THE 3RD OR PERHAPS 4TH SOCAL CTLR I CHKED IN WITH AFTER LEAVING SAN DIEGO. AS I APCHED LAX; I WAS INSTRUCTED BY ATC TO 'TURN W;' AND I TURNED TO A HDG OF 270 DEGS. A SHORT TIME LATER THE SAME CTLR GAVE ME A FREQ CHANGE AND ADVISED THAT HE HAD CALLED ME SEVERAL TIMES. I HAD RESPONDED TO ALL CALLS I HEARD AND HAD NOT CHANGED THE SETTINGS OF EITHER 'COM' RADIOS. I HAVE HAD NO KNOWN 'COM' RADIO PROBS BEFORE OR AFTER THIS EVENT. I DID CHANGE A 'NAV' TO SLI AFTER THE INSTRUCTION TO TURN W. THE NEW CTLRS INSTRUCTED ME TO 'TURN N' AND I TURNED TO A HDG OF 360 DEGS. HE ALSO ASKED THAT I CALL ATC ON THE PHONE REGARDING A POSSIBLE CLASS B AIRSPACE VIOLATION. UPON REACHING LOMPOC; I CALLED ATC AND TALKED TO ONE OF THE CTLRS INVOLVED. CALLBACK CONVERSATION WITH RPTR REVEALED THE FOLLOWING INFO: RPTR WAS GIVEN COUNSELING BY THE FAA AFTER THEIR INVESTIGATION OF THIS INCIDENT.",,,,"PLT OF A BEECH BE24 SIERRA INADVERTENTLY PENETRATED THE LAX CLASS B AIRSPACE DURING A VFR ON TOP XCOUNTRY FLT.",
463940,200002,1201-1800,PHX.Airport,AZ,,40,,9000,,VMC,,,Daylight,,,Military Facility LUF.MILFAC; TRACON P50.TRACON,Personal,Skylane 182/RG Turbo Skylane/RG,,1,Part 91,None,Passenger,,Cruise; Descent,VFR Route,Class B PHX.B; Class E ZAB.E,,,,,,,,,,,,,,,,,,,,,,,,,,,,Military Facility LUF.MILFAC,Military,Fighting Falcon F16,,1,Part 91,,Training,,Descent,VFR Route,,,,,,,,,1,0,,,,,,,,,,,,,,,Aircraft X,,Personal,Pilot Flying; Single Pilot,Flight Crew Multiengine; Flight Crew Instrument; Flight Crew Commercial,Flight Crew Last 90 Days 15; Flight Crew Total 2600; Flight Crew Type 1100,,,,,463940,Facility ZAB.ARTCC,,Government,Enroute,Air Traffic Control Fully Certified,,,,,,,Airspace Violation All Types; Deviation / Discrepancy - Procedural Published Material / Policy; Deviation / Discrepancy - Procedural FAR,,,Person Air Traffic Control,,General None Reported / Taken,Human Factors; Airspace Structure,Human Factors,"WHILE APCHING PHX CLASS B; I CALLED PHX APCH ON APPROPRIATE FREQ AND RPTED POS (9000 FT MSL AT 4 PEAKS) AND REQUEST (LNDG GLENDALE) CTLR TOLD ME TO CONTACT LUKE AFB APCH; WHICH I DID. THEY (LUKE) GAVE ME A SQUAWK CODE WHICH I SET. A FEW MINS LATER THEY SAID THEY WERE NOT RECEIVING MY XPONDER CODE; SO PER THEIR REQUEST; I RECYCLED IT AND IDENTED. I THEN ASKED TO BEGIN MY DSCNT INTO GLENDALE; AZ; WHICH THEY OKAYED. I ALSO; AT THE TIME HEARD THE CTLR WORKING WITH AN F16 WITH A HUNG BOMB; WHICH MAY HAVE OCCUPIED THEIR ATTN. I THEN RPTED GLENDALE IN SIGHT. THEY SAID TO CONTACT THE TWR; AND ALSO SAID THEY NEVER GOT MY XPONDER. (XPONDER WAS WORKING WITH ZAB.) WHEN I LANDED AT GLENDALE; I WAS TOLD TO CALL APCH (PHX) ON THE PHONE ABOUT A POSSIBLE AIRSPACE VIOLATION. 1) CAUSE: PHX CTLR TELLING ME TO CONTACT LUKE WHEN I WAS IN THEIR AIRSPACE. 2) CAUSE: MY FAILURE TO HEAR (AS BEST I REMEMBER) THAT I WAS CLRED INTO CLASS B AIRSPACE. 3) CAUSE: LUKE APCH NEVER REALLY KNEW WHERE I WAS AND NEVER TRIED TO FIND OUT.",,,,"C182 PLT ENTERED PHX CLASS B.",
518285,200107,1801-2400,STL.Airport,MO,,6,,0,,VMC,10,,,15000,,TRACON T75.TRACON,,MD-80 Series (DC-9-80) Undifferentiated or Other Model,,2,Part 121,IFR,Passenger,,,Vectors,Class B STL.B,,,,,,,,,,,,,,,,,,,,,,,,,,,,,,,,,,,,,,,,,,,,,,,,,,,,,,,,,,,,,,,Facility T75.TRACON,,Government,Departure,Air Traffic Control Fully Certified,Air Traffic Control Military 3; Air Traffic Control Radar 17; Air Traffic Control Supervisory 0.25; Flight Crew Total 20,,,,,518285,Facility T75.TRACON,,Government,Departure,,,,,,,,Airspace Violation All Types; Deviation / Discrepancy - Procedural Published Material / Policy,,,Person Air Traffic Control,,General None Reported / Taken,Procedure; Airspace Structure; Airport; Human Factors,Human Factors,"ACR X DEPARTED DURING AN 'OZARK DEP' SWAP RTE. THE ACFT WAS SUPPOSED TO COME OFF INTO DEP N AIRSPACE. INSTEAD; THE ACFT WAS DEPARTED INTO S DEP'S AIRSPACE; CHANGED TO S DEP'S ARTS TAG AND SENT TO DEP S FREQ. THE FLT PROGRESS STRIP WENT TO THE DEP N RADAR POS. WHEN RPTED TO SUPVRS; THE INCIDENT WAS INVESTIGATED BY THE TWR AND WE WERE TOLD THAT NO INCIDENT OCCURRED BECAUSE THE SWAP HAD BEEN CANCELED. HOWEVER; THE AUTOMATED ENTRY TO CANCEL THE SWAP WAS NEVER MADE AND THE VERBAL CALL (WHICH IS REQUIRED) WAS NEVER MADE. THE TWR (STL) DEEMED THIS A 'NON EVENT' BECAUSE THEY SAID THE SWAP WAS OVER. I BELIEVE AN AIRSPACE VIOLATION OCCURRED BECAUSE NO NOTIFICATION WAS GIVEN TO THE TRACON (T75); EVEN THOUGH BOTH METHODS OF NOTIFICATION WERE WORKING NORMALLY. THIS HAS HAPPENED NUMEROUS TIMES WITH THE SAME RESULT. I BELIEVE THAT STL TWR IS COVERING UP THESE AIRSPACE VIOLATIONS.",,,,"T75 CTLR CONCERNED WITH ALLEGED COVER-UP OF A BREAKDOWN IN COORD BTWN STL TWR AND T75 WHEN AN ACR DEPARTS THE WRONG DIRECTION FROM THE CTL STRIP.",
525088,200109,0601-1200,,GA,,15,,12000,,,,,Daylight,,,Center ZTL.ARTCC,Air Carrier,Regional Jet 200 ER/LR (CRJ200),,2,Part 121,IFR,Passenger,,Climb,,,,,,,,,,,,,,,,,,,,,,,,,,,,,,,,,,,,,,,,,,,,,,,,,,,,,,,,,,,,,,,,,Facility ZTL.ARTCC,,Government,Enroute,,Air Traffic Control Non Radar 19.5; Air Traffic Control Radar 19.5; Air Traffic Control Time Certified In Pos 1 (yrs) 19,,,,,525088,Facility A80.TRACON,,Government,Departure,,,,,,,,Airspace Violation All Types; Deviation / Discrepancy - Procedural Published Material / Policy,,,Person Air Traffic Control,,General None Reported / Taken,Airspace Structure; Human Factors,Human Factors,"AN AGREEMENT BTWN ATL APCH CTL AND ZTL SPECIFIES ALT ASSIGNMENTS AND DEP GATES FOR ACFT DEPENDING ON THEIR TYPE OF ACFT AND RTE OF FLTS. THE ACFT; ACR X SHOULD HAVE BEEN CLEARED THROUGH THE #2 GATE BY ATL APCH; BUT WAS CLEARED THROUGH THE #1 GATE INSTEAD; RESULTING IN AN AIRSPACE VIOLATION. THE VIOLATION WAS REPORTED TO THE ZTL SUPVR; BUT I AM UNAWARE OF THE RESULTS OF THEIR INVESTIGATION; IF ANY.",,,,"ZTL CTLR RECOGNIZES THAT A80 HAS RTED AN ACR THROUGH THE WRONG DEP GATE AS PER LOA.",
525091,200109,1201-1800,ZID.ARTCC,IN,,,,20000,,,Thunderstorm; Turbulence,,Daylight,,,Center ZID.ARTCC,Air Carrier,Commercial Fixed Wing,,2,Part 121,IFR,Passenger,,Cruise,,Class A ZID.A,,,,,,,,,,,,,,,,,,,,,,,,,,,,,,,,,,,,,,,,,,,,,,,,,,,,,,,,,,,,,,,Facility ZID.ARTCC,,Government,Enroute,Air Traffic Control Fully Certified,Air Traffic Control Time Certified In Pos 1 (mon) 5; Flight Crew Total 70,,,,,525091,Facility ZID.ARTCC,,Government,Enroute,Air Traffic Control Fully Certified,,,,,,,Airspace Violation All Types; Deviation / Discrepancy - Procedural Published Material / Policy,,,Person Air Traffic Control,,General None Reported / Taken,Human Factors,Human Factors,"ACFT WAS CLBING TO FL220 BUT WAS STOPPED BY RADAR POS AT FL200 FOR NWBOUND TFC. ACFT REQUESTED FL200 AS A FINAL; SO RADAR APPROVED AND ISSUED FL200 AS FINAL ALT. MANY ACFT ALONG THIS SWBOUND RTE OF FLT WERE DEVIATING FOR WX; AND OTHER ACFT WERE REQUESTING DIFFERENT ALT FOR CHOP. OUR ACFT AT FL200 SWBOUND WAS HANDED OFF AND SWITCHED TO THE APPROPRIATE SECTOR 20+ MI BEFORE XING THE SECTOR BOUNDARY. UPON XING THE SECTOR BOUNDARY ACFT AT FL200 ENTERED FT KNOX RESTR AREA AIRSPACE. NORMALLY FT KNOX IS ALWAYS ACTIVE 10000 FT MSL AND BELOW; BUT NOT THIS DAY. RADAR PERSON NOTICED THE AIRSPACE VIOLATION AFTER THE ACFT WAS 10+ MI IN THE RESTR AREA.",,,,"ZID ASSOCIATED CTLR OBSERVES ACFT TRANSITION INTO ANOTHER CTLR'S AIRSPACE AT A NON COORD ALT PENETRATING RESTR AIRSPACE.",
525092,200109,0601-1200,,,,,,12000,,,,,Daylight,,,Center ZTL.ARTCC,Air Carrier,ATR 72,,2,Part 121,IFR,Passenger,,Climb,,Class E ZTL.E,,,,,,,,,,,,,,,,,,,,,,,,,,,,,,,,,,,,,,,,,,,,,,,,,,,,,,,,,,,,,,,Facility ZTL.ARTCC,,Government,Enroute,Air Traffic Control Fully Certified,Air Traffic Control Non Radar 19.5; Air Traffic Control Radar 19.5; Air Traffic Control Supervisory 1; Air Traffic Control Time Certified In Pos 1 (yrs) 19.5,,,,,525092,Facility A80.TRACON,,Government,Approach,,,,,,,,Airspace Violation All Types; Deviation / Discrepancy - Procedural Published Material / Policy,,,Person Air Traffic Control,,General None Reported / Taken,Airspace Structure; Human Factors,Human Factors,"AN AGREEMENT BETWEEN ATL APCH CTL AND ZTL SPECIFIES ALTITUDE AND DEP GATE ASSIGNMENTS FOR ACFT DEPENDING ON THEIR TYPE AND ROUTE OF FLT. THIS ACFT; FLT XXX; SHOULD HAVE BEEN CLRED THROUGH THE NUMBER TWO GATE; BUT WAS CLRED THROUGH THE NUMBER ONE GATE BY ATL APCH; RESULTING IN AN AIRSPACE VIOLATION. THIS VIOLATION WAS REPORTED TO THE ZTL SUPVR; BUT I AM UNAWARE OF THE RESULTS OF THEIR INVESTIGATION; IF ANY.",,,,"ZTL CTLR OBSERVES A80 NONCOMPLIANCE OF LOA WHEN A80 EXITS AN AT72 THROUGH THE INCORRECT DEP RADAR VECTOR GATE.",
539662,200203,1201-1800,FFZ.Airport,AZ,,5,,2500,,VMC,,,Daylight,,,Tower FFZ.Tower; Tower CHD.Tower,Personal,Viking,,1,Part 91,None,Passenger,,Cruise,,Class D FFZ.D,,,,,,,,,,,,,,,,,,,,,,,,VHF,,X,Improperly Operated,,,,,,,,,,,,,,,,,,,,,,,,,,,,,,,,,,,,Aircraft X,,Personal,Pilot Flying; Single Pilot,Flight Crew Private,Flight Crew Last 90 Days 18; Flight Crew Total 2300; Flight Crew Type 1200,,,,,539662,Facility CHO.Tower,,Contracted Service,Local,,,,,,,,Airspace Violation All Types; Deviation / Discrepancy - Procedural Clearance; Deviation / Discrepancy - Procedural FAR; Deviation / Discrepancy - Procedural Other / Unknown; Deviation / Discrepancy - Procedural Published Material / Policy; Other RESOURCE UTIL PLT FAM/W PROC,,,Person Flight Crew; Person Air Traffic Control,,Flight Crew Exited Penetrated Airspace; General None Reported / Taken,Airspace Structure; Human Factors,Human Factors,"I WANTED TO FLY FROM CHD VFR NBOUND TO WICKENBURG. I DECIDED TO FLY DIRECTLY FROM CHD TO FFZ; OVERFLY FFZ; AND THEN CONTINUE ON A N HDG UNTIL I WAS CLR OF THE PHX CLASS B AIRSPACE; WHICH WOULD AVOID SDL AND THE HVY TFC BELOW THE PHX CLASS B AIRSPACE. I DEPARTED CHD AND RECEIVED FREQ CHANGE FROM CHD. I IMMEDIATELY SWITCHED TO FFZ TWR FREQ AND CALLED 'OFF OF CHANDLER 10 MI S REQUEST TRANSITION OVER THE FIELD NBOUND AT 2500 FT.' I DID NOT RECEIVE AN IMMEDIATE ANSWER; BUT MOMENTARILY THE FFZ CTLR ANSWERED BACK 'ACFT CALLING STANDBY.' I CONTINUED TO FLY TOWARDS FFZ. AS I GOT CLOSER I CONSIDERED CALLING TWR AGAIN WHEN FFZ TWR CALLED 'ACFT S.' I RPTED 5.5 MI S AND REPEATED MY REQUEST FOR TRANSITION OVER THE FIELD NBOUND. THE FFZ CTLR REPLIED 'REMAIN CLR; I AM BUSY.' IN THE PAST I HAVE TRANSITIONED OVER FFZ AND GATEWAY (IWA) MANY TIMES RERTE TO CHD AND HAD NEVER BEEN REFUSED; SO I WAS SOMEWHAT TAKEN BACK BY THIS REPLY. MY MISTAKE #1: NO BACKUP PLAN; NO ALTERNATE RTES; OR LIST OF ALTERNATE ARPT FREQS; AND CTLR MISTAKE #1: DID NOT ALLOW ENOUGH ADVANCE NOTICE TO REMAIN CLR; SINCE BY THAT TIME I WAS ALREADY IN THE FFZ CLASS D AIRSPACE. I IMMEDIATELY TURNED W AWAY FROM FFZ AND TOWARDS PHX. I KNEW THE PHX CLASS B AIRSPACE EXTENDED TO THE GND SURFACE NOT FAR FROM MY LOCATION. ALSO; THERE IS A LOT OF TFC IN THE AREA BELOW THE CLASS B AIRSPACE BTWN CHD; IWA; FFZ; AND SDL; SO I DID NOT WANT TO DO ANY WILD MANEUVER; LIKE A 180 DEG TURN; SINCE I COULDN'T SEE IF AN ACFT WAS IMMEDIATELY BEHIND OR BESIDE ME. I GRABBED MY VFR TERMINAL AREA CHART AND FOUND THAT THE PHX CLASS B AIRSPACE EXTENDED TO THE GND SURFACE AT DOBSON ROAD. I DID NOT KNOW EXACTLY WHICH ROAD WAS DOBSON ROAD; BUT I KNEW IT WAS CLOSE TO MY LOCATION. I LOOKED AT FFZ AND THOUGHT 'I AM CLR OF THE PATTERN AREA NOW (I WAS 4 MI OR SO TO THE W); SO I WILL TURN N TOWARDS SDL BEFORE I ENCROACH ON THE PHX CLASS B AIRSPACE.' MY MISTAKE #2: I ASSUMED WHEN THE CTLR SAID REMAIN CLR HE WAS INSTRUCTING ME TO REMAIN CLR OF THE ARPT AND PATTERN AREA. CTLR MISTAKE #2: HE DID NOT SPECIFY WHAT HE WANTED ME TO REMAIN CLR OF -- THE ARPT OR THE CLASS D AIRSPACE. MY MISTAKE #3: I SHOULD HAVE THOUGHT TO ASK FOR CLARIFICATION. SO I TURNED N TOWARDS SDL; ABOUT 10 MI AHEAD; LOOKED UP THE SDL TWR FREQ AND CHANGED FREQ. MY MISTAKE #4: EVEN THOUGH I WAS WITHIN 10 MI OF SDL AND CLOSING; I PROBABLY SHOULD HAVE STAYED ON FFZ TWR FREQ A LITTLE BIT LONGER. I CALLED SDL TWR; REQUESTED A TRANSITION OVER THE FIELD NBOUND; AND RECEIVED APPROVAL FOR THE TRANSITION. AFTER I HAD PASSED SDL; SDL TWR CALLED BACK TO INFORM ME THAT FALCON TWR WAS GOING TO RPT ME FOR VIOLATION OF AIRSPACE. NOW; I KNEW THE FAR'S DO NOT REQUIRE APPROVAL TO ENTER CLASS D AIRSPACE; SO I DID NOT VIOLATE THE FAR'S BY ENTERING THE FFZ CLASS D AIRSPACE. HOWEVER; SINCE THE CTLR WAS GOING TO RPT ME FOR AIRSPACE VIOLATION; I MUST ASSUME HE HAD INTENDED FOR ME TO 'REMAIN CLR' OF THE FFZ CLASS D AIRSPACE; NOT JUST THE ARPT PATTERN AREA. IN MY OPINION; THIS EVENT WOULD HAVE BEEN AVOIDED IF THE CTLR HAD SPECIFIED THAT HE WANTED ME TO REMAIN CLR OF THE CLASS D AIRSPACE. ON THE POSITIVE SIDE; THIS HAS BEEN A LEARNING EXPERIENCE FOR ME. IN THE FUTURE; I WILL BE MORE DEMANDING IN CLARIFICATION OF ANYTHING THAT IS NOT CLR; EVEN IF HE IS 'BUSY.' AND; I WILL CONSIDER ALTERNATE RTES ON MY FLT PLANS.",,,,"CLASS D AIRSPACE INCURSION BY A PVT PLT IN A BELLANCA VIKING OF THE SW PORTION OF FFZ; AZ.",
569388,200212,0601-1200,DCA.Airport,DC,,,,,,IMC,,,Daylight,,,TRACON DCA.TRACON,Air Carrier,MD-80 Series (DC-9-80) Undifferentiated or Other Model,,2,Part 121,IFR,Passenger,FMS Or FMC,Initial Climb,Other Noise Abatement,Class B DCA.B,,,,,,,,,,,,,,,,,,,,,,,,,,,,,,,,,,,,,,,,,,,,,,,,,,,,,,,,,,,,,,,Aircraft X,,Air Carrier,Captain; Pilot Not Flying,Flight Crew Air Transport Pilot (ATP),,,,,,569388,Aircraft X,,Air Carrier,Pilot Flying; First Officer,Flight Crew Commercial; Flight Crew Multiengine; Flight Crew Instrument,,,,,,569482,Airspace Violation All Types; Deviation - Track / Heading All Types; Deviation / Discrepancy - Procedural Clearance; Deviation / Discrepancy - Procedural Published Material / Policy; Deviation / Discrepancy - Procedural FAR,,,Person Air Traffic Control,,Flight Crew Returned To Clearance,Airspace Structure; Human Factors; Airport,Human Factors,"DEPARTING DCA RWY 1 IN IMC; WE FAILED TO INTERCEPT THE 328 DEG RADIAL; AND APPARENTLY VIOLATED PROHIBITED AIRSPACE. THE DEP HAD BEEN BRIEFED AS PUBLISHED AND THE VOR AND RADIAL WERE SET INTO THE NAV. WE INCORRECTLY SET RWY HDG RATHER THAN AN INTERCEPT HDG AND HAD THE BANK LIMIT SET AT 15 DEGS RATHER THAN 25 DEGS; WHICH WOULD HAVE BEEN MORE PRUDENT. THE FO WAS AT THE CTLS; AND AFTER LIFTOFF; I DISTR MYSELF RESETTING THE PACKS; WHICH HAD BEEN SELECTED OFF FOR TKOF. INITIAL CONTACT WITH DEP WAS DELAYED; BECAUSE AN INCORRECT FREQ HAVING BEEN SET IN THE RADIO CTL HEAD HAD ADDED TO THE DISTR. AFTER AN UNSUCCESSFUL ATTEMPT TO CONTACT DEP; THE PROPER FREQ WAS FOUND AND SET. I NOTED THE RADIAL HAD NOT BEEN INTERCEPTED WHEN THE FO CALLED FOR THE 1000 FT CLEANUP PROCS. AN INTERCEPT TURN WAS THEN COMMENCED; BUT WAS SLOWED BY THE SHALLOW BANK ANGLE STILL SET INTO THE FLT DIRECTOR AND THE INITIAL INTERCEPT HDG WAS TOO SHALLOW. DURING THE TURN; CONTACT WITH DEP WAS ESTABLISHED AND I INFORMED THEM WE WERE TURNING TO INTERCEPT WITH THE INITIAL CALL. DEP ASKED ME TO CALL THEM AFTER LNDG; BUT MADE NO FURTHER COMMENTS. I HAD FLOWN THIS DEP ONCE BEFORE EARLIER IN THE MONTH WITHOUT PROB AND SHOULD HAVE HAD IT PLANNED BETTER THIS TIME. IT WAS THE FO'S FIRST TIME TO FLY THIS IMC DEP AND HAD SELECTED VOR INTERCEPT MODE AFTER LIFTOFF THINKING THE VOR WOULD CAPTURE AND COMMAND THE TURN TO INTERCEPT. I FAILED TO NOTE THE ERROR IN A TIMELY FASHION. WE WERE MET BY SECRET SVC AGENTS AND INFORMED OF THE AIRSPACE VIOLATION. SUPPLEMENTAL INFO FROM ACN 569482: THIS WAS MY THIRD TIME INTO DCA AND THE FIRST TIME I'VE FLOWN THIS DEP IN IMC. DURING THE TAXI OUT; THE CAPT FULLY BRIEFED ME ON THE NOISE ABATEMENT/P56 AVOIDANCE DEP PROC RWY 1; INCLUDING IMC DEP. WE BOTH RECOGNIZED THE IMC DEP WAS REQUIRED. INSTS WERE SET FOR THE DCA R-328. I HAD SET UP IN THE ARC POS AND WX MODE IN MY EFIS DISPLAY. THE CAPT HAD MAP AND TERRAIN SELECTED. IMC IMMEDIATELY AFTER TKOF. RIGHT AFTER GEAR RETRACTION; I SELECTED VOR/LOC ON THE DFGS. I NOTICED AN INITIAL ROLL TOWARD THE L AND VOR IN THE TARP DISPLAY. I TURNED MY ATTN TO CLEAN UP AND SPD CTLS. INITIAL LEVELOFF WAS TO BE AT 5000 FT MSL. RIGHT AFTER CLB; PWR WAS SELECTED (1000 FT AGL); THE CAPT DIRECTED ME TO TURN L. IT WAS AT THAT TIME I REALIZED THE FLT DIRECTOR BARS WERE NOT INTERCEPTING THE RADIAL; BUT WERE; IN FACT; CONTINUING ON THE RWY HDG. THE CAPT PROMPTED AN INITIAL HDG OF 310 DEGS. WE WERE STILL IN 15 DEGS OF BANK ON THE FLT DIRECTOR. AT THE SAME TIME; THE CAPT WAS BUSY RECONFIGURING OUR ACFT FOR ICING CONDITIONS. DUE TO OUR WT; WE HAD ELECTED TO MAKE A MAX PWR; BLEED OFF TKOF. ADDITIONALLY; THE CAPT WAS MAKING REQUIRED RADIO CALLS. ON HIS THIRD ATTEMPT TO CONTACT DEP CTL; DCA DEP ASKED IF WE WERE ON AN INTERCEPT HDG FOR THE 328 DEG RADIAL. THE CAPT REPLIED WE WERE; BUT THEN DIRECTED ME TO TURN FURTHER L TO APPROX 300 DEGS TO INTERCEPT. AFTER COMPLETING THE DEP; ATC NOTIFIED THE CAPT TO CALL THEM WHEN WE ARRIVED AT DFW. UPON ARR; WE WERE MET AND INTERVIEWED BY THE SECRET SVC. AT THAT TIME; WE WERE INFORMED THAT WE HAD FLOWN INTO THE PROHIBITED AIRSPACE. AFTER A THOROUGH DEBRIEF AND INVESTIGATION; WE WERE RELEASED. THE CAPT HAS CONTACTED THE FAA AS DIRECTED. OBSERVATION: LACKING A SPECIFIC DEP HDG IN THE PROC; I SHOULD HAVE SELECTED AND BRIEFED AT LEAST AN INITIAL HDG OF 320 DEGS AND THEN ADJUST AS REQUIRED. I DID NOT BRIEF MY CAPT ON THE TECHNIQUE I PLANNED FOR THE DEP. ADDITIONALLY; I MISINTERPED THE LOCATION OF THE VOR WITH RESPECT TO THE FIELD AND INCORRECTLY THOUGHT I COULD ARM THE VOR ON THE FLT DIRECTOR TO ENSURE A PROPER INTERCEPT. IN FACT; I WAS ALREADY PAST THE RADIAL; WHEN I HAD SELECTED VOR.",,,,"A PROHIBITED AREA P56 ENTRY BY AN ACR ON DEP FROM DCA.",
577388,200303,0601-1200,MSP.Airport,MN,,,,4000,,VMC,7,,Daylight,CLR,,CTAF MDS,Personal,Duchess 76,,1,Part 91,None,Passenger,,Climb,,Class B MSP.B,,,,,,,,,,,,,,,,,,,,,,,,,,,,,,,,,,,,,,,,,,,,,,,,,,,,,,,,,,,,,,,Aircraft X,,Personal,Pilot Flying; Single Pilot,Flight Crew Multiengine; Flight Crew Commercial; Flight Crew Instrument,Flight Crew Last 90 Days 60; Flight Crew Total 590; Flight Crew Type 33,,,,,577388,,,,,,,,,,,,Airspace Violation All Types; Deviation - Track / Heading All Types; Deviation / Discrepancy - Procedural Published Material / Policy; Deviation / Discrepancy - Procedural FAR,,,Person Flight Crew,,General None Reported / Taken,Human Factors; Airspace Structure,Human Factors,"I LEFT M66 AT XA00 FOR A FLT THAT WOULD TAKE ME FIRST TO LVN TO PICK UP A FRIEND AND THEN ON TO MOS. SINCE THE FIRST LEG WOULD BE LARGELY UNDER MSP CLASS B AIRSPACE; I HAD METICULOUSLY PLANNED OUT THAT PART OF THE TRIP (HDGS; ALT; LANDMARKS; ETC). THE FLT TO LVN WENT WITHOUT INCIDENT. THE NEXT LEG TO MOS WOULD BE VFR IN CLASS E AIRSPACE WITH A LNDG AT MOS CLASS G. SINCE ALMOST ALL OF MY FLYING IS OUT OF UNCTLED ARPTS; I HAVE A HABIT OF CLBING DIRECTLY TO CRUISE ALT WHEN VFR; AND SINCE LVN IS NEAR THE OUTER RING OF MSP CLASS B; MY MIND SIMPLY ASSUMED I WOULD BE CLR OF CLASS B BEFORE I CLBED THROUGH 4000 FT MSL. MY BETTER JUDGEMENT NEVER QUESTIONED IT. I NOW REALIZE IT IS POSSIBLE I COULD HAVE UNINTENTIONALLY CLBED THROUGH 4000 FT WHILE STILL 2-3 MI INSIDE MSP CLASS B AIRSPACE. I PRIDE MYSELF IN BEING SAFE AND PROFESSIONAL IN MY FLYING AND NEVER REALIZED HOW ONE SIMPLE LAPSE IN JUDGEMENT COULD CAUSE A POSSIBLE AIRSPACE VIOLATION OR WORSE. WHILE I WILL BE MUCH MORE CAREFUL IN THE FUTURE; PERHAPS A SIGN AT THE END OF THE TXWY WARNING PLTS THEY ARE UNDERLYING CLASS B AIRSPACE WOULD PREVENT THIS TYPE OF INCIDENT.",,,,"BE76 PLT BLUNDERED INTO MSP CLASS B AIRSPACE WITHOUT CLRNC.",
578268,200304,1201-1800,HUF.Airport,IN,,,,4500,,VMC,,,Daylight,,,TRACON HUF.TRACON; TRACON T75.TRACON,Personal,Fairchild Swearingen Undifferentiated or Other Model,,1,Part 91,None,Passenger,,Cruise,,Class E T75.E; TFR HUF,,,,,,,,,,,,,,,,,,,,,,,,,,,,,,,,,,,,,,,,,,,,,,,,,,,,,,,,,,,,,,,Aircraft X,,Personal,Single Pilot; Pilot Flying,Flight Crew Instrument; Flight Crew Private,Flight Crew Last 90 Days 15; Flight Crew Total 3100; Flight Crew Type 1200,,,,,578268,Facility T75.TRACON,,Government,Approach,,,,,,,,Airspace Violation All Types; Deviation / Discrepancy - Procedural FAR; Deviation / Discrepancy - Procedural Published Material / Policy,,,Automation Air Traffic Control; Person Air Traffic Control,,General None Reported / Taken,Airspace Structure; Human Factors; Weather,Human Factors,"I CALLED FORT WORTH FSS FOR A PREFLT BRIEFING IN PREPARATION FOR A FLT FROM HEREFORD; TX (HRX) TO CELINA; OH; LAKEFIELD ARPT (CQA). I HAD A STANDARD BRIEFING; ONE OF LAST THINGS THAT WAS BROUGHT TO MY ATTENTION WERE TFR'S. I WAS ADVISED OF SEVERAL TFR'S; BUT NONE IN INDIANA. ON MY TRIP TO CQA; I FLEW AT 9500 FT MOST OF THE WAY TO TAKE ADVANTAGE OF THE WINDS. I HAD FLT FOLLOWING THE ENTIRE RTE. I CONDUCTED MY BUSINESS AT CQA. UPON DEP; I CONTACTED THE LCL APCH CTL FOR FLT FOLLOWING FOR THE RETURN TRIP. I WAS INFORMED THAT MOST LIKELY I WAS GOING TO BE TOO LOW TO GET MUCH HELP; SO WHEN I PASSED THIS INITIAL AREA; I WAS HAVING TROUBLE RAISING ANYONE AND DROPPED FLT FOLLOWING. AT ONE POINT; I WENT TO 6500 FT; BUT WINDS WERE TERRIBLE AND WENT BACK TO 4500 FT WHERE I STAYED FOR THE REMAINDER OF THE TRIP UNTIL REACHING THE AMARILLO; TX AREA. WHEN I WAS APCHING ST LOUIS; I CONTACTED ST LOUIS APCH CTL OF FLT FOLLOWING THROUGH THEIR BRAVO AIRSPACE. ONCE I IDENTIFIED; I WAS GIVEN A PHONE NUMBER TO CALL AS SOON AS PRACTICAL. THIS NUMBER WAS FOR THE CTL TWR AT TERRA HAUTE INDIANA. I ASKED WHAT THIS CONCERNED; HE SAID AIRSPACE VIOLATION. I COULD ONLY THINK THAT SOMEHOW I HAD GOTTEN INTO TERRA HAUTE AIRSPACE WITHOUT KNOWING IT; ALTHOUGH I WAS FLYING WITH AN INSTRUMENT CERTIFIED GPS; AS WELL AS A HAND HELD UNIT; AND WAS BEING VERY CAREFUL NOT TO GET INTO ANYONE'S AIRSPACE. I DIDN'T KNOW ABOUT THE TFR'S. WHEN I CALLED THE TWR THE GENTLEMAN EXPLAINED THE PROB; THAT IT WAS RPTED THAT I HAD VIOLATED THE AIRSPACE OF ONE OR TWO TFR'S WHICH WERE DEFENSE RELATED AREAS NEAR TERRA HAUTE. THE PROB IS THE VERY NATURE OF TFR'S IN THAT THEY ARE NOT ON MAPS. THE FSS HAS TO PUT THE TFR'S ON THAT RTE THEN VERBALIZE THIS TO THE PLT. WAY TOO MANY OPPORTUNITIES TO MAKE MISTAKES. IF YOU LIVE AND FLY IN AN AREA YOU ARE GOING TO KNOW WHERE THE TFR'S ARE; BUT FLYING OUT OF YOUR AREA; THE POSSIBILITY OF INFRACTION IS MANY TIMES GREATER. THIS DO IN LARGER PART TO PLT BRIEFER NOT BEING AS INVOLVED WITH TFR'S IN OTHER AREAS. THE ALT IS VERY IMPORTANT; FLYING AT HIGHER ALTS SEEMS TO DROP EXPOSURE TO TFR'S. WHEN IN AN AREA OF KNOWN TFR'S IT WOULD BE ADVISABLE TO ESTABLISH A SAFE CLRNC ALT TO FLY REGARDLESS OF WINDS. IN MY CASE IT WOULD HAVE BEEN VERY HELPFUL TO KNOWN THREE THINGS. THAT THERE WERE TFR'S IN THE AREA; THEY ARE NOT GOING TO BE ON YOUR GPS DATABASE REGARDLESS OF HOW NEW IT IS; THE SAFE ALT WHICH WOULD AVOID THE TFR'S REGARDLESS OF YOUR SIT AWARENESS. ALL OF THESE THINGS WOULD HAVE HELPED AVOID TFR VIOLATION. I TAKE MY FLYING VERY SERIOUS AND DEARLY CHERISH THE PRIVILEGE. I WANT TO AVOID RESTR AIRSPACE. I HAVE FOUND A WEB SITE I CAN GO TO AND GET THE INFO IN NEED. THE WEB SITE; WWW.AIRSPACE.BLM.GOV SHOWS THE TFR'S AND OTHER RESTR AIRSPACE IN A MAP FORM; THIS WILL BE OF GREAT HELP.",,,,"SWEARINGEN SX300 PLT; ENRTE OHIO TO TEXAS; REQUESTING ADVISORIES FROM T75 APCH; ADVISED TO CALL HUF APCH DUE TO TFR VIOLATION.",
586680,200307,0601-1200,PHX.Airport,AZ,,,,,,VMC,10,,Daylight,CLR,,Tower PHX.Tower,Air Carrier,Regional Jet 200 ER/LR (CRJ200),,2,Part 121,IFR,Passenger,,Takeoff / Launch,,,,,,,,,,,,,,,,,,,,,,,,,,,,,,,,,,,,,,,,,,,,,,,,,,,,,,,,,,,,,,,,,Facility PHX.Tower,,Government,Local,Air Traffic Control Fully Certified,Air Traffic Control Non Radar 1; Air Traffic Control Radar 10,,,,,586680,Aircraft X,,Air Carrier,Captain; Pilot Flying,,,,,,,,Airspace Violation All Types; Deviation / Discrepancy - Procedural Published Material / Policy,,,Person Air Traffic Control,,General None Reported / Taken,Human Factors; Procedure; Airport; Airspace Structure; Environment - Non Weather Related,Human Factors,"THIS IS A CONTINUING PROB WITH A PROC FAA MGMNT HAS FORCED CTLRS AT PHOENIX SKY HARBOR TO OPERATE UNDER. THIS 'NEW' PROC IS A CONTINUALLY CHANGING DEP RWY STATUS. 'YOU CAN DEPART; YOU CAN'T DEPART; YOU HAVE RELEASE AUTH; YOU DON'T HAVE RELEASE AUTH.' WHAT WAS RPTED THIS TIME WAS AN AIRSPACE VIOLATION. THE LCL S CTLR DEPARTED A NBOUND ACFT INTO LCL NORTH'S AIRSPACE WITHOUT A RELEASE. WITH THE OLD PROC THAT MGMNT HAS DISCARDED; THIS WOULD HAVE BEEN APPROPRIATE. HOWEVER; THE NEW PROC LEADS TO CONSTANT CONFUSION AMONG THE CTLRS AND CAUSED LCL S TO BELIEVE THEY HAD RELEASE AUTH WHEN THEY DID NOT. LCL N HAD RELEASE AUTH FOR NBOUND ACFT. THERE HAS ALREADY BEEN ONE ERROR THAT MGMNT BLAMED A CTLR FOR; THIS AIRSPACE DEV; AND SEVERAL OTHER NON-RPTED NON-OCCURRENCES. IN 2 YRS USING THE OLD PROC; NO ERRORS OCCURRED. IN A FEW MONTHS UTILIZING THIS NEW PROC; 2 ERRORS AND SEVERAL INCIDENTS JUST NOT RPTED. CTLRS DO NOT LIKE TO 'TATTLE' ON OTHER CTLRS; SO IT IS 'NO HARM-NO FOUL.' THIS IS A DANGEROUS PROC AS I HAVE WITNESSED AT LEAST 20 OF THESE EVENTS OVER THE PAST FEW MONTHS. CALLBACK CONVERSATION WITH RPTR REVEALED THE FOLLOWING INFO: RPTR REFERS TO 'RECENT' PHX RWY CONFIGN CONSTRUCTION AND RWY NUMBER CHANGE. A FEW MONTHS AGO; MGMNT AND CTLRS ATTEMPTED TO IMPROVE RWY ACCEPTANCE RATES FOR DEPS AND ARRS. PROCS WERE IMPLEMENTED TO USE RWY 25R AND RWY 26 FOR DEPS; RWY 25L FOR ARRS. THE PREVIOUS PROC WAS TO USE RWY 25L AND RWY 26 FOR ARRS; RWY 25R FOR DEPS. SPECIFIC INTRAFAC COORD PROCS ARE REQUIRED FOR ACFT DEPARTING RWY 25R TO THE N; REQUIRING COORD AND RELEASE FROM THE RWY 26 LCL N CTLR. TFC DEPARTING RWY 25R STRAIGHT OUT OR TO THE S ARE CONTAINED WITHIN LCL S CTLRS DELEGATED AIRSPACE. THE RPTR ALLEGES THAT HE HAS OBSERVED ACFT DEP TO THE N WITHOUT COMPLETE COORD WITH LCL N PRIOR TO BEING AIRBORNE; THUS AN ATC OPDEV. WITHOUT A DIRECT ACFT TO ACFT CONFLICT; THE RPTR ALLEGES THESE 'OPDEVS' ARE CLASSIFIED AS A 'NON OCCURRENCE;' AS IN 'NO HARM-NO FOUL.' THE RPTR BELIEVES THIS IS IN DIRECT OPPOSITION TO FAA HANDBOOK DIRECTIVES. THE RPTR ALLEGES THAT THIS NEW RWY CONFIGN DEP PROC PROVIDES 'OFF GATE TO AIRBORNE' TIMES IMPROVEMENT FOR ONLY 1 ACR; YET CAUSES GREATER TAXI-IN TIMES FOR EVERYONE; WHICH IS NOT COUNTED AGAINST THE AIRLINES AS DELAYS. BECAUSE OF THIS ON-DEMAND; FLEXIBLE RWY CONFIGN USAGE; THE RPTR ALLEGES CONFUSION AND CONCERN FROM WITHIN THE CTLR WORKFORCE WHICH NEEDS TO BE DISCONTINUED AND RETURN TO THE 'OLD' WAY. THE RPTR IS AWARE OF FAA HOT LINE CALLS; AND ALLEGES THAT THOSE CONCERNS HAVE NOT BEEN CORRECTLY RESOLVED AT THE FACILITY LEVEL.",,,,"PHX LCL CTLR EXPRESSES CONCERN WITH RECENT PHX TWR PROC SPECIFYING MULTIPLE RWY ARR AND DEP USAGE WHICH HAS CAUSED CTLR CONFUSION AND ACFT CONFLICTION EVENTS.",
622241,200304,0601-1200,SAN.Airport,CA,,,,2800,,,,,Daylight,,,TRACON SCT.TRACON,Air Carrier,B757 Undifferentiated or Other Model,,2,Part 121,IFR,Passenger,FMS Or FMC,Initial Approach,,Class B SAN.B; Class E SCT.E,,,,,,,,,,,,,,,,,,,,,,,,Autoflight System,,X,Improperly Operated,,,,,,,,,,,,,,,,,,,,,,,,,,,,,,,,,,,,Aircraft X,,Air Carrier,Captain; Pilot Not Flying,,Flight Crew Last 90 Days 158; Flight Crew Total 20000; Flight Crew Type 3500,,,,,622241,Aircraft X,,Air Carrier,First Officer; Pilot Flying,,Flight Crew Last 90 Days 178; Flight Crew Total 15300; Flight Crew Type 2100,,,,,622240,Airspace Violation All Types; Deviation - Altitude Crossing Restriction Not Met; Deviation - Altitude Overshoot; Deviation / Discrepancy - Procedural Clearance; Other Error in AutolPlt Programming,,,Person Flight Crew,,Flight Crew Overrode Automation; Flight Crew Became Reoriented,Human Factors; Aircraft,Human Factors,"THE FOLLOWING APCH WAS TO BE CONDUCTED USING THE FMS DATABASE; AND COUPLED WITH THE AUTOPLT WITH VNAV -- SPD INTERVENTION. THE APCH WAS TO SAN; LOC RWY 27. WE WERE CLRED DIRECT TO THE SWATT INTXN AND TOLD TO MAINTAIN 3800 FT MSL. APCH CTL FOLLOWED WITH APCH CLRNC FOR THE LOC RWY 27 APCH. THE FO TRIED UNSUCCESSFULLY TO EXECUTE A DIRECT INTERCEPT INTO SWATT (272 DEG MAGNETIC); AND AFTER SEVERAL ATTEMPTS DECIDED TO TURN HIS ATTN OUTSIDE THE COCKPIT TO LOOK FOR THE ARPT AND CONFIGURE THE AIRPLANE FOR LNDG. I SUBSEQUENTLY WENT INSIDE TO COMPLETE HIS REQUEST FOR THE DIRECT INTERCEPT. THE AUTOPLT CAPTURED THE MCP ALT OF 3800 FT; AND CAPTURED THE LOC FOR RWY 27. WE DIALED IN THE MCP ALT WINDOW 660 FT MINIMUMS FOR THE APCH; OPENED THE VNAV SPD INTERVENTION WINDOW AND SLOWED THE AIRPLANE TO 180 KTS. WHAT I FAILED TO NOTICE IS THE 'HARD' ALT OF 3600 FT AT SWATT WENT TO A 'SOFT' 2867 FT. WE PASSED SWATT AT 2800 FT; 200 FT BELOW THE CLASS B AIRSPACE AND 800 FT BELOW THE SEGMENT ALT OF 3600 FT. SUPPLEMENTAL INFO FROM ACN 622240: I CROSSED REEBO AT 2000 FT AND DISCONNECTED THE AUTOPLT AND FLEW THE ACFT USING PAPI AND THE PDI FOR VISUAL GS REF. AFTER PARKING ON THE GATE WE REVIEWED THE ERRORS MADE BY THE ALT XING ERROR AND THE CLASS B AIRSPACE VIOLATION. WE REVIEWED THE AFM TO DISCOVER THE ERROR WAS MADE BY PREMATURELY SELECTED AIRSPD INTERVENTION.",,,,"FLT CREW OF B757 FAIL TO MEET XING RESTR AT SWATT INTXN ON LOC RWY 27 APCH TO SAN. ERROR DUE TO IMPROPERLY OPERATED AUTOFLT SYS.",
635732,200410,1201-1800,VHP.VORTAC,IN,,,,,,VMC,,,Daylight,,,Center ZID.ARTCC; Center ZAU.ARTCC,Air Carrier,A321,,2,Part 121,IFR,Passenger,,Cruise,,,,,,,,,,,,,,,,,,,,,,,,,,,,,,,,,,,,,,,,,,,,,,,,,,,,,,,,,,,,,,,,,Facility ZID.ARTCC,,Government,Enroute,Air Traffic Control Fully Certified,Air Traffic Control Radar 14,,,,,635732,Facility ZAU.ARTCC,,Government,Enroute,,,,,,,,ATC Issue All Types; Airspace Violation All Types; Deviation / Discrepancy - Procedural Published Material / Policy,,,Person Air Traffic Control,,General None Reported / Taken,Human Factors,Human Factors,"RTE NOT UPDATED; ZAU WOULD NOT ANSWER LINE; AIRSPACE VIOLATION.",,,,"ZID CTLR EXPERIENCED OPDEV WITH ADJACENT CTR BECAUSE OF RAILED RTE UPDATES AND COM PROB.",
649966,200503,1801-2400,LAS.Airport,NV,,8,,5100,,VMC,,,Night,CLR,,TRACON L30.TRACON,Air Carrier,B737 Undifferentiated or Other Model,,2,Part 121,IFR,Passenger,,Initial Approach,Visual Approach,Class B LAS.B,,,,,,,,,,,,,,,,,,,,,,,,,,,,,,,,,,,,,,,,,,,,,,,,,,,,,,,,,,,,,,,Facility L30.TRACON,,Government,Approach,Air Traffic Control Fully Certified,Air Traffic Control Military 6; Air Traffic Control Radar 8; Air Traffic Control Supervisory 3; Air Traffic Control Time Certified In Pos 1 (yrs) 1,,,,,649966,Aircraft X,,Air Carrier,Pilot Flying; Captain,,,,,,,,Airspace Violation All Types; Deviation / Discrepancy - Procedural Clearance,,,Person Air Traffic Control,,General None Reported / Taken,Human Factors; Airspace Structure,Human Factors,"ACFT WAS GIVEN AN APCH CLRNC 8 MI NE OF LAS VEGAS ARPT. ACFT WAS ALREADY SLOWED TO 170 KTS FOR SEQUENCE. THE INSTRUCTIONS WERE FOR THE ACFT TO TURN THE FINAL AT THE STRATOSPHERE FOR A VISUAL APCH TO RWY 19L. THE PLT ELECTED TO WIDEN OUT HIS BASE FOR THE TURN INTO THE ARPT CAUSING AN AIRSPACE VIOLATION WITH NELLIS APCH. IF THE PLT WERE TO HAVE FOLLOWED THE INSTRUCTIONS GIVEN (WHICH HE READ BACK IN THE CLRNC); THIS SIT WOULD NOT HAVE OCCURRED. ONE CONTRIBUTING FACTOR WITH THIS SIT WAS THAT THE FLOW RATE INTO LAS WAS SET TOO HIGH FOR RWY ACCEPTANCE. THIS CAUSES US TO OFFLOAD TO A RWY WHICH HAS HIGH TERRAIN CAUSING US TO KEEP THE AIRPLANE HIGH FOR THE APCH. THE AGENCY SEEMS TO HAVE CHANGED MODES FROM ONE OF SAFETY TO ONE OF VOLUME. THIS HAS CAUSED NUMEROUS SAFETY ISSUES AT LAS. I WISH THAT THE AGENCY WOULD PUT SAFETY FIRST AND REDUCE THE VOLUME TO ACCEPTABLE LEVELS.",,,,"FAILURE OF THE FLT CREW TO COMPLY WITH CLRNC; COMPOUNDED BY HVY ARR VOLUME; RESULTED IN THE ACFT ENTERING ADJACENT MIL AIRSPACE WITHOUT AUTH.",
789583,200804,1801-2400,JHW.VOR,NY,100,75,,39000,,IMC,,,Night,,,Center ZOB.ARTCC,Air Carrier,B737 Undifferentiated or Other Model,,2,Part 121,IFR,Passenger,,Cruise,,Class A ZOB.A,,,,,,,,,,,,,,,,,,,,,,,,,,,,,,,,,,,,,,,,,,,,,,,,,,,,,,,,,,,,,,,Facility ZOB.ARTCC,,Government,Enroute,Air Traffic Control Fully Certified,Air Traffic Control Non Radar 5; Air Traffic Control Radar 12,,,,,789583,,,,,,,,,,,,ATC Issue All Types; Airspace Violation All Types; Deviation / Discrepancy - Procedural Published Material / Policy,,,Person Air Traffic Control,,General None Reported / Taken,Human Factors,Human Factors,"THIS IS IN REGARDS TO AN AIRSPACE VIOLATION. RECOMMENDATIONS: NOTED PROBS THAT NEED FIXED. QUALITY ASSURANCE APPEARS TO BE FAILING AT THE FAA. EXTREME FOCUS ON MINOR DETAILS AND FAILURE TO FIX MAJOR ON-GOING PROBS WITH NAS HERE AT ZOB AND ZNY. POOR TRAINING AND UNPROFESSIONALISM IS ALSO DOMINANT IN MY OPINION. SAFETY AND PROVIDING A SVC TO CUSTOMERS DOES NOT APPEAR TO BE A PRIORITY AT THIS TIME IN MY OPINION.",,,,"ZOB CTLR EXPERIENCED OPDEV WHEN ACFT ENTERED ADJACENT AIRSPACE WITHOUT PRIOR APPROVAL.",
832995,200904,1201-1800,TEB.Airport,NJ,50,5,,2500,,VMC,,,Daylight,,,Tower TEB.Tower,Personal,SR22,,1,Part 91,VFR,Passenger,,Takeoff / Launch,,Class B EWR.B; Class D TEB.D,,,,,,,,,,,,,,,,,,,,,,,,,,,,,,,,,,,,,,,,,,,,,,,,,,,,,,,,,,,,,,,Aircraft X,,Personal,Single Pilot; Pilot Flying,Flight Crew Private; Flight Crew Instrument,Flight Crew Last 90 Days 25; Flight Crew Total 450; Flight Crew Type 200,,,,,832995,Facility TEB.Tower,,Government,Local,,,,,,,,Airspace Violation All Types; Deviation / Discrepancy - Procedural FAR,,,Person Air Traffic Control,,General None Reported / Taken,Human Factors,Ambiguous,"On the ground at TEB; I spoke to TEB Clearance to obtain VFR clearance to the north on departure. I requested 3;500 FT or 1;700 FT on departure. TEB Clearance put in and gave me 2;500 FT on departure; and gave me a discrete transponder code. TEB Tower cleared me for takeoff and right downwind departure off Runway 24. I proceeded to climb out on the downwind to 2;500 FT. While level at 2;500 FT and just prior to leaving TEB airspace; the TEB Tower Controller notified me that I was in the New York Class B airspace and to contact New York Approach at 120.80 (the departure frequency I had been given prior to takeoff). I immediately departed the Class B to the north and contacted 120.80. No further mention was made of any airspace violation. I am filing due to concern over the lack of communication between TEB Clearance and Tower and the warning that Tower gave regarding a Class B violation; when I was flying the instructions provide by Clearance. I do not believe that any safety issues arose due to this event; other than faulty communication. The remainder of the flight was uneventful.",,,,"An SR22T pilot departing TEB VFR entered NY Class B airspace; evidently expecting more help from TEB Tower.",
864762,200912,1201-1800,ZAU.ARTCC,IL,,,,23000,,,,,,,,Center ZAU,Air Carrier,Medium Transport; Low Wing; 2 Turbojet Eng,,2,Part 121,IFR,Passenger,,Cruise,,Class A ZAU,,,,,,,,,,,,,,,,,,,,,,,,,,,,,,,,,,,,,,,,,,,,,,,,,,,,,,,,,,,,,,,Facility ZAU.ARTCC,,Government,Enroute,Air Traffic Control Fully Certified,,,Communication Breakdown,Party1 ATC; Party2 ATC,,864762,,,,,,,,,,,,ATC Issue All Types; Airspace Violation All Types; Deviation / Discrepancy - Procedural Published Material / Policy,,,Person Air Traffic Control,In-flight,Air Traffic Control Issued New Clearance,Procedure; Human Factors; Airspace Structure,Ambiguous,"Training was in progress at the sector and we had a complex situation developing due to a Military overflight about to join up with another aircraft for air-refueling. The event occurred with Air Carrier X departing DSM southeast bound over IRK.  The IRK VOR is approximately 10 miles outside of our airspace; located in the ZKC sector K40.  Forty miles northwest of the boundary the trainee began calling K40 offering a point out.  He called the sector 3 times with no response.  At this point the aircraft was 20 miles from the boundary.  We decided; since sector K40 was unable to answer the phone; to flash the aircraft to the sector.  With this technique; the sector would not have to answer the line but just buy the hand off.  Apparently this was still too much work for sector K40 so we had to call for a hand off.  The trainee called once and then I; the Trainer; took over and called twice.  At this point we had to punch off the line and crank the aircraft to an opposite direction heading to attempt avoiding an airspace violation.  I was limited on the headings I could use primarily because I had the Military join up in progress; east of the incident's location.  Once I established a north heading for Air Carrier X; I called the neighboring ZKC sector K50; in an attempt to have them try and reach their neighbor sector K40.  Unfortunately this was to no avail and Air Carrier X; in the process of turning north; entered the sector K40.  No separation was lost with any other aircraft. After the deviation was lost and the aircraft was on a north heading; sector K40 called me and informed me that Air Carrier X was 'point-out approved'.  I'm not sure why they took the effort to call since it was a ridiculous piece of coordination. Recommendation; as the Trainer of the sector; it was my responsibility to ensure that such a situation did not occur.  I have identified several aspects of the scenario that lead to me responding too slowly to avert the deviation. 1) K40 has historically taken a long time to pick up the line; this is a systemic problem with that particular sector.  In this regard I was quite pleased that my Trainee started as soon as he did.  However; this trend that K40 exercises in not picking up the phone has led to controllers at OTM pushing the point of no return as far as vectoring goes.  K40 in the past normally picks up the line in the last minute or buys the hand off in the last minute.  I understand that this is not an excuse; however; it does create a certain degree of expectation that K40 will buy the hand off or pickup the line eventually in time. 2) K40 needs to have louder speakers or more people at the sector that can answer a call.  It is not excusable for a Controller to call another sector 5 or 6 times over a time period of five minutes and not be answered.  Clearly the K40 sector's speakers are too quiet or the Controller is too busy.  Either way; this means that they need better speakers or the Manager at K40 is not aware that his/her Controller is in need of assistance.  It creates a potentially dangerous situation for another Controller if they have to be concerned all the time that another sector does not hear them. 3) Redraw the lines.  Apparently the K40 sector is too large and it is easy for them to forget our shared boundary since it's so small.  I propose we move K50 20 miles west to avoid dealing with K40 all together. 5) I will have to reassess my training and try to have my Trainees vector aircraft; in the future; sooner due to this situation.  Although a safe practice; it is a disservice to the consumers that we have to vector them 40 miles out of their way because another sector can not perform their designated tasks. 4) Personally; since I will probably not be able to trust K40 doing their job for a while; I will be pointing aircraft out 40 miles from the boundary and if they do not answer the first time I will be forced to vector sooner than I would have in the past.",,,,"ZAU Controller described airspace incursion event when adjacent sector Controller failed to respond to attempted coordination and/or hand off; Reporter indicating subject sector is noted for unresponsiveness to coordination.",
944558,201104,0001-0600,LAS.Airport,NV,,,,,,,,,,,,Tower LAS,Air Carrier,B737 Undifferentiated or Other Model,,2,Part 121,IFR,Passenger,,Final Approach,Visual Approach,Class B LAS,,,,,,,,,,,,,,,,,,,,,,,,,,,,,,,,,,,,,,,,,,,,,,,,,,,,,,,,,,,,,,,Facility LAS.Tower,,Government,Local,Air Traffic Control Fully Certified,,,Situational Awareness,,,944558,,,,,,,,,,,,ATC Issue All Types; Airspace Violation All Types; Deviation / Discrepancy - Procedural Published Material / Policy,,,Person Air Traffic Control,In-flight,Air Traffic Control Issued New Clearance,Weather; Human Factors; Procedure,Human Factors,"While working Local Control 1; I noticed aircraft on final were slowing rather quickly due to the high winds. I already had 2 aircraft with 2 miles of separation behind each other on final; but speeds were matched. A B737 started making his turn to final doing 180 KTS. He joined final about 2.5 miles behind another B737 doing 140 knots. On initial contact; I advised the B737 that he had a 40 KT overtake on the B737 ahead; he replied that he was slowing. Separation started diminishing down to less than 2 miles and I noted that the B737 was still doing 180 KTS. With another aircraft about 2.5 miles behind him; I had only 2 options; circle the B737 to the 19's or send him around. I asked the B737 if he could accept 19L or 19R; he replied affirmative. I immediately circled the B737 to 19L without coordinating with the Approach Controller. I violated another Controller's airspace without coordination or a point-out before conducting the circle. The Supervisor asked me if I had pointed the aircraft out; and I said negative; can you call them. The Supervisor called the TRACON to advise them of the maneuver. With separation decreasing and the short amount of time I had to react; I did what I felt I needed to do to separate airplanes even if it meant an airspace violation. The B737 landed safely without incident. Even though the pilot was told to follow the preceding aircraft; the TRACON needs to understand that; especially in high winds; they can't compress our final to the minimums. There were 4 aircraft in a 7 mile space; someone was going to have to go around.",,,,"LAS Controller elected to circle an aircraft to other than the principal runway due to an overtake situation and violating airspace in the process; the reporter noting the Final Controllers need to compensate for compression.",
973477,201109,0601-1200,CHD.Airport,AZ,,,,3000,,VMC,,,Daylight,,,Tower CHD,Personal,Small Aircraft; High Wing; 1 Eng; Fixed Gear,,1,Part 91,VFR,Passenger,,Climb,,Class B PHX,,,,,,,,,,,,,,,,,,,,,,,,,,,,,,,,,,,,,,,,,,,,,,,,,,,,,,,,,,,,,,,Aircraft X,Flight Deck,Personal,Single Pilot,Flight Crew Commercial; Flight Crew Instrument,Flight Crew Last 90 Days 19; Flight Crew Total 1676; Flight Crew Type 1672,,Troubleshooting; Workload; Distraction; Situational Awareness,,,973477,,,,,,,,,,,,Aircraft Equipment Problem Critical; Airspace Violation All Types,,,Person Flight Crew,In-flight,Flight Crew Returned To Departure Airport; Flight Crew Took Evasive Action; Flight Crew Exited Penetrated Airspace; Flight Crew Landed As Precaution,Aircraft; Human Factors,Ambiguous,"I took off from Chandler Airport (CHD) to fly on a cross-country. After contacting SDL Tower to transition through their airspace; I noticed my oil temperature was nearing red-line temperature. I enriched the fuel mixture to full rich; which normally makes the engine run cooler; but the temperature continued to its red-line. On top of SDL airport; the oil temperature gauge red-lined. Since I still had oil pressure; rather then requesting to land at SDL; I requested SDL Tower for a 180 degree turn to CHD and let them know my status. While returning to CHD; I tried reducing the oil temperature by reducing power. [I] continued to monitor the oil temperature and oil pressure gauges [and] looked for possible landing spots in case I needed to land.  [I] contacted a pilot/mechanic on the radio and updated my passengers concerning the airplane's status. I don't believe that I violated the PXR 6 NM horizontal limit; but possibly could have since I didn't have the extra time to verify my position. The Mechanic suggested that I try climbing south of CHD to see if the oil temperature would drop. I contacted CHD Tower and requested to transition their airspace to the south. They cleared me to fly over at 3;000 FT. Since I wanted to be as high as possible; I climbed to 3;000 FT without verifying my position. After I climbed to 3;000 FT; I realized that I had climbed into the 2;700 FT vertical shelf of the Class B airspace. I immediately descended below 2;700 FT. After passing the 2;700 FT vertical Class B airspace shelf; I climbed to transition CHD's airspace. When south of CHD; since the oil temperature gauge still indicated red-line; I decided to terminate the flight and requested to land at the airport. CHD Tower asked if I needed priority handling; I said no; but that I just needed to land. CHD Tower cleared me to land on Runway 4R and I landed on that runway. What I should have done is fly directly to CHD and land without trying to troubleshoot the problem. This would have prevented me needing to climb (resulting in the airspace violation) and allowing me to get the airplane on the ground faster.",,,,"A pilot reported that his aircraft developed high oil temperature after takeoff and while troubleshooting he climbed into PHX Class B airspace.",
1082660,201304,1201-1800,ZLA.ARTCC,CA,,,,37000,,,Turbulence,,,,,Center ZLA,Air Carrier,B757-300,,2,Part 121,IFR,Passenger,,Cruise,,Class A ZLA,,,,,,,,,,,,,,,,,,,,,,,,,,,,,,,,,,,,,,,,,,,,,,,,,,,,,,,,,,,,,,,Facility ZLA.ARTCC,,Government,Enroute,Air Traffic Control Developmental,,,Situational Awareness; Communication Breakdown; Confusion,Party1 ATC; Party2 ATC,,1082660,,,,,,,,,,,,ATC Issue All Types; Airspace Violation All Types; Deviation / Discrepancy - Procedural Published Material / Policy,,,Person Air Traffic Control,,General None Reported / Taken,Human Factors; Procedure; ATC Equipment / Nav Facility / Buildings,Human Factors,"I was working D-Side in Sector X and we had an airspace violation that occurred. When I assumed the position; I was told the rides were bad in some altitudes. The sector was beginning to get busy. I'm not sure how long I was on the sector before when we received a PIREP of moderate turbulence at FL410. The R-Side wrote the information on the dry erase board and told me to put it in the ERIDS. We weren't too busy at the time so I put it in ERIDS. I also caught some bad routes that I brought to the R-Side's attention. As our session went on we started to get more complaints and queries from the pilots about the rides. I realized that our sector was getting busier and my R-Side wanted me to get control for some aircraft for descent or turns. I can't clearly recall what exactly he was tasking me to do. I just remember I was busier doing what he wanted. On top of that; I was making and taking hand offs and evaluating conflicts and EDST alerts and keeping my scan going. Air Carrier X; at FL350; was an eastbound aircraft South of J146 and West of J11. The aircraft was at the usual location for me to initiate the hand off to Denver Center Sector Y. I observed the hand off being initiated to the correct sector after I made the keyboard entries. Once I confirmed this; I moved on with my scan throughout the sector. I'm not sure how many minutes after I initiated the hand off; that Air Carrier X reported a bad ride at FL350 and requested FL370. The R-Side retracted the hand off and assigned the new altitude. No coordination was needed because Air Carrier X would now be handed off to Denver Center Sector Z. I heard the R-Side issue the altitude; but I was evaluating other hand offs and initiating hand offs on our other traffic. I assumed the R-Side would issue the altitude; put in the new altitude and initiate the hand off on Air Carrier X since he retracted the original hand off and the aircraft was at the appropriate place to start the hand off. Meanwhile; because Air Carrier X's hand off was taken back the auto hand off feature of ERAM was turned off. Both the R-Side and I were so busy that we didn't notice that Air Carrier X was not being handed off. Also; the R-Side shipped Air Carrier X to Denver Center Sector 24 at some point during all this. It wasn't until Denver Center Sector Z called and said if we could start the hand off on Air Carrier X because he was already on their frequency. At that point; I saw Air Carrier X at the boundary and I quickly made the hand off to Denver Sector Z. No other aircraft was involved. My recommendation would be to fix ERAM so the auto hand off feature is not inhibited if a hand off is taken back. This would be very helpful during busier sessions like the one we had. Also; if there was some was to improve ERAM so the aircraft data block could flash at certain distance from another sector's boundary if it gets too close without the hand off being made. Something similar to the flashing that occurs when the computer projects two aircraft are going to lose separation. I learned during this event to stay proactive and to improve my scan to catch aircraft that are indicated off frequency and to make sure they were handed off.",,,,"Enroute D-Side Controller described an airspace infraction when the R-Side retrieved a hand off and the automated feature of ERAM failed to initiate the hand off.",
1122165,201310,1201-1800,PCT.TRACON,VA,,,,2000,,,,,,,,TRACON PCT,Corporate,Gulfstream V / G500 / G550,,2,Part 91,IFR,Passenger,,Takeoff / Launch,Vectors,Class B DCA,,,,,,,,,,,,,,,,,,,,,,,,,,,,,,,,,,,,,,,,,,,,,,,,,,,,,,,,,,,,,,,Aircraft X,Flight Deck,Corporate,Pilot Flying; Captain,Flight Crew Multiengine; Flight Crew Air Transport Pilot (ATP); Flight Crew Instrument,Flight Crew Last 90 Days 40; Flight Crew Total 9000; Flight Crew Type 300,,Communication Breakdown; Situational Awareness; Training / Qualification,Party1 ATC; Party2 Flight Crew,,1122165,Aircraft X,Flight Deck,Corporate,First Officer; Pilot Not Flying,Flight Crew Multiengine; Flight Crew Air Transport Pilot (ATP); Flight Crew Instrument,Flight Crew Last 90 Days 40; Flight Crew Total 8000; Flight Crew Type 2000,,Communication Breakdown; Situational Awareness; Training / Qualification,Party1 ATC; Party2 Flight Crew,,1122181,ATC Issue All Types; Airspace Violation All Types; Deviation - Track / Heading All Types; Deviation / Discrepancy - Procedural Published Material / Policy,,,Person Air Traffic Control,,Air Traffic Control Issued Advisory / Alert; Flight Crew Took Evasive Action; Flight Crew Exited Penetrated Airspace,Human Factors; Procedure,Ambiguous,"We had just dropped passengers off at Reagan National-DCA and were on an IFR flight plan to reposition to Dulles-IAD. I was at the controls in the left seat and my Co-Captian was pilot not flying in the right seat. The filed flight plan was DCA direct IAD; as suggested by the Washington Hub Flight Service Station agent that the pilot not flying spoke to directly in accordance with DASSP procedures and our TSA Authorization Letter to operate in the Washington DC Flight Restricted Zone (FRZ). Our IFR clearance was radar vectors; climb to 4;000 FT; with a squawk code. There was no SID; no ATC assigned non-RNAV procedure; no 'after takeoff turn left???' instruction and no Departure frequency given to us by clearance delivery. At the hold short for Runway 1; we were given clearance onto the runway and cleared for takeoff. Again; we were not given an 'after takeoff turn' with our takeoff clearance and we were not given a Departure frequency. The pilot not flying asked the Tower Controller several times for a Departure frequency before we took off because we were concerned with the prohibited area directly ahead of us on takeoff and without having been assigned a SID or given any turn instructions after takeoff; we would need to contact Potomac immediately after takeoff for a vector away from the prohibited area. The Tower cleared another aircraft to line-up and wait behind us as we waited on the runway for a Departure frequency. The Tower insisted that we were cleared for takeoff and said that he was getting us a Departure frequency when I asked for it again. We began our takeoff roll; were given the Departure frequency during the takeoff and were switched to Departure. The pilot not flying checked in passing 1;500 FT MSL and the Departure Controller replied 'radar contact' without giving us a radar vector away from the prohibited area. During the takeoff brief; I said that we would fly assigned radar vectors but turn on our own to stay over the water if there was any delay getting a vector from Departure. The pilot not flying called for me to begin a left turn as he checked in with Departure because he was uncomfortable with our proximity to the prohibited area while still on runway heading. After hearing 'radar contact' from Departure and no assigned vector; the pilot not flying asked the Controller if he wanted us turning left. He replied that we should be intercepting the 328 radial. At that time; we increased our turn to the now assigned radial and were; shortly thereafter; assigned a vector toward the approach to IAD. An uneventful approach and landing was completed at IAD. Ground Control informed us on our taxi to parking that Potomac wanted us to call them regarding a potential airspace violation. I called Potomac and explained the situation as detailed above. They said they would look into it; review the tapes and call back. Within the hour Potomac called back and informed us that no report would be filed and no further action would be taken. They also said that at some point the Tower issued a turn that was not acknowledged (and neither of us heard) which kept the onus on the Tower. I was not told when in the takeoff the call was made. This situation could have been very easily avoided by us or the controllers at DCA at several points along the way. We should have asked clearance delivery for a turn clearance after takeoff when we had not been assigned a SID or the non-RNAV avoidance procedure and being aware of the prohibited area north of the airport. We should also have asked for a Departure Control frequency which is normally assigned by clearance if not published on the SID (in the U.S.). Additionally; when our takeoff clearance didn't include a departure turn away from the prohibited area or ATC assignment of the northwest non-RNAV procedure; we should have asked instead of assuming that we would get the turn from Potomac Departure. These events put us in a position where we were on an IFR clearance (radar vectors) on runway heading pointed toward a prohibited area waiting for a vector. We were in the dilemma of either violating our IFR clearance by turning away from the prohibited area on our own; or remaining on runway heading waiting for a vector and violating the prohibited area. We ended up waiting as long as possible for the vector and turning left on our own anyway. It was not a comfortable situation. The response from Departure that we should be turning left to intercept the 328 radial indicated to us that Departure thought we were on a routinely assigned ATC clearance that we clearly had not been assigned. We have discussed this situation in the crew and reinforced the requirement that we have all the information needed for Departure before beginning the takeoff roll. At most other airports; we would have. At DCA; that day; we didn't. We assumed the controllers knew what they were doing and would 'take care of us'; and as professionals they usually do. That day at DCA; we should have cleared the runway and straightened it all out before departing and not get pressured into taking off.",,"[Report narrative contained no additional information.]",,"G-V flight crew reports inadvertent P56 entry departing DCA due to lack of ATC issued departure procedures and or knowledge of DCA P56 avoidance procedures.",
1156451,201403,1201-1800,ZDV.ARTCC,CO,,,,28700,,VMC,,,,,,Center ZDV,Air Carrier,Commercial Fixed Wing,,2,Part 121,IFR,Passenger,,Descent,STAR JAGGR2,Class A ZDV,,,,,,,,,,,,,,,,,,,,,,,,FMS/FMC,,X,Design; Improperly Operated,,,,,,,,,,,,,,,,,,,,,,,,,,,,,,,,,,,,Facility ZDV.ARTCC,,Government,Enroute,,,,Workload; Communication Breakdown; Confusion; Human-Machine Interface; Time Pressure,Party1 ATC; Party2 Flight Crew,,1156451,Aircraft X,Flight Deck,Air Carrier,Pilot Not Flying; First Officer,,,,,,,1156795,Airspace Violation All Types; Deviation - Altitude Crossing Restriction Not Met; Deviation - Altitude Overshoot; Deviation / Discrepancy - Procedural Published Material / Policy; Deviation / Discrepancy - Procedural Clearance,,N,Person Air Traffic Control,In-flight,Air Traffic Control Issued New Clearance; Air Traffic Control Issued Advisory / Alert; Flight Crew Returned To Clearance; Flight Crew Became Reoriented,Procedure; Chart Or Publication; Human Factors,Human Factors,"While I was working Sector 27 Radar the Cheyenne MOA/ATCAA was active FL290 and below with two F16 aircraft. An air carrier [Aircraft X] had been rerouted by a previous sector; Sector 46; direct JAGGR then the JAGGR2 arrival to DEN. The JAGGR waypoint has an altitude restriction FL300-340 and provides separation from the Cheyenne ATCAA. I cleared the [Aircraft X] to descend via the JAGGR2 arrival. I then noticed the aircraft descending below FL290 prior to the JAGGR waypoint and the aircraft was inside the lateral confines of the Cheyenne ATCAA. I climbed the [Aircraft X] back to FL300 and informed the pilot of a possible pilot deviation after advising the FLM of the possible pilot deviation. I later informed the pilot of the airspace violation with the Cheyenne ATCAA. The pilot responded saying when he was given the last minute STAR change; the altitude restriction at JAGGR had dropped out of the FMS; and it would be helpful if the controller would reiterate the restriction. The previous sector had rerouted the [Aircraft X] over to the JAGGR2 arrival as soon as the aircraft crossed the ZDV/ZKC boundary approximately nine minutes prior to JAGGR. The pilot later called the OMIC and told him the same thing as he said on the frequency.I recommend all RNAV SIDs/STARs be revised in and out of DEN to a simpler chart with fewer turns and restrictions. There has been too much confusion by pilots and controllers due to their complexity. Instead of reducing verbiage and workload; they have brought about more verbiage and questions from pilots when different speeds are assigned for spacing. There is too much information for pilots to go through; verifying every altitude and speed restriction for RNAV SID/STARs. I also; recommend this incident be brought to the attention of involved airlines. If data in the FMS is being dropped when changing STARs it causes serious safety issues.",,"[We were initially] cleared to descend via the ZPLYN RNAV STAR. Subsequently the clearance was changed to descend via the JAGGR arrival. Although we had previously verified crossing altitudes; for unknown reason the altitude restriction (JAGGR [Between FL340 and] FL300) required at this intermediate fix was not respected by VNAV. ATC queried and [directed us] to climb to FL300. A 2;000 foot deviation had occurred. At the time ATC communications were very busy. Also; the flying Captain was receiving IOE (first flight on [Aircraft X]) from a Check Airman. An additional flight deck distraction was a Flight Attendant in the cockpit regarding a cabin write-up. It is unknown why the [restriction] apparently dropped out of FMC.",,"In an excellent report the active ARTCC Controller and two pilots aboard which failed to comply with a crossing restriction on an RNAV STAR into DEN discussed the events preceding the deviation and the significant contribution to the error played by the complexity of the RNAV STARs. An additional contributing factor discussed is the potential for vertical navigation errors played by ATC alterations to those STARs. The Controller expresses his belief the existing RNAV STARs and SIDs need to be revised to be made more user friendly for both pilots and controllers.",
1204713,201409,1801-2400,D10.TRACON,TX,,,,6000,,,,,Night,,,TRACON D10,Air Carrier,Medium Large Transport,,2,Part 121,IFR,Passenger,FMS Or FMC,Descent,STAR TRYST1,Class B DAL,,,,,,,,,,,,,,,,,,,,,,,,,,,,,,,,,,,,,,,,,,,,,,,,,,,,,,,,,,,,,,,Facility D10.TRACON,,Government,Approach,Air Traffic Control Fully Certified,Air Traffic Control Radar 36; Air Traffic Control Time Certified In Pos 1 (yrs) 24,,Confusion; Situational Awareness,,,1204713,,,,,,,,,,,,ATC Issue All Types; Airspace Violation All Types; Deviation / Discrepancy - Procedural Clearance; Deviation / Discrepancy - Procedural Published Material / Policy,,,Person Air Traffic Control,In-flight,,Procedure,Procedure,"Aircraft was on the TRYST1 arrival (new RNAV).  I descended the aircraft to 6;000 and switched him to Dallas South.  They were busy and by the time they started him down; the aircraft clipped the corner of DR1's airspace (or maybe was 1/2 mile away).  This aircraft was left on the newly designed arrival.  I did not know that the arrival would end up in an airspace violation if I did not turn it off of the arrival.  I understand that I have 'pre-arranged coordination' through that area; but since I did not expect him to go through there; I did not display it to DR1 nor did I display DR1's aircraft as is required for 'Pre-arranged'.This arrival should be changed as to not go through someone else's airspace if I leave him on it.  It should be designed to go from Dallas East airspace to Dallas South's airspace.  An arrival should never be designed to require me to use 'Pre-Arranged Coodination' airspace since that would also require me to make other steps such as displaying the aircraft to DR1 and also to watch all of DR1's tracks while going through this area.  It should also not require me to vector off of the newly designed arrival as the 7110.65 states that we should leave the aircraft on an RNAV Procedure to the extent possible.  In this instance if I could not ensure that the aircraft would be descended; then I would vector off from now on to ensure that it misses DR1's airspace.",,,,"D10 controller describes a flight that he descends and ships to another sector. The aircraft clips the corner of a non pointed-out airspace. The Controller has pre-arraigned coordinated use of that airspace; but did not realize the aircraft was going to enter said airspace during the arrival.",
1209320,201410,1201-1800,PBI.TRACON,FL,,,,9000,,,,,Daylight,,,TRACON PBI,Air Taxi,Challenger 300,,2,Part 135,IFR,Passenger,,Cruise,,Class E PBI,,,,,,,,,,,,,,,,,,,,,,,,,,,,,,,,,,,,,,,,,,,,,,,,,,,,,,,,,,,,,,,Facility PBI.TRACON,,Government,Enroute,Air Traffic Control Fully Certified,Air Traffic Control Time Certified In Pos 1 (yrs) 22,,Situational Awareness; Distraction,,,1209320,,,,,,,,,,,,ATC Issue All Types; Airspace Violation All Types; Deviation / Discrepancy - Procedural Published Material / Policy,,,Person Air Traffic Control,In-flight,Air Traffic Control Provided Assistance; Air Traffic Control Separated Traffic,Airspace Structure; Procedure,Airspace Structure,"Everyday occurrence.  Current procedures produce this airspace violation a multitude of times everyday.  IFR JET arrivals (250kts and greater) destined for BCT from the NW enter the PBI airspace on the TARTY arrival. These aircraft barely get 1-1/2 miles from the delivering sector's (ZMA) boundary before they become 1-1/2 miles from the adjacent airspace that the 'I' controller has to deliver them to.  They are actually in the 'I' scope's airspace for 4-5 total miles and about 45 seconds worth of time.  In that minor window the 'I' controller has to issue a descent clearance to the aircraft and have him successfully handed off and frequency changes to the next sector ('F' scope).  On many occasions the aircraft never even gets a comfortable 1-1/2 miles from the ZMA boundary before it enters the 'F' scope airspace.  This occurs 10-20 times a day; every day; for the past several years; with no attempt by the facility management to address or fix the problem.Airspace change or arrival route change.",,,,"PBI TRACON Controller describes a problem with an aircraft route that is in a sector's airspace only for a short time and then needs to be handed off; descended and shipped to another sector while violating another sector's airspace.",
1264536,201505,1801-2400,ZNY.ARTCC,NY,,,,,,,,,Night,,,Center ZNY,Air Carrier,Widebody; Low Wing; 2 Turbojet Eng,,3,Part 121,IFR,Passenger,,Descent,,Class E ZNY,,,,,,,,,,,,,,,,,,,,,,,,,,,,Center ZNY,Air Carrier,Large Transport,,2,Part 121,IFR,Passenger,,Descent,,Class E ZNY,,,,,,,,,,,,,,,,,,,,,,,,Facility ZNY.ARTCC,,Government,Enroute,Air Traffic Control Fully Certified,Air Traffic Control Time Certified In Pos 1 (yrs) 27.5,,Confusion; Situational Awareness; Communication Breakdown,Party2 ATC,,1264536,,,,,,,,,,,,ATC Issue All Types; Airspace Violation All Types; Conflict Airborne Conflict; Deviation - Speed All Types; Deviation / Discrepancy - Procedural Published Material / Policy; Deviation / Discrepancy - Procedural Clearance,,,Person Air Traffic Control,In-flight,Air Traffic Control Issued New Clearance; Air Traffic Control Provided Assistance,Human Factors; Procedure,Procedure,"Aircraft X was proceeding direct CAMRN and by SOP should have been issued 40 miles Southeast of CAMRN at 14;000.  CAMRN arrivals need to cross CAMRN at 9;000 and 250kts.  At the time Aircraft X checked on; R66 had ten aircraft in its airspace; all of them below Aircraft X's altitude at that time; and all of them above the altitude Aircraft X needed to go to.Shortly after Aircraft X checked on; the R86 controller called and informed the RA66 controller that Aircraft X did not receive any altitude restriction; because the flight could not maintain the 20 miles in trail spacing behind Aircraft Y if he altered his speed; and Aircraft X couldn't make the altitude restriction unless he altered his speed; so the R86 controller tossed out the altitude restriction.  The R86 controller opted to maintain 20 miles in trail spacing over complying with the SOP.  The Quick Look function was fully functional at the time; and the video display monitor was performing normally and displaying limited data; so the R86 controller certainly had the tools at his disposal to see the numerous flights he was descending Aircraft X through in an unsafe and uncontrolled fashion.The RA66 controller instructed the R86 controller that we had multiple flights in conflict with Aircraft X; and that the R86 controller needed to turn Aircraft X and keep him out of R66's airspace until they could meet their vertical obligations.  This would hurt the in-trail spacing with the flights behind Aircraft X; but that is not the reason why the R86 controller couldn't comply with the instruction.  The R86 controller had already shipped the flight; having chosen to inform R66 that the flight did not have the SOP restriction after transferring communications.We managed to give Aircraft X a restriction for CAMRN at 9;000; and then vectored several flights out of his way.  One flight; Aircraft Z; received a 60 degree left turn to miss Aircraft X.  R86's slavish devotion to in-trail spacing; and his disregard of his SOP obligations; and his improper practice of transferring communications before calling and coordinating crucial information; and his inability to Quick Look another sector or scan limited data; all of these things added complexity to a busy sector and created a very dangerous situation.1) A briefing item to remind controllers that SOP procedures are in place for a reason and failure to comply/coordinate is an airspace violation and can be unsafe.2) A briefing item to remind controllers that necessary coordination shall be accomplished prior to transfer of communication and before entering another's airspace.3) A briefing item to remind controllers that limited data in immediately surrounding airspace can provide crucial information to aid in forming safe plans.4) A briefing item to remind controllers how the Quick Look function works.5) A briefing item to remind controllers that in-trail restrictions should be complied with; but not at the risk of harm to human lives.",,,,"A New York Center (ZNY) Controller reports of a SOP violation caused by another sector not descending an aircraft to the appropriate altitude which; in turn; caused multiple conflictions for the receiving Controller.",
1284429,201508,0601-1200,ZBW.ARTCC,NH,,,,11000,,,Rain,,Daylight,,,Center ZBW,Air Carrier,Large Transport,,2,Part 121,IFR,Passenger,,Descent,STAR ROBUC ONE,Class E ZBW,,,,,,,,,,,,,,,,,,,,,,,,,,,,,,,,,,,,,,,,,,,,,,,,,,,,,,,,,,,,,,,Facility ZBW.ARTCC,,Government,Approach,Air Traffic Control Fully Certified,Air Traffic Control Time Certified In Pos 1 (yrs) 6,,Workload; Confusion; Distraction; Troubleshooting,,,1284429,,,,,,,,,,,,ATC Issue All Types; Airspace Violation All Types; Deviation / Discrepancy - Procedural Published Material / Policy; Deviation / Discrepancy - Procedural Clearance; Inflight Event / Encounter Weather / Turbulence,,,Person Air Traffic Control,In-flight,,Procedure; Weather; Airspace Structure,Weather,"Moderate to severe precipitation were causing deviations within 50 miles of Boston airport. Arrivals were being rerouted back over KRANN intersection to fly the ROBUC 1 and the 22 L transition on a trial basis as the weather was moving out and they would be able to pick their way through. A few minutes after the first two airplanes were vectored in deviating around weather I was told to go into a hold for Boston. Approximately 4 planes were given holding instructions over PROVI. After doing one turn in holding I was told to run them radar using descend via to runway 15R which was a different runway than the originally had. The first aircraft was Aircraft X and I told him to turn right direct KRANN and descend via the ROBUC 1 15R transition. He would have not been able to make the turn to PROVI to pick up the arrival because it would have been too tight of a turn. He reads it back but tells me a few seconds later that KRANN is past the transition point and he would like to go direct JOODY. At that time I had a few BOS departures and was vectoring others out of the hold and did not have a chance to pull up the Arrival in the URET. I approved his request to go direct JOODY and descend via. I say him leave [at] 110 before he got to PROVI but assumed that BOS approach had that airspace. It was not till minutes later that the CIC (Controller in Charge) informed me that I had an airspace violation with PVD approach because there is not a crossing altitude at JOODY so he descended too early to stay out of their airspace. Because descend via is still rather new and some runways get used a lot more than others it is still confusing as to which transition and fix to go to after deviations or holding. During deviations or coming out of a hold descend via should be cancelled so that as airplanes go off course and ask to vectored back on there is no confusion over what speed and altitude to maintain from either pilot or controller.",,,,"ZBW Controller reports of deviations due to weather and precipitation with traffic inbound to BOS. Controller let aircraft descend early and assumed BOS had the airspace; but ended up violating airspace belonging to Providence Approach.",
1291026,201508,1801-2400,HECC.ARTCC,FO,,,,41000,,VMC,50,,Dusk,50000,,Center HECC,Corporate,Medium Large Transport; Low Wing; 2 Turbojet Eng,,2,Part 91,IFR,Passenger,,Cruise,Other Cleared Routing,Class A HECC,,,,,,,,,,,,,,,,,,,,,,,,,,,,,,,,,,,,,,,,,,,,,,,,,,,,,,,,,,,,,,,Aircraft X,Flight Deck,Corporate,First Officer; Pilot Flying,Flight Crew Multiengine; Flight Crew Instrument; Flight Crew Flight Instructor; Flight Crew Air Transport Pilot (ATP),Flight Crew Last 90 Days 50; Flight Crew Total 3300; Flight Crew Type 50,,Distraction; Confusion; Communication Breakdown; Time Pressure,Party1 Flight Crew; Party2 ATC,,1291026,,,,,,,,,,,,ATC Issue All Types; Airspace Violation All Types; Deviation / Discrepancy - Procedural Clearance; Deviation / Discrepancy - Procedural Published Material / Policy,,,Person Air Traffic Control; Person Flight Crew,In-flight,Air Traffic Control Issued New Clearance; Air Traffic Control Provided Assistance; Flight Crew Took Evasive Action; Flight Crew Returned To Clearance; Flight Crew Became Reoriented,Airspace Structure; Human Factors,Human Factors,"On Cruise flight; speaking with Cairo; we were enroute and very close to FIR exit point KITOT before entering Saudi Arabian airspace on our filed and cleared routing.  Cairo gave us immediate instructions off of cleared route to a fix which the controller misspelled numerous times.  While we worked on the spelling of the new fix; the controller gave us an immediate turn to a heading of 360 degrees.  The fix; METSO was entered into the FMS but we were abeam it; approximately 16 NM south of it by the time the controller spelled it correctly.  Riyadh control talked to us and told us to expect holding due to not having permission to overly the Kingdom of Saudi Arabia.  We DID have an overflight permit and a flight plan even though the Riyadh controller could not find it. The Riyadh controller asked us repeatedly for a GACA number.  Our trip planning service later advised us that GACA numbers have not been used for years.  The controller gave us routing to fly and eventually found our flight plan and overflight permit and stated 'no problem.'  The issue at hand is that this is very close to Israeli airspace and the METSO fix the controller instructed us to go to was in Jordanian airspace and we did not have an overflight for Jordan.  This could be potentially dangerous.  We do not think we entered Jordanian airspace since our aircraft never made it to METSO.  We followed ATC instructions but Cairo was setting us up for an airspace violation of Jordan. Due to the urgency we turned to the ATC suggested heading immediately.  We did not deviate from any controller instructions.  If Cairo would have given us more notice; we could have worked this out prior; instead it happened right at the FIR border.  We never were handed off to Amman control; only spoke to Cairo and Riyadh.  I do not know what could be done other than possibly a note to assure any re-clearance is not in Israeli or Jordanian airspace and to enter holding at the FIR boundary instead of going off the cleared route; in potentially the most critical airspace in the world.  I have flown in this area of the world many times and have never experienced this type of event.  In addition; Saudi controllers should know that GACA numbers are not required; just an overflight permit number.  We wasted a lot of time going back and forth about a number that never existed and the controller should have known that.  We had all required documents for the flight.",,,,"A flight crew enroute to Dubai was informed by Riyadh Control to expect holding due to not having permission to overfly the Kingdom of Saudi Arabia. They DID in fact; have an overflight permit but the Riyadh controller could not find their flight plan. He asked for A General Authority of Civil Aviation (GACA) number; which have not been used for years. The controller found the flight plan and stated 'no problem'.",
1323257,201601,1801-2400,ZJX.ARTCC,FL,,,,37000,,,,,Night,,,Center ZJX,Air Carrier,Large Transport; Low Wing; 2 Turbojet Eng,,2,Part 121,IFR,Passenger,,Cruise,,Class A ZJX,,,,,,,,,,,,,,,,,,,,,,,,,,,,,,,,,,,,,,,,,,,,,,,,,,,,,,,,,,,,,,,Facility ZJX.ARTCC,,Government,Enroute,Air Traffic Control Fully Certified,Air Traffic Control Time Certified In Pos 1 (yrs) 4.0,,Situational Awareness; Distraction; Human-Machine Interface,,,1323257,,,,,,,,,,,,ATC Issue All Types; Airspace Violation All Types; Deviation / Discrepancy - Procedural Published Material / Policy,,,Person Air Traffic Control,In-flight,Air Traffic Control Separated Traffic; Air Traffic Control Provided Assistance,ATC Equipment / Nav Facility / Buildings; Human Factors,ATC Equipment / Nav Facility / Buildings,"During a period of heightened volume and complexity Flight Data removed strips on Aircraft X and neither myself; my Radar Assist; or the adjacent sector realized the aircraft full data block and flight plan were missing for nearly 50 miles.When I arrived at the sector I realized that I had parallel arrivals that needed sequencing. I needed a Radar Assist almost right away and told him the only thing I was really working on at the moment was our two arrivals. I looked back at the scope and only had one aircraft landing. I told him I guessed that I was wrong and only had one arrival. I would have never expected someone else in the building who is not an air traffic controller to remove strips on an active flight that I owned in the middle of my sector. Aircraft X called and said that if we needed him to make his restriction (that is in the next sector) he would need to start down right away. We did not know who Aircraft X was and asked him to say the call sign again. We advised him to standby while we tried to figure out who it was. There were no data blocks for Aircraft X and no flight plans. We asked for his position at which point he indicated he was inside the boundaries of the next sector who did not previously know he was there.This was an extremely unsafe situation that needs to be addressed. An air carrier flew for approximately 50 miles without receiving radar services; at best this an airspace violation; at worst it could have been an IFR to IFR collision. It is absolutely terrifying to think about what could have happened in this situation. We need to be accountable to all of our shareholders; pilots; airlines; and the flying public. The pilot deserves an explanation of why he was forgotten. Flight data apparently said they inadvertently removed strips on the Aircraft X when attempting to remove strips on a duplicate general aviation flight plan. Flight data should not have the ability to edit active flight plans even with logic override. The recovery from this situation would have been smoother if; as part of our recurrent and/or refresher training; controllers who seldom have the opportunity to enter VFR flight plans received training on both starting tracks and entering flight plans.",,,,"A flight plan for an active enroute flight was removed from the ATC system. The aircraft's 'full' data block dropped off the Controller's scope and only a partial data block remained on the radar display. The controllers did not notice for approximately 50 miles and did not realize an aircraft was flying through their airspace.",
1329543,201602,1201-1800,ZKC.ARTCC,KS,,,,5000,,,,,Daylight,,,Center ZKC,Personal,Skyhawk 172/Cutlass 172,,1,Part 91,IFR,Passenger,,Initial Climb,,Class E ZKC,,,,,,,,,,,,,,,,,,,,,,,,,,,,,,,,,,,,,,,,,,,,,,,,,,,,,,,,,,,,,,,Facility ZKC.ARTCC,,Government,Enroute,Air Traffic Control Developmental,,,Time Pressure; Training / Qualification; Situational Awareness; Distraction; Confusion,,,1329543,,,,,,,,,,,,ATC Issue All Types; Airspace Violation All Types; Deviation / Discrepancy - Procedural Published Material / Policy,,,Person Air Traffic Control,In-flight,Air Traffic Control Provided Assistance,Human Factors; Procedure,Procedure,"SWO tower earlier called for a clearance; hold for release on Aircraft X. They called for release and were given 050. They responded to 'show him off in 3 minutes.' The aircraft was not departed from the departure list. At XA:17 the aircraft called up and was given an altimeter. It was around this time a D-side sat down and with how busy I was I thought the aircraft just had yet to tag up and did not realize it had not been departed. The coast track remained over SWO airport and at XA:37 a new D-side called the tower to inquire about Aircraft X who said he had departed roughly 20 minutes prior. I transmitted to the aircraft; who had never been radar identified who was now level at 050 and inside TUL approach airspace. Once departed he tagged up and the D-side called TUL to coordinate further with the airspace violation. SWO tower is one of our busiest airports and does not have FDIO (Flight Data Input/Output). According to the LOA departures are supposed to be within 2 minutes and require a call to say the aircraft is rolling/departing. They have become lax about this; and we have as well by accepting it. I have seen this problem occur before; as well as SWO calling for a release; the aircraft being departed from the departure list; and then because they weren't actually rolling yet the tower calling back to cancel the release. This causes problems as well with saving flight plans and the potential for flight plans not being removed and later on showing as overdue. FDIO would solve this.",,,,"ZKC Developmental reported of releasing an aircraft off of a controlled airport and not getting radar contact on it until 24 minutes after it departed. This aircraft also violated another Approach Control's airspace. Procedure to call reporting the aircraft as rolling or departing; is reportedly not being followed.",
1344123,201604,1801-2400,NCT.TRACON,CA,,,,5000,,VMC,,,,,,TRACON NCT,Corporate,Challenger 300,,2,Part 91,IFR,Passenger,FMS Or FMC,Initial Climb,SID LOUPE,Class B SFO,,,,,,,,,,,,,,,,,,,,,,,,,,,,TRACON NCT,Air Carrier,Large Transport; Low Wing; 2 Turbojet Eng,,2,Part 121,IFR,,,Final Approach,Other Instrument Approach,Class B SFO,,,,,,,,,,,,,,,,,,,,,,,,Facility NCT.TRACON,,Government,Approach,Air Traffic Control Fully Certified,Air Traffic Control Time Certified In Pos 1 (yrs) 5,,Confusion; Situational Awareness,,,1344123,,,,,,,,,,,,Airspace Violation All Types; Conflict Airborne Conflict; Deviation - Track / Heading All Types; Deviation / Discrepancy - Procedural Clearance; Deviation / Discrepancy - Procedural Published Material / Policy,,,Person Air Traffic Control,In-flight,Air Traffic Control Separated Traffic; Air Traffic Control Issued New Clearance; Flight Crew Became Reoriented,Aircraft; Procedure; Airspace Structure,Procedure,"I was working the departure position. Aircraft X was a standard departure coming off SJC; routed on the LOUPE SID. The pilot didn't follow the SID. The LOUPE Departure has pilots turning the aircraft to a heading of 120 shortly after departure and climbing to 5;000 feet; so that they turn out of the way of SFO and OAK inbound aircraft. They are then given instructions by the departure controllers to turn on course after all traffic is no factor.Instead of making a right turn to a heading of 120 as he was supposed to; Aircraft X appeared to be going direct to the next fix on his route; which took him straight into the SFO arrival course at the same altitude as the SFO arrivals are descending to. At the time this was happening; I was coordinating with a different sector down to the south about something unrelated; and I did not notice that Aircraft X hadn't turned as he was supposed to until he was about a mile into airspace of the SFO arrival controller. As soon as my eyes came back to that area of my scope; I noticed the aircraft was out of position and told him to stop his climb (in case he was still climbing as well as being off of his assigned route).  The course he was on was taking him just behind an inbound to SFO; but was not within separation minima. I quoted the traffic to Aircraft X; and he responded that he had it in sight and I instructed him to maintain visual separation in order to re-establish some form of separation. I then called the arrival controller and advised that Aircraft X had the traffic in sight and that it was a 'runaway' departure. I then turned Aircraft X to a heading of 120 because I saw that there was some clear airspace in that direction and the current arrivals in that area would not be a factor. However; I noticed the aircraft was indicating a ground speed of 300 knots; so I instructed the pilot to reduce his speed in order to turn tighter. While this was happening; another departure had departed and was turning inside of Aircraft X. And then another aircraft departed SJC which I had to take action and stop his climb at 3;000 feet and remain flying Runway Heading from the airport in order to separate that aircraft from Aircraft X. After a few more minor amendments to altitude on other aircraft; the sector was normalized. In the rush to re-establish and maintain separation from the SFO/OAK arrivals and the successive SJC departures I failed to obtain a point-out from a sector; resulting in an airspace violation. Things were happening very quickly and since I saw that none of the OAK traffic was a factor; the separation of aircraft and stabilizing my sector took priority. The simplest recommendation is to simply have the controller make LOUPE departures their number one priority in the sector. However; this can become unrealistic when there are many other distracting factors in the sector. Coordination with Flight Data; other towers in the airspace; neighboring airspace sectors calling for coordination can take a controller's eye off of the LOUPE departure for a few seconds; which is enough time for an off-course jet travelling 300 knots to fly a mile into dangerous airspace. It seems that pilots who do not fly regularly to and from SJC have some trouble with the LOUPE departure. I have had pilots question the departure many times; and there is obvious confusion in their language. It seems the turn to a heading of 120 confuses them; because it doesn't seem to link up to a fix. Also; the diagram on the SID can be a bit tricky to understand to those who have not seen it before.  Perhaps another fix on the departure would be beneficial. A fix to the southeast of SJC with an appropriate altitude to cross may alleviate much of the confusion. Right now; the SID tells the aircraft to turn right to a heading of 120 and stay on it until told to do something else.... but at the same time there are other fixes on the departure which tie into the rest of the route. These other fixes are wellto the north; in the direction the pilot wants to go. If the pilot misses that he is supposed to turn southeast bound and simply goes to the next fix on the route; you have an aircraft headed straight into the SFO and OAK final approach courses. If there is an extra fix on the departure that is well to the southeast and is clearly the next fix on the pilot's route; then it becomes much easier for the pilots to visualize the route and understand that the intention is to have them turn southeast before turning back northbound on course.",,,,"An NCT TRACON Controller reported on a departing aircraft that flew straight out instead of turning as cleared on the LOUPE SID from SJC. The aircraft flew into adjacent sectors and the Departure Controller did not make a point out of the aircraft to one of those sectors.",
1349237,201604,1201-1800,DFW.Tower,TX,,,,,,,,,,,,Tower DFW,Air Carrier,B737-800,,2,Part 121,IFR,Passenger,,Final Approach,,Class B DFW,,,,,,,,,,,,,,,,,,,,,,,,,,,,Tower DFW,,B777 Undifferentiated or Other Model,,2,Part 121,IFR,Passenger,,Takeoff / Launch,,Class B DFW,,,,,,,,,,,,,,,,,,,,,,,,Facility DFW.TOWER,,Government,Local,Air Traffic Control Fully Certified,Air Traffic Control Time Certified In Pos 1 (yrs) 16,,Workload; Training / Qualification; Situational Awareness; Communication Breakdown,Party1 ATC; Party2 ATC,,1349237,,,,,,,,,,,,ATC Issue All Types; Airspace Violation All Types; Conflict Airborne Conflict,,,Person Air Traffic Control,In-flight,Air Traffic Control Separated Traffic; Air Traffic Control Issued New Clearance; Flight Crew Executed Go Around / Missed Approach,Airspace Structure; Procedure,Procedure,"I'm feeling a little snake bit. This is my second safety event of the day. The Final Monitor (FM) cancelled Aircraft X's approach clearance because they were overtaking traffic ahead. I do not recall the callsign of the lead aircraft. Although On the job training was in progress I do not believe that is a factor in this incident.Local control had just departed Aircraft Y turning to heading 340; climbing to 10;000 feet when shortly thereafter; FM cancelled Aircraft X's approach and issued fly runway heading; maintain 3;000 feet. In Local Control's judgment there would not be sufficient space between the Aircraft Y and Aircraft X so Local Control issued a left turn to 340 degrees; maintain 3;000 feet to Aircraft X while Aircraft X was still several miles south of the field. I initiated an automated handoff to the Departure controller and verbally coordinated with the FM that we were breaking Aircraft X out early. Next; I initiated verbal coordination with the departure controller; notifying him that Aircraft X was heading 340 degrees at 3;000 feet. It did not occur to me that I should have pointed out Aircraft X to another sector until later when the Controller in Charge (CIC) notified me that 'Aircraft X is being tracked' which I clarified meant that TRACON was investigating a possible loss of separation or airspace violation.I must have assumed that the FM controller would take care of any point outs; which in hindsight was not good air traffic control. However; TRACON airspace boundaries are not depicted on tower radar displays; nor are we trained on all the airspace that abuts ours. Instead; we are given standard missed approach headings and frequencies to assign. Several actions could have prevented this event. When FM cancelled Aircraft X's approach clearance; they could have broken them out since they have better familiarity with that airspace than we do; or airspace boundaries around tower airspace should be depicted and trained so we can better know into whose airspace we may be turning; and Standard missed approach procedures should be replaced with 'assign heading and altitude to avert conflict with other arrivals/departures and hand off to the appropriate controller.'When tower advised FM that they are going to turn somebody early; the FM should advise who to hand off the aircraft to or offer to take care of the point out. This one seems less preferable than teaching us the airspace more thoroughly. All this could have been completely avoided by better application of speed control by the arrival controller who set this all up by feeding the overtake to the FM and Local controllers to fix. FM should only be concerned with ensuring the non-transgression zone between parallel approaches is protected; rather than cleaning up after a final controller who didn't ensure their aircraft would remain separated to the runway.",,,,"A DFW Tower Controller issued a non-standard go-around instruction to an aircraft. The Tower Controller did not point out the aircraft to the appropriate TRACON sector.",
1376702,201607,0601-1200,SCT.TRACON,CA,,,,2500,,VMC,10,,Daylight,CLR,,TRACON SCT,Personal,Small Aircraft; Low Wing; 2 Eng; Retractable Gear,,1,Part 91,VFR,Passenger,,Initial Climb,Direct,Class D CNO,,,,,,,,,,,,,,,,,,,,,,,,,,,,,,,,,,,,,,,,,,,,,,,,,,,,,,,,,,,,,,,Aircraft X,Flight Deck,Personal,Single Pilot; Pilot Flying,Flight Crew Multiengine; Flight Crew Instrument; Flight Crew Flight Instructor; Flight Crew Air Transport Pilot (ATP),Flight Crew Last 90 Days 100; Flight Crew Total 8000; Flight Crew Type 20,,Communication Breakdown; Workload,Party1 Flight Crew; Party2 ATC,,1376702,,,,,,,,,,,,ATC Issue All Types; Airspace Violation All Types; Conflict Airborne Conflict; Deviation / Discrepancy - Procedural Published Material / Policy; Deviation / Discrepancy - Procedural FAR,Horizontal 1.5; Vertical 500,,Person Air Traffic Control; Person Flight Crew,In-flight,Air Traffic Control Provided Assistance; Flight Crew Took Evasive Action; Flight Crew Requested ATC Assistance / Clarification,Airport; Airspace Structure; Environment - Non Weather Related,Airspace Structure,"I departed AJO straight out on a VFR flight in a Cessna 310. After 2 miles I turned northwest on course and away from rising terrain. With Ontario Class C airspace above me and Chino Class D to the north; I attempted contact with SoCal Approach on 135.4 seeking to climb above 2;500 MSL through both airport's airspace. I called SoCal approach 3 times unsuccessfully. They were busy and didn't acknowledge any of my calls. My Garmin 430 indicated multiple traffic contacts in the vicinity which kept my focus outside. The most pressing contact was at 12 o'clock; westbound within 2 miles and 500 feet. Once I gained visual contact it became apparent that we were converging. The contact appeared to be a Cessna high-wing (possibly departing Chino) in the climb out at a much lower airspeed. That aircraft had the right-of-way since it was on my right. I elected to turn behind it to avoid closer contact.The turn put me in edge of the southwest sector of Chino's Class D airspace as I was informed later. Not having any luck raising SoCal Approach on 135.4; I quickly switched to 135.05; the first frequency I found on the Sectional Chart with a quick glance. I was able to make radio contact with SoCal on 135.05 on the first or second attempt. Once checked in with a squawk code and was identified; I was issued multiple traffic advisories and limited climbs. Within the first two minutes I was issued 4 different traffic advisories. My course to avoid Brackett and El Monte Class D airspace took me towards the congested practice area; the source of a few of the traffic advisories. During the multiple traffic advisories SoCal informed me of the possible Pilot Deviation and requested I copy the number for Chino tower. Obviously this was a bad time to be heads-down in the cockpit. I copied the number and eventually read it back. I was eventually approved for a climb out of the low-level area.I contacted Chino tower with the number provided and they indicated the information would be forwarded to the local FSDO and I might be contacted for follow-up.I radioed to SoCal that I had traffic in sight only to be informed of other targets close by. My decision to yield right-of-way took me into the Class D airspace and I chose to attempt contact with the TRACON in an effort to climb through Class C and D airspace instead of getting stuck hopping from Class D tower to tower in low level (Class D) congestion. At the time it was more important to keep my head outside instead of inside the airplane looking for Class D tower frequencies of Chino; Brackett; and El Monte.My flights to the central valley of California on a Northwest course sometimes feel like trying to thread a needle through airspace with Ontario's Class C above; Chino's Class D immediately to the north; and Los Angeles's Class B shelves nearby to the west. I'm normally able to get established with TRACON quickly but it was a busy period for the controllers and they didn't have time for me. The focus on avoiding multiple traffic contacts and observing right-of-way rules put me into a tough situation. My attempts at radio contact were initially unsuccessful which caused an airspace violation.",,,,"Pilot reported his flight departed out of an airport in a complex and congested airspace environment and inadvertently entered towered airspace without clearance.",
1377358,201608,1801-2400,ZDV.ARTCC,CO,,,,17000,,,,,Daylight,,,TRACON D10,Air Carrier,Medium Large Transport; Low Wing; 2 Turbojet Eng,,2,Part 121,IFR,Passenger,,Climb,Vectors,Class E ZDV,,,,,,,,,,,,,,,,,,,,,,,,,,,,,,,,,,,,,,,,,,,,,,,,,,,,,,,,,,,,,,,Facility ZDV.ARTCC,,Government,Enroute,Air Traffic Control Fully Certified,Air Traffic Control Time Certified In Pos 1 (yrs) 9,,Situational Awareness,,,1377358,,,,,,,,,,,,ATC Issue All Types; Airspace Violation All Types; Deviation / Discrepancy - Procedural Published Material / Policy,,,Person Air Traffic Control,In-flight,General None Reported / Taken,Human Factors; Procedure,Ambiguous,"I was the R-side on sector 13. Aircraft X was controlled by Denver Approach. The aircraft departed DEN on an IFR flight plan. There was weather in Approach's airspace and I suspect Aircraft X was either deviating or being vectored around the weather. Aircraft X flew north/northeast bound and skimmed the airspace of sector 13 as the aircraft climbed out of 17000. Denver Approach never called to point out the aircraft with sector 13 and subsequently violated sector 13's airspace.This situation is not an isolated incident. Sector 13's airspace is routinely violated in this manner. It is rarer to receive a point out than it is to have an airspace violation. It seems apparent that the controllers at Denver Approach need a refresher on the layout of sectors in ZDV. They also need to be held accountable for violations of the 7110.65.",,,,"A ZDV Controller is upset with Denver Approach controllers that do not provide point outs of aircraft that come close to the boundary in accordance with the controller's handbook.",
1419595,201701,0601-1200,ZSU.ARTCC,PR,,,,1800,,,,,Daylight,,,Center ZSU,Corporate,Small Aircraft; Low Wing; 2 Eng; Retractable Gear,,1,Part 91,IFR,Passenger,,Climb,,Class C TJSJ,,,,,,,,,,,,,,,,,,,,,,,,,,,,Tower TJSJ,Air Carrier,Large Transport; Low Wing; 2 Turbojet Eng,,2,Part 121,IFR,Passenger,,Initial Climb,,Class C TJSJ,,,,,,,,,,,,,,,,,,,,,,,,Facility ZSU.ARTCC,,Government,Enroute,Air Traffic Control Fully Certified,Air Traffic Control Time Certified In Pos 1 (yrs) 6,,Confusion; Communication Breakdown; Distraction; Situational Awareness; Human-Machine Interface,Party1 ATC; Party2 Flight Crew; Party2 ATC,,1419595,,,,,,,,,,,,ATC Issue All Types; Airspace Violation All Types; Conflict Airborne Conflict; Deviation - Track / Heading All Types; Deviation / Discrepancy - Procedural Published Material / Policy; Deviation / Discrepancy - Procedural Clearance,,,Person Air Traffic Control,In-flight,Air Traffic Control Separated Traffic; Air Traffic Control Issued New Clearance; Flight Crew Returned To Clearance,Human Factors; Procedure,Human Factors,"Equipment outages and abnormal situations:-SJU Radar out of service (Primary and Secondary).-Using backup radar (resulting in higher MVA; false targets; and radar clutter).-Software malfunction (double targets; one with data block info; and a second one next to the other showing transponder number). -Conflict Alert constantly going off due to the software problem; creating a lot of distraction.-FDIO (Flight Data Input/Output System) out of service (obligating me to be requesting flight plans for most arrivals and departure traffic.-West (R1); East (R5); and Final (R9) were combined despite the complexity; distractions; and volume of traffic due to all of the above mentioned.I approved a release out of Runway 9 at TJIG for Aircraft X; I was unable to radar identify him when he first call because of all the clutter and radar problems going on. Then I requested the pilot to reset the transponder and to say his position and altitude in order to try to locate him. When I finally was able to confirm his position the aircraft was already inside SJUT right in the middle of the departure corridor with Aircraft Y departing out of Runway 8 at TJSJ. The tower controller noticed the situation and was able to stop Aircraft Y below Aircraft X keeping the situation under control.The pilot of Aircraft X was supposed to turn heading 300 on departure and to climb and maintain 1;800. Obviously the pilot didn't followed the ATC initial departure clearance and kept flying runway heading; resulting in the SJU tower airspace violation and possible loss of separation. The SIGT controller also failed scanning and making sure the aircraft was turning on the assigned heading before switching it to approach frequency.Recommendations:-If the radar is out of service SJUT should not have automated releases. They should call for release all departure until radar is return back in service.-Supervisor scanning the operation in order to help with coordination and make decisions like splitting sectors; opening radar assist position; etc. especially during equipment outages days like today.-Report the equipment outage and follow up to get it fix ASAP.-No reason why having the sectors combined under this situation; specially having the personal to keep the positions split and run a safe and better operation.-Better scanning from the SIGT controller to catch the error and correcting.-Ask for help sooner.",,,,"ZSU Center Controller reported of an airborne conflict when a TJIG departure did not follow departure procedures and entered TJSJ airspace without permission.",
1421785,201702,1801-2400,ZMP.ARTCC,MN,,,,37000,,,,,,,,Center ZMP,Air Carrier,A319,,2,Part 121,IFR,Passenger,,Descent,,Class A ZMP,,,,,,,,,,,,,,,,,,,,,,,,,,,,,,,,,,,,,,,,,,,,,,,,,,,,,,,,,,,,,,,Facility ZMP.ARTCC,,Government,Enroute,Air Traffic Control Fully Certified,Air Traffic Control Time Certified In Pos 1 (yrs) 15.5,,Confusion; Situational Awareness,,,1421785,,,,,,,,,,,,ATC Issue All Types; Airspace Violation All Types; Conflict Airborne Conflict; Deviation / Discrepancy - Procedural Clearance; Deviation / Discrepancy - Procedural Published Material / Policy,,,Person Air Traffic Control,In-flight,Air Traffic Control Separated Traffic; Flight Crew Returned To Clearance,Human Factors; Procedure,Human Factors,"Aircraft X checked on at FL390. I issued a descent to FL370 to get the aircraft out of Sector 40 airspace since the aircraft was landing at DSM. The pilot read back descending to FL370. I had traffic at FL360 and FL350 that was diverging. About a minute goes by and I notice my En Route Information Display System (ERIDS) light up with conflictions. I look back to the scope and observe Aircraft X descending below the assigned FL370. It takes about 3 seconds to fully process what I am seeing. Aircraft X is descending head on threw the traffic at FL360 and is busting through my base altitude of FL350. I ask the pilot what altitude I assigned believing I misstated the original altitude of FL370 or missed the read back. While this is happening I forced a data block up on Sector 39 scope. The Sector 39 controller shouted out it was ok; he only had traffic at FL300. The pilot responds that he was assigned FL270. Still not believing what I was seeing I asked if he was at FL370 to which he responded the altitude he was descending out of. I amended Aircraft X altitude to FL330 and hand him off to sector 39.This happened my last stint before I went home. I returned that night for the midnight shift and listened to the tape. I did issue FL370. Aircraft X responded descending to FL370. I question the pilot about the altitude I assigned he responded FL270. It was a pilot deviation on his part which I didn't react to quickly enough and I had an airspace violation with Sector 39. Had Aircraft X not descended as quickly as he did there could have been 3 aircraft with TCAS alerts to respond to. Luckily no separation was lost however I was giving quite a scare.I shouldn't have questioned myself. I should have forced that data block to Sector 39 and stopped the aircraft immediately and asked question later. I've been in the agency almost years and this skill is hard to teach and obviously execute when it matters. Pilot deviations happen. It all goes back to hear back/read back on both sides of the microphone.",,,,"ZMP Controller reported of a pilot deviation. Pilot read back correct altitude to descend to but went through the cleared altitude. No Separation was lost due to the descent rate of the deviating aircraft.",
1423473,201702,1801-2400,ZHU.ARTCC,TX,,,,12000,,,,,,,,Center ZHU,,Light Transport; Low Wing; 2 Turbojet Eng,,2,Part 91,IFR,Passenger,,Cruise,,Class A ZHU,,,,,,,,,,,,,,,,,,,,,,,,,,,,,,Any Unknown or Unlisted Aircraft Manufacturer,,,,,,,Cruise,,Class A ZHU,,,,,,,,,,,,,,,,,,,,,,,,Facility ZHU.ARTCC,,Government,Enroute,Air Traffic Control Developmental,,,Workload; Situational Awareness; Training / Qualification,,,1423473,,,,,,,,,,,,ATC Issue All Types; Airspace Violation All Types; Deviation - Track / Heading All Types; Deviation / Discrepancy - Procedural Clearance,,,Person Air Traffic Control,In-flight,,Airspace Structure; Procedure,Airspace Structure,"Aircraft X was doing a test flight. At the time of the airspace violation we currently had 18 aircraft on frequency stepping over each other and had about 25 data blocks up on our screen. I heard the Radar Controller issue instructions to Aircraft X to descend via the Touchdown 2 arrival and the aircraft complied. I typed in the route and went back to my scan. Just as the event occurred we had a NORDO aircraft; Aircraft Y at 25000 feet in the middle of our departure and arrival push; so I called different sectors to find this NORDO aircraft.We also had Aircraft Z a military flight at 26000 feet entering our airspace head on with all our arrival traffic. I called sector 78 to get approval for Aircraft Z direct El Paso to get him away from our arrival push. They approved it. I called 68 the controller who had control and communications to Aircraft Z to clear him direct ELP. He complied. Aircraft Z chose not to take the shortcut and told 68 he was not going to do that. Aircraft Z entered our airspace without a proper handoff made. Sector 68 put Aircraft Z on our frequency when he was supposed to be 10 miles north of his current position. We had arrival traffic in his way. I frantically coordinated with Sectors 68 and 78 to move Aircraft Z out of the way enough to where he would not impede arrival traffic. I also noticed just before the event occurred that Aircraft A was coming in too high for the arrival requirements at BELLR. I tried to call BELLR 62 three times to approve his slow descent. The first call I was ignored. The Radar Controller switched 4 planes including Aircraft X which they all read back correctly so I went along with my scan no longer looking at those 4 data blocks. I tried to call BELLR again for Aircraft A that was now at 16000 feet but supposed to be at 11000 feet at BELLR and never got a response. Watching Aircraft Z the entire time to make sure he was not a conflict with any other arrival traffic. The 3rd time I called BELLR they answered upset; said approved and hung up. Aircraft X was already 20 miles in their airspace descending out of 7700 feet and Aircraft A was also 3 miles in their airspace at 14500 feet. We could not turn either aircraft due to complexity and procedures. A violation happened in our airspace; a NORDO aircraft; high complexity; and traffic count; and data blocks overlapping. We were so focused about separation with multiple aircraft that we missed issuing a data block transfer. The communications were switched; but the handoff was never made. No weather effected this event.Arrivals into HOU and IAH need to change. GMANN and BELLR RNAV Arrivals are too close to provide real separation. When TRACON is on a west flow the arrivals must be between 16000-19000 feet which works because the HOU arrivals need to be at 11000-13000 feet. It's easy enough to get HOU arrivals under IAH arrivals. When TRACON is on an east flow it's DANGEROUS! IAH arrivals must be at 13000-16000 feet and the HOU must be at 11000-13000 feet. HOU arrivals coming from the WEST and IAH coming from the SOUTH. We have a window of 57 miles from the WEST to get HOU traffic from 24000-35000 feet all the way down to 13000-1100 feet; while avoiding the IAH arrivals that also need to descend to 16000-13000 feet. I feel it's unsafe and adds complexity to a very simple arrival. We also have departures to contend with going south so we have 2 arrival gates which are approximately 15 miles apart from each other and a departure corridor. In a span of 40 something miles. It's unsafe. I feel that there should be three arrival corridors. From the southwest GMANN is perfect where it is; BELLR needs to move down 5-10 miles; and I feel SKUBA our departure corridor should be for all the small satellite airports. Having departures fly into arrival corridors is scary and added complexity that doesn't need to be there. Also TRACON stated they had the communications of Aircraft X but not the data tag. That seems to happen at least once a week from Approach to Center; or Center to Approach.",,,,"A Trainee Center Controller reported allowing two aircraft to enter an adjacent sector without a handoff. The Trainee recommended new procedures for the arrival flow through the sector.",
1475167,201708,1801-2400,ZJX.ARTCC,FL,,,,32000,,,,,Dusk,,,Center ZJX,Air Carrier,Medium Large Transport,,2,Part 121,IFR,Passenger,,Cruise,,Class A ZJX,,,,,,,,,,,,,,,,,,,,,,,,,,,,,,,,,,,,,,,,,,,,,,,,,,,,,,,,,,,,,,,Facility ZJX.ARTCC,,Government,Enroute,Air Traffic Control Fully Certified,Air Traffic Control Time Certified In Pos 1 (yrs) 11,,Distraction; Human-Machine Interface; Training / Qualification; Situational Awareness,,,1475167,,,,,,,,,,,,ATC Issue All Types; Airspace Violation All Types; Deviation / Discrepancy - Procedural Published Material / Policy,,,Person Air Traffic Control,In-flight,,Human Factors; Procedure; ATC Equipment / Nav Facility / Buildings; Company Policy,ATC Equipment / Nav Facility / Buildings,"Aircraft X exited my airspace without a handoff. This type of event has almost happened to me before since the newest release EAD (European Aeronautical Information System Database) software. The indicator for radar identification moved as have other elements on the data block. In prior episodes; I'd switch the aircraft prior to there being an airspace violation. I have thoroughly discussed the event with my supervisor of record; and efforts will be made to prevent future occurrences. The AHI (auto handoff) feature would've likely prevented this occurrence. Change the data block design back to how it once appeared.",,,,"ZJX Center Controller reported an aircraft exited his airspace without a handoff to the next controller.",
1507556,201712,1201-1800,ZTL.ARTCC,GA,,,,17000,,,,,Night,,,Center ZTL,Air Carrier,A321,,2,Part 121,IFR,Passenger,FMS Or FMC,Initial Climb,,Class B ATL,,,,,,,,,,,,,,,,,,,,,,,,,,,,,,,,,,,,,,,,,,,,,,,,,,,,,,,,,,,,,,,Facility ZTL.ATRCC,,Government,Enroute,Air Traffic Control Fully Certified,Air Traffic Control Time Certified In Pos 1 (yrs) 22,,Communication Breakdown; Time Pressure; Workload,Party1 ATC; Party2 ATC,,1507556,,,,,,,,,,,,ATC Issue All Types; Airspace Violation All Types; Deviation / Discrepancy - Procedural Published Material / Policy,,,Person Air Traffic Control,In-flight,,Procedure; Staffing; Weather,Staffing,"Training was taking place at the South Departure sector. Mid-afternoon; the sector was closed and combined with Macon High to allow the training team to debrief before their end of shift. I believe staffing was a factor in the decision to combine sectors. Due to weather south of Atlanta; all departures were deviating towards sector R09 airspace. The R22 controller became extremely busy dealing with the deviations; I was moved from a D-side to reopen South Departure sector. Due to the workload at R22; it took a while before I was able to assume the R21 airspace.When I finally did assume the airspace and frequencies; there was some confusion about which aircraft were on the Macon High frequency and which ones were on the South Departure frequency. While in the process of trying to sort that out; the departures continued to come from ATL; and [the departures] were deviating southwest on about a 210 heading. Aircraft X needed further to the west; [it] was stopped at 17000 feet; and a handoff to sector 09 was attempted. I called the sector and offered to turn Aircraft X; but they said no; they would take the handoff. Aircraft X did get within the protected airspace of 09 prior to acceptance off the handoff; thus causing an airspace violation. I believe that [the] opening and closing sectors for short periods can cause an unsafe situation and [it] contributed to this event. South departure should not have been combined with Macon High due to the complexity resulting from deviating traffic. I would like to see limited use of combing sectors as a tool to compensate for lack of staffing.",,,,"ZTL ARTCC Controller reported that the combination of control positions during complex phases; and the need to compensate for inadequate staffing; were the primary factors that led to an airspace violation.",
1539806,201805,0001-0600,ZOA.ARTCC,CA,,,,29000,,,,,,,,Center ZOA,Air Carrier,B737 Undifferentiated or Other Model,,2,Part 121,IFR,Passenger,,Cruise,Direct,Class A ZLA,,,,,,,,,,,,,,,,,,,,,,,,,,,,,,,,,,,,,,,,,,,,,,,,,,,,,,,,,,,,,,,Facility ZOA.ARTCC,,Government,Enroute,Air Traffic Control Fully Certified,Air Traffic Control Time Certified In Pos 1 (mon) 5; Air Traffic Control Time Certified In Pos 1 (yrs) 9,,Human-Machine Interface; Distraction; Confusion; Communication Breakdown; Situational Awareness; Workload; Time Pressure,Party1 ATC; Party2 ATC,,1539806,,,,,,,,,,,,ATC Issue All Types; Airspace Violation All Types; Deviation / Discrepancy - Procedural Published Material / Policy,,,Person Air Traffic Control,In-flight,,Airspace Structure; Procedure; Human Factors; Environment - Non Weather Related; Company Policy; ATC Equipment / Nav Facility / Buildings,ATC Equipment / Nav Facility / Buildings,"I had just received a briefing and taken the sector. As soon as I said I had the sector; several tasks needed to be completed that were behind because of the briefing. Mainly changing aircraft to the appropriate next frequency. I ended up switching Aircraft X to the next sector frequency without a handoff and ultimately violating their airspace. I had a handoff side at the time. Aircraft X was direct to a fix and during the briefing; the aircraft was in handoff status at 31000 feet behind another Aircraft X at 29;000 feet. Aircraft X requested a descent to 29;000 feet and the person I was relieving stopped the flash and descended Aircraft X to 29;000 feet. I was watching the aircraft's speed since they would now be at the same altitude as Aircraft X in front of them and they had about a 10 knot overtake; but 10 miles longitudinal separation so not much of a concern. Shortly thereafter; the person I was relieving slewed over an area in the south part of the sector where the next sector had radar contact on a group of aircraft that needed to be switched and he said 'all of these aircraft can be shipped'. I think in my mind I included Aircraft X in that group and didn't pay close enough attention to the data block. I did a scan and remember making sure the speed was ok with Aircraft X in front of them and at 29;000 feet their speed ended up being about the same so I switched Aircraft X apparently without a handoff. If I'm not mistaking; I shipped the aircraft while he was still in our airspace and it would have been helpful if the next Center sector would have called us and told us they were talking to Aircraft X and we needed to flash them to us. I'm not certain that was the case and if it was; they may have not had time to make that call before an airspace violation would have happened anyway. This was a mistake on my part for not scanning close enough for the details of the aircraft's status. There were maybe a few outside contributors that could have helped avoid this situation. Handoff controllers are also responsible to hand off aircraft and if the person I was relieving that took back the flash on Aircraft X then descended them would have flashed them to the next sector again after the descent clearance; it wouldn't have happened. On my part; a better scan of the data block and being careful not to assume anything. In this case I believe I assumed this aircraft was flashed on again and in the group of aircraft the controller being relieved said could be shipped without really paying attention to the data block. The other issue that I have noticed is since the data block justification was last changed with the updates that included portal fences; I've found myself shipping aircraft without a handoff more frequently because of the appearance of the data block. Fortunately in other cases the mistake was caught before an airspace violation occurred. I was speaking with a veteran controller who has years of experience and he was saying since they changed the data blocks; he does this about once a week compared to about once every [few] months that he used to do it. Something about the appearance of the data blocks now makes the 'R' indicator less obvious when you're busy.",,,,"ZOA Center Controller reported forgetting to handoff an aircraft to ZLA Airspace.",
1567588,201808,1801-2400,S46.TRACON,WA,,,,5000,,Marginal,Rain; Thunderstorm,,,,,TRACON S46,Air Carrier,Large Transport; Low Wing; 2 Turbojet Eng,,2,Part 121,IFR,Passenger,,Cruise,,Class B SEA,,,,,,,,,,,,,,,,,,,,,,,,,,,,TRACON S46,Air Carrier,Medium Large Transport; Low Wing; 2 Turbojet Eng,,2,Part 121,IFR,Passenger,,Cruise,Other weather deviate,Class B SEA,,,,,,,,,,,,,,,,,,,,,,,,Facility S46.TRACON,,Government,Approach,Air Traffic Control Fully Certified,Air Traffic Control Time Certified In Pos 1 (yrs) 10.0,,Time Pressure; Workload; Situational Awareness; Communication Breakdown,Party1 ATC; Party2 Flight Crew,,1567588,,,,,,,,,,,,ATC Issue All Types; Airspace Violation All Types; Conflict Airborne Conflict; Deviation / Discrepancy - Procedural Published Material / Policy; Inflight Event / Encounter Weather / Turbulence,,,Person Air Traffic Control,In-flight,Air Traffic Control Separated Traffic; Air Traffic Control Issued New Clearance,Weather; Airspace Structure; Human Factors; Procedure; Staffing,Procedure,"Before this situation occurred it was noted that there were too many airplanes in the airspace with the amount of deviations occurring and NO TMC (Traffic Manager Coordinator) staffed to help with the traffic volume. The whole situation started with Aircraft Z from the west that was on an unusual vector to avoid weather. Aircraft Z was the first aircraft I had that would eventually encounter the weather to the north. The final was full and Aircraft Z needed to be turned to a downwind heading. The pilot refused the instruction; fly heading 340; because of weather and was consequently taken across the final behind another airplane using divergence for resequencing. This had a cascading effect on the sequence as multiple aircraft were subject to this pilot's inaction. I had to repeat the instructions three times. Fly heading 130; fly heading 160; he finally started turning and I had him roll out on a 070 heading to pass behind. I just needed the aircraft to turn.Resequencing that aircraft caused other aircraft to extend on the east downwind. All of the aircraft were contained in final's airspace. There were multiple aircraft left at higher altitudes such as 5000 ft because of how far out I was turning to final and I didn't want to impact other sectors with aircraft at lower altitudes and potentially going outside the Class B airspace. I was busy communicating with my airplanes in the airspace due to the prior situation and I was continuing to formulate my plan to work around the weather deviations and reel the final back in. I then noticed another aircraft; Aircraft Y; from another sector out of place and in my airspace. Aircraft Y was southwest bound level at 5000 ft; heading right for Aircraft X and I immediately issued a traffic alert. The Aircraft X pilot said they had the aircraft on TCAS but not in sight. I wasn't sure what the other controller was going to do so I instructed the pilot to turn left immediately heading 230 to avoid a potential collision. This was a clear airspace violation and a potentially dangerous situation due to the split focus between low sectors in bad weather and the inaction of the other controller once the CA (Collision Avoidance) alarms went off and they realized the grave state of affairs. Aircraft X and the other aircraft were sequenced appropriately following this event and all landed safely without further incident. We had at one time at least 16 Seattle Arrivals deviating for weather with a 46 arrival rate which is not the ILS rate into this airport. All the sectors were combined up. This has been a continuing trend at this facility and these kinds of events have been noted in the past. I'm just glad I had a backup plan. Due to the weather deviations and the lack of traffic oversight the arrival rate should have been set appropriately. The lack of awareness in the room as to what the weather was doing; how it was moving and interacting with final and other sectors is unacceptable; especially after the CIC (Controller in Charge) was made aware by another controller before I sat down and I gave them a heads up too. Having positions combined up during significant weather events is a bad idea and inherently dangerous given the current event stated above. The thought process of every controller in the building should be at minimum these two things: Scanning for potential conflicts (They may not be in your airspace 'yet') and say something if it looks wrong or out of place. The second thing is too stay out of the final controller's way and out of final's airspace; period.",,,,"TRACON Controller working combined sectors with weather deviations observed an aircraft entering their airspace without a handoff conflicting their arrivals.",
1611067,201901,1801-2400,ZZZ.TRACON,US,,,,4500,,VMC,,,Daylight,,,TRACON ZZZ,Corporate,Gulfstream IV / G350 / G450,,1,Part 91,IFR,Passenger,,Initial Approach,Visual Approach; Vectors,Class B ZZZ,,,,,,,,,,,,,,,,,,,,,,,,,,,,TRACON ZZZ,Personal,Any Unknown or Unlisted Aircraft Manufacturer,,1,Part 91,VFR,Personal,,Climb,None,Class B ZZZ,,,,,,,,,,,,,,,,,,,,,,,,Facility ZZZ.TRACON,,Government,Approach,Air Traffic Control Fully Certified,Air Traffic Control Time Certified In Pos 1 (yrs) 8,,Distraction; Communication Breakdown; Situational Awareness,Party1 ATC; Party2 Flight Crew,,1611067,,,,,,,,,,,,ATC Issue All Types; Airspace Violation All Types; Conflict Airborne Conflict; Deviation - Track / Heading All Types; Deviation / Discrepancy - Procedural Clearance; Inflight Event / Encounter CFTT / CFIT,,,Person Air Traffic Control,In-flight,Air Traffic Control Separated Traffic; Air Traffic Control Issued New Clearance; Air Traffic Control Issued Advisory / Alert,Human Factors; Procedure; Staffing; Airspace Structure,Human Factors,"I had Aircraft X going into ZZZ and there was a VFR aircraft that turned and climbed into Aircraft X. I cancelled the approach clearance and climbed Aircraft X to 4;500 ft. Aircraft X advised climbing for an RA. I looked around to advise the person in charge of the area and could not see anyone. As I continued to work with aircraft not checking in or responding to correct call signs; I turned and asked for help and again did not see anyone in the area. I regained control but several aircraft were high on the approaches. I think everyone was separated by the standard separation but I honestly don't know. I had Aircraft Y going to ZZZ1 who said they wanted the GPS 12 Approach; so I cleared them direct ZZZZZ an IAF or IF for the approach and they turned south into a 5600 MVA (Minimum Vectoring Altitude). I issued a Low Altitude Alert and Climb to 5;600 ft. They didn't comply; I issued a heading north and a climb. They were not responding which increased my workload even more. Based on their position; I might [have] even had an airspace violation. Again; no one seemed available to help. The airspace could be changed to help prevent VFR aircraft from being able to climb to the approach altitudes of ZZZ or [nearby] airports. Mainly I needed assistance and was not able to obtain any.",,,,"A TRACON Controller without an Assist reported an unidentified VFR aircraft climbed into traffic on a final approach course and another aircraft deviated from their course into a higher Minimum Vectoring Altitude Area.",
1705924,201911,1201-1800,I90.TRACON,TX,,,,10000,,VMC,partly cloudy,,Daylight,,,TRACON I90,Corporate,Light Transport,,1,Part 91,VFR,Passenger,GPS,Initial Climb,VFR Route,Class B HOU,,,,,,,,,,,,,,,,,,,,,,,,,,,,,,,,,,,,,,,,,,,,,,,,,,,,,,,,,,,,,,,Aircraft X,Flight Deck,Corporate,Pilot Flying; Single Pilot; Captain,Flight Crew Multiengine; Flight Crew Air Transport Pilot (ATP); Flight Crew Flight Engineer; Flight Crew Instrument,Flight Crew Last 90 Days 50; Flight Crew Total 15000; Flight Crew Type 2000,,Distraction; Human-Machine Interface; Situational Awareness; Workload,,,1705924,,,,,,,,,,,,Airspace Violation All Types; Deviation / Discrepancy - Procedural Clearance; Deviation / Discrepancy - Procedural Published Material / Policy,,,Person Flight Crew,In-flight,,Chart Or Publication; Procedure; Airspace Structure; Human Factors; Manuals,Human Factors,"The flight was an empty part 91 flight. I was in a hurry to get there before the TFR closed down the airspace. To save time I decided to takeoff VFR; go semi-direct and pick up my IFR or flight following enroute. The aircraft was equipped with a recently installed dual Garmin 750 System and ADS B. I programmed the left Garmin 750 screen in the map enroute navigation phase and the right screen in the TCAS mode to observe location of other aircraft. I tuned in one VOR on HUB (It had a NOTAM of OTS but it would be great for situational awareness if for some reason it worked) and the other VOR I tuned in IAH.After takeoff I turned westbound; waited a while and then asked for a frequency change and tuned in and monitored Departure Control. There was a broken layer of about 50% coverage above me. I then observed about a 5 mile clear opening; checked and saw what I thought was the last ring of the Houston Class B airspace; checked my VOR/DME displays that I had set on VOR's (which neither gave me a DME readout); checked my TCAS screen to see if there was any aircraft that might be a conflict with and after additionally giving a good outside visual scan; I made a rapid climb through the opening. I climbed through 10;000 feet in the clear and decided rather than check in with Houston Departure that I would monitor enroute Houston Center. I picked up the destination ATIS and did not hear anything about the TFR airspace closure. I made my call to Approach control and was told the TFR was now in effect and after discussing my options; I decided to get vectors to a different airport and wait out the TFR. Approach then informed me that Houston Approach had called them and wanted me to call them about a possible Class B airspace violation. After landing; I had a conversation with the Houston Approach Supervisor on duty who told me that I probably had gone through the Houston Class B airspace. I told him that I take that accusation very serious. I told him that I thought I had maneuvered outside the Class B airspace but if he said I had gone in it then I would not argue with him and that I would actively self-investigate the incident to see what factors contributed to my navigation error. I asked him to please save the tapes and I would await with patience hearing from the Houston FSDO for probable investigative action. At the termination of my flight back; I asked the lineman there to hook up an external power cart to my aircraft. I then went inside to the FBO flight planning room and tried to get a readout of my flight profile on the FltPlan.com web site. Unfortunately for me; the aircraft owner has blocked that website from that information being observed. I then went back to the aircraft; turned on the avionics and tried to recreate to the best of my memory my flight path and try to figure out how 'I screwed up'!  The best I can figure it out with my available data and memory is that I misread the Garmin 750 map screen thinking I was clear of the Class B airspace. I was too close in and evidently not on the optimum range selection.I am new to the Garmin 750 navigation system. Upon finding out I would be flying airplanes that were being converted to that system I sat on the ramp in an airplane with another pilot and received several hours training. In addition; whenever possible I practice procedures and in flight changes to become more proficient in all the Garmin 750 capabilities while waiting on passengers; etc. As a pilot I have been taught to try to use all available Navaid and resources when flying. Unfortunately; the United States Operational Service Volume navigation system seems to have downgraded the importance of the ground based VOR system. When I first started flying in the Houston area; the Hobby VOR was located near the middle of the airfield. There was an approach to every Hobby runway based off the HUB VOR. I love airfields with VOR's on the airfield because as soon as you tune in you know whereyou are in relationship to the airport. Instant situational awareness. Someone decided to spend millions of dollars and operational down time to move the HUB VOR to the top of the Hobby parking garage. They then shut it off while building the Hobby International Terminal (construction cranes causing signal interference) and to my knowledge it has not been turned back on since. I have asked ATC but have not been given an answer why it is still shut down or why it was moved in the first place.The southern half of the Houston Class B airspace uses the HUB VOR as its epicenter for radials and DME. The northern half uses IAH. Last year a general aviation lady pilot crashed and died trying to land at Hobby airport. She said she could not find the airport. In the interest of aviation safety can someone get the HUB VOR turned back on and the IAH VOR maintained for a more reliable radial and DME signal since they are both the primary source for Houston Class B airspace definition?",,,,"Corporate Captain reported a possible IAH Class B airspace violation while using a Garmin 750 for navigation.",
1749718,202007,1801-2400,ZMP.ARTCC,NM,,,,17000,,,,,,,,Center ZMP,Air Carrier,Commercial Fixed Wing,,2,Part 121,IFR,Passenger,,Climb,,Class E ZMP,,,,,,,,,,,,,,,,,,,,,,,,,,,,,,,,,,,,,,,,,,,,,,,,,,,,,,,,,,,,,,,Facility ZMP.ARTCC,,Government,Enroute; Trainee,Air Traffic Control Developmental,,,Situational Awareness,,,1749718,,,,,,,,,,,,ATC Issue All Types; Airspace Violation All Types; Deviation / Discrepancy - Procedural Published Material / Policy,,,Person Air Traffic Control,In-flight,General None Reported / Taken,Environment - Non Weather Related; Human Factors; Airspace Structure,Human Factors,"Aircraft X was climbing southbound after departing; I initiated a handoff to Sector XY; anticipating a flash-through to Sector YX.  I anticipated watching for the handoff to be made; and made a pointout to OMA approach.  While this was going on; I had multiple aircraft needing weather calls in other parts of the airspace; as well as at least two calls from flight data and flight service; as well as two calls from aircraft airborne off of airports beginning IFR flights.  By the time all these had been dealt with; I had failed to get back quickly enough to Aircraft X; and he had entered Sector XY's airspace without them accepting the handoff.  I then called them with a verbal handoff and they accepted the automated handoff.Given the weather situation; I think having all three low sectors open with the need to provide weather reports in the northeast part of the airspace; given the volume; was probably not appropriate.  We have been running thin crews do to COVID-19; and thus have been keeping sectors combined when they likely would have been split during normal operations.  I think this added volume and complexity contributed to this airspace violation.  In the future; as more controllers return; I think it would be better to split sectors off more quickly to reduce workload.",,,,"ZMP Center Controller reported an airspace deviation while working combined sectors. COVID-19 staffing levels contributed to the event.",
1773865,202011,1201-1800,ZZZ.ARTCC,US,,,,10000,,,,,,,,Center ZZZ,Air Carrier,Commercial Fixed Wing,,2,Part 121,IFR,Passenger,,Descent,,Class E ZZZ,,,,,,,,,,,,,,,,,,,,,,,,,,,,Center ZZZ,Air Carrier,Commercial Fixed Wing,,2,Part 121,IFR,Passenger,,Descent,,Class E ZZZ,,,,,,,,,,,,,,,,,,,,,,,,Aircraft X; Facility ZZZ.ARTCC,,Government,Enroute,Air Traffic Control Developmental,,,Communication Breakdown; Confusion; Situational Awareness; Human-Machine Interface,Party1 ATC; Party2 ATC,,1773865,,,,,,,,,,,,ATC Issue All Types; Airspace Violation All Types; Deviation / Discrepancy - Procedural Published Material / Policy,,N,Person Air Traffic Control,In-flight,Air Traffic Control Issued New Clearance,Environment - Non Weather Related; Human Factors,Environment - Non Weather Related,"The incident with Aircraft X can best be described as the perfect storm where in this case the R-side Controller working [two sectors] was very busy and on top of that had numerous aircraft that departed ZZZ Approach level at 160 in his airspace without communication. Prior to me sitting on his position he reached out to the Supervisor to request a D-side along with advising that ZZZ Approach was not shipping aircraft in a timely manner. One aircraft he had was Aircraft Y who was 53 miles into his airspace level at 160 still not on frequency and Aircraft Z; 23 miles into his airspace with the same issue. I mention this because I believe this was the biggest contributing factor to the event with Aircraft X. Aircraft A was at 160 and he descended the aircraft to 10;000 thinking he was a ZZZ1/ZZZ2 arrival and to alleviate all potential traffic conflicts. The main problem was as soon as I sat down and signed in; the R-side was too busy to give me a brief but I was eager to help and to catch up on anything. As I was beginning my scan I noticed Aircraft X getting close to the ZZZ1 Approach airspace at 10;000 without a hand-off and I immediately jumped on the line to coordinate with the ZZZ1 Approach Controller. I began to try to APREQ the aircraft at 10;000 but the ZZZ1 Controller realizing he had an arrival to ZZZZZ [Intersection] already at 10;000 he instructed me to descend Aircraft X to 080; the R-side complied. There was no loss of separation between any aircraft; however; I have decided to report this event because I was talked to by management because of it. I advised my Supervisor in the X area that I did the best I could given I had just sat down and had just noticed the aircraft not handed off to ZZZ1 Approach. Given the coordination could have been done in a more efficient and timely manner I had to work with what I had.According to the safety board's review of the event there was an airspace violation as a result of this coordination. In my opinion this happened because the ZZZ1 Controller and his uncertainty of what needed to be done. I offered to descend Aircraft X to 080; but he advised me to just leave him at 10;000 and then instructed another aircraft to descend below the Aircraft X flight. This back and forth coordination and being reluctant to take the hand off is what resulted in Aircraft X entering his airspace without a hand off. I would like to add that overflights are not allowed over ZZZ NAVAID per our LOA; however the situation dictated a different solution. I would also like to emphasize that as the D-side Controller in this situation had I not immediately gotten on the line with the ZZZ1 Controller this would have been a much different and ultimately worse issue. I am almost certain a loss of separation would have occurred. My Supervisor agreed and the R-side backed me up on it. I have chosen to report this event because even though management advised me this was not disciplinary in any way shape or form; I would still like to bring this up to the safety council's attention.Because of COVID; staffing has been an issue and the traffic volume was high. We had staffing later in the day that helped tremendously but this particular situation we were at minimum. I would also like to receive guidance as to what I could have done better given I was forced into a bad situation and I did my best to separate aircraft and coordinate what I could before an incident may have occurred.",,,,"Center Controller reported an airspace violation due aircraft hand-off issues with a TRACON facility.",
1823704,202107,1201-1800,ZZZ.TRACON,US,,,,8000,,,,,,,,TRACON ZZZ,Air Carrier,A319,,2,Part 121,IFR,Passenger,,Initial Climb,Vectors,Class E ZZZ,,,,,,,,,,,,,,,,,,,,,,,,,,,,TRACON ZZZ,,Cessna Stationair/Turbo Stationair 7/8,,1,,IFR,,,Climb,None,Class E ZZZ,,,,,,,,,,,,,,,,,,,,,,,,,,Government,Instructor; Approach; Departure,Air Traffic Control Fully Certified,Air Traffic Control Time Certified In Pos 1 (yrs) 4,,,,,1823704,,,,,,,,,,,,ATC Issue All Types; Airspace Violation All Types; Conflict NMAC; Deviation / Discrepancy - Procedural Clearance,,,Person Air Traffic Control,In-flight,Air Traffic Control Issued Advisory / Alert; Air Traffic Control Provided Assistance; Air Traffic Control Issued New Clearance; Flight Crew Took Evasive Action,Environment - Non Weather Related; Human Factors; Procedure,Human Factors,"I was watching a trainee in Sector X. He was having issues giving a pop up IFR clearance to an aircraft. As he was trying to figure it out I saw Aircraft Y to the south west of the airport at 075 and Aircraft X was headed south bound climbing to 080. I initially thought it would not have been a factor; however; I then heard the trainee give the IFR clearance the wrong altitude and issued a climb into another sectors airspace; IFR. I went and corrected it to avoid a potential airspace violation or worse. As soon as I fixed that situation I saw that Aircraft Y had climbed to 080 and was headed right at Aircraft X. The trainee issued traffic to Aircraft Y and Aircraft Y said he the airbus (Aircraft X) in sight. Aircraft X then said that he was responding to an RA. The trainee then told Aircraft Y to descend for traffic. I keyed up and told Aircraft X to report complete with RA and that the traffic had Aircraft X in sight. Aircraft X said he was going to file a near midair.Aircraft Y should have been capped at a VFR altitude and coordination should have been made to keep Aircraft X climbing. Trainees should be competent at issuing an IFR clearance prior to a control position.",,,,"TRACON Controller reported an IFR pop up aircraft was given an IFR altitude resulting in an airborne conflict with an IFR departure.",
2224661,202503,1801-2400,ZDC.ARTCC,VA,,,,33000,,,,,,,,Center ZDC,Air Carrier,Commercial Fixed Wing,,2,Part 121,IFR,Passenger,,Cruise,,Class A ZDC,,,,,,,,,,,,,,,,,,,,,,,,,,,,Center ZDC,Air Carrier,Commercial Fixed Wing,,2,Part 121,IFR,Passenger,,Cruise; Climb,,Class A ZDC,,,,,,,,,,,,,,,,,,,,,,,,Facility ZDC.ARTCC,,Government,Enroute,Air Traffic Control Fully Certified,Air Traffic Control Time Certified In Pos 1 (mon) 0; Air Traffic Control Time Certified In Pos 1 (yrs) 8,,Communication Breakdown,Party1 ATC; Party2 ATC,,2224661,,,,,,,,,,,,ATC Issue All Types; Airspace Violation All Types; Conflict Airborne Conflict; Deviation / Discrepancy - Procedural Published Material / Policy,,,Person Air Traffic Control,In-flight,Air Traffic Control Issued New Clearance,Airspace Structure; Human Factors; Procedure,Human Factors,"Training in progress at Sector 58/59 combined. Sector 12 had a handoff pending (Aircraft X) to our sector; and the trainee did not take it in a timely manner. Obviously; Sector 12 is required to either keep the aircraft out of our airspace; or complete the radar handoff. The aircraft entered our airspace without coordination; continuing for over 15 miles and more than 2 full minutes before they finally called.Aircraft X was in clear and obvious conflict with Aircraft Y in our airspace (FL280 climbing to FL340); with about 2 minutes until separation would definitely have been lost. As the On-The-Job Training Instructor; I had recently taken over the frequency; with the R58/59 trainee continuing to handle the handoffs and typing. I stopped our traffic (Aircraft Y) at FL320 to resolve the conflict; but took no other action. The trainee still did not notice the handoff and it was still not being accepted; but Sector 12 continued to not do anything about it. They eventually called us; to which I responded with frustration about the second such error being made by that area within an hour; and during this exchange the R58/59 trainee then recognized the situation and accepted the handoff while Sector 12 and I discussed the issue. Both sides were relatively unprofessional on the line. The On-The-Job Training Instructor at Sector 12 said that if there was an issue; to 'give us a call then' - but that's nonsense. They are responsible to accomplish the handoff prior to the airspace boundary; and the implication that we; as the receiving sector; should just get violated and accept the blame for being violated; makes no sense. It does however very much seem to be the widespread opinion in that area; which is my primary concern; rather than the specifics of any one single occurrence.To reinforce the clear presence of this poor attitude; Sector 12 retaliated against my attitude in our previous call by calling us on the next handoff at 20 NM (~2.5 minutes) from the boundary; around triple the norm; presumably just to make a point. The aircraft was not visible (no display) due to the range; but upon ranging out; I was able to find them; move the data block; and accept the handoff. Knowing the two people involved; the R side developmental at 12 was almost certainly doing this only because the On-The-Job Training Instructor involved explicitly directed him to; with purely retaliatory intent. It's pretty bold to continue to go on the attack after committing an airspace violation; and that attitude speaks to the way I'm claiming that they are not putting safety and separation first with handoffs to Sector 58.We should not be in situations where the receiving sector must take evasive action to protect traffic in our own airspace from traffic inbound from an adjacent sector who does not have a completed radar handoff. This was one of two nearly identical situations with the same area within the same hour today (different sector).Unclear what to do about it; but it is a clear pattern that Area 1 is consistently late to call on handoffs in situations like these. They seem to treat it as a formality; and only call once there is nothing that could possibly be done to avert any conflicts that may have been developing; unless we take action as the receiving sector to move our own traffic preemptively; since we know they will not evaluate conflicts on our shared boundary; and will also not call in a timely manner to bring our attention to the handoff. It is my opinion that traffic from Sectors 12/19 entering Sector 58 are not treated with the appropriate level of precaution by Area 1's controllers; despite the nature of the perpendicular crossing paths with climbing traffic; and they need to call with enough time to actually do something; rather than only bringing it to our attention 15 - 30 seconds from the boundary (at which point we basically have no choice but to accept and move our own traffic; in our own airspace; to accommodate their lackof precaution/foresight). The attitude of 'it works in my airspace' and 'I called you on the handoff before the boundary' is not good enough to ensure a safe operation.",,,,"ZDC Center Controller reported there were coordination issues with other facilities around the area that caused delays in handoffs; leading to airborne conflicts and overall unsafe operations.",
