 ,Time,Time,Place,Place,Place,Place,Place,Place,Place,Environment,Environment,Environment,Environment,Environment,Environment,Aircraft 1,Aircraft 1,Aircraft 1,Aircraft 1,Aircraft 1,Aircraft 1,Aircraft 1,Aircraft 1,Aircraft 1,Aircraft 1,Aircraft 1,Aircraft 1,Aircraft 1,Aircraft 1,Aircraft 1,Aircraft 1,Aircraft 1,Aircraft 1,Aircraft 1,Aircraft 1,Aircraft 1,Aircraft 1,Aircraft 1,Aircraft 1,Aircraft 1,Aircraft 1,Aircraft 1,Aircraft 1,Aircraft 1,Aircraft 1,Aircraft 1,Aircraft 1,Aircraft 1,Aircraft 1,Aircraft 1,Component,Component,Component,Component,Aircraft 2,Aircraft 2,Aircraft 2,Aircraft 2,Aircraft 2,Aircraft 2,Aircraft 2,Aircraft 2,Aircraft 2,Aircraft 2,Aircraft 2,Aircraft 2,Aircraft 2,Aircraft 2,Aircraft 2,Aircraft 2,Aircraft 2,Aircraft 2,Aircraft 2,Aircraft 2,Aircraft 2,Aircraft 2,Aircraft 2,Aircraft 2,Aircraft 2,Aircraft 2,Aircraft 2,Aircraft 2,Aircraft 2,Aircraft 2,Aircraft 2,Aircraft 2,Aircraft 2,Aircraft 2,Aircraft 2,Person 1,Person 1,Person 1,Person 1,Person 1,Person 1,Person 1,Person 1,Person 1,Person 1,Person 1,Person 2,Person 2,Person 2,Person 2,Person 2,Person 2,Person 2,Person 2,Person 2,Person 2,Person 2,Events,Events,Events,Events,Events,Events,Assessments,Assessments,Report 1,Report 1,Report 2,Report 2,Report 1
ACN,Date,Local Time Of Day,Locale Reference,State Reference,Relative Position.Angle.Radial,Relative Position.Distance.Nautical Miles,Altitude.AGL.Single Value,Altitude.MSL.Single Value,Latitude / Longitude (UAS),Flight Conditions,Weather Elements / Visibility,Work Environment Factor,Light,Ceiling,RVR.Single Value,ATC / Advisory,Aircraft Operator,Make Model Name,Aircraft Zone,Crew Size,Operating Under FAR Part,Flight Plan,Mission,Nav In Use,Flight Phase,Route In Use,Airspace,Maintenance Status.Maintenance Deferred,Maintenance Status.Records Complete,Maintenance Status.Released For Service,Maintenance Status.Required / Correct Doc On Board,Maintenance Status.Maintenance Type,Maintenance Status.Maintenance Items Involved,Cabin Lighting,Number Of Seats.Number,Passengers On Board.Number,Crew Size Flight Attendant.Number Of Crew,Airspace Authorization Provider (UAS),Operating Under Waivers / Exemptions / Authorizations (UAS),Waivers / Exemptions / Authorizations (UAS),Airworthiness Certification (UAS),Weight Category (UAS),Configuration (UAS),Flight Operated As (UAS),Flight Operated with Visual Observer (UAS),Control Mode (UAS),Flying In / Near / Over (UAS),Passenger Capable (UAS),Type (UAS),Number of UAS Being Controlled (UAS),Aircraft Component,Manufacturer,Aircraft Reference,Problem,ATC / Advisory,Aircraft Operator,Make Model Name,Aircraft Zone,Crew Size,Operating Under FAR Part,Flight Plan,Mission,Nav In Use,Flight Phase,Route In Use,Airspace,Maintenance Status.Maintenance Deferred,Maintenance Status.Records Complete,Maintenance Status.Released For Service,Maintenance Status.Required / Correct Doc On Board,Maintenance Status.Maintenance Type,Maintenance Status.Maintenance Items Involved,Cabin Lighting,Number Of Seats.Number,Passengers On Board.Number,Crew Size Flight Attendant.Number Of Crew,Airspace Authorization Provider (UAS),Operating Under Waivers / Exemptions / Authorizations (UAS),Waivers / Exemptions / Authorizations (UAS),Airworthiness Certification (UAS),Weight Category (UAS),Configuration (UAS),Flight Operated As (UAS),Flight Operated with Visual Observer (UAS),Control Mode (UAS),Flying In / Near / Over (UAS),Passenger Capable (UAS),Type (UAS),Number of UAS Being Controlled (UAS),Location Of Person,Location In Aircraft,Reporter Organization,Function,Qualification,Experience,Cabin Activity,Human Factors,Communication Breakdown,UAS Communication Breakdown,ASRS Report Number.Accession Number,Location Of Person,Location In Aircraft,Reporter Organization,Function,Qualification,Experience,Cabin Activity,Human Factors,Communication Breakdown,UAS Communication Breakdown,ASRS Report Number.Accession Number,Anomaly,Miss Distance,Were Passengers Involved In Event,Detector,When Detected,Result,Contributing Factors / Situations,Primary Problem,Narrative,Callback,Narrative,Callback,Synopsis
,,,,,,,,,,,,,,,,,,,,,,,,,,,,,,,,,,,,,,,,,,,,,,,,,,,,,,,,,,,,,,,,,,,,,,,,,,,,,,,,,,,,,,,,,,,,,,,,,,,,,,,,,,,,,,,,,,,,,,,,,,,,
2200158,202501,1801-2400,ZZZ.Airport,US,,,0,,,,,,,,,Ramp ZZZ,Air Carrier,B737-800,,2,Part 121,IFR,Passenger,,Taxi,,,,,,,,,,,,,,,,,,,,,,,,,,,,,,Ramp ZZZ,Air Carrier,Commercial Fixed Wing,,,Part 121,IFR,Passenger,,Taxi,,,,,,,,,,,,,,,,,,,,,,,,,,Gate / Ramp / Line,,Air Carrier,Ramp; Ramp Tower,,,,Communication Breakdown; Fatigue; Workload; Time Pressure; Distraction,Party1 Ground Personnel; Party2 Flight Crew,,2200158,,,,,,,,,,,,ATC Issue All Types; Conflict Ground Conflict; Critical; Ground Event / Encounter Weather / Turbulence,,,Person Other Person,Taxi,General None Reported / Taken,Equipment / Tooling; Weather; Procedure; Human Factors; Airport,Human Factors,On the PM shift of Day 0; I was working gate XX ramp controller at ZZZ airport.  It was an extremely hectic day with a lot of aircraft movement; deicing; and FAA slow to clear ramp.  I had just been thru a couple of rough complexes with having as many as 10 aircraft holding on the ground waiting for a gate.   I cleared in a local aircraft to gate XX and prematurely showed him ON the gate on my board; I do not recall how long the time was that I cleared him in to the time he entered the alley.    Some minutes later; a live trip off gate XY called for push; and I approved the push; believing I already had gate XX on the gate.   As gate XY was pushing; the local aircraft for gate XX entered the east line; almost making contact with the pushing gate XY aircraft.   The local aircraft called me and asked if gate XY could move back in so he could complete his taxi to gate XX.   There was no contact of the 2 aircraft and no damage; but a close call.Identification: Thinking I already had gate XX parked on the gate; as I had mistakenly shown on my board; led me to clear gate XY to push.   Then the local called at top of the alley asking for room to be made.  I guess I'm also frustrated by the fact that the local aircraft seemingly prematurely called approaching.  Although; again; the exact details are blurry.  I don't recall exactly where the local aircraft was when he called approaching.Cause: The exact details of what led up to this are a blur; as it was an extremely hectic night (and time period).  I did not witness the local aircraft entering the alley as gate XY was pushing; as I believe I was conversing with the fueling department in the corner of the room regarding the need for fuel on a local aircraft on gate XZ.  And I think I as I was getting ready to advise the gate board of the fact of maintenance crew being on gate XZ; is when I noticed we had a major problem and that I had made a mistake; with respect to the gate XY push; and the local aircraft for gate XX.  As I recall; the local; from the time it called approaching; to the time it entered the alley; took a longer than usual time to show up at the top of the alley.  What happened is my fault and no one else's.  However; I'm frustrated by the extraordinary workload of number of aircraft's I had to deal with last night.  The high number of aircraft movement in the alley; combined with delays for deicing; combined with the FAA slow to move aircraft out of the ramp; made for a very challenging and; in my opinion; less than safe atmosphere.Response: I thought about advising management immediately; but ultimately; I did not notify anyone of the near-incident because there wasn't an incident.Suggestions: Less aircraft movement (particularly regionals).   Local aircraft need to call approaching closer to gate.,,,,Ramp Tower Controller reported creating a critical ground conflict; by clearing one aircraft to push back; being distracted by a fueling issue at another gate and previously cleared another to taxi into the ramp area.
2200292,202501,1801-2400,ZZZ.Airport,US,,,0,,,VMC,Snow; Rain; Icing,,,,,,Air Carrier,B737 Undifferentiated or Other Model,,2,Part 121,IFR,Passenger,,Taxi,,,,,,,,,,,,,,,,,,,,,,,,,,,,,,,,,,,,,,,,,,,,,,,,,,,,,,,,,,,,,,,,,Aircraft X,Flight Deck,Air Carrier,First Officer; Pilot Not Flying,Flight Crew Instrument; Flight Crew Multiengine; Flight Crew Air Transport Pilot (ATP),Flight Crew Last 90 Days 127.07; Flight Crew Type 476.73,,,,,2200292,,,,,,,,,,,,Conflict Ground Conflict; Less Severe; Flight Deck / Cabin / Aircraft Event Illness / Injury; Ground Event / Encounter Weather / Turbulence; Ground Event / Encounter Loss Of Aircraft Control; Ground Incursion Ramp,,,Person Flight Crew,Taxi,Flight Crew Regained Aircraft Control; General Physical Injury / Incapacitation,Weather,Weather,After pushback we started the number 2 engine. The Captain elected to just start the single engine before we started our taxi out. We were planning [Runway] XXL so I believe we were both expecting to make a right turn out of parking. There was also ice buildup on the wings and active precipitation so we expected we would be going to a de-ice pad on the west side of the field. There was also snow/slush on the ramp. However our clearance was to make a right 270 to head to the east end of the ramp; to ultimately go to one of the north de-ice pads. We had traffic to the left of our aircraft which required the right 270.As the Captain started the taxi he noticed/felt that the aircraft was starting to slide toward the parked aircraft at the gate to our right. He consequently stepped a little abruptly on the brakes to bring the aircraft to a stop. After this action we received a call from the flight attendants that one had hit their head and the other hit their hip due to the stop. We then cancelled the taxi clearance with ramp and informed them we may need to return to the gate. We then called ops to ask if we could return to the gate and have a paramedic meet us there. Both were granted to us. After we pulled in; both flight attendants were seen by the paramedic and they determined together that they were good to continue.,,,,B737 First Officer reported their aircraft began sliding uncommanded towards another aircraft during taxi out.  The Captain had to abruptly apply the brakes to stop the aircraft; causing two flight attendants to sustain injuries.
2200307,202501,0001-0600,,,,,0,,,IMC,Icing,,,,,,Air Carrier,B737 Undifferentiated or Other Model,,2,Part 121,IFR,Passenger,,Taxi,,,,,,,,,,,,,,,,,,,,,,,,,,Fuselage,,X,Malfunctioning,,,,,,,,,,,,,,,,,,,,,,,,,,,,,,,,,,,,Aircraft X,Flight Deck,Air Carrier,Pilot Flying; Captain,Flight Crew Air Transport Pilot (ATP); Flight Crew Multiengine; Flight Crew Instrument,Flight Crew Last 90 Days 149.5; Flight Crew Type 715.73,,Communication Breakdown; Situational Awareness,Party1 Flight Crew; Party2 Ground Personnel,,2200307,,,,,,,,,,,,Aircraft Equipment Problem Critical; Deviation / Discrepancy - Procedural FAR; Deviation / Discrepancy - Procedural Published Material / Policy; Ground Event / Encounter Weather / Turbulence,,,Person Flight Crew,Aircraft In Service At Gate; Taxi,Flight Crew Returned To Gate; General Flight Cancelled / Delayed,Weather; Human Factors; Procedure; Aircraft,Weather,After arriving at the airplane and reviewing weather conditions myself and the First Officer (FO) contacted the deicing coordinator to have type 1 and type 4 for the whole aircraft applied. The conditions at the time were -SN and -8C. Deicing took almost an hour and we finally got a call from the ramp crew stating they were ready to push. Not only was there still a significant amount of ice on the nose and windows; we also never received fluid type or other Deicing information; so we called the deice vehicles back. Once we had finally received the proper treatment; we coordinated with Dispatch to offer egress; since we had been delayed significantly. Once we finally commenced taxi; the ATIS had updated to -FZDZSN and outside conditions had deteriorated significantly. We updated our deicing app and noticed we needed to do a nose check. We saw ice on the nose and windows and decided the nose check was not satisfactory and hence decided to do a wing check after we got closer to the runway. Due to outside conditions and pax windows being frozen and not being able to see; we decided to do a gate return. Once we arrived at the gate; the FO and I did a walk around and noticed a lot of ice. Flaps were set just prior to runway; then left set after return to prevent damage and operations was notified.,,,,Air carrier Captain reported finding ice accumulations on the aircraft after a gate return due to deteriorating weather conditions and after deicing was complete.
2200637,202412,0601-1200,ZZZ.Airport,US,,,0,,,VMC,10,,Daylight,3200,,UNICOM ZZZ,Personal,PC-24,,2,Part 91,IFR,Personal,,Landing,,,,,,,,,,,,,,,,,,,,,,,,,,,,,,,,,,,,,,,,,,,,,,,,,,,,,,,,,,,,,,,,,Aircraft X,Flight Deck,Personal,Captain; Pilot Flying,Flight Crew Multiengine; Flight Crew Commercial,Flight Crew Last 90 Days 223; Flight Crew Total 5200; Flight Crew Type 115,,,,,2200637,,,,,,,,,,,,Deviation / Discrepancy - Procedural Published Material / Policy; Deviation / Discrepancy - Procedural FAR; Deviation / Discrepancy - Procedural Maintenance; Ground Event / Encounter Weather / Turbulence; Ground Event / Encounter Loss Of Aircraft Control; Ground Excursion Runway,,,Person Flight Crew,In-flight,General Maintenance Action,ATC Equipment / Nav Facility / Buildings; Weather,Weather,We were landing ZZZ; no runway condition ratings were posted and no braking action was NOTAMed. On short final an airport employee stated on the UNICOM that the runway was clear but there was some ice. There was extensive ZZZ experience among the flight crew and the statement didn't seem alarming to either myself or the SIC.The final approach phase was normal and on glidepath for the visual; the aircraft was on speed and touched down in the touchdown zone; upon touchdown positive braking action was noted. Upon reaching the '2;000 feet remaining' point we noticed the braking action had dramatically decreased. With '500 feet remaining' we had slowed considerably but it was apparent we may not be able to completely stop. The airplane departed the end of the runway at an approximate speed of 10-15 knots into knee deep snow. Stopped about an airplane length off the end of the runway.Towed the airplane to the ramp after clearing the snow with no apparent damage following an extensive pre-flight inspection. Flew away the next morning and repositioned to ZZZ1 where the owner requested I have the airplane inspected.I feel the lack of a braking action report and an official runway condition report were key factors.,,,,Pilatus PC24 Captain reported a runway excursion during landing roll due to lack of surface braking action.
2201866,202501,,JAC.Airport,WY,,,0,,,IMC,Snow,,,,,Tower JAC,Air Carrier,Commercial Fixed Wing,,3,Part 121,IFR,Passenger,,Landing,,,,,,,,,,,,,,,,,,,,,,,,,,,,,,,,,,,,,,,,,,,,,,,,,,,,,,,,,,,,,,,,,Aircraft X,Flight Deck,Air Carrier,Captain; Pilot Flying,Flight Crew Multiengine; Flight Crew Air Transport Pilot (ATP); Flight Crew Instrument,Flight Crew Last 90 Days 102.63; Flight Crew Type 1276.70,,Situational Awareness,,,2201866,Aircraft X,Flight Deck,Air Carrier,First Officer; Pilot Not Flying,Flight Crew Instrument; Flight Crew Multiengine; Flight Crew Air Transport Pilot (ATP),Flight Crew Last 90 Days 169.7; Flight Crew Type 263.97,,Situational Awareness,,,2203163,Ground Event / Encounter Loss Of Aircraft Control; Ground Excursion Runway,,,Person Flight Crew,In-flight,Flight Crew Regained Aircraft Control,Weather; Human Factors,Weather,JAC was low IFR with snow and mist with reported breaking action of good. On touchdown we had great braking action and could have exited A2 so I started manual braking for that. Tower asked us to extend to A1 and I continued passed A2 to A1 at fast taxi speed. I was overconfident in the braking action due to how good it was on the landing roll out and lost SA on the fact that the far end will always be more slick here at JAC. Approaching A1 and as I started braking the aircraft began sliding to the side of the runway. I let off; re centered and began braking again only to start sliding sideways again. I gave up on making A1 at that point and concentrated on remaining centered on paved surface and using the overrun to come to a gradual stop. We never departed paved surface and I feel did a good job salvaging the situation but using the overrun could have been avoided if I had slowed sooner and remembered that the far end of 19 is always slicker during winter operations.,,JAC airport was low IFR with snow and mist with reported breaking action good. Captain was pilot flying and I was pilot monitoring. On touchdown we had a great braking action. Tower asked us to extend and exit on A1. After slowing down to taxi speed we were overconfident in the braking action due to how good was on landing roll out; and approaching A1 we noticed that the far end of the runway braking action wasn't that great. Aircraft began sliding to the side of the runway; we gave up making A1 at that point and only concentrated in remain on the center of the runway and safely stopping the aircraft. We slightly slid few feet into the overrun before making a safe turn into the taxiway.,,Air carrier flight crew reported poor braking action and loss of directional control because of slippery runway conditions at JAC that resulted in an excursion onto the runway overrun area.
2202404,202501,1801-2400,ZZZ.ARTCC,US,,,,7500,,Marginal,Snow; Cloudy; Icing; 2.5,,Dusk,4000,,Center ZZZ,Corporate,Skylane 182/RG Turbo Skylane/RG,,2,Part 91,IFR,Personal,,Cruise,Direct,Class E ZZZ,,,,,,,,,,,,,,,,,,,,,,,,,,,,,,,,,,,,,,,,,,,,,,,,,,,,,,,,,,,,,,,Aircraft X,Flight Deck,Corporate,Pilot Flying,Flight Crew Multiengine; Flight Crew Flight Instructor; Flight Crew Commercial; Flight Crew Instrument,Flight Crew Last 90 Days 60; Flight Crew Total 920; Flight Crew Type 27,,Communication Breakdown; Situational Awareness,Party1 Flight Crew; Party2 Flight Crew,,2202404,,,,,,,,,,,,Deviation - Altitude Excursion From Assigned Altitude; Deviation - Speed All Types; Deviation / Discrepancy - Procedural Published Material / Policy; Inflight Event / Encounter CFTT / CFIT; Inflight Event / Encounter Loss Of Aircraft Control; Inflight Event / Encounter Weather / Turbulence,Horizontal 150; Vertical 600,,Automation Aircraft Terrain Warning,In-flight,Air Traffic Control Provided Assistance; Flight Crew Took Evasive Action; Flight Crew Requested ATC Assistance / Clarification,Weather; Human Factors,Human Factors,Myself and another instructor had just finished flying and departed from ZZZ headed for ZZZ1. The other instructor was flying the left seat as PIC but I had more experience in the aircraft. We departed around XA00 with the intention of making it to clear skies on the other side of the mountains. As we were just starting to make it into the mountains; our engine made a funny noise and we began to investigate it. Carb Heat was immediately applied and no change was detected except for when we turned the carb heat off. The engine would run rough for just a second and then would return to normal. After adjusting the mixture to a richer setting; the roughness from the carb heat being turned off went away. By this time; the sun had just finished setting and we were losing our visual reference due to a solid overcast layer that dominated the region. We ran into some unforcasted precip at 7;500ft while we were outside of the clouds. A very small amount of ice had accumulated on the wings and we adjusted course to clearer skies to get out of the precip. We asked center if they had any precip on radar; and they advised that they could not see any where we were at. Due to deteriorating conditions; we elected to terminate the flight immediately and found the best weather we could find near us. This led us to ZZZ2 airport which was reporting VFR conditions at the time we selected it. We called center and advised that we would need a pop up IFR and we would be changing destination to ZZZ2. We asked for the RNAV approach and center vectored us for the RNAV XX and gave us a descent instruction to 5;000 feet. I knew this would put us in the overcast layer and we would begin to pick up ice. I advised center that we would not be descending and remaining at 7;500 to limit our exposure to the ice. Center gave us a block altitude and we complied. Center cleared us for the approach and I waited until ZZZZZ to begin my descent to limit my exposure to the ice. As I was flying from the right side of the aircraft; I had a very hard time seeing the HSI and I was all over the place down final. The weather had deteriorated beyond the weather that we had originally picked up. At points on the approach; I had VSI indications of around 2;000ft per minute. I did receive a terrain warning on the Garmin 430 and corrected it appropriately. As we came out of the clouds; I believe I came within 150 ft. of a mountain. I busted the minimums on the approach and the other instructor found the runway. Once I had the runway in site; I pulled the power and dumped the flaps. I possibly oversped the flaps as well. I slipped the aircraft all the way down to find a snow-covered runway. We were able to land without incident and canceled our IFR flight plan. After debriefing myself and the other instructor; we realize that we are very lucky to be alive. We should have never departed ZZZ and waited for the following day for better visibility. I believed that I was invulnerable and was quickly humbled. I hope I never have to experience anything like that again.,,,,C182 pilot reported experiencing inflight icing in cruise resulting in temporary loss of aircraft control and a CFTT event. Pilot was able to land safely.
2202700,202501,1201-1800,ZZZ.Airport,US,,,0,,,,Icing,,Daylight,,,Ground ZZZ,Air Carrier,Regional Jet 200 ER/LR (CRJ200),,2,Part 121,IFR,Passenger,,Taxi,,,,,,,,,,,,,,,,,,,,,,,,,,,,,,,,,,,,,,,,,,,,,,,,,,,,,,,,,,,,,,,,,Aircraft X,Flight Deck,Air Carrier,Captain; Pilot Flying,Flight Crew Instrument; Flight Crew Air Transport Pilot (ATP); Flight Crew Multiengine,,,Situational Awareness; Communication Breakdown,Party1 Flight Crew; Party2 ATC,,2202700,,,,,,,,,,,,Deviation / Discrepancy - Procedural Published Material / Policy; Ground Event / Encounter Loss Of Aircraft Control; Ground Event / Encounter Weather / Turbulence,,,Person Flight Crew,Taxi,Flight Crew Regained Aircraft Control,Weather; Airport; Human Factors,Weather,After landing; we experienced good braking action on the runway and were able to clear it without any issues. Once off the runway; ATC instructed us to turn onto a designated taxiway. As I slowed down to make the turn; the airplane began to lose traction due to the slippery conditions on the taxiway. When I applied the brakes; the plane did not slow down as expected; and it continued moving slowly in a straight line instead of turning as intended.I momentarily regained traction and was able to reduce speed further. However; as I attempted to bring the airplane to a complete stop; the slippery surface caused another loss of traction. This resulted in the plane veering slightly to the right; approximately 30 to 45 degrees off the taxiway centerline; before we came to a full stop. Throughout this event; all wheels and the entire airplane remained within the paved area of the taxiway.Given the continued lack of traction and to ensure safety; I decided not to move the airplane any further and requested assistance for towing. We were safely towed to an area with better traction. Once in a more stable area; we resumed taxiing and proceeded to the gate without further issues.The slippery taxiway conditions significantly reduced traction; making it challenging to maneuver the airplane and bring it to a complete stop.In extreme weather conditions; it is better to slow down and not assume the taxiway conditions are similar to the runway conditions. If ATC is aware of this; they could relay that information to us in the air or as soon as we land so we can be more cautious and increase our situational awareness.,,,,Air carrier Captain reported a loss of control on a taxiway in slippery conditions; while remaining on the taxiway. The Captain requested a tow to an area with better traction; and proceeded to the gate.
2204618,202501,0601-1200,ZZZ.Airport,US,,1,,1200,,Marginal,Fog; Icing; Snow; 7,,Night,2000,,,Air Taxi,Challenger CL604,,2,Part 135,IFR,Passenger,,Initial Climb,,,,,,,,,,,,,,,,,,,,,,,,,,Air Conditioning and Pressurization Pack,,X,Improperly Operated,,,,,,,,,,,,,,,,,,,,,,,,,,,,,,,,,,,,Aircraft X,Flight Deck,Air Carrier,Pilot Flying; Captain,Flight Crew Multiengine; Flight Crew Instrument; Flight Crew Air Transport Pilot (ATP),Flight Crew Last 90 Days 50; Flight Crew Total 7500; Flight Crew Type 2200,,Time Pressure; Troubleshooting; Workload,,,2204618,,,,,,,,,,,,Aircraft Equipment Problem Critical; Deviation / Discrepancy - Procedural Published Material / Policy; Flight Deck / Cabin / Aircraft Event Smoke / Fire / Fumes / Odor; Ground Event / Encounter Weather / Turbulence,,,Person Passenger; Person Flight Crew,In-flight,Air Traffic Control Provided Assistance; Aircraft Equipment Problem Dissipated; Flight Crew Overcame Equipment Problem,Aircraft; Environment - Non Weather Related; Human Factors,Environment - Non Weather Related,We returned to the aircraft for the 2nd leg of the day.  The weather was moderate snow and the aircraft was covered with snow and ice;so we arranged for deicing.  We followed aircraft deicing procedures along with company procedures.  During type 1 application we noticed a flicker in the aircraft electrical system; but after a thorough inspection found everything to be normal.  After Deicing on an FBO ramp we taxied to RWY XXL. All taxi checks and systems checked normal.  We taxied with our supplemental ground wing heat on and planned for wing and cowl heat on departure.  Power up and takeoff were normal.  At about 1300 feet in a turn to a vectored heading from tower we heard the passengers complaining of smoke; and we were also seeing heavy smoke entering the cockpit from the vents.  I did not want to enter IMC so I [advised ATC]; stopped my climb and tried to maintain visual contact with the airport in case we needed to land immediately.  After ZZZ tower replied 'stand-by'; we quickly determined the source and type of smoke.  Removing the Packs; stopped the smoke and we both agreed the smell was not electrical but due to the deicing fluid entering the ACM's (Air Cycle Machine).  The Deice truck must have sprayed into our APU air inlets. We switched the bleed air to engines; reopened the packs and all was normal.  I contacted tower ; explained the situation and canceled the [priority handling].  Upon our arrival into ZZZ1; we delayed switching our bleedair source from engines to APU until our landing was assured.  We did not get any smoke out of the vents and taxied into the ramp.,,,,Captain reported smoke entered the aircraft during initial climb. The flight crew corrected the Air Condition Pack configuration which eliminated the smoke with no further issues.
2205153,202501,1201-1800,ZZZ.Airport,US,,,0,,,,,,,,,Tower ZZZ,Air Carrier,A321,,2,Part 121,IFR,Passenger,,Taxi,,,,,,,,,,,,,,,,,,,,,,,,,,,,,,,,,,,,,,,,,,,,,,,,,,,,,,,,,,,,,,,,,Aircraft X,Flight Deck,Air Carrier,Captain; Pilot Flying,Flight Crew Multiengine; Flight Crew Air Transport Pilot (ATP); Flight Crew Instrument,,,Situational Awareness; Workload,,,2205153,Aircraft X,Flight Deck,Air Carrier,First Officer; Pilot Not Flying,Flight Crew Multiengine; Flight Crew Air Transport Pilot (ATP); Flight Crew Instrument,,,Situational Awareness; Workload,,,2205781,Ground Event / Encounter Weather / Turbulence; Ground Event / Encounter Loss Of Aircraft Control,,,Person Flight Crew,Taxi,Air Traffic Control Provided Assistance; Flight Crew Regained Aircraft Control; Flight Crew Requested ATC Assistance / Clarification,Weather; Human Factors,Weather,The aircraft was pushed off gate XXX in ZZZ. We started both engines per winter operation procedures due to slippery conditions and the need to operate engine anti-ice. We exited the ramp from taxiway 1. Our instructions from ground control were runway XXL; left Taxiway 2 hold short of taxiway 3". As we taxied out we had numbers for XXL intersection but needed full length so the FO (First Officer) requested them as we turned left onto bravo taxiway. The taxi was smooth and uneventful; with good steering and braking on the taxiway. On taxiway 2 as we approached the ramp on the taxiway bridge after taxiway 2 the aircraft required a slight right turn. Aircraft speed did not seem excessive and as the CA (Captain) input right tiller the aircraft continued straight toward the edge of taxiway 2 just prior to the bridge. The CA continued to slow while adding more right tiller input.  The aircraft failed to turn and then abruptly contacted dry pavement and began an immediate right hand turn towards the opposite side of the bridge and failed to respond to left tiller input. Left brake pressure was greater than right and the aircraft finally slowed and regained enough traction to sustain control. The CA centered the aircraft on the taxiway and continued to taxi to runway XXL without further incident. The crew immediately informed ZZZ ground control of the slippery surface and advised of poor  braking action.  ZZZ ground control advised the airport authority  of the report and requested an inspection. ZZZ ground control advised the aircraft behind our aircraft of the conditions. The crew did not hear anything further from ZZZ tower and ground control. The weather conditions were SKC and a temp of -10C.  It appeared that the ramp to; and taxiway 2 bridge still had contaminants on them and that possible black ice and frozen uncleared snow had caused the aircraft nose wheel to skid and lose traction. The crew did not recall excess taxi speed or seeing the ice. Contributing to the situation is the bridge being of concrete almost masked the light layer of snow and ice still present.  After the flight was complete a proactive postflight inspection was accomplished. There was no visible damage or evidence of the aircraft departure from the prepared surface. During the abrupt right hand turn the #1 FA fell into the 1R door. The FA reported having gotten up to fix the cart with the garbage bin because it had opened during the taxi. As the FA was in the galley they fell into the 1R door. It is understandable in hindsight that the bridge if uncleared of snow/ice would be coldest of all taxiway surfaces. The pavement taxiway surfaces were clean and probably warmer than the bridge.  Company aircraft cannot access any runway surface without transiting a taxiway bridge on taxiway 1 or taxiway 2. Also; company jeppesen pages do not address the possibility of lingering frozen contamination on the bridges due to the nature of bridges freezing before other surfaces. Also it was surprising that the bridge still had contaminants on the taxi surface and were not as clean as the taxiways.",,Departing XXL in ZZZ; our taxi instructions were to take Taxiway 2 and hold short of  Taxiway 3.  The weather was good with no precipitation; and a temperature of -10 C. Some contamination was present from a previous snow event. The taxiways appeared mostly clear and damp with some occasional chunks of snow. We performed a two engine taxi with anti ice on.  On the taxi out  FO was working on getting new performance data well as contacting ops to inquire about the load close out since it had not yet been received and we were awaiting cargo numbers. It was announced that the FO would be  heads down" once we got on Taxiway 2.  Approaching the bridge on Taxiway 2 near the intersection; I noticed that we were departing centerline to the left as  the  taxiway curved  to the right. It quickly became apparent that the nose wheel was sliding as the Captain started the turn. The nose wheel found some dry pavement before the edge of the taxiway. Since the tiller was turned right; we quickly turned back towards centerline; overshooting slightly before regaining full control of the aircraft. A pilot report was issued to ATC before the next aircraft crossed the bridge; and ops was sent to inspect the bridge. Since I was heads down approaching the bridge; I did not get a good look at the contamination; but I assume it was black ice on the taxiway. The rest of the taxi was uneventful. Possibly a note in the company pages regarding the turn approaching this bridge may be slippery.",,Air carrier flight crew reported a temporary loss of control while taxiing on ice covered taxiways.
2205416,202501,,ZZZ.Airport,US,,,0,,,VMC,,,,,,Tower ZZZ,Air Carrier,B737 Undifferentiated or Other Model,,2,Part 121,IFR,Passenger,,Landing,,,,,,,,,,,,,,,,,,,,,,,,,,Nose Gear Wheel,,X,Failed,,,,,,,,,,,,,,,,,,,,,,,,,,,,,,,,,,,,Aircraft X,Flight Deck,Air Carrier,Captain; Pilot Flying,Flight Crew Instrument; Flight Crew Multiengine; Flight Crew Air Transport Pilot (ATP),Flight Crew Last 90 Days 166.57; Flight Crew Total 500.53; Flight Crew Type 500.53,,Situational Awareness; Workload; Troubleshooting,,,2205416,Aircraft X,Flight Deck,Air Carrier,Pilot Not Flying; First Officer,Flight Crew Air Transport Pilot (ATP); Flight Crew Instrument; Flight Crew Multiengine,Flight Crew Last 90 Days 170.7; Flight Crew Total 484.65; Flight Crew Type 484.65,,Troubleshooting; Workload; Situational Awareness,,,2205635,Aircraft Equipment Problem Critical,,,Person Flight Crew,In-flight,Aircraft Aircraft Damaged; Flight Crew Overcame Equipment Problem; General Flight Cancelled / Delayed; General Maintenance Action,Aircraft,Aircraft,Landing in ZZZ; we experienced an unusual noise/feeling not long after touchdown. We both heard and felt a loud 'bang' followed by high vibration coming from what we thought was the nose wheel. We were able to vacate the runway but we informed Tower we thought we may have blown a tire on landing. We held on [Taxiway] 1/2 intersection holding short of 3. We requested a maintenance inspection before making a decision to continue to the gate. While waiting for the maintenance crew; airport operations vehicles said they had found what looked like a wheel rim on the runway at about the 4 intersection; which would have been about where the issue became noticeable to us. Maintenance then confirmed that our left nose wheel had disintegrated on landing. The wheel was changed and the Move Team towed us into [Gate] XX.,,This flight occurred into ZZZ at night; light snow landing Runway XX center. This flight was day 4 of 4; leg 2 of 2. Due to the conditions in ZZZ the pilot flying was the Captain; and the First Officer was the pilot monitoring. Following the contaminated runway procedure; the brakes were set to max on the aircraft and a flaps 30 landing was conducted. After the main wheel and nose wheel made contact with the runway; after a few seconds the aircraft nose started to shake. The Tower was notified immediately and the Captain was able to safely taxi the airplane off the runway. Afterwards; Maintenance; Dispatch and the chief pilot were notified accordingly. Maintenance found that the left nose wheel was damaged upon landing. Afterwards the safest course of action was to have the aircraft towed into the gate.,,Air carrier flight crew reported the nosewheel broke during landing.
2205470,202501,1801-2400,ZZZ.ARTCC,US,,,,25000,,Marginal,Icing,,,,,Center ZZZ,Air Carrier,B737-800,,2,Part 121,IFR,Passenger,,Cruise,,Class A ZZZ,,,,,,,,,,,,,,,,,,,,,,,,Air Conditioning and Pressurization Pack,,X,Failed,,,,,,,,,,,,,,,,,,,,,,,,,,,,,,,,,,,,Aircraft X,Flight Deck,Air Carrier,Pilot Flying; Captain,Flight Crew Multiengine; Flight Crew Air Transport Pilot (ATP); Flight Crew Instrument,,,Workload; Troubleshooting; Time Pressure; Situational Awareness,,,2205470,Aircraft X,Flight Deck,Air Carrier,Pilot Not Flying; First Officer,Flight Crew Air Transport Pilot (ATP); Flight Crew Instrument; Flight Crew Multiengine,,,Workload; Troubleshooting; Time Pressure,,,2205476,Aircraft Equipment Problem Critical; Deviation / Discrepancy - Procedural Published Material / Policy; Inflight Event / Encounter Weather / Turbulence,,,Person Flight Crew,In-flight,Air Traffic Control Provided Assistance; Air Traffic Control Issued New Clearance; Flight Crew Landed in Emergency Condition; Flight Crew Requested ATC Assistance / Clarification; Flight Crew Overcame Equipment Problem; Flight Crew Diverted; General Flight Cancelled / Delayed,Weather; Aircraft,Weather,Our flight from ZZZ2 to ZZZ1 was restricted to FL250 due to a pack MEL. The flight route had us flying predominantly overwater to ZZZ1. While abeam the coast approximately 100 miles from the coastline; we entered a cloud layer with the outside air temp about -25 deg C. We immediately applied engine anti-ice heat to both engines. After several minutes at 280 kts. and getting bumped around quite a bit; I heard a very distinct change in outside noise that perpetuated. At first; I thought we ingested a bird into one of the engines and that was causing one of the engines to run rough; but the noise continued and began to get louder as now the sound was coming from both engines. I looked down at the secondary instrument display and noticed both engine vibe indicators were increasing. When I first glanced down; they were both in the mid 3s and steadily climbing. Correspondingly; engine oil temps were about 115 deg C and slowly climbing; engine oil pressure looked normal. I reached up to again verify that both engine anti-ice switches were on and they were; confirmed by the Thermal Anti-Ice (TAI) indication above both N1 gauges. I looked out the windscreen and noticed ice building up around the edges of the windscreen. This all happened very quickly and suddenly; as if we had just flown into a wall of wet sleet and slush; none of which showed up on our weather radar; which both of us had up on our nav display. I quickly came to the conclusion that we were in severe icing and it was affecting both engines. At this point I turned on wing anti-ice as well. I had been communicating with the First Officer (FO) all of this and asked him to run the Engine High Vibration QRH checklist. We followed all of the steps in the checklist to include autothrottle off and realized that we needed to descend immediately to both reduce the loads on the engines and get out of the severe icing condition. After a quick consultation about how to proceed; the FO [advised ATC]; and requested a lower altitude (in hindsight; I wished we would have made a MAYDAY call here and notified ATC of our intention to descend; but in the heat of the moment you go with what you think is best at the time). As we were waiting for the descent clearance; the left engine was above 5.0 on the vibe indicator; with reverse video on; and the right engine was at 4.9. ATC took more time than I liked to give us a descent clearance so I told the FO to [request priority handling] and tell them we need to descend immediately (again; we should have cleared ourselves with TCAS and descended; but in the moment that seemed like the best thing to do). Within a few seconds of that 2d call; ATC gave us a descent clearance and told us he can clear us to as low as we needed. During that 2d call to ATC the FO also requested direct ZZZ3 and the controller gave us a heading of 320. As we were descending; he cleared us down to 10;000 ft. During the descent I thought about going to ZZZ4 instead of ZZZ3 because it was closer but the amount of snow; ice; and sleet we were in ruled that out as we needed to exit icing conditions. We settled on heading to ZZZ3 as it was about 120 miles and better weather than ZZZ4. When we initiated the descent; I reduced power on both engines below 45% N1 as directed by the QRH and immediately the vibes decreased to the low 3s on the #1 engine and high 2s on the #2 engine. I was concerned for a dual engine flameout over water so I kept the power as close to 45% as I could.We continued our descent to 10;000 and headed to ZZZ3. The FO got the weather in ZZZ3 and it looked good enough - with light snow and overcast ceilings around 1200 ft. We continued our descent to min vectoring altitude which was 3400 ft; to get us to the warmest air possible. As we descended to warmer air; both engine vibe indications were getting lower and oil temps were coming down. Feeling better about the aircraft state; I passed the controls to the FO and began briefing dispatch; the flight attendants; and the passengers. During this time; Dispatch sent us an ACARS note saying that ZZZ was a better option than ZZZ3. With both engines recovered from the severe icing and the aircraft flying and responding well; we agreed to continue the flight to ZZZ. I re-briefed the flight attendants and passengers and informed Dispatch we were headed to ZZZ after we received a clearance from ATC. Initially; when we were headed to ZZZ3 with the engines and airplane in a precarious situation; I told ATC we would need Airport Rescue and Firefighting (ARFF) at ZZZ3. As we were headed to ZZZ; with the aircraft in a stable state; I told ATC we did not need ARFF services at ZZZ but they were still deployed along our runway when we landed there uneventfully; under max landing weight. Had we landed at ZZZ3 it would have been an overweight landing; but the additional flying to ZZZ brought us just under max landing weight.After arriving at the gate; I called Maintenance Control; made a logbook entry; spoke with ZZZ Maintenance; and spoke with the chief pilot. Before I had the chance to get out of my seat; the flight attendants were gone. I never had the chance to debrief with them. Upon entering the terminal; I realized that they had already started boarding our passengers on a new aircraft to ZZZ1. That meant that our flight attendants were already working their next flight. This upset me very much. Someone in the flight attendant's management chain had made the decision that boarding the continuation flight to ZZZ1 was more important than giving me the opportunity to debrief with my crew. Totally unacceptable. The human factors of what we went through should have been allowed to come to closure instead of pretending that we were ok to continue working the follow-on flight without a thorough debrief of our actions and events. During all of these events; the FO was outstanding; very proactive; and super proficient in all of his duties.Cause: Super cooled liquid droplets that were not depicted on weather radar; and the fact that the cabin was getting warm at the gate in ZZZ2 because the pack that cools the main cabin was inop. I was trying to get off the gate quickly to minimize passenger discomfort. Had we taken more time to analyze all of the data in WSI showing where the icing was at FL250; we may not have departed; or changed our route with more added gas. If a flight is restricted to FL250; both the Dispatcher and flight crew should study the route more to avoid flying into forecasted severe icing. I don't know if severe icing was forecast in the area we were flying to before the flight. I did look at weather prior to departing; to include weather radar and turbulence areas; but I did not dig into the icing charts. The radar depiction was green on the WSI radar depiction for our flight path.,,While working flight XXXX ZZZ2-ZZZ1; we were dealing with a PACK Mel that limited us to 25000 ft. While enroute; and off the coast abeam ZZZ4; we felt and then noticed the engine vibrations go above 4 and into the 5s. We were in IMC and in icing conditions at the time; and the cowl anti-ice were on. The Captain; who was pilot flying (PF); directed me to get a lower altitude and run the QRH for Engine Vibes. I notified Center; and they gave us 15000 ft. Following the QRH; it directed the PF to reduce the power to less than 45%; which did get rid of the vibe indication. We sent a 7700 on ACARs; and assessed the weather of the nearest diversion airports. ZZZ4 had okay visibility; but the winds were more significant than ZZZ3 that did have snow and less vis; but it was still above mins and lighter winds. We decided to go to ZZZ3; officially [requested priority handling]; and asked for Airport Rescue and Firefighting (ARFF) to standby. We ended up descending to 5000 ft.; and by that time all engine indications stabilized. We had plenty of gas; and were planning on an overweight landing as well. Dispatch sent us an ACARs suggesting ZZZ; and we decided to do that since now that everything was stabilized and the weather was pretty much CAVOK.Captain did a good job of communicating with the flight attendants (FAs); and we did send multiple ACARs msgs to Dispatch; but our ACARs were going in and out. ATC asked if we still needed ARFF; we told them no; but they still were rolled. The Captain landed on XXC; we taxied to the gate; and had no further issues. Maintenance met us; and proper logbook entries were made. Having an MEL that limited us at FL250 where the highest likely hood of severe icing existed. Many other times with this MEL; I always have automatically associated it with convective weather systems; but that will be in mind as well. Also; though I found it quickly once I used search; I highly suggest the Vibrations QRH be just under 'Vibrations' and not 'Engine Vibrations'. It is already under the 'Engines' subsection; and the indicator is Vib; and no other system has an associated 'Vibrations' QRH. Lastly; having the opportunity to debrief as a crew whenever an emergency happens before we all get reassigned would be nice.,,Air carrier flight crew reported engine vibrations when entering unexpected icing conditions and diversion to a nearby suitable airport.
2208057,202501,1201-1800,JAC.Airport,WY,,,0,,,IMC,,,,,,CTAF JAC,Air Carrier,Commercial Fixed Wing,,2,Part 121,IFR,Passenger,,Taxi,,,,,,,,,,,,,,,,,,,,,,,,,,,,,,,,,,,,,,,,,,,,,,,,,,,,,,,,,,,,,,,,,Aircraft X,Flight Deck,Air Carrier,Captain; Pilot Flying,Flight Crew Air Transport Pilot (ATP); Flight Crew Instrument; Flight Crew Multiengine,Flight Crew Last 90 Days 134.37; Flight Crew Type 3327.00,,,,,2208057,Aircraft X,Flight Deck,Air Carrier,Pilot Not Flying; First Officer,Flight Crew Instrument; Flight Crew Multiengine; Flight Crew Air Transport Pilot (ATP),Flight Crew Last 90 Days 96.23; Flight Crew Type 96.23,,,,,2208055,Ground Event / Encounter Weather / Turbulence; Ground Event / Encounter Loss Of Aircraft Control; Ground Excursion Runway,,,Person Flight Crew,In-flight,Flight Crew Regained Aircraft Control,Airport; Weather,Weather,Our flight arrived at JAC approximately 40 minutes late. We began our landing preparation duties approximately one hour prior to landing. Multiple ACARS messages were sent between Dispatch and our flight for coordination. Items discussed amongst the flight deck were airfield conditions; weather; MAP climb gradients; and special engine out procedures. We used data provided by Dispatch; as well as the ATIS. We also coordinated with Dispatch to ensure that we were authorized to land after XA:30L hours; which dispatch confirmed. Reported braking action was medium to good; 4/4/4. Dispatch also provided their landing data calculations; which we verified using the XX-X page (Max Brakes).  After reaching a comfortable place with the data review the briefing was conducted per the FOM and the descent checklist was completed prior to TOD (top of descent). Center cleared our flight direct to DNW at 14000' and the approach to 19 via ILS Z. The approach was flown with automation on. The aircraft was appropriately configured on-speed; during the approach; with the aircraft fully configured; flaps 40; and the checklist complete prior to YUSGU. Tower was closed so the PM made appropriate position reports and turned on the pilot controlled lights. When the position report for ZIBIV was given; the plow team stated that they were complete with plowing the runway on UNICOM. At approximately 500 feet AGL we broke out and had the runway lights in sight and continued. It was actively snowing throughout the approach and landing. Just below 500 feet AGL the autopilot was turned off. The aircraft was on-speed; stable; and slightly left of the centerline. At 50' below DA; the auto-throttle was turned off. The aim point was the 500' marker; but the touchdown was made at the 1000' marker due to the correction for centerline and narrow plowing. Initial aircraft braking was satisfactory; however as we neared the last 1/4 of the runway braking action. Thrust reverse was full. Approximately 3 to 4 inches of snow was covering the runway. The PM announced 3000' and I stated that the plane doesn't want to slow down. I disengaged the auto brakes and stood on the brakes around 80 to 70knots. The aircraft slowly decelerated to a stop; however due to the snow covered runway it appeared that the nose on the aircraft went approximately several feet into the overrun. We could not confirm this because the area did not look to have been plowed. The aircraft was turned on to A1 by using gentle asymmetric braking and thrust. The taxiways were not plowed so our aircraft was taxied no faster than 5 knots and we still slightly overshot alpha taxiway. The aircraft was parked with the appropriate checklist and configuration for RON in adverse weather; without further incident. Landing assurance to ATC was missed during the ground operations and a phone call was later made to Dispatch to ensure that the flight plan was indeed closed.,,Approaching 200 NM from final approach fix for ILS Z 19 in to JAC. Crew discussed and briefed thoroughly the approach threats of high altitude; short run way; snow and ice conditions and go around procedures Included in the 10-7 pages. Runway conditions and breaking action reported by ATIS was medium to good. Crew ran break calculations internally and externally with Dispatch.Selecting Flaps 40 and max brakes; we completed descent checklist prior to top decent.Making position reports on Unicom for closed Tower operation. The approach was stable with landing checklist complete prior final approach fix and stable at 500 feet where we broke out with run way in sight.Aircraft touchdown at the 1000 foot markers and had a good breaking action with full reverses through 80 KTS. After slowing the aircraft to a slow taxi speed straight ahead on runway before making turn on to taxiway Alpha.Braking action became nil allowing the nose wheel to slide slightly past the Alpha taxiway turn off and in to the overrun pad before stopping.Aircraft made turn onto Alpha taxi way and return to gate with no other issues.,,Air carrier flight crew reported braking action nil on their landing at JAC; and were unable to stop on the runway; overshooting a few feet into the overrun area.
2208095,202501,1201-1800,ZZZ.Airport,US,,,,,,,,,,,,TRACON ZZZ,Air Carrier,A320,,2,,IFR,Passenger,,Climb; Initial Climb,,Class C ZZZ,,,,,,,,,,,,,,,,,,,,,,,,Landing Gear,,X,Malfunctioning,,,,,,,,,,,,,,,,,,,,,,,,,,,,,,,,,,,,Aircraft X,Flight Deck,Air Carrier,First Officer; Pilot Not Flying,Flight Crew Multiengine; Flight Crew Air Transport Pilot (ATP); Flight Crew Instrument,,,Workload; Troubleshooting; Time Pressure; Human-Machine Interface,,,2208095,Aircraft X,Flight Deck,Air Carrier,Pilot Flying; Captain,Flight Crew Air Transport Pilot (ATP); Flight Crew Instrument; Flight Crew Multiengine,,,Human-Machine Interface; Workload; Troubleshooting; Training / Qualification; Time Pressure; Situational Awareness; Distraction; Confusion,,,2208101,Aircraft Equipment Problem Critical; Deviation - Altitude Undershoot; Deviation - Speed All Types; Deviation / Discrepancy - Procedural Published Material / Policy; Inflight Event / Encounter Loss Of Aircraft Control; Inflight Event / Encounter CFTT / CFIT,,,Automation Aircraft Terrain Warning; Person Flight Crew,In-flight,Flight Crew Took Evasive Action; Flight Crew Returned To Departure Airport; Flight Crew Requested ATC Assistance / Clarification; Flight Crew Regained Aircraft Control; Flight Crew Landed in Emergency Condition; Flight Crew Overcame Equipment Problem; Flight Crew Became Reoriented,Aircraft; Human Factors; Procedure; Software and Automation; Weather,Aircraft,WX conditions: low ceilings in icing Conditions; IMC until short final on return. Terrain in vicinity of airport. Runway condition:wet 5/5/5.Channelized AttentionShortly after takeoff; after gear retraction was commanded; ECAM alerted on L/G (Landing Gear) Right Shock Absorber followed by L/G Door and A/THR (Autothrust) Off. L/G ECAMs required speed less that 220kts. A/FLT ECAM also alerted requiring CA to hand fly. At this time CA became fixated on airspeed which resulted in a very steep decent rate greater than 3500 fpm below 1800' MSL in vicinity of terrain while still well below Minimum Safe Altitude. Both a sink rate and don't sink call were observed from GPWS. Airspeed accelerated due to the dive; which led to a L/G overspeed. To prevent further overspeed; CA reduced throttles to near idle; but failed to recognize dive. FO called climb; climb; climb" and directed at least 15 degree nose up to CA. During the attempted climb; FO noticed throttles were still near idle and called "TO/GA" while pushing throttles to TO/GA from base of throttles. CA responded to "TO/GA" as well; placing throttles to TO/GA and resuming climb to 4000'; a Minimum Safe Altitude we remembered from our approach brief the previous night. Upon reaching 4000'; CA attempted to re-engage A/FLT and A/THR however neither seemed to operate properly and CA resumed hand flying. FO ran L/G ECAM procedures and recycled gear to down position. Upon noting down and locked; FO suggested that we leave them down and return to ZZZ. CA approved of that plan and FO coordinated with ATC and [advised ATC]. FO passed required information to ATC; who then vectored us to ILSXX. FO gave a very short ILSXX brief to cover highlights; then CA commanded for Descent Checklist while FO ensured FMS was reprogrammed for the return. As we were turning toward final; CA requested a landing assessment; FO responded with "runway is 5/5/5 braking action is good; so standard assessment should apply. I selected MED auto brakes for you so I don't have to think about it". In hindsight; FO could have double checked and noticed the slightly overweight condition; but after the near-CFIT event; getting on the ground was the driving factor. After completing configuration for landing; FO EMER CANC the L/G ECAM messages in order to display the LDG ECAM so we could complete the checklist. Upon landing; CA stopped on Runway XX while FO coordinated with ATC and emergency vehicles to inspect aircraft. After initial inspection was complete; CA cleared Runway XX while emergency vehicles followed us to gate. After shutdown; due to the GPWS event; CVR and RCDR (Recorder) circuit breakers were pulled at the request of safety.Cause: L/G malfunction; A/THR & A/FLT malfunction; Channelized attention; Spatial Disorientation.None of the malfunctions had obvious early indicators of possible failure to flight crew.Hand flying and crosscheck skills need to remain as emphasis items practiced inflight and in training simulators. Additionally; reminding PMs of 'keywords' that can be used as commands to trigger PF muscle memory to breakthrough channelized attention. If FO had not commanded "TO/GA"; this event could have ended very differently.",,On climb out from ZZZ we received a landing gear shock absorber fail message; followed by a landing gear door open message.  We recycled the gear per ECAM guidance and lowered it; indicating three green lights for safe gear.  We left the gear down; [advised ATC]; and got vectored back to the airport. Somewhere in there; I was hand flying; having trouble controlling speed below the 220 kts mandated by the ECAM.  Thrust levers were still in TOGA; I'd missed that cue somewhere. Set the thrust levers to climb and engaged auto thrust; which had become disconnected. Auto thrust failed to engage. With this sorted; auto pilot was selected but would not engage. Subsequent attempts only spawned further ECAM warnings about auto flight not working and were abandoned.The FO; (the hero in this story); noticed we were descending; TOGA thrust was applied and escape maneuver initiated.  The GPWS was activated at some point.  Landing in ZZZ was uneventful but overweight.The casual factor was my micro concentration on speed and little else--credit to FO for pulling me out of my stupor.  As mitigation; I would greatly appreciate a sim session to practice hand-flying.,,Air carrier flight crew reported during initial climb Landing Gear; Auto Thrust and Auto Pilot ECAMs resulted in a return to the airport. While hand flying; the Captain temporarily lost control of the aircraft resulting in a Ground Proximity Warning.
2209383,202502,,ZZZ.Airport,US,,,0,,,,Snow; Rain,,,,,Ramp ZZZ,Air Carrier,B737 Undifferentiated or Other Model,,2,Part 121,IFR,Passenger,,Taxi,,,,,,,,,,,,,,,,,,,,,,,,,,,,,,Ramp ZZZ,Air Carrier,Commercial Fixed Wing,,2,Part 121,IFR,Passenger,,Parked,,,,,,,,,,,,,,,,,,,,,,,,,,Aircraft X,Flight Deck,Air Carrier,Captain; Pilot Not Flying,Flight Crew Instrument; Flight Crew Air Transport Pilot (ATP); Flight Crew Multiengine,Flight Crew Last 90 Days 154.85; Flight Crew Total 988.70; Flight Crew Type 988.70,,Situational Awareness,,,2209383,,,,,,,,,,,,Conflict Ground Conflict; Critical; Ground Event / Encounter Loss Of Aircraft Control; Ground Event / Encounter Weather / Turbulence,,,Person Flight Crew,Taxi,Flight Crew Regained Aircraft Control,Human Factors; Weather,Weather,Light to moderate snowfall on pushback. First off; we were only pushed back far enough to where the deice trucks could apply fluid just off the gate to allow the icing truck to do it's job in the ramp area. Iceman reported ice on high bypass fan blades so they had to deice those (with engines off). For that reason; they wanted us to deice at the gate (just pushed back about 10yards). With the minimal pushback we were very close to gate (minimal turn radius) and an aircraft at our right (unable to turn to the right after start-up). After completing deicing/anti-icing; engine start-up and checklists; our only option was to go right (thankfully no aircraft at that gate); and as doing a tight turn with a completely snow/ice covered ramp (-17C and moderate snow); airplane was sliding straight when trying to turn (after a 90deg turn) and going towards a gate area with a commercial flight on the gate. Recommendation is not allow any type of deicing/anti-icing with ramp area completely snowed/iced without plowing and only allow deicing in the designated deicing blocks.,,,,An Air Carrier Captain reported they attempted to turn out of their gate after push back and the aircraft slid on ice toward an aircraft parked at an adjacent gate.
2209739,202502,,ZZZ.Airport,US,,,0,,,,,,,,,,Air Carrier,A319,,2,Part 121,IFR,Passenger,,Taxi,,,,,,,,,,,,,,,,,,,,,,,,,,,,,,,,,,,,,,,,,,,,,,,,,,,,,,,,,,,,,,,,,Aircraft X,Flight Deck,Air Carrier,Captain; Pilot Flying,Flight Crew Air Transport Pilot (ATP); Flight Crew Instrument; Flight Crew Multiengine,Flight Crew Last 90 Days 126.72; Flight Crew Total 563.43; Flight Crew Type 563.43,,,,,2209739,,,,,,,,,,,,Ground Event / Encounter Loss Of Aircraft Control; Ground Event / Encounter Weather / Turbulence,,,Person Flight Crew,Taxi,Flight Crew Regained Aircraft Control,Weather,Weather,ZZZ was reporting -FZDZ in the METAR and TAF during arrival. We landed on [Runway] XX and had good braking action on the runway and taxiways. We were marshaled into the gate. I entered the gate area at 3kt or less. I applied brakes and did not receive feedback from the airplane. I pressed harder and nothing. I applied maximum pressure and the aircraft was still sliding forward on ice. I applied reverse thrust and selected the parking brake. The airplane came to a stop with in a foot after that action. I deselected reverse thrust and shut down both engines in that position. I spoke to Ops and arranged a tow for the remaining distance (about 6 feet). In all we slid about 3-5 feet. No personnel were injured or close to the aircraft during this time.,,,,A319 Captain reported while taxiing into gate they lost control of the aircraft due to ice on the ramp. The Captain applied reverse thrust and selected the parking brake to stop the aircraft.
2211879,202502,1801-2400,ZZZ.Airport,US,,,,4100,,IMC,Snow; Icing,Temperature - Extreme,Night,,,TRACON ZZZ,Air Carrier,EMB ERJ 145 ER/LR,,2,Part 121,IFR,Passenger,,Initial Approach,,Class D ZZZ,,,,,,,,,,,,,,,,,,,,,,,,Pneumatic System - Indicating and Warning,,X,Malfunctioning,,,,,,,,,,,,,,,,,,,,,,,,,,,,,,,,,,,,Aircraft X,Flight Deck,Air Carrier,Pilot Not Flying; First Officer,Flight Crew Air Transport Pilot (ATP); Flight Crew Instrument; Flight Crew Multiengine,,,Troubleshooting; Situational Awareness,,,2211879,,,,,,,,,,,,Aircraft Equipment Problem Critical; Deviation / Discrepancy - Procedural Published Material / Policy; Inflight Event / Encounter Weather / Turbulence,,,Automation Aircraft Other Automation; Person Flight Crew,In-flight,Flight Crew Landed in Emergency Condition; General Maintenance Action,Aircraft; Human Factors; Weather,Aircraft,During flight from ZZZ1 to ZZZ on Day 0; we encountered a bleed leak and multiple anti-icing failures while in IMC and icing conditions. The surrounding airspace remained IMC throughout the flight; and icing began during descent.At 4;100 feet; as we approached the final approach fix; we received EICAS messages: Bleed Low Temp; Anti-Ice Low Capacity; Wing Anti-Ice Fail; and Anti-Ice Inop. The Captain increased thrust and extended the gear to increase drag; but near the final approach fix; a bleed leak warning appeared. Given the continuous IMC and active snowfall; the fastest way to exit icing conditions was to land as soon as possible.After [requesting priority handling] for safety; we conducted a normal landing. I ran the Bleed Leak QRH while the Captain coordinated with ATC and the Flight Attendant. Fire trucks were on standby and inspected the aircraft; finding no visible issues. We then taxied to the gate; where maintenance was called; and the aircraft was written up.,,,,EMB-145 First Officer reported a bleed leak warning and multiple anti-icing failures while in icing conditions near the FAF. The crew continued the approach to exit the icing conditions and landed.
2211884,202502,1201-1800,ZZZ.Airport,US,,,0,,,,,,,,,,Air Carrier,B737-800,,2,Part 121,IFR,Passenger,,Takeoff / Launch,,,,,,,,,,,,,,,,,,,,,,,,,,Turbine Engine,,X,Malfunctioning,,,,,,,,,,,,,,,,,,,,,,,,,,,,,,,,,,,,Aircraft X,Flight Deck,Air Carrier,Pilot Flying,Flight Crew Air Transport Pilot (ATP); Flight Crew Instrument; Flight Crew Multiengine,,,,,,2211884,Aircraft X,Flight Deck,Air Carrier,Pilot Not Flying,Flight Crew Instrument; Flight Crew Multiengine; Flight Crew Air Transport Pilot (ATP),,,,,,2211894,Aircraft Equipment Problem Critical; Deviation / Discrepancy - Procedural Published Material / Policy; Flight Deck / Cabin / Aircraft Event Smoke / Fire / Fumes / Odor; Ground Event / Encounter Other / Unknown,,,Person Flight Crew,Taxi,Flight Crew Returned To Gate,Weather; Aircraft,Aircraft,After getting deiced in the Central Deicing Facility (CDF) we were given instructions to taxi to XXL. We let Tower know that we needed 30 second run up on runway due to the conditions outside. They said to inform when we were ready to roll. Advanced thrust to 40% then 70%. After about 2-3 second cockpit started to fill with white/gray smoke. Pulled throttles back to idle. We ran QRC for smoke and fumes and had Tower deploy Airport Rescue and Firefighting (ARFF). Flight Attendants (FAs) called up and said smoke in cabin. Lav smoke detector also went off. Ran QRH. Had ARFF check out aircraft for fire outside which they did not see. Smoke dissipated quickly so we decided to taxi back with ARFF following us since no indication inside or out of fire. ARFF came onboard at gate with heat detecting gun but found no fire indication inside.Cause:  We believe it may have been deice fluid that got into engine.,,Pre-flight and taxi out were normal. We briefed the de ice and engine runup requirements at the gate. The taxiways were quite snowy.We taxied to the Central Deicing Facility (CDF) and configured for de ice with the APU off and engines running. We asked for Type I entire aircraft and Type IV on the wings and tail. After completion we ran the reconfiguration checklist and proceeded to exit the CDF. We advised Ground Control on initial contact after de-ice of our need to perform a 30 second runup on the runway prior to takeoff roll. We were initially given XXL [Intersection] 1 for departure. While taxiing they changed our departure to full length behind a Boeing 777. We doubled back and while stopped we proceeded to extend the flaps and do the checklist. We then awaited further clearance. We were told to line up and wait and then given permission to do our runup. I stopped on centerline and gave controls to the First Officer (FO). I assumed pilot monitoring (PM) duties and ATC told us to let them know when we were ready to roll. No takeoff clearance was given. I acknowledged and the FO increased thrust to 40% (stabilized) and then proceeded to increase thrust to 70% where I then began the timer. During this time I noticed a haze/smoke in the cockpit. I notified the FO and we brought the thrust levers back to idle. I assumed pilot flying (PF) duties again and called for the Smoke/Fire/Fumes checklist in the QRC. I notified ATC we couldn't continue and had smoke in the cockpit. Airport Rescue and Firefighting (ARFF) was requested. The smoke/haze began to dissipate after the thrust levers were brought to idle. The Flight Attendants then called and said they saw the smoke/haze and the forward lavatory smoke detector began to go off. The smoke/haze was throughout the cabin but more concentrated in the forward half of the aircraft. No flames were seen. The FO continued the checklist in the QRH. While trying to communicate with ARFF that we needed the exterior of the aircraft inspected; what the present situation was and continuing the checklist we had constant calls from the Flight Attendants asking if we were going to make a PA; how to turn off the forward lavatory smoke detector and wanting to know what the smoke/haze was. I told them several times we were trying to complete the checklist and made sure they and the passengers were okay. I told them I would make a PA about the situation when we had our thoughts straight about what was happening. The checklist was completed and I then made a PA to the passengers stating that the smoke/haze was dissipating; safety vehicles were approaching the aircraft to inspect the exterior as a precaution and then they would escort us back to the gate. I said we believed the smoke was from de ice fluid that made its way into the engines. At some point during this the forward lavatory smoke detector stopped sounding. We taxied back to the gate normally. Upon reaching the gate I made a PA that firefighters were entering the aircraft to use a thermal heat device in the lavatory to ensure everything was okay. Once finished I made a PA from the galley phone instructing everybody to please gather all belongings and exit the aircraft.The smoke was a white/grey color with a smell I have never smelled. The flight attendants thought it smelled electrical in nature but neither the FO or I thought that's what it was. We believed it was de ice fluid burning from engine intake.Cause: The airport conditions were snow covered taxiways with active snow. This risk was mitigated with a slower taxi speed and de ice. We had a runway change from XXL 1 to XXL full length. We already had takeoff numbers for the intersection takeoff so we only had to mitigate the risk of new taxi instructions and snow covered taxiways.The constant calls from the Flight Attendants asking the same question several times while trying to complete a checklist and speak with ARFF was very task saturating. This could be mitigated by preparing Captain's more for situations where they get constant calls during emergency situations.,,B737-800 flight crew reported after aircraft treated with deicing fluid; they taxied onto runway to perform a 30 second run-up. During the run-up they noticed smoke in the flight deck.
2211886,202502,1801-2400,ZZZ.Airport,US,,,0,,,,,,,,,Tower ZZZ,Air Carrier,B737-800,,2,Part 121,IFR,Passenger,,Taxi,,Class B ZZZ,,,,,,,,,,,,,,,,,,,,,,,,Wheels/Tires/Brakes,,X,Malfunctioning,,,,,,,,,,,,,,,,,,,,,,,,,,,,,,,,,,,,Aircraft X,Flight Deck,Air Carrier,Pilot Flying; Captain,Flight Crew Multiengine; Flight Crew Air Transport Pilot (ATP); Flight Crew Instrument,,,,,,2211886,,,,,,,,,,,,Aircraft Equipment Problem Critical; Deviation / Discrepancy - Procedural Clearance; Ground Event / Encounter Loss Of Aircraft Control; Ground Event / Encounter Weather / Turbulence; Ground Incursion Taxiway,,,Person Flight Crew,Taxi,Flight Crew Returned To Gate; Flight Crew Regained Aircraft Control,Aircraft; Weather,Aircraft,After leaving the CDF (Central Deice Facility) and being told to expect XXL they changed runways on us and wanted us to taxi to XYR. The instructions they gave us were to taxi on [Taxiway] 1 and hold short 2. As we were taxiing down 1 to hold short of 2 Captain mentioned he was having trouble stopping aircraft and let Ground know we would go past 2 due to poor braking as the taxiway in this area looked fairly bad. Once passing 2 taxiway looked much cleaner and we were told to keep taxiing on 1 to 3 and do a U turn to join 3 and 4 to taxi towards XYR. As we are taxiing at minimal speed Captain mentions he has brakes fully pressed in trying to stop but nothing is happening and we had no skidding/sliding going on. At this point I joined the Captain on the brakes and press them fully in with no stop either. Aircraft came to a stop about 10 seconds in total after. Other aircraft infront of us did not report issue with taxiway and ATIS did not state poor conditions on taxiway. At this point we were afraid to keep going as we did not know if we had a brake issue and we were going to ZZZ1 which is short runway. We also did not know if deicing fluid got in the brakes. We felt the safe decision was to return to gate with a tow as we did not want to not be able to not stop and go off the taxiway or hit something. Wrote plane up at gate. Cause: Taxiways were not reported to have poor conditions. Aircraft infront of us did not report poor braking or issues. We felt we had a brake issue going on and did not want to risk going off the taxiway or hitting something so we made the safe call to stop and get a tow to gate.,,,,B737 flight crew reported possible malfunction with aircraft brakes during taxi to runway. Requested tow back to gate.
2211941,202502,0001-0600,ZZZ.Airport,US,,,0,,,,Snow,,Night,,,Tower ZZZ,Air Carrier,EMB ERJ 170/175 ER/LR,,2,Part 121,IFR,Passenger,,Taxi,,Class B ZZZ,,,,,,,,,,,,,,,,,,,,,,,,,,,,,,,,,,,,,,,,,,,,,,,,,,,,,,,,,,,,,,,Aircraft X,Flight Deck,Air Carrier,Pilot Flying; Captain,Flight Crew Instrument; Flight Crew Multiengine; Flight Crew Air Transport Pilot (ATP),,,,,,2211941,,,,,,,,,,,,Ground Event / Encounter Loss Of Aircraft Control; Ground Event / Encounter Weather / Turbulence,,,Person Flight Crew,Taxi,Flight Crew Regained Aircraft Control,Weather; Airport,Weather,While on Taxiway 1; in ZZZ in nighttime; snowy conditions on contaminated surfaces; we ended up becoming number 4 in line due to a disabled aircraft that required a tow off the taxiway and back to a gate. We and the other aircraft sat for over 45 minutes with both engines running due to slick airport surfaces; where braking action was less than good. When the line on Taxiway 1 started to move again; it started off fine; however; there was one point where the aircraft in front of us came to a stop. I applied brakes and thought that this was taking longer to stop than normal. I pressed harder on the full brakes and nothing was happening. At this point; I realized that we were; in fact; sliding towards the 737 in front of us. Unable to stop; I thought that it would be safer to try to turn the aircraft towards the left edge of the taxiway and possibly slide off the pavement instead of into another aircraft. I slowly began to turn the tiller thinking if I aggressively turned we would've continued to slide forward. I also applied the parking brake. The aircraft began to turn and slide in both directions forward and towards the edge of the taxiway; but came to a stop a few feet before the edge of Taxiway 1. My FO reported on Ground that [we] were sliding and eventually came to a stop; the aircraft in front of us at that time began to slowly move forward. We never left the taxi surface. When we had enough spacing; I was able to release the brake and slowly align the aircraft back up with centerline and continue taxiing.,,,,EMB-170 flight crew reported temporary loss of aircraft control during taxi out due to snow and weak braking action.
2212368,202502,1801-2400,ZZZ.Airport,US,,,0,,,IMC,Snow,,Night,,,Tower ZZZ,Air Carrier,A320,,2,Part 121,IFR,Passenger,,Landing,,,,,,,,,,,,,,,,,,,,,,,,,,,,,,,,,,,,,,,,,,,,,,,,,,,,,,,,,,,,,,,,,Aircraft X,Flight Deck,Air Carrier,Pilot Flying; Captain,Flight Crew Air Transport Pilot (ATP); Flight Crew Instrument; Flight Crew Multiengine,Flight Crew Last 90 Days 17.9; Flight Crew Total 5874.82; Flight Crew Type 4439.42,,Workload; Communication Breakdown; Situational Awareness,Party1 Flight Crew; Party2 ATC,,2212368,,,,,,,,,,,,ATC Issue All Types; Deviation / Discrepancy - Procedural Published Material / Policy; Ground Event / Encounter Weather / Turbulence; Ground Event / Encounter Loss Of Aircraft Control; Ground Excursion Runway; Inflight Event / Encounter Fuel Issue; Inflight Event / Encounter Weather / Turbulence,,,Person Flight Crew,In-flight,Air Traffic Control Provided Assistance; Flight Crew Regained Aircraft Control; Flight Crew Requested ATC Assistance / Clarification,Weather; Environment - Non Weather Related; Airport; Human Factors,Weather,ZZZ1 - ZZZ night landing in ZZZ during cold weather operations. I was reassigned to fly the ZZZ1 - ZZZ leg after my original flight to ZZZ2 was delayed several hours. I arrived at the aircraft approximately 37 minutes prior to push back and started downloading the paperwork. The First Officer (FO) had already loaded the FMC. Enroute; received report from Dispatch that ZZZ Runway Condition Code (RCC) was 5-5-3 for Runway 19. We confirmed by asking for airport conditions using ACARS. Based on our landing weight of 138.6 and and using the ZZZ 10-7D landing distance charts (no tailwind) we determined we needed a RCC of no less than 4 (this produced a landing distance around 5820 feet plus 220 feet for QNH correction; unless we burned fuel down to a landing weight less than 137.7 with no tailwind and QNH correction). Approximately 15 minutes later; Dispatch informed us that ZZZ had worked on runway and RCC was 5-5-4.We asked to be kept up to date on RCC if it changed and we would need to burn 900 lb of fuel if the RCC went back to 3. We also asked about using ZZZ3 (instead of ZZZ4) as an alternate if we needed to lower our landing weight more. In the end; we kept ZZZ4 as an alternate since we would be able to burn fuel down to an acceptable landing weight and still land in ZZZ4 with 4500 - 5000 lb of fuel with a BINGO of 8000 lb of fuel. We elected to descend early to burn more fuel and lower landing weight to around 138.3. We performed the ILS Z Runway XX. Broke out of overcast between ZZZZZ and ZZZZZ1 with moderate snow around 2500 feet AGL. FO asked for another braking action report and Tower said it was still 5-5-4. Autopilot and auto thrust off; on airspeed and glide slope with aircraft getting slightly high around 1100 feet; then back on glide slope by 900 feet. At 200 feet; I shifted the aim point to 500 feet from the approach end. At this point the FO asked Tower to lower the runway light intensity because it was hard to make out details on the snow covered runway with the bright lights. I noticed the runway's center 2000 feet was partially cleared of snow; but the approach and departure ends of the runway (~2000 feet on each end) were snow covered. Never noticed the light intensity decreasing. Landed approximately 1300 feet down runway (hard to tell exactly with snow covered runway) and close to VLS. Medium autobrakes were selected as per the 10-7 page; but I did not feel a deceleration or see the decel light illuminate so I immediately applied manual brakes to start the deceleration.Brakes seemed to work normally entering the center 2000 feet of the runway; but with 3000 feet remaining; the FO and I both noticed the brake's effectiveness was not what we needed to stop the aircraft on the runway. At this point we both applied full manually braking and the anti-skid was cycling. I said we are going into the overrun about 500 feet from end of runway. I continued using full reverse thrust and maximum manual braking. The aircraft entered the overrun around 15 - 20 knots until we stopped approximately 200 feet onto the paved overrun. At this point I moved the thrust levers to forward idle. We informed the Tower that we had stopped in the overrun and we were instructed to turn around and taxi to the gate. After informing Tower of the RCC being less than 4; we said the RCC was 1 or 2; the Tower noted we were fast on the runway (we were; due to the poor braking conditions). We performed a 360 degree turn in the overrun and taxied uneventfully to the gate. I performed walk-around after engine shutdown and no aircraft damage was observed.,,,,A320 Captain reported during landing at night on a snow covered runway the aircraft did not stop until entering the overrun.
2214034,202501,1201-1800,ZZZ.Airport,US,,,,6000,,IMC,,,,,,TRACON ZZZ,Air Carrier,EMB ERJ 145 ER/LR,,2,Part 121,IFR,Passenger,,Descent,,Class C ZZZ,,,,,,,,,,,,,,,,,,,,,,,,Pneumatic Valve/Bleed Valve,,X,Malfunctioning,,,,,,,,,,,,,,,,,,,,,,,,,,,,,,,,,,,,Aircraft X,Flight Deck,Air Carrier,Pilot Flying; Captain,Flight Crew Air Transport Pilot (ATP),,,,,,2214034,,,,,,,,,,,,Aircraft Equipment Problem Critical; Deviation / Discrepancy - Procedural Published Material / Policy; Inflight Event / Encounter Weather / Turbulence,,,Automation Aircraft Other Automation; Person Flight Crew,In-flight,Air Traffic Control Provided Assistance; Flight Crew Overcame Equipment Problem; General Maintenance Action,Weather; Human Factors; Aircraft,Aircraft,We took off from ZZZ1 uneventfully. On approaching ZZZ at about 6000 feet we encountered moderate to severe rime icing. Ice was accumulating on the heated windshield. ZZZ Approach gave us a descent to about 3000 feet. As the power was pulled back further; we got a notification on the EICAS of 'bleed 1 low temp'; and I knew that the icing system was not meeting the needs of the aircraft. I advanced the thrust levers; as I knew that this was the first requirement of the QRH. Then I told the First Officer my aircraft my Radio's open the QRH to bleed one low temp message. The First Officer followed the directions on the QRH. I increased the thrust lever on the number one side; meanwhile; we were still trying to descend to get out of icing conditions; so I also opened the speed brake. I queried ZZZ Approach where the safe altitude would be for us to descend to and where he knew the icing ended and he cleared us down to approximately 2500 feet and said the icing ended at about 3000 feet. He asked if we would like to request priority handling and at that time I declined. Because we were trying to descend; I was not able to increase the thrust lever to max thrust; as that would've given us a severe differential on the power between the two sides; and additionally; I since had the speed break open; the aircraft gave me the notification that I was increasing the thrust too high with the speed brake out. I prioritized descending to a safe altitude to get out of the ice conditions. Additionally; as my First Officer continued following the QRH; We briefly got the message 'ICE COND-A/I INOP'. The First Officer moved to that page in the QRH; followed the directions; and we were able to exit icing conditions; at which point the message went away. On the ground; I called Maintenance and they basically told me that I did not increase the thrust levers high enough on the side that was indicating low bleed temperature. While on the phone with him; I could not reliably remember what my N2 had increased to; But they told me it had to increase above 83%. Unfortunately; in increasing thrust; we were not able to descend quickly enough; and my number one priority was getting out of icing. Maintenance did not have me write anything up on the aircraft anti-icing system and told me next time I needed to increase the power further.,,,,EMB-145 Captain reported while descending experiencing bleed 1 low temp EICAS and inflight icing conditions resulting in descending to get out of icing conditions.  The Captain was able to land safely at the destination airport.
2214462,202502,1201-1800,JAC.Airport,WY,,,0,,,IMC,Snow; Cloudy; 0.75,,Daylight,200,,Tower JAC,Air Taxi,Commercial Fixed Wing,,2,Part 135,IFR,Passenger,Localizer/Glideslope/ILS ILS Z 19,Landing,,,,,,,,,,,,,,,,,,,,,,,,,,,,,,,,,,,,,,,,,,,,,,,,,,,,,,,,,,,,,,,,,Aircraft X,Flight Deck,Air Taxi,Pilot Flying; Captain,Flight Crew Multiengine; Flight Crew Air Transport Pilot (ATP),,,Situational Awareness; Communication Breakdown,Party1 Flight Crew; Party2 ATC,,2214462,,,,Pilot Not Flying,Flight Crew Instrument; Flight Crew Multiengine; Flight Crew Flight Instructor,Flight Crew Last 90 Days 105; Flight Crew Total 3800; Flight Crew Type 552,,,,,2214470,Ground Event / Encounter Loss Of Aircraft Control; Ground Event / Encounter Weather / Turbulence; Ground Excursion Runway; Inflight Event / Encounter Weather / Turbulence,,,Person Flight Crew,In-flight,Flight Crew Regained Aircraft Control,Human Factors; Weather; Airport,Weather,While flying into Jackson Hole Airport on Day 0; the conditions were IFR; and runway conditions were reported 4;4;4. Visibility was 戮 miles.I was flying the ILS Z 19; started to get the runway at about 100 ft above minimums. Got on the runway and deployed full Thrust reversers and started braking. I ended up stopping past A1. The snow was thick enough on the runway that I was not able to see the runway markings; however I was able to see the runway lights. The tower asked if I was able to do a 180 and exit the runway; I replied yes and we exited the runway. The tower never gave us a number to call; after we exited the runway; the tower asked us what the braking action was and we responded it was medium; I noticed that after we parked at the FBO the snow plows were plowing the runway into the overrun on runway 19.,,[Report contained no additional information.],,Air taxi crew reported a runway excursion when landing on a snow covered runway. The aircraft stopped beyond the last taxiway exit into the overrun; turned around and exited the runway without damage.
2214685,202502,1201-1800,ZZZ.ARTCC,US,,,,5300,,IMC,,,,,,Center ZZZ,Air Carrier,EMB ERJ 145 ER/LR,,2,Part 121,IFR,Passenger,,Climb,,Class C ZZZ; Class E ZZZ,,,,,,,,,,,,,,,,,,,,,,,,Turbine Engine,,X,Failed,,,,,,,,,,,,,,,,,,,,,,,,,,,,,,,,,,,,Aircraft X,,,Pilot Not Flying; Captain,Flight Crew Air Transport Pilot (ATP); Flight Crew Instrument; Flight Crew Multiengine,,,Troubleshooting,,,2214685,Aircraft X,Flight Deck,Air Carrier,First Officer; Pilot Flying,Flight Crew Instrument; Flight Crew Multiengine; Flight Crew Air Transport Pilot (ATP),,,Troubleshooting; Time Pressure,,,2214694,Aircraft Equipment Problem Critical; Deviation / Discrepancy - Procedural Weight And Balance; Inflight Event / Encounter Weather / Turbulence; Inflight Event / Encounter Fuel Issue,,,Automation Aircraft Other Automation; Person Flight Crew,In-flight,Flight Crew Landed in Emergency Condition; Flight Crew Inflight Shutdown; Flight Crew Diverted,Aircraft,Aircraft,On Day 0 we were operating flight ABCD with service to ZZZ1 from ZZZ2. We closed the door on time at XA:32. We called for push clearance from Ground Control with positive for deice. Once appropriate checklist were complete; we called for taxi clearance to deice location; which was the air carrier ramp just north of gate XX. The deice pad was occupied by another aircraft and Ground Control provided taxi instruction to 1;2;3 short of 4. As we were waiting there; iceman contacted us that the deice truck had run out of fluid and they needed to go back and get the other truck with fluid; but to taxi into position and they will meet us there with the deice truck. Once the pad become available; Ground Control gave us taxi instructions to the deice pad; I called the flight attendant (FA) to make sure everybody was still in their seats and she advised that someone was in the restroom. We let Ground Control know that we had a passenger up and had to wait until everybody was seated before taxing to deice pad. Once we were in the deice pad; we configured using the app and requested full body type I and IV. The iceman advised they were doing spot treatment" and that type IV started at XB:15 on the left side and they worked around to the right side doing this spot treatment technique. Once deice procedure was complete; Iceman made contact and we reconfigured using the app and started the timer for XB:15. We then requested taxi instructions to Runway XX from Ground Control and they provided 1; 5 hold short of Runway XY. We made our way to 5 and contacted Tower holding short of Runway XY with a request to do a cross bleed start. Was advised to hold short for landing traffic and cross bleed start approved on 5. We waited to cross the runway to begin the crossbleed start procedure. Tower provided final taxi instructions of cross Runway XY at 5; 6 to XX. We performed the crossbleed start procedure on 5; completed the taxi checklist and noticed a within limits fuel inbalance of 400 lbs light on the number 1 engine; and that we would correct it in the air. We received takeoff clearance on 6 and I slowed down a bit to get times and temps; when the Tower Controller advised Runway XX landing traffic was 15 minutes out. We took the runway after before takeoff checklist complete and took off Runway XX on the ZZZZZ SID.Normal takeoff profile to climb segment. The climb segment was IMC conditions. After takeoff checklist complete at appropriate time with handover to Departure Control. We made a verbal note that we made the SID restriction of at or above 5000 feet at ZZZZZ1. We recived an EICAS message for fuel inbalance while in the climb. We started to correct this issue by going to LOW1. At approximately 5300 feet we heard a light thump; experienced an adverse yaw; followed by an ENG 2 out EICAS message. I verbalized we had an engine failure and First Officer (FO) had good directional control. I [requested priority handling] with ATC for engine out; SOB and fuel onboard. We received a heading and altitude of 6000 and time to run checklist. FO verbalized he had flight controls and I confirmed and started running the QRH checklist for ENG 2 out. Initially; we advised ATC we would return to ZZZ2. After running the QRH for ENG 2 out with an unsuccessful air start attempt after checking all fluids; the one engine inoperative approach and landing checklist; and the overweight landing checklist we decided to divert to ZZZ for better weather conditions; longer runway; and additional time.On the way to ZZZ; I made contact with dispatch via ACARs. I made contact with FA via interphone with specific issue at hand and made a general mechanical issue PA to the passengers with a diverting notice to ZZZ.I started grabbing all landing data to ZZZ. We initially planned for Runway XZR but ATC advised of current winds which had a considerable tailwind component so we agreed to Runway XAL. I advised ATC to have the Crash Fire Rescue (CFR) trucks ready. Decent checklist complete from the QRH. They provided vectors for a right downwind approach and we requested a 10 mile final which was all VMC conditions. The air traffic controller gave us vectors to join the final approach course followed with a mention that the ILS was out of service. We joined the final visually and I changed the approach to RNAV Runway XAL and received Flight Path Angle (FPA) and lateral guidance from flight instruments. We were fully configured for landing and stable throughout the entire visual approach; with landing checklist complete from the QRH.After parking brake set on the runway; I immediately went to the PA and made the announcement "this is your Captain; remain seated; remain seated; remain seated". I requested the CFR trucks to check the number two engine for any signs of fire and heat signatures. The CFR reported no issues observed and that they would follow us to the gate out of precaution. We requested and received taxi instructions to the gate. Clear of hold short lines; after landing checklist complete and FO contacted operations for gate assignment. We contacted Ramp Control for ramp entry to the gate XY followed by a parking checklist.",,On Day 0 Operated flight ABCD; ZZZ2 to ZZZ1 at XA:33 as the First Officer (FO). First leg of the second day of our 4 day trip. Arrived at our aircraft and performed all origination checks and closed door by XA:32. It's was snowing lightly and informed operations and ATC we needed deicing. Pushed back; started engine 1 and ran checklists. Proceeded to deice pad near intersection of Taxiway 1 and 7. Had to wait for another aircraft to finish deicing and then proceeded to the pad to begin process. Iceman told us they needed to refill their truck and we waited on pad until they arrived. I used the app and we ran all configuration checklists. Deice started at XB:15 and Iceman informed us they would be doing a spot" treatment with 1 and 4 where they would treat 1 section with type 1 and immediately followed by type 4 over that same segment all around the aircraft. We finished deicing; and configured the aircraft according to our app reconfig checklist. Received taxi clearance and taxied to Runway XX in ZZZ2 via "1; 5; short of Runway XY". Waited short of Runway XY for a landing aircraft and then given clearance to cross and proceed to XX via "5 and 6". Performed cross bleed start on engine 2 while on Taxiway 1 followed by a "Taxi Checklist". Running this checklist everything was standard except when reaching the "Fuel Panel and Balance" where I commented we had and imbalance of about 400lbs heavy on the #2 side. I verbalized this and we both mentioned we were in limits for Takeoff and would correct in air. Completed the Taxi followed by Before takeoff to the line. Received our takeoff clearance and started before takeoff below the line and taxied into position on Runway XX. I was pilot flying (PF) so Captain transferred controls and we proceed to takeoff on Runway XX via the ZZZZZ X Rnav departure at approximately XB:30.Takeoff roll and liftoff were standard. Proceeded to climb via and at approximately 5000' there was a sound and felt a hard yaw towards our right consistent with a loss of thrust on the number 2 engine. The Autopilot was engaged at that time and we were climbing using the flight level change vertical mode. The Eicas confirmed #2 engine had rolled back and was infact not producing thrust at that time. We took Autopilot off; and I began hand flying the aircraft. We briefly discussed what we saw and we verbalized to each other that I was going to be flying the aircraft and the Captain would begin troubleshooting. Captain requested priority handling; and went to QRH for the "Eng 2 Out" and began performing. We determined a restart would be attempted (according to QRH procedure. Attempted restart and was unsuccessful. We continued the QRH and ran procedure according to the QRH procedure and no further restarts attempted. I continued to hand fly the aircraft at 6;000 feet while Captain spoke with ATC and informed them we would return and Captain started running the "One Engine Inop Appr and Landing checklist". We determined ZZZ2 would not be our best option considering the weather; overweight landing; runway length and chose to divert to ZZZ. We received a clearance to ZZZ via DIRECT at 6;000 ft. MSL. Captain than prepared for the diversion as I continued to hand fly. We originally planned on Runway XZR at ZZZ but enroute ATC advised us that XZR was going to have a considerable tailwind component and decided XAL was the more favorable option. ATC vectored us to a "Right Downwind" for XAL and then vectored us onto base and then onto a 10 mile final and cleared for the Visual Approach XAL. We had the ILS programmed for redundancy and ATC informed us the ILS XAL was out of service and we acknowledged and decided we would continue. The Captain loaded the RNAV for redundancy and continued inbound on the Visual Approach; completed the QRH landing checklist and I landed the aircraft on XAL and we came to a full stop on the runway. We came to a stop near the intersection and had Crash Fire Rescue (CFR) inspect our aircraft and found nothing abnormal or damaged and then proceed off the runway and ZZZ operations had us park at XX. We ran our checklists; Captain called Dispatch and Maintenance followed by letting the pax deplane via jet bridge.",,ERJ145 flight crew reported engine failure resulted in divert to a safe landing.
2214715,202502,0601-1200,ZZZ.Airport,US,,,0,,,,Few,,Daylight,,,,Air Carrier,EMB ERJ 170/175 ER/LR,,2,Part 121,IFR,Passenger,,Cruise,,,,,,,,,,,,,,,,,,,,,,,,,,Normal Brake System,,,Malfunctioning,,,,,,,,,,,,,,,,,,,,,,,,,,,,,,,,,,,,Aircraft X,Flight Deck,Air Carrier,Captain,Flight Crew Multiengine; Flight Crew Instrument; Flight Crew Air Transport Pilot (ATP),,,Situational Awareness; Troubleshooting,,,2214715,,Cabin Jumpseat,Air Carrier,Flight Attendant (On Duty),Flight Attendant Current,,,Time Pressure; Workload,,,2215092,Aircraft Equipment Problem Critical; Inflight Event / Encounter Fuel Issue,,,Person Flight Crew,In-flight,Flight Crew Landed in Emergency Condition; Flight Crew Overcame Equipment Problem,Aircraft,Aircraft,I was the PM. We leveled off at FL350 after departure from ZZZ1. Upon leveling off we had a BRK (Brake) FAULT RH (Right) and BRK FAULT LH (Left) display on the EICAS for approximately 10-20 seconds . I got out the QRH and started to run the QRH procedures then the EICAS messages extinguished. The EICAS message seemed to stay displayed longer than just a spurious message. My FO and I decided to continue to run the QRH and follow through with the QRH procedures. Due to the possibility of not having some of the brakes and having to use the emergency brake to stop upon landing. We ; my FO and I; decided to have the FA's (Flight Attendants) prepare the cabin to brace upon landing and for a possible emergency evacuation on the runway with the possibility of a brake and tire fire and to have CFR (Crash Fire Rescue) on standby. I informed MX (Maintenance) through the ACARS that we had the BRK FAULT RH and BRK FAULT LH EICAS messages and that I had written it up. I then informed Dispatch through the ACARS of the issue and that we had not declared an emergency.  Dispatch informed me through ACARS that she let ZZZ know. I called the FA's with the normal cab call. The call to the FA's happened at approximately 33 minutes from landing. The FA's and I conferred and I let them know that this should be a normal landing but just in case we didn't have our normal braking that we could veer off the runway and that there was a possibility of a brake and tire fire. I informed them that I would like them to prepare for bracing upon landing and a possible emergency evacuation. Since the wind was from the north and we were landing on Runway XXL in ZZZ; I informed the FA's to expect to evacuate on the right side of the aircraft but to still look out of the windows to determine the most safest side to evacuate the aircraft due to the possible brake and tire fire. I went through with the FA's. I then informed the passengers over the PA of the situation. I reassured them that I was expecting a normal landing but that just in case of a brake issue we were going to prepare the cabin for the possibility of having braking issues. I then asked ; I believe it was ZZZ Center; to advise ZZZ Approach that we were requesting CFR to be on standby due to the possibility of not having full brakes when landing and the possibility of a brake/ tire fire upon landing. When we received our frequency change to another controller he referred to us as a [priority] aircraft. I asked ATC if they had [given us priority handling] and the controller said that they [had given us priority handling]. I then put XXXX in the transponder and used the term [priority] aircraft in our call sign. I checked in with the FA's approximately 20 minutes later to see if they were ready with the cabin prep and if they were ready to land. They said that they were almost finished and needed a few more minutes. We were handed over to ZZZ Approach and they asked if we needed more time. I requested a  3-5 minute delay vector. I called the FA's again at 3 minutes into the delay vector and they said that they were ready. We had approximately 2900lbs on the FOD (Fuel Over Destination) at this time and we were on a right downwind for XXL. We were approximately 12 to 15 nm from the field. I informed ATC that we were ready for the approach. ATC turned us in and cleared us for the ILS XXL approach. We were approximately 3-4 nm from the FAF inbound and our FOD was indicating 2600 lbs. I then declared to ZZZ Tower that we would be landing below minimum fuel. I asked Tower to relay to CFR that there was a possibility of a tire and brake fire upon landing. The Tower asked CFR on Tower frequency if they copied my transmission and CFR verified on Tower frequency that they copied my transmission. I announced the Brace; Brace command over the PA at 300-400 AGL. Upon landing the braking action was normal. We came to a stop on the runway. I informed the passenger cabin that we had a normal landing and that everything was good. We landed with 2540 lbs FOD. Tower asked us if we would like to have CFR inspect our brakes. We said yes and ATC cleared us to turn right onto [Taxiway] 1 and then right onto 2. We did as advised and came to a stop shortly after turning onto Taxiway 2. CFR inspected the brakes and said that they didn't see anything wrong with our landing gear. Tower asked me if we wanted CFR to escort us to the gate. Since our brakes responded normally and there were no EICAS messages displayed and CFR's inspection indicated nothing wrong with the brakes I decided to taxi in with no CFR escort. In hindsight I would have had CFR follow us. We then taxied in with no further events. A note for the minimum fuel call. We were going to use specific speeds after leveling off at FL 350. Once we had leveled at our cruising altitude of FL350 our FOD was Indicating 3500lbs. Our release FOD was 3555 lbs and we had 684 lbs of extra fuel. System wanted; I think .67M. Our Mach buffet 1.5 G margin was .62M to .80M. We would have been close to the dot so we ran the What If" on the PERF INIT (Performance Initialization) page for .70M. The fuel required was the same for .67M as it was for .70 M. So; we set .70 M as our cruise speed. We were still indicating 3500 lbs FOD. I believe having the delay vector combined with a long final and configuring early with flaps full; as per the QRH contributed to the minimum fuel call.We were monitoring the FOD and I felt the FA's just needed a little more time to prepare the cabin. If it was any longer I would have advised  the FA's that we were going to have to land soon. However; I think that I would have checked with the FA's sooner and facilitated a quicker cabin prep.",,The Captain called us almost of initial descent; a message appeared on system the left&right brake don't work; for about 10seconds and it's gone but the Captain wanted us to prepare cabin for emergency landing in case of the brake don't work. And open right doors in the event of evacuation that perhaps to use spare brake caught in fire: because of the wind direction; left door would effect to the fire. About 30minute of prepare time we had.It was XA:15 AM. We both checked approximate landing time around XA:45 AM. Started to prepare cabin for evacuation landing: briefed 4 front ABP's and 4 ABP's (Able-bodied Passengers) doors.Acknowledged three wheel chairs to help in the event of evacuation; briefed two babies; practice brace position; it was almost to land. So we made a final prepare cabin announcement: seat back upright; fully stowed all bags to the front seat; clear the feet area. Walked final to check all the passengers. Everyone was very calm and positive. I set down in jump seat; made a last announcement for double check the seat belt; and gave passenger's positive words that we will be fine.Last before touch down: we heard brace brace" from the Captain. We did brace commend until it comes to stop. Airport fire trucks were waiting on our flight. We checked the brake and moved to the gate.All passenger's thanked pilots for safe landing; there was no injury or complaint issues. All passenger's were very helpful calm and mature.",,ERJ-170 pilot reported receiving a Brake Fault message after reaching cruise altitude. Flight continued to destination and landed safely.
2215319,202502,,BNA.Airport,TN,,,0,,,VMC,,,,,,Ramp BNA,Air Carrier,Large Transport; Low Wing; 2 Turbojet Eng,,2,Part 121,IFR,Passenger,,Parked,,,,,,,,,,,,,,,,,,,,,,,,,,,,,,,,,,,,,,,,,,,,,,,,,,,,,,,,,,,,,,,,,Aircraft X,Flight Deck,Air Carrier,Pilot Flying; Captain,Flight Crew Air Transport Pilot (ATP),Flight Crew Last 90 Days 131.62; Flight Crew Total 968.32; Flight Crew Type 968.32,,Situational Awareness,,,2215319,Aircraft X,Flight Deck,Air Carrier,Pilot Not Flying; First Officer,,Flight Crew Last 90 Days 157.43; Flight Crew Total 811.40; Flight Crew Type 811.40,,Situational Awareness,,,2215724,Aircraft Equipment Problem Critical; Deviation / Discrepancy - Procedural Published Material / Policy; Flight Deck / Cabin / Aircraft Event Smoke / Fire / Fumes / Odor; Ground Event / Encounter Ground Equipment Issue,,,Person Flight Crew,Aircraft In Service At Gate,General Evacuated,Human Factors,Human Factors,After boarding the aircraft in BNA; I went to the aft galley to brief the FAs (Flight Attendants).  During the briefing; we began to notice a slight burning smell; which was quickly followed by white/gray smoke coming from the air conditioning system.  The smoke became so thick that we could not see the front of the aircraft.  I instructed the FAs to get off the aircraft; and I ran to the flight deck at which time I shut down the packs; bleeds; and APU.  I evacuated my crew to the top of the jetbridge; as the smoke was acrid and causing irritation while breathing it.  It also filled the jetbridge.  I asked the gate agent to contact ARFF (Airport Rescue and Firefighting) to have a fire truck standing by; because at this time; the source of the smoke was not certain.  We also contacted Maintenance Control to report the issue; since we did not have the ability to send an ELB (Electronic Log Book).  Maintenance responded and after inspecting the bleed system; found large amounts of deicing fluid that had contaminated the air conditioning system.  It appears the ground crew sprayed fluid into the APU inlet while deicing the aircraft at the gate.  Maintenance did a smoke inspection in which they looked at several other systems; and confirmed that the deicing fluid was the source of the smoke.  We released ARFF when we were confident we knew the source of the smoke.  They cleaned what they could; ran ground air to clean the air system; and dispatched the aircraft.  The FAs used the deodorizers to aid in clearing the cabin of the slight burning smell.  Passengers were briefed as to what had occurred; so that they would not become nervous from smelling the residual burning scent.  We dispatched and flew to ZZZ with no further issues.  All systems operated normally.,,Prior to the flight crew entering the aircraft. Maintenance had repositioned the aircraft to the gate and had the APU and packs running to warm the aircraft. Ramp had not plugged in any GPU or PC air. We arrived to the aircraft and met the flight attendants on board. We began a normal setup and the Captain went back to brief the FAs (Flight Attendants). I proceeded to go out for a walk around; and before I exited the jet bridge; everyone ran out of the aircraft as it was filled with smoke. We didn't know at the time but the ramp was actively de-icing the aircraft as we boarded; while Maintenance had the APU running with the packs and bleeds configured accordingly. The Captain acted promptly to turn the packs and bleed sources off and turn off the APU and secure the aircraft appropriately. She then made all the  necessary calls and made sure the crew and everyone was In a safe place. Maintenance ran all checks and cleared everything out as appropriate; we later departed delayed with no further problems.,,Air carrier flight crew reported while boarding the aircraft they experienced a burning smell and smoke resulting in the Captain evacuating the crew and getting ARFF assistance.
2218775,202503,1801-2400,ZZZ.Airport,US,,,0,,,IMC,Snow,,,,,Tower ZZZ,Air Carrier,B737 Undifferentiated or Other Model,,2,Part 121,,Passenger,,Landing,,,,,,,,,,,,,,,,,,,,,,,,,,,,,,,,,,,,,,,,,,,,,,,,,,,,,,,,,,,,,,,,,Aircraft X,Flight Deck,Air Carrier,Pilot Flying; First Officer,Flight Crew Air Transport Pilot (ATP); Flight Crew Instrument; Flight Crew Multiengine,Flight Crew Last 90 Days 233.82; Flight Crew Type 388.08,,,,,2218775,Aircraft X,Flight Deck,Air Carrier,Captain; Pilot Not Flying,Flight Crew Air Transport Pilot (ATP); Flight Crew Instrument; Flight Crew Multiengine,Flight Crew Last 90 Days 90.9; Flight Crew Type 958.15,,,,,2219516,Conflict Ground Conflict; Less Severe; Ground Event / Encounter Loss Of Aircraft Control; Ground Event / Encounter Weather / Turbulence,,,Person Flight Crew,In-flight,Flight Crew Regained Aircraft Control,Weather,Weather,Descending in to ZZZ approach announced that the previously announced runway XX was closing for snow removal and therefore we could expect ILS runway XYL. We changed the FMC to reflect this change and briefed the new approach. ATC did at this time advise us that the runway condition for runway XYL was 3;3;3 and this was also broadcasted on the most recent ATIS. We ran our landing data which came back with good numbers and a crosswind component within the limitations for the aircraft and the reported runway conditions. The captain also messaged our dispatcher with the change and our dispatcher also ran landing data on his end and concurred that we were able to land on runway XYL.We got radar vectors to join the final for runway XYL and joined the ILS approach. The approach was mainly uneventful but the constant snowing and strong northerly wind did not allow us to see the runway until we were approximately 100 ft above the DA (Decision Altitude). As the runway environment came into view no asphalt was visible but I was able to see the runway center line and edge lights clearly as well as the full approach lights. Due to the crosswind from the right we came in at a slight angle and during the flare I applied the appropriate correction with ailerons to the right to maintain wings level and left rudder application to touch down with the aircraft longitudinal axis aligned with the center line. We touched down in the touchdown zone and on the center line with these inputs still necessary and auto brake 3 engaged and I applied max thrust reverser on both engines. At this point we started to decelerate; however it felt like a slower rate than normal; as we started to slow down towards 80 kts and the captain was getting ready to take over control of the aircraft I announced that I was keeping max reverse thrust and that I would not stow the reversers. The captain called out 80 kts and announced that he was taking control of the aircraft. At this point we were still on the center line and I still had right aileron input and left rudder input to maintain the center line. The captain now had control of the aircraft and we continued to slow down; at this point he started to bring back the thrust reversers towards idle reverse and the wind picked up blowing us off the center line and we started to drift towards the right runway edge. The captain said that he was not able to maintain center line and I saw him applying max reverse thrust again. I started helping out with attempting to also apply full left rudder as we continued to get closer to the runway edge. The aircraft continued to slow down and with the captains input from the tiller we were able to keep the airplane on the runway and came to a complete stop. Looking outside my side window I could see the runway edge light what looked like almost in line with the right engine. I told the tower that we were almost by the runway edge and would stop in our current position and that we would need airport ops to come out and ensure that we were clear of any lights. They closed down the runway since we were still sitting on it and aircraft on final was instructed to go-around. ZZZ OPS XX was on the frequency and was able to come out fairly quick and inspected the right side of the aircraft and determined that we were about 6-7 ft from the runway edge and still on the runway. At this point the airport fire and rescue had been notified since they suspected a runway excursion initially and they came out to inspect. We were in contact with the fire chief and he requested that we shut down the engines so that they could approach and inspect. Airport ops was at this time coordinating with the local airline station to provide a tow in to the gate. The inspection from fire and rescue concluded that we had remained on the runway and did not hit any signs or lights. Our local ground crew came out and connected the tow bar and started towing us to the gate under escort of ZZZ airport ops and the fire chief. We parked at the gate; completed our parking checklist and debriefed what happened. After the debriefing I went outside and inspected the engine cowling on engine 2 and I could not see any damaged or indications of contact with any objects.,,ZZZ1-ZZZ; we are prepared for runway XX inbound on ZZZZZ; ATC switches us to ILS XYL due to runway XX closing for snow removal. We were told by ATC it'd be approximately 35 minutes before runway XX opens up. My FO and I discussed we may need to hold to wait that's no problem we had plenty of fuel and an alternate. Also; if we needed more time to run landing data for XYL and talk to dispatch we would hold. ATC reports to us RCC 3.3.3 for XYL. My FO (pilot flying); and I discuss the runway change and run new landing data numbers. I also message Dispatch on runway change and ask him to run numbers with current runway and field conditions. All 3 of us agreed that based off RCC 3.3.3 and the current atis; we adequately and correctly received landing data possible to make a safe and assured landing. The winds were 360@18G27 at XA:53Z. We derived a crosswind of 15K; not exceeded the limitation of 25. We briefed; in addition; that if at any time my FO felt uncomfortable or concerned in the approach that he would execute a go around. We proceeded inbound ILS XYL and broke out of IMC around 1200'MSL (100' above mins). We saw the runway centerline lights XYL as well as runway edge lights. My FO landed safely in the touchdown zone and on center line. I could see pavement too approximately the width of the main landing gear in the touchdown zone. However; there was a significant amount of snow beyond the center of the runway and it seemed to get worse with snow as we continued in our rollout. We used auto brakes of 3 which assured us 6500'-7400'. At the 80 knot call I proceeded to come up on the controls; where my FO verbalized to me he will keep the thrust reversers at full. There was a positive exchange of flight controls at this time. At this point I was able to maintain center line; however it took full left rudder to maintain center line XYL. My aircraft started to weathervane into the wind slightly to the right (as the wind was moving right to left). I started to come to idle reverse thrust around 70knots. The AC continued at this point to drift right of center line; as we are still slowing down. I continued to press full left rudder as well and started to transition to the tiller (nose wheel steering). It was obvious that the AC started sliding to the right no matter what input I was giving it. The energy forward was decreasing (slowing) however I was still drifting to the right. I put the AC back into full thrust reverse as we were headed towards the taxiway 1 sign. This successfully slowed the AC. As the AC slowed under 10knots my tiller was effective and the aircraft was corrected left and maintained position on the runway. The aircraft stopped at 6800'. At all times the aircraft remained on its longitudinal axis it never exceeded past 20 degrees. We stopped prior to taxiway 1 and approximately 6-7' left of the runway edge lights. I set the parking brake and we notified tower. We reported to tower that the braking action was NIL and our current position. They instructed other AC to go around and shut down runway XYL. We did not require any emergency assistance; however we requested an Airport Operations truck to come out and confirm we were in fact on the runway and was not in any threat towards the taxiway 1 sign and a taxiway light. ZZZ Ops confirmed we were 6-7' in from runway edge lights and still on runway. We also were not in any threat towards or on the taxiway 1 sign or taxiway light. We requested a tow off and to the gate. As we waited for our Ops tow; the fire trucks were dispatched. We communicated at this time to the Fire Chief confirming there are no injuries. We confirmed that there appears nothing wrong with AC and we have remained on the runway. Also; I communicated to my FAs; passengers; and Dispatch. My FAs reported that all passengers were fine. We proceeded to gate under tow; set parking brake and completed parking checklist. Passengers deplaned; and we confirmed by examining right engine (#2) there were no concerns or damage. I debriefed with my Dispatcher; Maintenance Control; and also the chief pilot.,,B737 Flight crew reported temporary aircraft loss of control during landing rollout.
2219208,202503,,ZZZ.Airport,US,,,0,,,,Thunderstorm; Snow; Icing,Temperature - Extreme,,,,,Air Carrier,B737 Next Generation Undifferentiated,,2,Part 121,IFR,Passenger,,Parked,,,,,Y,,,,,,,,,,,,,,,,,,,,,De-Icing Fluid,,X,Improperly Operated,,,,,,,,,,,,,,,,,,,,,,,,,,,,,,,,,,,,Aircraft X,Flight Deck,Air Carrier,First Officer,Flight Crew Air Transport Pilot (ATP); Flight Crew Instrument; Flight Crew Multiengine,,,Fatigue; Time Pressure,,,2219208,,,,,,,,,,,,Aircraft Equipment Problem Less Severe; Deviation / Discrepancy - Procedural Published Material / Policy; Deviation / Discrepancy - Procedural MEL / CDL; Flight Deck / Cabin / Aircraft Event Other / Unknown; No Specific Anomaly Occurred Unwanted Situation,,,Person Flight Crew,Aircraft In Service At Gate,General Release Refused / Aircraft Not Accepted; General Maintenance Action; General Flight Cancelled / Delayed,Weather; Procedure; MEL; Human Factors; Aircraft,Weather,ZZZ was IROPS (Irregular Operations) with a Winter Storm Warning and Blizzard conditions. My normal commute time to the airport is 25 minutes. Due to the weather; I left at XA:00 for a XB:15 Report. I parked at the airport at XA:50. Upon arriving at the jet; around XB:15; the boarding area was fairly chaotic with passengers and 20-25 wheelchairs. When I got down the jet bridge; I met the captain and began to discuss the action plan with the weather. I was informed that the Stall Test and Mach test were not testing properly and we needed to clear the flaps being left down to get a new Maintenance Release. I asked the captain if he wanted me to go and have boarding stopped for us to try and build some time; which he agreed. I told the agent in the bridge we had a maintenance issue and to stop boarding while we worked through things. I returned to the flight deck to grab my vest and go outside and immediately had a supervisor behind me asking what was going on. We explained to her and she made some comment about the number of connections we had and we needed to get out on time. I conducted the walk around and returned to the flight deck for preflight preparation. We had a deice personnel come to the flight deck and began coordinating clearing the underside of the flaps and a deice plan at the gate. Meanwhile the captain had cleared the Stall Warning issue with Maintenance Control as it was connected to having the flaps down; and boarding resumed. As we continued to prepare the flight deck and post deice for the underside of the wings; we had finally gotten a mechanic onboard to come and clear the flaps once deicing was complete prior to anti-ice application to get the Maintenance Release. In the meantime; the ATIS and FICON (Field Conditions) were not clear on the field codes. The captain was working with dispatch and I was trying different takeoff data to get legal numbers. Finally; Maintenance Release on board; the gates were closing the door and we were starting the deice process around 30-40 minutes late. We were almost complete the 40 minute process and we believe that the de-icer got anti ice fluid into the APU; causing a shut down. We began coordinating with Maintenance Control and station to bring the bridge back as the aircraft was without power. Station refused to bring the bridge back and had them reapply ground power. Station and Station Maintenance asked us to attempt a restart the APU. We asked station to ask the maintenance technician how much anti ice was in inlet; as this was going to affect our risk tolerance for attempting a restart. We were told it was just a couple drips. We attempted a restart and within two minutes of stabilizing the APU shut down again. At this point we refused the aircraft as we were not going to accept a deferral for an APU in a blizzard. At this point we asked for the bridge back. The bridge had to retract the external power to move so we went completely cold and dark to preserve the battery.  The flight attendants were unable to disarm doors IAW (In Accordance With) there because that is the only means of egress. When the agent brought the bridge; she immediately began to open the door requiring swift intervention to prevent inadvertently slide deployment. This created an intense few moments for the crew while we got the door disarmed safely. Finally; the agent took off and we did not open for almost another 10 minutes. We egress and were continually delayed as one jet bridge was downed; so the ground team had to move aircraft around to board and get other flights out. All in all we closed 7.5 hours late. This included an intense mental strain with driving to the airport; trying to get an aircraft out in a blizzard and finally a near slide deployment. As we landed in ZZZ1; I was exhausted. I was missing radio calls and switches on ground. I was irritable with my captain. I was not fit to continue. I did not feel safe to even be an ABP (Able-bodied Passenger) on DH (Dead Head). Our flight to ZZZ2 was getting delayed by an hour and weather in ZZZ2 was only going to deteriorate. I called fatigued and asked for a hotel for a report time at or after XD:00 the next day to get a full circadian night sleep before continuing to work. I was just released from all duty.,,,,B737 First Officer reported prevention of an inadvertent escape slide deployment after a series of delays and maintenance issues during a blizzard. Maintenance was involved and aircraft was eventually refused.
2221106,202503,0601-1200,ZZZ.Airport,US,,0,80,,,VMC,10,,Daylight,,,CTAF ZZZ,Air Carrier,Caravan 208B,,2,Part 135,VFR,Passenger,,Takeoff / Launch,,Class E ZZZ,,,,,,,,,,,,,,,,,,,,,,,,Engine Torque Indication,,X,Malfunctioning,,,,,,,,,,,,,,,,,,,,,,,,,,,,,,,,,,,,Aircraft X,Flight Deck,Air Carrier,Captain; Pilot Not Flying,Flight Crew Multiengine; Flight Crew Commercial; Flight Crew Flight Instructor; Flight Crew Instrument,Flight Crew Last 90 Days 175; Flight Crew Total 1631; Flight Crew Type 1008,,,,,2221106,,,,First Officer; Pilot Flying,Flight Crew Commercial; Flight Crew Instrument; Flight Crew Multiengine,Flight Crew Last 90 Days 124; Flight Crew Total 715.9; Flight Crew Type 413.9,,,,,2221400,Aircraft Equipment Problem Critical,,,Person Flight Crew,In-flight,Flight Crew Returned To Departure Airport; General Maintenance Action,Aircraft,Aircraft,During our takeoff roll on RWYXX; the First Officer; who was the Pilot Flying; set the takeoff power to just below 1700 torque and announced; 'set take off power.' I observed the power was around 1500 and adjusted the power lever to approximately 1800; then made a small adjustment back to 1700.Around 70-75 knots; the First Officer moved his hand from the power lever to the yoke to rotate; which went smoothly. However; immediately after becoming airborne; the plane shuddered; and the power rapidly decreased to between 1200-1000 pounds of torque. The power continued to fall even as I tried to increase it.I immediately identified the torque issue and; assessing the remaining runway; decided to abort the takeoff. I took control; called 'my controls;' pitched the plane down; and pulled the power lever back to idle. Once back on the runway; I initiated reverse thrust and began braking. The First Officer assisted with the brakes as we neared the end of the runway.After we stopped and turned around; the engine indications appeared normal; so we taxied the plane back to the terminal without any further issues.The passengers were briefed about the incident and appeared to be thankful; calm; and understanding.Later; after starting the aircraft to taxi to a different location on the ramp; the power was rolling uncontrollably backward from approximately 400 to 180.,,On Day 0 while acting as a First Officer and Second in Command for a 135 passenger carrier; my Captain and I prepared to depart from ZZZ. I was the Pilot Flying on the leg and he was the Pilot Monitoring. I listened to the weather prior to passengers boarding. The skies were clear for our purposes and visibility 10 miles. The winds were at 6 knots and variable. After an unremarkable engine start; we repositioned on the ramp and held short of the taxi and runway. I listened to the weather again which no reported winds at 5 knots and variable. While in this holding position we both observed the wind sock on the approach end of RWY which was indicating XX was the preferred runway. We decided we would take off of Runway XX; and rotate at 75 for the variable winds. We made a radio call on the CTAF and proceeded to back taxi. Once in position on the threshold markings I applied power with nothing of note. I looked at the analog gauge and saw the needle was touching the bottom of the 1700 pounds position. I called for the Captain to 'set take off power' and lowered my hand to the base of the throttle quadrant where my finger rested on the groove for the power lever. I believe I heard a small power adjustment; which I would later learn was the captain increasing the power from 1500 pounds back up through 1700 pounds and to 1800 pounds. These number are well within our limitations. As I rotated; I took my hand off the throttle quadrant and used both hands on the yoke. I felt a slight power decrease and then an increase. This was an additional power adjustment by the captain. As I lifted off the ground and was 5-10 feet in the air I felt a strong shudder. Immediately after that a rapid decrease in torque. I learned after the fact; that this massive power decrease rolled our torque back to around 1000 pounds while the Captain was advancing the power lever. I did not observe the torque or other instruments as my focus was outside of the aircraft; however; it was audible and felt. I felt a buffet like sensation and the Captain yelled 'My controls' as he pitched down. I saw his hand then pull the power lever back to idle as he pitched us to land back on the remaining runway. He placed the aircraft down safely and began to brake and use the remaining power we had to reverse. I called out 'I'm on the brakes with you' and got on the brakes with him. We came to a stop on the approach end numbering for Runway XY.At a low power setting we taxied back to the ramp. We debriefed the passengers and de-planed them without incident. The landing was safe; coordinated; and did not fall outside the parameters of a normal landing with the exception of the braking action.After the incident the Company determined the Fuel Control Unit (FCU) was most likely at fault and advised us they would replace the FCU and the starter. The FCU was replaced that day due to the loss of power.,,C-208B air carrier flight crew reported an engine malfunction just after becoming airborne after takeoff from a non-towered airport. The Captain took the controls and landed on the remaining runway; then taxied to the terminal.
2225331,202503,1201-1800,ZZZ.Airport,US,,,,,,VMC,,,Daylight,,,Ground ZZZ,Personal,Skyhawk 172/Cutlass 172,,1,Part 91,VFR,Personal,,Taxi,Visual Approach,,,,,,,,,,,,,,,,,,,,,,,,,Brake System,,X,Malfunctioning,,,,,,,,,,,,,,,,,,,,,,,,,,,,,,,,,,,,Aircraft X,Flight Deck,Personal,Single Pilot; Pilot Flying,Flight Crew Student,Flight Crew Last 90 Days 25.3; Flight Crew Total 68.1; Flight Crew Type 68.1,,Situational Awareness; Training / Qualification,,,2225331,,,,,,,,,,,,Aircraft Equipment Problem Less Severe; Ground Event / Encounter Loss Of Aircraft Control; Ground Event / Encounter Object; Ground Excursion Taxiway,,,Person Flight Crew,Taxi,Flight Crew Regained Aircraft Control,Aircraft; Human Factors,Aircraft,On Day 0; I was scheduled to conduct a solo cross-country flight from ZZZ to ZZZ1 with a stop at ZZZ2 on the way back.Upon checking my brakes during the initial taxi; both had pressure and stopping force; however; I did notice the right brake felt slightly softer than the left.  Given my experience thus far; I did not find this to be of concern.  I've felt this sort of difference on other planes I've flown during my training and considered this to be normal variation.  I also recall checking the brake lines and sweeping my hand underneath the calipers during the preflight inspection and did not observe any visible brake fluid.  Flights from ZZZ to ZZZ1 and ZZZ1 to ZZZ2 proceeded without incident or concern.After landing at ZZZ2 at XA:26 on Runway XX; I noticed the right brake felt softer than before; while exiting the runway at Taxiway 1; so I pumped the breaks several times to build up some pressure and was able to taxi back for an eastbound departure to ZZZ without issue.  I departed ZZZ2 at XA:37.On my straight-in approach to ZZZ the controller switched me from XXR to XXL.  I accepted the landing clearance and landed without issue on XXL at XB:01.  After touching down; I applied the brakes and noticed the right brake compressed nearly to the floor.  The plane deaccelerated a bit slower than typical without the full right brake; so I chose not to exit the runway at Taxiway 1 as I was still carrying too much speed.  I held the brake all the way down and kept backpressure on the yoke to help slow the plane down.  I exited the runway on Taxiway 2 with full braking authority on the left brake; which kept me centered on the taxiway during the left turn; but when I applied the right rudder and brake again to stop the plane clear of the hold-short bars there was very little braking action. The plane continued to roll forward and to the left as I pumped the right brake attempting to slow the plane and center it on Taxiway 2; but there wasn't enough braking action to prevent the left main from drifting off the taxiway as I came to a stop.  I proceeded with switching to Ground and requested a taxi clearance.  Once granted; I check Taxiway 3 to confirm it was clear and applied the throttle to continue down Taxiway 3.  As the plane moved forward; I recall hearing a pop and notice some blue glass shards in my periphery.  It was at this moment that I realized that I had struck the lens of a blue taxiway edge light.  I'm not clear if the left main or left strut contacted the lens sending it into the propeller or if the propeller contacted the lens first; either way; it was evident that the propeller struck the glass lens. I was able to slowly taxi the plane back to its parking spot using a pumping action to make the right turns at Taxiway 4 and the parking isle.This event taught me the following lessons learned.- A difference in brake pressure between the left and right peddles during a brake check should be considered abnormal and warrants further investigation.- If the plane ever strays off the taxi surface; the plane should be shut down so the path to get back on can be inspected.- I recently learned Ground can be contacted to notify them of the situation and to request a tow back. This would have been preferred over continuing taxi operations.  Especially if there is a known deficiency; which could potentially hinder controllability during ground operations.- At the first hint of a control difficulty; action should be taken to secure the plane and to inspect the problem.- External or self-imposed pressures contributed to this incident and include finishing the XC flight; changing runways on the approach; exiting the runway expeditiously; getting the left wheel back on the taxiway as soon as possible.  These pressures could have better been managed by committing to preferred alternatives such as finishing the flight later; telling ATC 'unable'; or using whatever time is needed on the runway/taxiway.,,,,C172 student pilot reported a right brake failure during landing and subsequent taxiway excursion.
2228357,202504,0601-1200,ZZZ.Airport,US,0,0,0,,,VMC,10,,Daylight,12000,,Tower ZZZ,Corporate,Citation V/Ultra/Encore (C560),,1,Part 91,IFR,Passenger,,Taxi,,,,,,,,,,,,,,,,,,,,,,,,,,Antiskid System,,X,Malfunctioning,,,,,,,,,,,,,,,,,,,,,,,,,,,,,,,,,,,,Aircraft X,Flight Deck,Corporate,Single Pilot; Pilot Flying; Captain,Flight Crew Air Transport Pilot (ATP),Flight Crew Last 90 Days 20; Flight Crew Total 4955; Flight Crew Type 2237,,Situational Awareness,,,2228357,,,,,,,,,,,,Aircraft Equipment Problem Critical; Deviation / Discrepancy - Procedural Published Material / Policy; Ground Event / Encounter Loss Of Aircraft Control; Ground Excursion Runway,,,Automation Aircraft Other Automation; Person Flight Crew,Taxi,Flight Crew Rejected Takeoff; General Flight Cancelled / Delayed; General Maintenance Action,Aircraft; Human Factors,Ambiguous,Upon requesting taxi clearance; ground cleared me to runway XX via Taxiway 1; Taxiway 2; and Taxiway 3. Taxi was normal and the appropriate aircraft checklists were run prior to and during taxi for departure.  Once I reached runway XX; tower cleared me for takeoff and I finished the before takeoff checklist.  Rolling onto the runway I started to apply takeoff power and made one final scan of the annunciator panel and noted that the 'ANTI-SKID INOP' annunciator had illuminated.  I immediately terminated the takeoff sequence and our speed never exceeded 10 knots.  Noting that the brake pedals were still firm and that braking action was still normal; I elected to taxi to the next available taxiway (Taxiway 4) so we could clear the active runway and evaluate the situation.  Approaching Taxiway 4; I started a gradual left turn (north) and at that time the 'POWER BRAKE LOW PRESS' annunciator illuminated; followed by both brake pedals losing pressure and effectiveness.  The airplane then entered an uncontrollable left turn which resulted in the left main gear departing the runway/taxiway surface at the west corner of the intersection of Taxiway 4 and runway XX.  The aircraft came to a stop with the left main gear stuck in soft soil creating a rut approximately 6-8' deep.  Speeds during the entire sequence never exceeded 10 knots; there was no damage to the aircraft; and no injuries to any of the passengers or crew.  Once the airplane was stopped and secured; I discovered that the 'SKID CONTROL' circuit breaker on the left breaker panel had tripped.  Resetting the circuit breaker engaged the skid control motor and both of the previously noted annunciators extinguished per normal operation.  Once the aircraft was recovered; further investigation by a mechanic found the skid control system to be operating normally.  It was concluded that the event was caused by the 'SKID CONTROL' circuit breaker tripping for an undermined reason; which led to loss of braking and control of the aircraft as it was exiting the active runway.  Looking back at the chain of events; I'm not sure there is much else that I could have done to prevent the incident.  While resetting the circuit breaker would have likely remedied the problem; I was focused on communicating with ATC and exiting the active runway rather than referring to the abnormal checklist.  With respect to the position of the 'ANTI-SKID INOP' annunciator; it is adjacent to several other amber annunciators (i.e. pitot heat) that typically remain illuminated until lining up on the runway.  Had the 'ANTI-SKID INOP' annunciator been located elsewhere; it might have been more visible prior to taking the runway.,,,,C560 pilot reported a runway excursion after attempting to clear the runway following a rejected takeoff for inoperative anti-skid.
2243246,202505,1801-2400,ZZZ.Airport,US,,,0,,,VMC,,,,,,Tower ZZZ,Air Carrier,EMB ERJ 170/175 ER/LR,,2,Part 121,IFR,Passenger,,Taxi,,,,,,,,,,,,,,,,,,,,,,,,,,Electrical Power,,X,Malfunctioning,,,,,,,,,,,,,,,,,,,,,,,,,,,,,,,,,,,,Aircraft X,Flight Deck,Air Carrier,Captain; Pilot Flying,Flight Crew Multiengine; Flight Crew Air Transport Pilot (ATP); Flight Crew Instrument,,,,,,2243246,Aircraft X,Flight Deck,Air Carrier,First Officer; Pilot Not Flying,Flight Crew Air Transport Pilot (ATP); Flight Crew Multiengine; Flight Crew Instrument,,,,,,2243244,Aircraft Equipment Problem Critical; Ground Event / Encounter Loss Of Aircraft Control,,,Person Flight Crew,Taxi,General Maintenance Action,Aircraft,Aircraft,After initiating descent we had 2 advisory messages display. The first advisory was SPDA FAIL the second was FUEL FEED 2 FAULT. After complying with the QRH; No action was required except to monitor fuel system. Clearing the runway EICAS messages ENG 1 REV PROT FAULT; ENG 2 REV PROT FAULT; CRG FWD VENT FAIL; ENG 1 & 2 NO DISPATCH. We cleared Runway XXR and assessed the messages. On Taxiway 1 I called for flaps up and my First Officer (FO) started the APU. After turning on [Taxiway] 2 we were told that our gate was occupied. We pulled into the scenic pad to wait for our gate. After sitting there for a few minutes I called to shut down engine number 2. We received a call from operations that our gate had opened around XA:30. We were given a taxi clearance 1; 3; cross Runway XYR; right turn 4; hold short XYC. After a few minutes we were cleared to cross XYC. I released the parking brake and started to cross. My FO noted the EICAS message STEER OFF had appeared. Which I thought was odd because I was still steering with the tiller. I let up on the tiller and reengaged it with success. Half way across the runway we got a STEER FAIL message and I lost all steering with the tiller. I tried steering with the rudder before coming to a full stop on the runway. My FO alerted Tower we had lost all steering on XYC. We set the parking brake and alerted operations and Maintenance. After that we ran the STEER FAIL check list and reset it. It did not work and we could not control with differential braking. We got towed back to the gate XX.Cause: STEER Fail on an active runway was the cause. We are not aware of what caused the Steering to fail on the aircraft. I imagine that it had to do with some sort of electrical connection problem. We deduced that it was not a hydraulic problem because we did have braking action with the rudder pedals and the system looked normal on the hydraulic systems page. We had multiple EICAS messages after landing that were associated with the SPDA FAIL. The other messages that popped up didn't seem to make any sense in terms of that failures we had.Suggestions: I don't have much of a suggestion. What happened was a mechanical failure of our steering function that was unfortunately on a runway. We did everything that we could think of to fix the situation. Nothing worked for us so our best solution was to get a team to tow us off of the runway to the gate. If we had gotten the notification earlier we wouldn't have entered the runway but there was no indication that our steering was going to fail at that time or before while we were taxiing.,,During descent; we received SPDA FAIL and FUEL FEED 2 FAIL EICAS messages. We ran the appropriate checklists and continued the flight. After landing; we received the ENG 1 and 2 NO DISPATCH; CRG FWD VENT FAIL; ENG 1 and 2 REV PROT FAULT EICAS messages immediately after clearing the runway. We contacted maintenance and simultaneously received an instruction to wait in the scenic pad by the ground controller. While waiting for our gate to open; we shutdown engine 2 and continued to assess the messages. A few minutes later; ground instructed us to taxi via 2; 3; cross XZL; and hold short of XYC on 4. Shortly after; we were cleared to cross XYC on 4. While crossing the runway; we received the STEER FAIL EICAS message and the Captain was unable to steer the aircraft. We were put in a position where the safest answer was to stop and immediately contact Tower. We ran the STEER FAIL checklist and contacted Maintenance. We were unable to fix the problem and coordinated with operations to have a tug bring us to [gate] XX.Cause: We are unaware of what specifically caused the steering to fail; however I believe it was a result of some sort of electrical malfunction. The list of EICAS messages after landing was very confusing and did not seem to isolate one particular system.Suggestions: I do not currently have a suggestion that relates to a mechanical failure; but I believe these situations require crew members to slow down and use all applicable resources to make the safest decision.,,EMB-170 flight crew reported receiving multiple advisory messages on descent; then experienced nose wheel steering failure after landing; necessitating a tow into the gate.
2266167,202507,0601-1200,ZZZ.Airport,US,,,,,,,,,,,,Center ZZZ,Air Carrier,EMB ERJ 145 ER/LR,,2,Part 121,IFR,Passenger,,Descent,,Class A ZZZ,,,,,,,,,,,,,,,,,,,,,,,,Unknown,,X,Malfunctioning,,,,,,,,,,,,,,,,,,,,,,,,,,,,,,,,,,,,Aircraft X,Flight Deck,Air Carrier,Captain; Pilot Flying,Flight Crew Air Transport Pilot (ATP); Flight Crew Multiengine; Flight Crew Instrument,Flight Crew Type 4400,,Troubleshooting; Time Pressure; Workload,,,2266167,,,,,,,,,,,,Aircraft Equipment Problem Critical; Flight Deck / Cabin / Aircraft Event Smoke / Fire / Fumes / Odor,,,Person Flight Attendant; Person Flight Crew,In-flight,Air Traffic Control Provided Assistance; Flight Crew Requested ATC Assistance / Clarification; Flight Crew Landed in Emergency Condition; Flight Crew Overcame Equipment Problem; General Evacuated,Aircraft,Aircraft,Upon descent through FL220 established on the ZZZZZ Arrival; we passed through an area of icing conditions which activated the deicing system. The First Officer and I smelled smoke in the cockpit; to which we discussed the potential origin of. Flight Attendant contacted us through emergency comm; and confirmed smoke in the cabin as well as the smell of smoke. While we were communicating with them; I observed the cockpit become hazy with smoke. I immediately requested priority handling with ZZZ Center; and proceeded to conduct a priority landing following all Checklist and SOP procedures to the best of my ability. The situation and evacuation was conducted based on prior training received through company. Once we landed on XXR in ZZZ; I exited the aircraft expediently and conducted the emergency evacuation procedure; having coordinated with the Flight Attendant and ATC ahead of time. I had originally planned to conduct the evacuation on the runway after immediately bringing the aircraft to a stop; but made the snap judgement to instead exit right and conduct the evacuation on the taxiway parallel to XXR on the opposite side of XXL. This was primarily due to my observation of aircraft lined up and holding short of XXL. I also observed emergency services waiting for us on that taxiway.An emergency descent was not conducted due to no pressurization issues observed. We were established in a descent before the fact. Fire and Smoke QRC and QRH was conducted after the immediate establishment of ATC / Company / passenger /Attendant comms and turned on appropriate heading. QRH for fire was unable to be completed due to immediate landing duties. Aircraft met fire services on taxiway parallel to XXR. Finally; there was initially some delay responding to the problem due to suspected improper installation of First Officer (FO) oxygen mask.All crewmembers did the best job that they could given the extenuating circumstances and should be commended for their hard work and expedient actions to bring about the best possible resolution to this unfortunate event.,,,,EMB-145 Captain reported smoke in cabin and cockpit during descent and aircraft shutdown and evacuated on the taxiway.
2267580,202507,,ZZZ.Airport,US,,,800,,,IMC,,,,,,TRACON ZZZ; Tower ZZZ,Air Carrier,A320,,2,Part 121,IFR,Passenger,,Initial Climb,Visual Approach,Class B ZZZ,,,,,,,,,,,,,,,,,,,,,,,,Air Data Computer,,X,Malfunctioning,,,,,,,,,,,,,,,,,,,,,,,,,,,,,,,,,,,,Aircraft X,Flight Deck,Air Carrier,Captain; Pilot Not Flying,Flight Crew Air Transport Pilot (ATP); Flight Crew Instrument; Flight Crew Multiengine,Flight Crew Last 90 Days 147.25; Flight Crew Type 4109.97,,Troubleshooting,,,2267580,,,,,,,,,,,,Aircraft Equipment Problem Critical; Inflight Event / Encounter Weather / Turbulence,,,Automation Aircraft Other Automation; Person Flight Crew,In-flight,Flight Crew Landed in Emergency Condition; Flight Crew Requested ATC Assistance / Clarification; Flight Crew Overcame Equipment Problem,Aircraft; Human Factors; Weather,Aircraft,During takeoff out of ZZZ climbing though 800 feet we got an ECAM to switch the Capts air data to position 3. We followed the ECAM which restored my air data. This ECAM was followed by more ECAMS letting us know that all the Capts probes had failed. We completed all the ECAMs and checklists. Out of about 10;000 I asked a Captain who was in our jumpseat to back up my FO while I talked to Dispatch and Maintenance Control. I briefed them on the maintenance issue. Dispatch agreed with me that the best course of action was to continue to ZZZ1. ZZZ1 at the time had better weather than ZZZ. I advised dispatch that I felt it would be a good idea to request priority handling into ZZZ1. There were delays due to arrival traffic and I didn't want to get put into holding while having Avionics issues. The weather was clear during cruise and the temperature was well above freezing at ZZZ1 at the time. All of the anti icing failed on the captain's probes as well. Dispatch agreed and we proceeded to ZZZ1. I elected not to brief the flight attendants at this time. If the systems degraded further we would bring them into the loop. After requesting priority handling we were giving priority handling and initially flew an ILS which turned into a visual approach to XXR. Once on the ground we canceled priority handling with ATC and proceeded to the gate.,,,,A320 Captain reported an air data malfunction during the initial climb. The Captain considered the weather at the departure airport then made the decision to continue the short leg to the destination airport and landed.
2268645,202507,1801-2400,ZZZ.Airport,US,,,0,,,VMC,,,,,,Tower ZZZ,Air Carrier,B737 Undifferentiated or Other Model,,2,Part 121,IFR,Passenger,,Landing,,,,,,,,,,,,,,,,,,,,,,,,,,Nosewheel Steering,,X,Failed,,,,,,,,,,,,,,,,,,,,,,,,,,,,,,,,,,,,Aircraft X,Flight Deck,Air Carrier,Pilot Not Flying; Captain,Flight Crew Multiengine; Flight Crew Instrument; Flight Crew Air Transport Pilot (ATP),,,,,,2268645,Aircraft X,Flight Deck,Air Carrier,Pilot Flying; First Officer,Flight Crew Multiengine; Flight Crew Instrument; Flight Crew Air Transport Pilot (ATP),,,,,,2268670,Aircraft Equipment Problem Critical; Ground Event / Encounter Loss Of Aircraft Control,,,Person Flight Crew,Taxi,Air Traffic Control Provided Assistance; Flight Crew Requested ATC Assistance / Clarification; General Maintenance Action,Aircraft,Aircraft,After touchdown; decelerating through 110 kts the aircraft began to experience heavy vibrations. As the aircraft continued to slow; the airframe vibrations intensified. Decelerating through 90 kts; I took  control of the aircraft. The aircraft didn't pull to either side. Engine indications appeared normal. The aircraft continued to decelerate normally. Stopping on the runway was assured. Below 10 kts; the vibration slowed. I attempted to turn left on to a taxiway in an effort to clear the runway. After the turn was initiated; I discovered that I had no steering control so I stopped the aircraft; set the parking brake; and informed Tower that we were disabled.I checked in with the flight attendants and made a PA to the passengers informing them we had a steering failure and required a tow. We called operations and then maintenance to inform them of the situation. We submitted ELBs (Electronic Logbook). They continued to keep us updated on the recovery plan. I made regular PAs to the passengers to keep them informed. Due to the extended delay; I directed the flight attendants to distribute water and snacks. As the air stairs and buses arrived; maintenance was able to attach the tug to the aircraft. We elected to choose the tow option to expedite getting passengers to the gate.,,Upon a smooth landing approximately 2-2.5 thousand feet down Runway XXR with auto brakes 3 engaged; plane started a small buffet.  As buffeting increased as we slow; I got on the brakes approximately 100 knots; and the Captain took the controls between 80-90 knots as the buffet became heavy.  Braking action appeared normal despite the vibrations.  The airplane never pulled but the pronounced buffet delayed our attempt to turn off the runway until the end at Taxiway 1.  The buffet dissipated somewhat around 10 knots and an attempt to turn off at 5 knots confirmed that there was no steering authority. Tower asked us to expedite and I informed them unable and we were stopping on Taxiway 1 and on Rwy XXR.  ZZZ visually confirmed pin was missing and nose gear was perpendicular to the aircraft.  After approximately an hour and a half; maintenance was later able to remove a nose gear door and capture the skewed nose gear to tow us back to the gate.,,B737 flight crew reported the nose wheel steering failed during landing roll and they were unable to clear the runway.
2271538,202508,1201-1800,ZZZ.Airport,US,,0,0,,,VMC,10,,Daylight,12000,,Tower ZZZ,FBO,SR20,,2,Part 91,None,Training,,Takeoff / Launch,,,,,,,,,,,,,,,,,,,,,,,,,,Main Gear Tire,,X,Failed; Improperly Operated,,,,,,,,,,,,,,,,,,,,,,,,,,,,,,,,,,,,Aircraft X,Flight Deck,FBO,Pilot Not Flying; Instructor,Flight Crew Instrument; Flight Crew Multiengine; Flight Crew Commercial; Flight Crew Flight Instructor,Flight Crew Last 90 Days 580; Flight Crew Total 800; Flight Crew Type 200,,Confusion; Training / Qualification; Communication Breakdown; Situational Awareness,Party1 Flight Crew; Party2 ATC,,2271538,Aircraft X,Flight Deck,FBO,Trainee; Pilot Flying,Flight Crew Private,Flight Crew Last 90 Days 15; Flight Crew Total 135; Flight Crew Type 51.7,,Confusion; Situational Awareness; Training / Qualification,,,2271543,Conflict Ground Conflict; Critical; Ground Event / Encounter Loss Of Aircraft Control,,,Person Flight Crew,,Flight Crew Took Evasive Action,Human Factors,Human Factors,During landing at ZZZ on the ILS XX Student landed successfully and initiated appropriate technique for a touch and go. During the take off roll IP (Instructor Pilot) heard a similar tail number and the instructions to HOLD SHORT; HOLD SHORT; HOLD SHORT. IP believed the tower had called for our aircraft to hold short due to a truck heading for Runway XX. IP took controls and initiated full braking action. Braking action resulted in left tire failure and a slight lose of control as the aircraft drifted left on the runway. IP contacted tower and informed tower of the loss of tire and tower diverted traffic from Runway XX. I believe that as IP I took necessary action to prevent collision with a vehicle that was approaching Runway XX.Once I determined the safety of the crew I started communication with our supervisor. [The] FBO facilitated the removal of the aircraft from the runway. I assisted as necessary. After the aircraft was parked crew conducted a post flight and ensured the aircraft was in a safe condition (CAPs pin; switches/mags off; chalked; and locked. Inspected aircraft for general damage and only the LH gear tire and wheel pant were noted.Communications were saturated with ATC (approach and tower). Tower was talking to several aircraft and a ground vehicle. Tower was bouncing communication frequently. IP believe that tower told our aircraft to hold short resulting in hard braking to ensure safety. IP could have been listening to comms better ensuring proper tail number before the incident. IP braking technique was too drastic. There was more time to react than initially perceived.,,During landing at ZZZ on the ILS XX I landed successfully and initiated appropriate technique for a touch and go. During the takeoff roll IP (Instructor Pilot) heard a similar tail number and the instructions to HOLD SHORT; HOLD SHORT; HOLD SHORT. IP believed the tower had called for our aircraft to hold short due to a truck heading for Runway XX. IP took controls and initiated full braking action. Braking action resulted in left tire failure and a slight lose of control as the aircraft drifted left on the runway. IP contacted tower and informed tower of the loss of tire and tower diverted traffic from Runway XX.Once IP determined the safety of the crew IP started communication with our supervisor. [The] FBO facilitated the removal of the aircraft from the runway. IP assisted as necessary. After the aircraft was parked crew conducted a post flight and ensured the aircraft was in a safe condition (CAPs pin; switches/mags off; chalked; and locked. Inspected aircraft for general damage and only the LH gear tire and wheel pant were noted.Communications were saturated with ATC (approach and tower). Tower was talking to several aircraft and a ground vehicle. Tower was bouncing communication frequently. IP believe that tower told our aircraft to hold short resulting in hard braking to ensure safety.,,Instructor and trainee reported a loss of aircraft control during the takeoff phase of a touch and go landing. Instructor applied excessive braking during rejected takeoff after hearing ATC directions meant for another aircraft.
2278080,202508,1201-1800,ZZZ.ARTCC,US,,,,,,,,,,,,TRACON ZZZ,Air Carrier,Regional Jet 700 ER/LR (CRJ700),,2,Part 121,IFR,Passenger,,Initial Approach,,Class B ZZZ,,,,,,,,,,,,,,,,,,,,,,,,Hydraulic System,,X,Failed,,,,,,,,,,,,,,,,,,,,,,,,,,,,,,,,,,,,Aircraft X,Flight Deck,Air Carrier,Captain,Flight Crew Multiengine; Flight Crew Air Transport Pilot (ATP); Flight Crew Instrument,Flight Crew Type 1300,,Time Pressure; Workload; Communication Breakdown; Troubleshooting,Party1 Flight Crew; Party2 Ground Personnel,,2278080,Aircraft X,Flight Deck,Air Carrier,First Officer,Flight Crew Instrument; Flight Crew Air Transport Pilot (ATP); Flight Crew Multiengine,Flight Crew Type 3500,,Communication Breakdown; Workload; Time Pressure; Troubleshooting,,,2278088,Aircraft Equipment Problem Critical,,,Person Flight Crew,In-flight,Air Traffic Control Provided Assistance; Air Traffic Control Issued New Clearance; Flight Crew Requested ATC Assistance / Clarification; Flight Crew Landed in Emergency Condition; Flight Crew Diverted; Flight Crew Overcame Equipment Problem; General Flight Cancelled / Delayed,Aircraft,Aircraft,While on approach to ZZZ1 runway XY a HYD 3 LO PRESS caution message displayed after landing gear extension. The decision was made to break off the approach to run the QRH procedure. After positive climb rate; the gear handle was moved to the retract position and a Gear Disagree warning message followed. Performed QRH gear disagree; message cleared. Gear remained in the extended position with three green down indications.  Instructions to land at nearest suitable. Performed QRH for HYD 3 LO PRESS caution less than 1800 psi. Qty was 45 press 0. Both system pumps indicated amber flow lines. QRH required flaps 20 landing with QRH landing distance of 5300ft. After a hold earlier in the flight the landing fuel at ZZZ1 was around 3400 lbs. Dispatch was sent an acars message indicating the HYD 3 LO PRESS; land nearest suitable. Vectors were given to the northeast while the procedures were being completed. No response was received from dispatch. The decision was made at that point to turn to ZZZ and land XXL. Taking under consideration the longer runway; straight in approach; multiple runways to not shut down airport ops at ZZZ1; crosswinds at both facilities. Fuel at landing was going to be near minimum fuel; and the option for a go-around if necessary in a gear down configuration would have been in the emergency fuel range. Also considering that an A/SKID FAULT status message appeared earlier in the flight indicating that the system's redundancy may have been compromised. The flight attendants were briefed on the nature of the flight with no need to evacuate and with special instructions to have everyone remain seated after we stopped on the runway as well as; the estimated time remaining in the flight. The passengers were briefed on the situation and what to expect for the remainder of the flight as well as after landing. After landing the aircraft was stopped on the runway and ARFF (Airport Fire and Rescue) performed inspections of the aircraft with emphasis on brake temperatures and leaking fluids. A tug was dispatched to tow the aircraft to the gate. After coordinating with ARFF; Dispatcher was contacted via phone. Dispatcher questioned why the decision was made to go to ZZZ Dispatcher stated understanding for the reason but pointed out that an R1 for the diversion was not sent. While being towed to the gate at XA:31 local time eight messages from dispatch until that point we had not received any messages via acars during the event. Until that point there was no received response from dispatch. Landing was at XA00 local. Fuel at landing was 2200lbs.No abnormal behavior was observed from the passengers while exiting the aircraft. All expressed understanding and appeared grateful. Maintenance personnel met the aircraft at the gate and noted leaking fluid under the aircraft. Hydraulic system failure on approach leading to go around and delay vectors in a gear down configuration. Intermittent or lack of ACARS signal inhibited coordination with dispatch. Contacting Dispatch via the RCO frequency would have provided the necessary communication link that would have helped in the situation given that the ACARS was not receiving.,,On departure from ZZZ2; at gear up; status message illuminates indicating Anti-Skid Fault. While running QRH; fault message extinguishes. No hydraulic or other anomalies noted. Next; near/over ZZZ3 we are issued an unexpected hold which uses additional fuel. We advise we can't hold more than 15 mins. Released from hold 15 to 20 min later.Sometime near this location; the flight attendants called us stating a varying squealing sound was being heard in the vicinity of row 13 that she attributed to possible feedback from a malfunctioning PA system. After landing and being towed to the gate; we relayed the flight attendants observation to a maintenance tech and they stated that the Hyd 3 pumps are near row 13. While inbound to ZZZ1 on ILS XY; 3 mi from FAF; at gear down; a HYD 3 LO PRESS caution message was displayed. Decision was made to go around and run the QRH procedure. After positive climb rate; the gear handle was moved to the retract position and a Gear Disagree warning message followed. Performed QRH gear disagree; gear lever selected down and the message cleared. Gear remained in the extended position with three green down indications. QRH Instructions to land at nearest suitable. Performed QRH for HYD 3 LO PRESS caution with less than 1800 psi. Qty was 45%; press was 0. Both system pumps indicated amber flow lines and zero hydraulic pressure. QRH required flaps 20 landing with QRH landing distance of 5300ft. After the unplanned hold earlier in the flight; the landing fuel at ZZZ1 was approximately 3400 lbs. Dispatch was sent an ACARS message indicating the HYD 3 LO PRESS; with land at nearest suitable airport. Vectors were given to the Northeast while the procedures were being completed. No response was received from dispatch. The decision was made at that point to turn to ZZZ and land XXL. Taking into consideration the longer runway; straight in approach; multiple runways to not shut down airport ops at ZZZ1; crosswinds at both facilities. Also considering that an A/SKID FAULT status message appeared earlier in the flight indicating that the system's redundancy may have been compromised which could result in a longer landing distance than the QRH indicated.The flight attendants were briefed on the nature of the flight with no need to evacuate and with special instructions to have everyone remain seated after we stopped on the runway as well as; the estimated time remaining in the flight. The passengers were briefed on the situation and what to expect for the remainder of the flight as well as after landing.Tower was notified that we had limited braking action and no steering and we would be stopping on the runway and requested ARFF (Airport Rescue and Fire Fighting) to meet us. After landing the aircraft was stopped on the runway and ARFF preformed inspections of the aircraft with emphasis on brake temperatures and leaking fluids. A tug was dispatched to tow the aircraft to the gate. After coordinating with ARFF; dispatcher was contacted via phone. Dispatcher questioned why the decision was made to go to ZZZ. Dispatcher stated understanding for the reason but pointed out that an R1 for the diversion was not sent. While being towed to the gate at XA:31 local time eight messages from dispatch until that point we had not received any messages via acars during the event. Until that point there was no received response from dispatch. Landing was at 1500 local. Fuel at landing was 2200lbs.No abnormal behavior was observed from the passengers while exiting the aircraft. All expressed understanding and appeared grateful. Maintenance personnel met the aircraft at the gate and noted leaking fluid under the aircraft. Cause: Hydraulic system failure on approach leading to go around and delay vectors in a gear down configuration. Intermittent or lack of ACARS signal inhibited coordination with dispatch.Suggestions: This was not an event that could have been prevented. We weighed all our options and given the failures; possible conditions that could have further affected the calculated landing distance (including gear down fuel flow rates not accounted for in timing of minimum/emergency fuel declarations) and possible braking degradation above and beyond the known loss of inboard brakes (ie possible degradation of anti-skid system) the election to land on the longer runways at ZZZ was the more conservative choice.,,Air carrier Captain reported hydraulic system failure and divert to a nearby suitable airport.
2294383,202510,1201-1800,ZZZ.ARTCC,US,,,,24000,,IMC,Icing,,,,,Center ZZZ,Air Carrier,EMB ERJ 145 ER/LR,,2,Part 121,IFR,Passenger,,Climb,,Class A ZZZ,,,,,,,,,,,,,,,,,,,,,,,,Aerofoil Ice System,,X,Failed,,,,,,,,,,,,,,,,,,,,,,,,,,,,,,,,,,,,Aircraft X,Flight Deck,Air Carrier,Pilot Flying; First Officer,Flight Crew Multiengine; Flight Crew Instrument; Flight Crew Air Transport Pilot (ATP),,,Workload; Troubleshooting,,,2294383,Aircraft X,Flight Deck,Air Carrier,Captain; Pilot Not Flying,Flight Crew Multiengine; Flight Crew Instrument; Flight Crew Air Transport Pilot (ATP),,,Troubleshooting; Workload,,,2294385,Aircraft Equipment Problem Critical; Inflight Event / Encounter Weather / Turbulence,,,Automation Aircraft Other Automation,In-flight,Air Traffic Control Provided Assistance; Flight Crew Diverted; Flight Crew Landed As Precaution; Flight Crew Landed in Emergency Condition; Flight Crew Requested ATC Assistance / Clarification,Aircraft; Procedure,Aircraft,Pack 2 was MEL'd in ZZZ prior to flight to ZZZ1. Reaching altitude; FL240; we encountered icing; followed by a Wing A/I fail and master warning because we were in icing conditions. We attempted to go out of icing; then we noticed our cabin pressure altitude start to climb above 10000ft; at which we declared an emergency and diverted to ZZZ2. Our O2 masks that we donned in the flight deck were dry rotted as well; providing an additional safety concern. Normal approach to landing and under max landing weight. No trucks requested and no pax concerns.Suggestion: All O2 masks be inspected immediately fleetwide. Improved onboard weather detection is required fleetwide.,,Aircraft X.  ZZZ TO ZZZ1. Prior to departure from ZZZ; maintenance was contacted and MEL 21-XX-X was added for a PACK 2 failure/leak.  Normal taxi; takeoff and departure with a normal climb out to 24000ft.  At cruise; we encountered light rime icing.  We received a wing anti-ice failure followed by anti-ice inop warning. We requested a descent with ATC. During the descent; we experienced an increase in cabin pressure altitude into the amber; then red range. We donned our oxygen masks; but they did not seal properly. Per maintenance; the internal tubing was dry rotted and leaking. We requested priority handling with ATC; squawked XXXX; and increased the rate of descent to 4000 ft./min. down to 10;000 feet. At 10;000 feet; we dumped the cabin pressure. We coordinated with ATC to divert to ZZZ2. We did not require special assistance or emergency vehicles at ZZZ2. We performed a normal approach to normal landing; gross weight was under Max landing weight. We arrived at the gate normally.  The FA reported no abnormalities in the cabin and no passenger complaints. The aircraft was handed off to maintenance in ZZZ2.Cause: Systems failure; Maintenance inspection failure; Limited weather detection capabilities.Suggestion: Inspect all crew oxygen masks immediately fleetwide for proper operation. Install improved on board weather detection systems Fleet wide. No change to routing occurred with dispatch after MEL was added to release. This suggests limited weather detection capabilities for both air crew and dispatch.,,EMB 145 flight crew and flight attendant reported wing anti-ice system failure and cabin pressure increase during cruise. Flight crew diverted safely.
