 ,Time,Time,Place,Place,Place,Place,Place,Place,Place,Environment,Environment,Environment,Environment,Environment,Environment,Aircraft 1,Aircraft 1,Aircraft 1,Aircraft 1,Aircraft 1,Aircraft 1,Aircraft 1,Aircraft 1,Aircraft 1,Aircraft 1,Aircraft 1,Aircraft 1,Aircraft 1,Aircraft 1,Aircraft 1,Aircraft 1,Aircraft 1,Aircraft 1,Aircraft 1,Aircraft 1,Aircraft 1,Aircraft 1,Aircraft 1,Aircraft 1,Aircraft 1,Aircraft 1,Aircraft 1,Aircraft 1,Aircraft 1,Aircraft 1,Aircraft 1,Aircraft 1,Aircraft 1,Aircraft 1,Aircraft 1,Component,Component,Component,Component,Aircraft 2,Aircraft 2,Aircraft 2,Aircraft 2,Aircraft 2,Aircraft 2,Aircraft 2,Aircraft 2,Aircraft 2,Aircraft 2,Aircraft 2,Aircraft 2,Aircraft 2,Aircraft 2,Aircraft 2,Aircraft 2,Aircraft 2,Aircraft 2,Aircraft 2,Aircraft 2,Aircraft 2,Aircraft 2,Aircraft 2,Aircraft 2,Aircraft 2,Aircraft 2,Aircraft 2,Aircraft 2,Aircraft 2,Aircraft 2,Aircraft 2,Aircraft 2,Aircraft 2,Aircraft 2,Aircraft 2,Person 1,Person 1,Person 1,Person 1,Person 1,Person 1,Person 1,Person 1,Person 1,Person 1,Person 1,Person 2,Person 2,Person 2,Person 2,Person 2,Person 2,Person 2,Person 2,Person 2,Person 2,Person 2,Events,Events,Events,Events,Events,Events,Assessments,Assessments,Report 1,Report 1,Report 2,Report 2,Report 1
ACN,Date,Local Time Of Day,Locale Reference,State Reference,Relative Position.Angle.Radial,Relative Position.Distance.Nautical Miles,Altitude.AGL.Single Value,Altitude.MSL.Single Value,Latitude / Longitude (UAS),Flight Conditions,Weather Elements / Visibility,Work Environment Factor,Light,Ceiling,RVR.Single Value,ATC / Advisory,Aircraft Operator,Make Model Name,Aircraft Zone,Crew Size,Operating Under FAR Part,Flight Plan,Mission,Nav In Use,Flight Phase,Route In Use,Airspace,Maintenance Status.Maintenance Deferred,Maintenance Status.Records Complete,Maintenance Status.Released For Service,Maintenance Status.Required / Correct Doc On Board,Maintenance Status.Maintenance Type,Maintenance Status.Maintenance Items Involved,Cabin Lighting,Number Of Seats.Number,Passengers On Board.Number,Crew Size Flight Attendant.Number Of Crew,Airspace Authorization Provider (UAS),Operating Under Waivers / Exemptions / Authorizations (UAS),Waivers / Exemptions / Authorizations (UAS),Airworthiness Certification (UAS),Weight Category (UAS),Configuration (UAS),Flight Operated As (UAS),Flight Operated with Visual Observer (UAS),Control Mode (UAS),Flying In / Near / Over (UAS),Passenger Capable (UAS),Type (UAS),Number of UAS Being Controlled (UAS),Aircraft Component,Manufacturer,Aircraft Reference,Problem,ATC / Advisory,Aircraft Operator,Make Model Name,Aircraft Zone,Crew Size,Operating Under FAR Part,Flight Plan,Mission,Nav In Use,Flight Phase,Route In Use,Airspace,Maintenance Status.Maintenance Deferred,Maintenance Status.Records Complete,Maintenance Status.Released For Service,Maintenance Status.Required / Correct Doc On Board,Maintenance Status.Maintenance Type,Maintenance Status.Maintenance Items Involved,Cabin Lighting,Number Of Seats.Number,Passengers On Board.Number,Crew Size Flight Attendant.Number Of Crew,Airspace Authorization Provider (UAS),Operating Under Waivers / Exemptions / Authorizations (UAS),Waivers / Exemptions / Authorizations (UAS),Airworthiness Certification (UAS),Weight Category (UAS),Configuration (UAS),Flight Operated As (UAS),Flight Operated with Visual Observer (UAS),Control Mode (UAS),Flying In / Near / Over (UAS),Passenger Capable (UAS),Type (UAS),Number of UAS Being Controlled (UAS),Location Of Person,Location In Aircraft,Reporter Organization,Function,Qualification,Experience,Cabin Activity,Human Factors,Communication Breakdown,UAS Communication Breakdown,ASRS Report Number.Accession Number,Location Of Person,Location In Aircraft,Reporter Organization,Function,Qualification,Experience,Cabin Activity,Human Factors,Communication Breakdown,UAS Communication Breakdown,ASRS Report Number.Accession Number,Anomaly,Miss Distance,Were Passengers Involved In Event,Detector,When Detected,Result,Contributing Factors / Situations,Primary Problem,Narrative,Callback,Narrative,Callback,Synopsis
,,,,,,,,,,,,,,,,,,,,,,,,,,,,,,,,,,,,,,,,,,,,,,,,,,,,,,,,,,,,,,,,,,,,,,,,,,,,,,,,,,,,,,,,,,,,,,,,,,,,,,,,,,,,,,,,,,,,,,,,,,,,
2256063,202506,,SFO.Airport,CA,,,,3000,,VMC,,,,,,Tower SFO,Air Carrier,Commercial Fixed Wing,,2,Part 121,IFR,Passenger,,Final Approach,,Class B SFO,,,,,,,,,,,,,,,,,,,,,,,,,,,,Tower SFO,Air Carrier,Commercial Fixed Wing,,2,Part 121,IFR,Passenger,,Final Approach,,Class B SFO,,,,,,,,,,,,,,,,,,,,,,,,Aircraft X,Flight Deck,Air Carrier,Pilot Not Flying; Captain,Flight Crew Instrument; Flight Crew Multiengine; Flight Crew Air Transport Pilot (ATP),Flight Crew Last 90 Days 211.52; Flight Crew Type 776.02,,Situational Awareness,,,2256063,,,,,,,,,,,,Conflict Airborne Conflict; Inflight Event / Encounter Unstabilized Approach; Inflight Event / Encounter CFTT / CFIT,,,Automation Aircraft RA; Person Air Traffic Control,In-flight,Flight Crew Took Evasive Action,Human Factors; Procedure,Procedure,Paired with Aircraft Y on final in SFO. We were lined up for a visual approach on 28R coupled with the ILS. We were high on the base leg but with traffic and the field in sight were cleared the visual and told to maintain 180 kts. to the bridge. As we turned final approach to join the localizer we were still high and descending at a higher rate than normal from 3000 ft. Aircraft Y was below us a significant amount. We were then told by ATC to slow to 160 kts. to the bridge. We continued to configure to slow and descend but were still coming down at a higher rate than usual. We received an RA Level Off; followed guidance and almost immediately received 'clear of conflict'. At the same time Aircraft Y made ATC calls of RA Descend and then RA Clear of conflict. With them still in sight we continued the approach and continued our effort to descend to the glidepath while maintaining lateral path. I started to key the mic to announce the RA but Tower got there first and called 'Aircraft Y low altitude alert...' That led to a go around call from Aircraft Y from below us so I was hyper vigilant on what the ATC instructions were going to be and they gave Aircraft Y a turn to the southwest and a climb away from us. We then refocused on the approach and continued our descent to a stable approach. We landed without further incident and taxied to the gate.Do to all of the circumstances I was not able to communicate the RA to the controller because of trying to manage the descent and radio congestion with the paired aircraft. By the time the radio quieted down we were focused on the approach to land.,,,,Air carrier Captain reported receiving an RA on approach to SFO when ATC turned another air carrier aircraft on to a parallel course for the west runways. The other aircraft also received an RA; and during the RA-directed maneuver was given a low altitude alert by ATC.
2256452,202506,,ZZZ.Airport,US,,,70,,,VMC,,,,,,Tower ZZZ,Air Carrier,B737 Undifferentiated or Other Model,,2,Part 121,IFR,Passenger,,Landing,,,,,,,,,,,,,,,,,,,,,,,,,,Fuselage Tail Cone,,X,Malfunctioning,,,,,,,,,,,,,,,,,,,,,,,,,,,,,,,,,,,,Aircraft X,Flight Deck,Air Carrier,Pilot Not Flying; Captain,Flight Crew Air Transport Pilot (ATP); Flight Crew Instrument; Flight Crew Multiengine,Flight Crew Last 90 Days 131.2; Flight Crew Type 289.92,,Confusion; Situational Awareness; Training / Qualification; Communication Breakdown,Party1 Flight Crew; Party2 Flight Crew,,2256452,,,,,,,,,,,,Aircraft Equipment Problem Critical; Deviation / Discrepancy - Procedural Published Material / Policy; Ground Event / Encounter Ground Strike - Aircraft; Ground Event / Encounter Loss Of Aircraft Control; Inflight Event / Encounter Unstabilized Approach; Inflight Event / Encounter Loss Of Aircraft Control,,,Automation Aircraft Other Automation; Person Flight Crew,In-flight,Aircraft Aircraft Damaged; General Maintenance Action,Aircraft; Human Factors,Aircraft,This was the final leg of a 2-day; 3-leg pairing. The first day had gone off with no issues. The final leg; ZZZZ-ZZZ; was uneventful with a standard departure; climb and cruise phase. The First Officer (FO) was pilot flying (PF) while I was pilot monitoring (PM). Weather app was showing some light to moderate turbulence during the descent and we expected weather to begin building around our ETA; so we coordinated with the flight attendants (FAs) to be seated early.We initially set up for and briefed the RNAV (RNP) Z Runway XX into ZZZ due to the ATIS; recent runway usage and other aircraft being assigned the same. ZZZ issued a descend via clearance on the ZZZZZ landing south; so we re-briefed and set up for the RNAV (RNP) Z Runway XXR. The remainder of the arrival phase was uneventful: we joined the approach at ZZZZZ1; maintained the ATC assigned speeds; and the weather seemed surprisingly calm for ZZZ in the summer.Around 250' AFE we received a TCAS TA either for a Runway XY departure (who we were crossing over) or an aircraft taxiing on 1/2. We verbalized the alert; saw the traffic; and continued.Around 70' AGL we experienced a strong decreasing performance downdraft. As I began to verbalize the need to add power; the FO began increasing power to compensate. I did not see the airspeed decrease below Vapp or Vref and based on my (admittedly limited) experience on the 737 thought we had adequate energy. However; the additional power was maintained later than usual and the aircraft bounced. This produced a significant startle effect and triggered the takeoff configuration warning which added to the confusion. Reflectively; the FO retarded the thrust levers and the aircraft began to settle. It took a second or two for us to both wrap our head around the aircraft's state and the FO asked if we should go around. At this point I saw a pitch attitude of approximately 7.5 degrees nose up and felt that we were only a few feet above the runway. My concern was that adding power would produce a nose up moment and drive the tail into the runway; particularly with the slow spool-up times of the LEAP engines. I felt that we were too late to successfully go-around from such a low-energy state without a serious risk of aircraft damage and stated that we should continue the landing. The rollout was more disorganized than normal but manual braking and reverse thrust was accomplished.We exited the runway and taxied to the gate. I was concerned with the potential for a tail strike; having felt a very slight; barely perceivable vibration during the touchdown that I was hoping was just a main wheel spinning up. The parking checklist was accomplished.The FO and I conducted a debrief of the energy management on the approach and landing. We discussed the need to immediately go-around with that loss of performance and bounce; particularly since the engines were still spooled up at that point. We debriefed why I felt landing was the more appropriate choice at the time we had both caught up mentally to the aircraft's state and how disorienting the bounce was. We also discussed how despite being clearly at the limit for pitch before tail contact; the nose did not visibly appear to be that high; especially compared to other aircraft we had flown before that did not have such serious tail strike concerns.A post-flight inspection revealed damage to the tail skid bumper but no visible damage to the aircraft fuselage or structure. The tail skid indicator still had a small amount of green remaining. We submitted an ELB report and notified Maintenance.,,,,B737 Captain reported a bounced landing that resulted in a tail strike. The aircraft tail skid was damaged and a maintenance inspection was requested.
2257309,202506,1801-2400,ZZZ.Airport,US,,,,2400,,VMC,,,,,,Tower ZZZ,Air Carrier,B737 Next Generation Undifferentiated,,2,Part 121,IFR,,,Final Approach,,Class B ZZZ,,,,,,,,,,,,,,,,,,,,,,,,,,,,Tower ZZZ,Air Carrier,B747 Undifferentiated or Other Model,,2,Part 121,,,,Final Approach,,Class B ZZZ,,,,,,,,,,,,,,,,,,,,,,,,Aircraft X,Flight Deck,Air Carrier,First Officer; Pilot Not Flying,Flight Crew Air Transport Pilot (ATP); Flight Crew Instrument; Flight Crew Multiengine,Flight Crew Last 90 Days 217.03; Flight Crew Type 852.97,,Time Pressure,,,2257309,Aircraft X,Flight Deck,Air Carrier,Pilot Flying; Captain,Flight Crew Multiengine; Flight Crew Instrument; Flight Crew Air Transport Pilot (ATP),Flight Crew Last 90 Days 151.78; Flight Crew Type 626.85,,Time Pressure,,,2257265,ATC Issue All Types; Conflict NMAC; Deviation / Discrepancy - Procedural Clearance; Inflight Event / Encounter CFTT / CFIT; Inflight Event / Encounter Unstabilized Approach,Horizontal 0; Vertical 300,,Automation Air Traffic Control; Automation Aircraft TA; Person Air Traffic Control; Person Flight Crew,In-flight,Air Traffic Control Issued Advisory / Alert; Flight Crew Took Evasive Action,Airspace Structure; Procedure,Airspace Structure,On first contact with ZZZ Approach; we were assigned the Visual to runway XXL into ZZZ. This required an approach change in the FMC. As the approach is RNAV based; we loaded the approach; connecting to the ZZZZZ1 from ZZZZZ. Additionally we verified the correct RNP; 2 working GPS's; turned off VOR and DME updating; ensured the final approach courses were set to XXX; and the ILS/VOR Recievers were tuned to XXX.X. After verifying we had correctly set up for an RNAV approach; the Captain made the decision to keep the Autopilot connected in order to accurately make the turn from ZZZZZ and join the final approach course. In his judgement and mine; this was the safest course of action to avoid an overshoot on final. As is normal when flying FMC visual approaches into ZZZ; we were paired with parallel traffic; in this case Aircraft Y. We were able to clearly identify our traffic visually. As we begun our descent; on the lateral path inbound to runway XXL; TCAS gave us the aural alert; TRAFFIC; TRAFFIC." Both of us cross referenced the TCAS on the MFD (Multi-function Flight Display) to confirm Aircraft Y position in relation to us. Additionally; as the aircraft in question was off the right side of the aircraft; flying the approach to runway XXR; I once again visually confirmed the aircraft's position. At this moment; we received an RA requiring a descent to avoid conflict with the intruder aircraft. The Captain disconnected the automation and began following resolution guidance. Again I looked out to confirm the position of Aircraft Y  however the aircraft had disappeared from view AND according to TCAS was within 300' of our altitude and appeared to be descending on top of us. We continued to follow RA guidance and began to discuss. Need to turn as altitude was running out. Just a few moments later we received the 'monitor vertical track' que from TCAS and the Captain arrested the descent rate. We also received a LOW ALTITUDE alert from ZZZ tower. We then coordinated a left hand turn from Tower; followed by a climb initially to 3100' and executed a go around. Following the go around; we set up for another approach into ZZZ and landed without further event. Upon listening to archived ATC recordings; Aircraft Y continued their approach and landed without incident and appeared unphased or unaware of what had occurred on final.",,On speed and path; AP on in LNAV/VNAV.  ZZZZZ visual XXL.  Aircraft Y cleared visual on XXR.  FO initially had Aircraft Y in sight; but they overshot final and drifted behind us. Tcas showed them nearly on top of us using the lowest range of 2.5 miles. I understand the display limitations of tcas; but we had lost visual.  As we queried tower; we received and followed a descending RA.  We then asked for a breakout to the south and performed a go around.  We shot another visual and landed w/o further incident.,,B737 flight crew reported parallel traffic overshot final resulting in a NMAC; unstable approach; and low altitude alert with a terrain advisory.
2257931,202506,,SFO.Airport,CA,,,,2500,,VMC,,,,,,Tower SFO,Air Carrier,Medium Large Transport; Low Wing; 2 Turbojet Eng,,2,Part 121,IFR,Passenger,,Final Approach,,Class B SFO,,,,,,,,,,,,,,,,,,,,,,,,,,,,Tower SFO,Air Carrier,Medium Large Transport; Low Wing; 2 Turbojet Eng,,2,Part 121,IFR,Passenger,,Final Approach,,Class B SFO,,,,,,,,,,,,,,,,,,,,,,,,Aircraft X,Flight Deck,Air Carrier,First Officer; Pilot Flying,Flight Crew Multiengine; Flight Crew Instrument; Flight Crew Air Transport Pilot (ATP),Flight Crew Last 90 Days 113.95; Flight Crew Total 1611.45; Flight Crew Type 1611.45,,Workload; Communication Breakdown; Confusion; Distraction; Human-Machine Interface; Physiological - Other; Situational Awareness; Training / Qualification,Party1 Flight Crew; Party2 Flight Crew,,2257931,Aircraft X,Flight Deck,Air Carrier,Captain; Pilot Not Flying,Flight Crew Multiengine; Flight Crew Air Transport Pilot (ATP); Flight Crew Instrument,Flight Crew Last 90 Days 77.18; Flight Crew Total 77.18; Flight Crew Type 77.18,,Confusion; Communication Breakdown; Human-Machine Interface; Distraction; Situational Awareness; Training / Qualification; Workload,Party1 Flight Crew; Party2 ATC,,2257923,ATC Issue All Types; Conflict Airborne Conflict; Deviation - Speed All Types; Deviation - Track / Heading All Types; Deviation / Discrepancy - Procedural Published Material / Policy; Deviation / Discrepancy - Procedural Clearance; Inflight Event / Encounter Unstabilized Approach; Inflight Event / Encounter CFTT / CFIT,,,Automation Air Traffic Control; Automation Aircraft RA; Person Flight Crew,In-flight,Air Traffic Control Issued Advisory / Alert; Flight Crew Became Reoriented; Flight Crew Executed Go Around / Missed Approach,Human Factors; Procedure; Airspace Structure,Human Factors,I was PF and the Captain was the PM. We had completed one flight together the night before and I thought we worked well together. At the beginning of the event flight we both stated that we were very familiar with SFO. The weather was good VFR; and the flight was standard until we entered the SFO terminal area.We were on the BDEGA4 STAR and were expecting to fly the full STAR which overflies SFO and leaves you on a left downwind for 28L. Because of this we had briefed the visual 28L backed up by the ILS but acknowledged 28R was a possibility. When Oakland Center handed us off to NorCal approach we did not receive a runway assignment. We were then handed off to another Controller who did not give us a runway assignment. When we were approximately at the CORKK intersection ATC gave us heading 110; that put us on a right downwind for 28R; however we still did not receive a runway assignment. We decided not to change the box since we did not want to make multiple FMC changes if ATC ended up doing something unusual. The Captain said he would quickly load a new approach; as needed; once a runway assignment or approach clearance was given by ATC. We received at least one more frequency change; still with no runway assignment.Roughly abeam the CEPIN intersection (on the ILS 28R approach chart) we were given a base turn. We were at approximately 5000 ft; descending to 4000 ft; and CEPIN has a published altitude of 3000 ft. ATC asked if we had the field or the traffic on 28L in sight. We said we had the field in sight but not the traffic. Because of this ATC turned us in towards the final approach course but did not give us a lower altitude. At this point there was confusion as to what approach should be flown. The Captain wanted to load the straight in ILS to 28R. I was unsure if we should do that or the Bridge visual. I voiced my concern; and the Captain quickly convinced me to go with the ILS. Finally; we saw the traffic below us; and we informed ATC. ATC cleared us for the visual 28R. Maintain 160 knots to the bridge." At this point things became extremely hectic. I immediately saw that we were extremely high and at least 20 knots faster than the speed assignment. The Captain asked if I wanted a lower altitude. I quickly said 'Yes! Give me anything.' I rapidly configured the aircraft with flaps 3; gear down; and full speed brakes; in an OPEN DES (idle thrust) descent at 160 kts. We were descending at 2000-2500 FPM trying to catch the glideslope. The Captain told me to shallow the heading to intercept the localizer so we wouldn't have a problem with the parallel 28L traffic. I complied; and a little while later the autopilot grabbed the localizer. I remember the automated '2500' callout was made by the aircraft. Shortly after that we received a TCAS traffic alert from Aircraft Y parallel to us on 28L. A few seconds after the TCAS alert we received turned into a TCAS Resolution Advisory.[Then the next few events happened extremely rapidly]: The aircraft called out 'monitor vertical speed.' I disconnected the autopilot; left the auto throttles engaged; and turned both of the flight directors off. (The Captain was busy looking for the traffic and talking on the radio; and I did not want to overload him by asking for flight directors off.) I also decided to retract the speed brakes as I did not want to have so much drag out while flying a TCAS RA. However; the speed immediately shot up from our current speed of 160 kts to approximately 175 kts. (Flaps 3 limit speed is 185 kts.) I instinctively pulled the throttles to idle. (Not that it made any difference since the throttles were at idle the entire time.) I looked down at the VSI to see if I could reduce my rate of descent. Instead; I saw that I was doing 2000 fpm and the VSI number was red. The green portion of the VSI was below my VSI needle indicating a steeper descent was needed to get clear of the conflict.I immediately pulled full speed brakes and tried to gently pitch down. Airspeed was approximately 170 kts; and I did not want it to increase much more than that. I was extremely task saturated by hand flying a localizer course and an idle; high drag descent. I was simultaneously trying to comply with the TCAS RA without over speeding the flaps. While retracting the flaps might have helped; I did not think about that at time. (The thought of retracting flaps during a descending; low altitude; relatively low airspeed TCAS RA would not come naturally to most pilots.) I glanced at the radar altimeter and saw we were less than 2000 ft AGL. Up until this point the Captain had been extremely busy on the radio trying to tell ATC about the TCAS RA while meanwhile looking over his left shoulder trying to keep Aircraft Y in sight. In this moment of rapidly growing frustration I yelled something like 'this is [expletive] up' to bring the Captain into the loop and give me direction. I then looked down at the VSI and radar altimeter and saw we were still descending at 2000 rpm; the VSI was STILL red indicating a steeper descent was STILL needed for the TCAS RA; and the radar altimeter was now 1000 ft. At that point I 'snapped out of it' and realized the TCAS RA was the least of our problems. I stowed the speed brakes; slammed the throttles to TOGA and began gently pitching to 10 degrees nose up. As the aircraft started to climb I called out 'Going around. Gimme gear up.' I began a shallow turn to the right to get away from the traffic on 28L. ATC gave us a climb to 3100 ft and runway heading (284). About this time; I got the autopilot and autothrottles engaged. A short time later we were given a small left turn to 260. The Captain grabbed the heading knob and started quickly turning it to the left; well past 260; and he kept turning it to the left. I disconnected the A/P and flew approximately a 260 heading. I loudly said; 'stop that's the wrong way.' He loudly said; 'it's a left turn.' And I said; 'to 260' and I pointed right in front of the aircraft to indicate where heading 260 was. At that point he also 'snapped out of it' and returned the heading bug to 260. I tried to reengage the A/P; but it kept trying to turn left in the direction the heading bug had been initially turned. I disconnected the A/P again and hand flew for a few seconds before the airplane seemed to 'snap out of it' and the A/P began working correctly. The rest of the flight was uneventful. Contributing Factors:--Multiple NorCal Controllers failed to give us a runway assignment. This left us unsure what approach to have loaded in the FMGC and required a last-minute heads down input at the worst possible moment. When the last Approach Controller cleared us for the visual 28R; he did not specify whether we should join a straight in or the Bridge visual. I think all 28R visuals should be flown on the Bridge visual; but ATC needs to specify that in the clearance.ATC's vectors were also too tight and too high. We can't be left high and then given a last-minute approach clearance with a simultaneous speed reduction. Not only do aircraft descend faster at higher airspeeds; but we need to stay level to bleed off speed resulting in being even higher on the approach profile. My former company had a policy that ALL RAs may be ignored if the pilots have the RA traffic in sight. I have a theory that that is exactly what happened on this day. I think our TCAS gave us a descending RA and gave Aircraft Y a climbing RA; but the pilots chose to ignore it (because they had us in sight) which led to our TCAS to almost drive us into the water. If the pilots had followed their RA maybe we would have received a clear of conflict sooner and not flown so close to the water.",,During our arrival to SFO we were given a visual approach to runway 28R. During that approach we were held high and vectored too close to the aircraft on runway 28L resulting in an RA and a go around. It was a clear and sunny approach into SFO. We flew directly over the field from the BEDGA4 RNAV arrival. We then received vectors to the east of the field and were told to expect a visual. We had runway 28L in the FMGC as it was our best estimate and not specified by approach nor the chart. We received a descent to 4000 and a turn to the south with instructions from ATC to call traffic and the airport in sight.  At this point we clarified which runway we could expect and changed the FMGC appropriately. While looking for the traffic; we received another turn towards the final approach course. At that point the traffic and the airport were in sight. We called them as such and received a clearance for a 'visual approach to 28R'. Approach then asked us to fly a shallower intercept heading. Our best guess is that the original heading was too close to the other A/C. We were high so the PF started to configure and descend. While I did my best to keep the traffic in sight and monitor the approach; the traffic for 28L slid behind our wing. At this point we were shallowing our descent to stabilize our approach. I would estimate it was roughly 1500'. At this time we received a descending RA of approximately 2000 FPM. While digesting the situation the PF retracted the speed brakes and now we were accelerating towards a flap over speed and attempting to respond to the RA. It became clear that this was unstable and a GA was necessary. At 1000' the PF made the correct decision to GA and started the GA sequence. At this time we received an altitude alert from the Tower Controller. I responded saying that we were responding to an RA and also going around. At this point we had TOGA power set and were cleaning the A/C up while getting heading and ALT instructions from Tower. Our initial instructions were to fly runway heading and climb to 3100'. While I was attempting to set 3100; we received instructions to make a 'Left turn 260; Left turn; Left turn 260.' This urgency combined with the 3100' altitude caused me to momentarily lose SA. I sternly told the FO to turn left as I was spinning the heading selector. He correctly stated that he was flying 260 and I was spinning the heading selector incorrectly. I regained my SA and we cleaned the A/C up. After receiving higher altitude instructions we were cleared back around for a visual to 28L. An uneventful landing was accomplished. We parked at the gate and had a very good debrief on the event. Credit to the PF for concentrating on flying the A/C and maintaining SA and safety at all times.,,Air Carrier crew reported an unstable approach and CFIT/CFTT event along with a TCAS RA and low altitude alert from ATC while executing a visual approach to runway 28R at SFO.  Crew performed a missed approach and returned for landing.
2258011,202506,0601-1200,RNO.Airport,NV,,,,8000,,,,,,,,Tower RNO,Air Taxi,Medium Transport; Low Wing; 2 Turbojet Eng,,2,Part 135,IFR,,,Final Approach,,Class C RNO,,,,,,,,,,,,,,,,,,,,,,,,,,,,,,,,,,,,,,,,,,,,,,,,,,,,,,,,,,,,,,,Aircraft X,Flight Deck,Air Taxi,First Officer; Pilot Not Flying,Flight Crew Instrument; Flight Crew Air Transport Pilot (ATP); Flight Crew Multiengine,,,Troubleshooting,,,2258011,,,,,,,,,,,,Deviation / Discrepancy - Procedural Published Material / Policy; Inflight Event / Encounter CFTT / CFIT; Inflight Event / Encounter Unstabilized Approach; Inflight Event / Encounter Weather / Turbulence,,,Automation Aircraft Terrain Warning; Person Flight Crew,In-flight,Flight Crew FLC complied w / Automation / Advisory,Weather; Human Factors; Environment - Non Weather Related,Human Factors,Due to the high winds and strong gusts; we took runway 26 at Reno for landing. The crosswind on the other runways were over the limits of the aircraft. Wind 280/24 G35. Upon turning right base to runway 26; we established a climb in order to have enough altitude for a safer height above the terrain as well as allow for a stabilized approach to runway 26. The approach to runway 26 brings you over a small mountain. We were at 6000 and climbed up to about 8000. After passing the mountain and starting our descent for landing; it seemed that we needed more of a descent rate and Capt disconnected auto pilot. I believe the initial lowering of the nose caused an excessive descent rate which is when we received the GPWS Sink rate; pull up. It was momentary and cleared once the rate of descent was again changed. The approach was now stabilizing. I believe the wind also played a factor in this as it was pretty strong. Approach continued without any issues to a safe landing. Suggestions: I believe using this runway at night is not a great idea. There are no published approaches for this runway as well. I never felt that we were in any danger with being able to see clearly during the day. I should have called go-around when we received the warnings but I could see that we were clear and it was corrected by captain immediately.,,,,Air Taxi First Officer reported a GPWS sink rate alert resulted in a CFTT event due to terrain factor landing runway 26 to RNO.  First officer stated when wind dictates; not enough vertical guidance is available to this runway; especially at night.
2259291,202506,1801-2400,ZZZ.Airport,US,000,1,,2500,,,Thunderstorm; Turbulence; Windshear; 10,,Dusk,4000,,Tower ZZZ,Personal,Skylane 182/RG Turbo Skylane/RG,,1,Part 91,VFR,Personal,,Landing,,Class D ZZZ,,,,,,,,,,,,,,,,,,,,,,,,Main Gear Tire,,X,Improperly Operated,,,,,,,,,,,,,,,,,,,,,,,,,,,,,,,,,,,,Aircraft X,Flight Deck,Personal,Single Pilot; Pilot Flying,Flight Crew Instrument; Flight Crew Multiengine; Flight Crew Air Transport Pilot (ATP),Flight Crew Last 90 Days 50; Flight Crew Total 4500; Flight Crew Type 185,,Time Pressure; Workload; Situational Awareness,,,2259291,,,,,,,,,,,,Aircraft Equipment Problem Less Severe; Ground Event / Encounter Loss Of Aircraft Control; Inflight Event / Encounter Unstabilized Approach; Inflight Event / Encounter Loss Of Aircraft Control; Inflight Event / Encounter Weather / Turbulence,,,Person Flight Crew,In-flight,Flight Crew Diverted; Flight Crew Regained Aircraft Control; Flight Crew Requested ATC Assistance / Clarification,Environment - Non Weather Related; Aircraft; Human Factors; Weather,Weather,I was operating my Cessna 182 on a VFR flight from ZZZ1 to ZZZ2 with one passenger who is a fellow pilot on board.   Bad weather in thunderstorms and rain along our route of travel was building and slowly but surely closing in our destination airport. As we approached our destination; we were forced to adjust our flight track south around a large growing thunderstorm. We made contact with ZZZ Tower and asked to use their airspace to maneuver south of some rain we could see and then around to the north to our destination on the back side of the rain. We were approved to do so. Upon turning north and still in ZZZ's airspace. We encountered severe turbulence at 2500 MSL and aircraft performance increases due the storms front  edge now moving south instead of east that were not conducive to continued flight. We immediately turned around and requested landing at ZZZ. The tower cleared us to make a straight in landing for runway XXL. It was immediately apparent with the huge increase in performance we were experiencing that we could not descend. I noticed the wind was coming from the north now according to my Garmin G5 avionics at a velocity of 20 Kts. I inquired with the tower; who stated the airport winds were 170 @ 5 knots. As we were on a 1 mile final and now too high to land; the now moderate turbulence had died down a bit. I requested to the tower for runway XY due to this; and tower told me that they were unable due to other traffic. I informed the tower that I would then need to make a short approach to avoid the weather coming in very quickly from the north; only 1 mile away as I experienced; and I was  approved for a left descending 360 back to the downwind for XXL and a short approach. On the downwind leg; the severe turbulence was encountered again before even reaching the north end of the pavement. I elected to make short approach and I added full flaps at 90MPH while going to idle power; and turned for the runway. The severe wind event we were flying in wasn't allowing the airplane to descend much at all without the airspeed increasing. I was writhing my flap speed at 93MPH but couldn't afford more airspeed increase to prevent a flap overspeed. I placed the airplane in a left hand slip and brought it down to the runway at mid field which would typically be significantly more runway than needed in a calm wind or with any head wind situation.  I regularly operate the airplane off a 2500 [foot] grass strip with very sufficient margins. I was carrying about 15 MPH extra airspeed due to the tail wind I was experiencing. In the flair; I noticed late; that the Garmin was now indicating a 20 MPH tail wind. I touched down very long with about 2000' of runway remaining; which again would typically be more than 2.5 times the needed runway for this airplane on a normal day. But my ground speed was higher due the tail wind and the wind event was very severe requiring heavy aileron and elevator inputs to keep the airplane on the runway and straight.It was apparent to me that a go around was no longer a suitable or safe option and with what I now believed to be severe tailwind shear event; a huge decrease in performance could result in a catastrophic outcome on an attempted departure in these conditions. So I mashed on the brakes knowing I had sufficient runway to stop; but also knowing the tires would skid. The right tire then blew out with about 1200 feet of runway remaining. I held centerline and brought the airplane to an easier stop and maintaining centerline control with 800' of runway remaining. I notified the tower of the blow tire and my inability to exit the runway and needing assistance of a dolly. Tower sent the airport ops truck which was nearby and requested and was granted to shut the airplane off and go off radios to work with airport ops.It took about 45 mins to locate the dolly; retrieve it; and get the airplane on the dolly and clear of the runway under its own power. I informed the tower over the radio when the runway was clear and received taxi instructions to taxi the aircraft slowly on the dolly The tire had spun in the rim; which caused the valve stem to spin and shear off causing the blowout. There was no other damage to the aircraft or airport.  Neither myself or my passenger were injured in any way.,,,,C182 pilot diverting to an airport to avoid weather experienced wind shear and unexpected tailwind gusts during landing resulting in an unstable approach; long landing and blown tire.
2260174,202507,1201-1800,BWI.Airport,MD,,,,900,,VMC,,,,,,Tower BWI,Air Carrier,Commercial Fixed Wing,,2,Part 121,IFR,Passenger,FMS Or FMC; GPS,Final Approach,Visual Approach,Class B BWI,,,,,,,,,,,,,,,,,,,,,,,,,,,,,,,,,,,,,,,,,,,,,,,,,,,,,,,,,,,,,,,Aircraft X,,,Captain; Pilot Flying,Flight Crew Air Transport Pilot (ATP); Flight Crew Multiengine; Flight Crew Instrument,Flight Crew Last 90 Days 201.08; Flight Crew Type 810.27,,,,,2260174,,,,,,,,,,,,ATC Issue All Types; Deviation / Discrepancy - Procedural Published Material / Policy; Inflight Event / Encounter CFTT / CFIT; Inflight Event / Encounter Unstabilized Approach,,,Person Air Traffic Control,In-flight,General None Reported / Taken,ATC Equipment / Nav Facility / Buildings; Human Factors; Procedure,Ambiguous,Aircraft vectored in within 1NM to final approach fix and higher than published altitude and 210knots assigned. Despite calling the field in sight; BWI Approach did not issue Visual Approach clearance until nearly 1min later further compounding high energy state of aircraft. PF and PM configured aircraft as expeditiously as possible to achieve stabilized approach criteria. After receiving landing clearance; BWI Tower issued low altitude alert approaching 1000AGL. Aircraft was still above glide slope and correcting. Both pilots elected to continue approach noting visual and instrument indications showed the aircraft still above glide path with only 'final flaps to go.' Stabilized approach criteria was met by 500AGL to include final configuration; landing checklist; descent rate and airspeed. The aircraft landed and taxied to gate without issue.,,,,Air carrier Captain reported a low altitude alert from tower even though the aircraft was above the glide slope.
2260551,202507,1801-2400,ZZZ.Airport,US,,,,1000,,IMC,Rain,,,,,Tower ZZZ,Air Carrier,Regional Jet 900 (CRJ900),,2,Part 121,IFR,Passenger,,Final Approach,,Class D ZZZ,,,,,,,,,,,,,,,,,,,,,,,,,,,,,,,,,,,,,,,,,,,,,,,,,,,,,,,,,,,,,,,Aircraft X,Flight Deck,Air Carrier,First Officer; Pilot Not Flying,Flight Crew Air Transport Pilot (ATP); Flight Crew Multiengine; Flight Crew Instrument,,,Distraction; Time Pressure; Situational Awareness,,,2260551,,,,,,,,,,,,Deviation / Discrepancy - Procedural Published Material / Policy; Inflight Event / Encounter CFTT / CFIT; Inflight Event / Encounter Unstabilized Approach; Inflight Event / Encounter Weather / Turbulence,,,Person Air Traffic Control,In-flight,Flight Crew Diverted; Flight Crew Executed Go Around / Missed Approach,Human Factors; Weather,Human Factors,During our approach into ZZZ we executed a go around due to not being stable by 1000ft. We got to focused on weather near the field and were distracted trying to make a decision on if we were going to beat the storms in. Because of that distraction we ended up starting the approach high and fast. In trying to get down and slow down we found ourselves not configured for landing and below glideslope by 1000ft. ATC then called out a low altitude alert. so we immediately executed a go around to try the approach again. On our second attempt at the approach the storms had moved closer into the airport and had intensified. We were painting extreme precipitation on top of the field for the second attempt at which point we decided to just divert to ZZZ1 and wait out the storms. Landed in ZZZ1 without incident.Cause: 'Got fixated on the weather trying to make a decision that as pilot monitoring I failed to notice that we were high and fast. In turn not properly backing up my captain who was pilot flying.Suggestion: Need to remember to not fixate.,,,,Air carrier First Officer reported receiving a low altitude from ATC after descent below glideslope. Flight crew executed a go around and diverted due to weather considerations.
2260879,202507,1201-1800,ZZZ.Airport,US,,,,,,VMC,,,Daylight,,,Tower ZZZ,Air Carrier,Regional Jet 200 ER/LR (CRJ200),,2,Part 121,IFR,Passenger,,Landing,,,,,,,,,,,,,,,,,,,,,,,,,,,,,,,,,,,,,,,,,,,,,,,,,,,,,,,,,,,,,,,,,Aircraft X,Flight Deck,Air Carrier,Pilot Flying; Captain,Flight Crew Multiengine; Flight Crew Instrument; Flight Crew Air Transport Pilot (ATP),,,Distraction; Situational Awareness,,,2260879,Aircraft X,,,First Officer; Pilot Not Flying,Flight Crew Air Transport Pilot (ATP); Flight Crew Multiengine; Flight Crew Instrument,,,Distraction; Situational Awareness,,,2260883,Ground Event / Encounter Loss Of Aircraft Control; Ground Event / Encounter Object; Ground Excursion Runway; Inflight Event / Encounter Weather / Turbulence; Inflight Event / Encounter Unstabilized Approach,,,Person Flight Crew,In-flight,Aircraft Aircraft Damaged,Weather; Human Factors,Ambiguous,Beginning at the initial approach; we were cleared for the visual runway XX.  Due to being slightly high we had to increase our descent rate which delayed our aircraft deceleration as we came in for the approach.  We overflew the final path from west to east perpendicular to the final path.  Once under configuration we s turned back to the approach coarse rejoining the path and continuing down the course.  At stability call out we were correcting speed but on course for the approach.  However due to turbulence and gusty conditions; we were having difficulty remaining in a tolerable speed envelope.  About half way down the approach we decided to call go-around.  We executed the briefed go-around and returned to a stable altitude and airspeed and downwind of the airport.  We decided to adjust the final speed to account for the gust.  We verified the weather again to make sure that it was within tolerance.  Winds were 260 15 gusting 22.  We adjusted for the gusts and decided to keep the longer runway.  We extended our downwind to accommodate adjusting and getting configured early so that we could focus on the landing.  We were on course and heading down the glide slope.  We had the runway in sight and were still encountering deviations of gains and losses of +/-15 above our min speed.  As we approached the last 200 feet the winds settled down and we touched down centerline and on both mains and began a normal rollout.  I touched down before the briefed go-around point and within the landing zone.  As I began to spool the thrust reversers and to my best memory just after crossing the perpendicular runway; the aircraft began to veer sharply to the right in a quick aggressive manner. I began to apply firmer braking in tandem with my already max thrust reverser position.  As we neared the edge of the right side of the runway I was at full left rudder with brakes as hard as I could manage while not losing control of the aircraft.  The FO had joined in and had the yoke full left deflection (cross correction max with wing level) and I grabbed the tiller and executed a sharp left turn which swung the nose gear in the correct direction of the runway however the right main gear departed the runway momentarily.  As we rejoined the runway we had slowed to a considerably slower speed and brought the aircraft to a crawl and slowly taxied to the end of the runway and exited onto taxiway 1.  As we joined taxiway 1; I brought the aircraft to a stop.  I had a brief discussion with the FO and called back to the FA to check on passenger condition and if they had noticed that we ran off the runway or not.  FA stated that passenger mood was fine and that she didn't realize anything had happened.  At that point I notified her that we would continue to taxi and deplane normally.  I briefly scanned the controls and couldn't find any one indication that there was a problem with the aircraft so I elected to taxi in to the gate and park.  I was a bit in shock that we had just experienced such a violent excursion from the runway; but as best as I could tell I couldn't figure out what was wrong with the plane.  We taxied into the gate and parked and terminated the flight without incident.  During deplaning; passenger mood seemed amicable considering we had just momentarily left the runway.  It could be said that it may have gone unnoticed by most passengers if not all. We began post flight analysis of the flight from this point. Cause: Post flight analysis revealed that both main gear tires were fairly worn out due to the event above.  Tread was torn at angles and under tread was showing.  I went with the airport manager to access the track marks on the runway; and determined we had in fact departed the runway by about 2-3 feet off the edge and the marks went down the runway for approximately 30 ft before returning to the runway.  About thirty minutes later we discovered that one of the runway lights were hit; and that there was a dent on the right flap dueto the light strike.  Contributing to this event; both pilots were caught off guard by startle surprise due to the location of the event (middle of rollout) it was quick and aggressive.  At one point I thought maybe we had lost an engine due to the abnormally large veer to the right.  I noticed during thrust reverser stowage; that there was a yellow REV light on left engine but I am almost positive it was in transit to stow.  Both thrust reversers deployed normally and were actuated.  Ground crew verified they heard the thrust reversers and said they witnessed a cloud of smoke when the brakes were applied.  Skid marks were visible from approximately 1500 starting just after the crossing runway and stopping before taxiway 2.Suggestions: During debriefing we realized we didn't run the descent check on the second go-around due to task fixation. However; the After Takeoff check was completed and the TR were left armed because we knew we needed them shortly.,,The initial approach into the airport was just slightly high and the conditions were turbulent. We overflew the approach path from West to East and came back to assist in losing altitude and giving us more time. As we rolled out on the approach course for runway XX and began our final descent; we determined that we were unstable due to fluctuating airspeed and therefore performed a go-around. At this point we brought the flaps up per the checklist and ran the after takeoff check. I as the FO kept the thrust reversers armed; knowing that we would be making another attempt shortly. In the downwind we decided to extend out further in order to come in more stable. We also verified that winds were 260 at 15 gusting 22; a routine landing crosswind. We configured early during the right downwind and base so that the landing would have a higher chance of success. On approach; again to runway XX; we experienced gains and losses of approximately 15 knots making sure to stay above our minimum approach speeds. Once we cleared the treeline; about 200 AGL; the winds settled down and we touched down before the briefed go-around point (being taxiway 3). We began firm braking and pulled the thrust reversers up. As we did this; we began to veer sharply to the right and the captain asked if he had lost an engine as he attempted to control the aircraft's trajectory. At this point I looked quickly and noted that both engines were running. When I looked back up and saw that the aircraft was still veering off to the right; I jumped on the controls with full left aileron as well as left rudder and brake to help my captain achieve centerline. During this time; the captain reached down to regain control with the tiller which seemed to drag us back towards centerline. However; we suspected that our right main had gone off the runway. Once back on the centerline and under control; we continued to taxi off of the runway at a slow speed. Once clear; we discussed and the captain called back to the flight attendant to assess the condition of the passengers as well as the flight attendant of course. They reported no abnormalities and did not even notice a veering towards the runway edge. Upon hearing this and seeing no abnormal messages; we decided to taxi back to the gate to egress passengers and assess the damage. We found that the right main tires were pretty chewed up from the exit and re-entry to the runway and the left main tires had some damage as well from heavy application of brakes. About 30 minutes later we found damage to the right inboard flap after discovering that a single taxiway edge light was also struck. We hadn't known that we had left the runway at all until a visual inspection of the ground showed we had left the runway by about 2 feet for a 30 foot or so span.Cause: During post flight we found that the right main tires were pretty chewed up from the exit and re-entry to the runway and the left main tires had some damage as well from heavy application of brakes. About 30 minutes later we found damage to the right inboard flap after discovering that a single taxiway edge light was also struck. We hadn't known that we had left the runway at all until a visual inspection of the ground showed we had left the runway by about 2 feet for a 30 foot or so span.Contributing factors to this event are the startle/surprise response demonstrated by both pilots due to the location of where the event occurred (during the middle of the rollout). Both thrust reversers deployed normally it seemed; verified by the ground crew on the ramp. Just after this they noticed the cloud of smoke due to us applying heavy braking.  Suggestions: During debrief; we realized that we had not ran the descent check for the second time after our go-around. I did however; keep the thrust reversers armed during the after takeoff check as we would be landing shortly.,,CRJ-200 flight crew reported loss of directional control for unknown reasons after landing that resulted in a runway excursion.
2264491,202507,0001-0600,ZZZ.Airport,US,,,,1000,,VMC,20,,,12000,,,FBO,Skyhawk 172/Cutlass 172,,1,Part 91,VFR,Training,,Landing,Direct,Class G ZZZ,,,,,,,,,,,,,,,,,,,,,,,,,,,,,,,,,,,,,,,,,,,,,,,,,,,,,,,,,,,,,,,Aircraft X,Flight Deck,Personal,Pilot Flying; Single Pilot,Flight Crew Student,Flight Crew Last 90 Days 31; Flight Crew Total 56; Flight Crew Type 56,,Situational Awareness,,,2264491,,,,,,,,,,,,Ground Event / Encounter Loss Of Aircraft Control; Ground Event / Encounter Object; Ground Excursion Runway; Inflight Event / Encounter Loss Of Aircraft Control; Inflight Event / Encounter Unstabilized Approach,,,Person Flight Crew,In-flight,Aircraft Aircraft Damaged; Flight Crew Took Evasive Action; General Flight Cancelled / Delayed,Human Factors; Weather,Human Factors,I was making left traffic for runway XXL at ZZZ. My approach was too high and too fast. My mistake was deciding to try and fix my approach rather than go around. I touched down about two thirds down the runway and began bouncing. I thought it was too late to go around at this point. I did not make it to the final exit off the runway; so I swerved left into the grass and ended up stopping just before taxiway 1. In the process; I knocked down a taxi light and left a dent by the right landing gear. Winds were reported at 320 at 8 knots. I learned that if I am ever in doubt of my landing I need to go around. I was attempting to land on a short runway. Next time; I can ask for the longer parallel runway or the intersecting runway more favorable of winds (XY). I understand how to recognize approaches that are too fast or too high and understand that I need to either go around or ask for a more favorable runway instead of attempting to fix my initial mistakes.,,,,C172 student pilot reported a bounced landing resulted in a runway excursion and damage to the aircraft and a taxiway light.
2265685,202507,1201-1800,ZZZ.Airport,US,,0,0,,,VMC,10,,Daylight,50000,,Tower ZZZ,Personal,Amateur/Home Built/Experimental,,1,Part 91,None,Personal,,Landing,Visual Approach,Class D ZZZ,,,,,,,,,,,,,,,,,,,,,,,,Nose Gear,,X,Improperly Operated,,,,,,,,,,,,,,,,,,,,,,,,,,,,,,,,,,,,Aircraft X,Flight Deck,Personal,Pilot Flying; Single Pilot,Flight Crew Private,Flight Crew Last 90 Days 8.5; Flight Crew Total 212.8; Flight Crew Type 35.3,,,,,2265685,,,,,,,,,,,,Aircraft Equipment Problem Critical; Ground Event / Encounter Ground Strike - Aircraft; Ground Event / Encounter Weather / Turbulence; Inflight Event / Encounter Unstabilized Approach; Inflight Event / Encounter Weather / Turbulence,,,Person Flight Crew,In-flight,Aircraft Aircraft Damaged; Flight Crew Executed Go Around / Missed Approach,Aircraft; Weather; Human Factors,Human Factors,Daytime flight from ZZZ1 to ZZZ with clear skies. Received weather briefing and used flight following. On final approach experienced choppy windy conditions. Approached with a little extra speed to compensate for wind. Rounded out and flew with ground effect to burn off excess speed but probably did not slow down enough. Touched down a little hard on rear tires and bounced. Front landing gear hit hard on the bounce and I heard a crunching sound. Airplane was about to porpoise. To avoid another bounce I added throttle and took off. Called ATC to notify of a go-around. Flew the pattern and landed again; but this time it was very smooth. Held off the nose gear as long as possible. When it finally touched there was a loud grinding sound. I was able to turn off the runway but could not get past the hold short line to clear it completely. Contacted ATC to inform them I had a problem. ATC closed the runway. Emergency services came and I exited the aircraft. The damage was to the front landing gear but there was no prop strike and no injury. The strut had bent near the bottom and the wheel was curled or pushed back so that the fork was contacting the ground. After consulting with emergency services and FBO ground crew; I hooked up the tow bar to the front gear and they assisted by holding downward pressure on the horizontal stabilizers to keep the front forks from grinding while I hand towed the aircraft off of the runway and then off the taxiway. A tow vehicle was brought and we towed the airplane to an on-field repair shop.,,,,GA pilot reported a hard bounced landing; went around and then was unable to clear the runway after the next landing due to damage to the nose gear.
2265834,202507,1801-2400,,,,,,700,,VMC,Windshear,,,,,,Air Carrier,B737 Undifferentiated or Other Model,,2,Part 121,IFR,Passenger,,Final Approach,,,,,,,,,,,,,,,,,,,,,,,,,,,,,,,,,,,,,,,,,,,,,,,,,,,,,,,,,,,,,,,,,Aircraft X,Flight Deck,Air Carrier,Pilot Not Flying; First Officer,Flight Crew Air Transport Pilot (ATP); Flight Crew Instrument; Flight Crew Multiengine,Flight Crew Last 90 Days 180.4; Flight Crew Type 1535.00,,,,,2265834,,,,,,,,,,,,Deviation - Speed All Types; Inflight Event / Encounter Weather / Turbulence; Inflight Event / Encounter Unstabilized Approach; Inflight Event / Encounter CFTT / CFIT,,,Automation Aircraft Other Automation; Person Flight Crew,In-flight,Flight Crew FLC complied w / Automation / Advisory; Flight Crew Executed Go Around / Missed Approach,Human Factors; Weather,Weather,On final ATC advised of positive windshear up to 25kt. We then heard two aircraft ahead on frequency go around and one on the ground delay departure. Accounting for gust factor and a Vref of 148kt; our approach speed was 163kt. When we entered windshear on short final fully configured the speed increased rapidly up to approximately 178kt for less than 5 seconds (the Flaps 30 limit speed is 175kt). We received the TOO LOW; FLAPS alert on GPWS; although at no point heard any windshear cautions or warnings. At this point we conducted an uneventful go-around followed by a stable approach to XXR. A maintenance entry was made electronically and followed up verbally once at the gate. We then debriefed as a crew.,,,,B737 First Officer reported Ground Proximity Warning System (GPWS) alert on approach. Crew performed a go-around and landed uneventfully.
2265964,202507,0601-1200,ZZZ.TRACON,US,,,,,,,,,,,,TRACON ZZZ,Air Carrier,B737-800,,2,Part 121,IFR,Passenger,GPS; FMS Or FMC,Initial Approach; Landing; Final Approach,,Class D ZZZ,,,,,,,,,,,,,,,,,,,,,,,,,,,,,,Any Unknown or Unlisted Aircraft Manufacturer,,,,,,,,,Class D ZZZ,,,,,,,,,,,,,,,,,,,,,,,,Aircraft X,Flight Deck,Air Carrier,Captain; Pilot Flying,Flight Crew Multiengine; Flight Crew Instrument; Flight Crew Air Transport Pilot (ATP),,,Situational Awareness; Communication Breakdown,Party1 Flight Crew; Party2 ATC,,2265964,,,,,,,,,,,,ATC Issue All Types; Conflict Airborne Conflict; Conflict Ground Conflict; Critical; Conflict NMAC; Inflight Event / Encounter Unstabilized Approach; Inflight Event / Encounter CFTT / CFIT; Inflight Event / Encounter Weather / Turbulence,,,Person Air Traffic Control; Person Flight Crew,In-flight,Air Traffic Control Issued New Clearance; Flight Crew Took Evasive Action; Flight Crew FLC complied w / Automation / Advisory,Human Factors; Procedure,Procedure,I was pilot flying when we were handed off to ZZZ Approach. There was weather in area which added additional threats in which we briefed well ahead of time. They delayed our descent which keep us well above the normal descent. Approximately 7 miles out we were still well above normal descent and were cleared to the fix ZZZZZ just outside final and cleared for the approach. We were told by Tower to slow as practicable due to military aircraft in the area. We where give location of multiple jets who where circling east of Runway XX. We had them in sight when we received a RA to descend. We complied as I was hand flying and descending already. Shortly afterwards we were cleared to land on Runway XX. At approximately 200 feet from landing we spotted what appeared to be an aircraft on the runway (which we were never told of) Tower told us to go around and maintain 1000ft. We queried about the low level off and no sooner we spotted a jet directly above us approximately 500 ft flying in same direction and accelerating. We were given an immediate turn to the west and handed off to Departure. Upon the call to Departure we were told to climb to 2000ft immediately due to the 1600 MSA in the area. The Departure Controller didn't understand why we were given the 1000 ft level off from the Tower. We where vectored for a right downwind to land on Runway XX. Upon landing in ZZZ I requested a phone number to call Tower so I can express the potential safety risks we encountered. Luckily; the First Officer and I where able to trap these threats and eventually land the aircraft safely back to Runway XX. Cause: Multiple military aircraft and commercial traffic in same airspace at same time. Additionally; keeping us high and than asking us to reduce to slowest practical airspeed creates an unstable and unsafe condition,,,,Air carrier Captain reported an unstable approach; initiating action for an RA; performing a missed approach for traffic on the runway and leveling off at an altitude below the MSA; all due to ATC handling.
2266636,202507,1201-1800,ZZZ.Airport,US,0,0,0,,,VMC,Windshear; 10,,Daylight,,,CTAF ZZZ,Personal,Pipestral Undifferentiated or Other Model,,1,Part 91,VFR,Personal,,Landing,,,,,,,,,,,,,,,,,,,,,,,,,,,,,,,,,,,,,,,,,,,,,,,,,,,,,,,,,,,,,,,,,Aircraft X,Flight Deck,Personal,Single Pilot,Flight Crew Commercial; Flight Crew Flight Instructor; Flight Crew Multiengine,Flight Crew Last 90 Days 30; Flight Crew Total 704; Flight Crew Type 568,,Fatigue; Physiological - Other; Situational Awareness; Time Pressure; Workload,,,2266636,,,,,,,,,,,,Ground Event / Encounter Ground Strike - Aircraft; Ground Event / Encounter Loss Of Aircraft Control; Ground Excursion Runway; Inflight Event / Encounter Unstabilized Approach; Inflight Event / Encounter Weather / Turbulence,,,Person Flight Crew,In-flight,Aircraft Aircraft Damaged; General Flight Cancelled / Delayed; General Physical Injury / Incapacitation,Procedure; Human Factors; Environment - Non Weather Related; Weather,Human Factors,Woke up. Departed ZZZ for ZZZ1. Started flying event flights about XA:30 back to back until XF:00. Flew with Person A from approximately XF:45 until XG:45. Landing XX at ZZZ requires a steeper than normal descent rate to the 3100 x 60 foot runway due to the 100' tall trees surrounding the north one-third of the runway environment. An 8 knot crosswind; at the time of landing (approximately XG:45); sets up rotor turbulence from the tree line down to the runway surface. The final landing for the day resulted in a hard bounce followed by an attempted go around. It was a hot; humid; high density afternoon; and when power was applied the expected climb did not materialize. The aircraft settled back on the ground; this time angled to the side of the paved surface. The aircraft continued to travel from the pavement into unmowed waist high grass. The nose wheel dug in and the aircraft tipped up on to the spinner. The spinner was smashed. The composite propeller struck the ground and shattered. The nose gear leg was bent backward. The wingtip scraped the ground as evidenced by a scrape in the paint. The pilot in command scraped their forehead. The bloody abrasion triggered a trip to the emergency room and was treated. Both the pilot in command and the passenger were examined at the emergency room and given precautionary CT scans out of an abundance of caution with no finding of injury to either person other than the abrasion. The aircraft was pulled from the high grass and placed in the owners t-hangar. To this point in time; the pilot in command had been awake nine hours and been giving aircraft rides for six hours. The pilot had only consumed one donut the entire day.,,,,A light sport aircraft pilot reported an unstable approach resulted in a loss of control during landing; a runway excursion; and aircraft damage.
2266744,202507,,ZZZ.Airport,US,,,,,,VMC,,,,,,Tower ZZZ,Air Carrier,B737 Undifferentiated or Other Model,,2,Part 121,IFR,,,Final Approach,Visual Approach,Class B ZZZ,,,,,,,,,,,,,,,,,,,,,,,,,,,,Tower ZZZ,,Commercial Fixed Wing,,,,IFR,,,Landing,,Class B ZZZ,,,,,,,,,,,,,,,,,,,,,,,,Aircraft X,Flight Deck,Air Carrier,Captain; Pilot Not Flying,Flight Crew Air Transport Pilot (ATP); Flight Crew Instrument; Flight Crew Multiengine,Flight Crew Last 90 Days 172.73; Flight Crew Type 415.77,,Troubleshooting,,,2266744,,,,,,,,,,,,Conflict Airborne Conflict; Inflight Event / Encounter CFTT / CFIT; Inflight Event / Encounter Unstabilized Approach,,,Automation Air Traffic Control; Automation Aircraft TA; Automation Aircraft RA; Person Flight Crew,In-flight,Air Traffic Control Issued Advisory / Alert; Flight Crew Executed Go Around / Missed Approach; Flight Crew FLC complied w / Automation / Advisory,Airspace Structure; Procedure,Procedure,While flying the base leg for a visual approach for  XXR; ATC gave us the position of paired parallel traffic; both pilots had the paired traffic in sight. ATC assigned a speed reduction to 160 knots; assigned heading to intercept the final approach course for  XXR and we were cleared for the visual approach. As we approached our course for final; we received a TCAS TA while at the same time a clearance to land  XXR was received. the aircraft we were paired with was in sight and slightly high and off of our left hand side and on approach for  XXL. After the TA was received; we shallowed our final approach intercept angle to reduce the potential for an RA and the auto pilot was disconnected and airspeed reduced. However this attempt to create lateral separation did not work and a descend TCAS RA was received. A descent was immediately initiated and RA complied with and tower notified of the RA response. Several descend" and "maintain altitude" and subsequent "descend" alerts were received and complied with. Once clear of the RA we notified tower who issued a low altitude alert and to state intensions; we immediately stated we were going around and we initiated a go around. Tower instructed a climb to 3;000 feet and to fly runway heading. Passengers and flight attendants were notified and briefed on the go around. A normal approach and landing was conducted.",,,,B737 Captain reported on the side-by visual approach procedure compliance with multiple RA alerts resulted in an unstable approach; low altitude alert; and a go around.
2266855,202507,1201-1800,ZZZ.Airport,US,,,,,,VMC,,,,,,Tower ZZZ,Air Carrier,EMB ERJ 170/175 ER/LR,,2,Part 121,IFR,Passenger,Localizer/Glideslope/ILS ILS,Final Approach,,Class B ZZZ,,,,,,,,,,,,,,,,,,,,,,,,Approach Coupler,,X,Improperly Operated; Malfunctioning,,,,,,,,,,,,,,,,,,,,,,,,,,,,,,,,,,,,Aircraft X,Flight Deck,Air Carrier,Captain; Pilot Not Flying,Flight Crew Air Transport Pilot (ATP); Flight Crew Instrument; Flight Crew Multiengine,,,Fatigue; Distraction; Physiological - Other; Training / Qualification; Situational Awareness,,,2266855,,,,,,,,,,,,Aircraft Equipment Problem Less Severe; Deviation - Altitude Crossing Restriction Not Met; Deviation - Track / Heading All Types; Deviation / Discrepancy - Procedural Published Material / Policy; Inflight Event / Encounter Loss Of Aircraft Control; Inflight Event / Encounter Unstabilized Approach,,,Person Flight Crew,In-flight,Air Traffic Control Issued New Clearance; Air Traffic Control Provided Assistance; Flight Crew Regained Aircraft Control; Flight Crew Executed Go Around / Missed Approach; Flight Crew Requested ATC Assistance / Clarification; Flight Crew Took Evasive Action,Aircraft; Human Factors,Human Factors,After briefing and expecting a visual approach to XXR into ZZZ; ATC advised us to expect XYR with relatively short notice on ZZZZZ arrival and cleared us direct to the ZZZZZ IF to intercept the localizer. Things got busy as we quickly briefed the changes and had the runway in sight and were soon cleared for the visual approach. At or shortly after crossing ZZZZZ (I believe we were at or descending to 4000'); I noticed that we had passed the glideslope; which was now below us. Neither myself; the First Officer (FO); or the jump-seater; who is typed in the E175; could identify why the GS hadn't captured; but the approach was definitely armed (my best guess is the LOC hadn't captured when we passed the GS; but the needle was green/captured by the time I recognized the situation; having been distracted with the runway change; radios; etc.) Whatever the cause; after a brief effort to capture the GS from above; I determined that we were too close and too high and needed to break off and try again; so we leveled at 3000 FT and ATC provided vectors for the same approach.We were busy all the way back around to final; but it was essentially a routine approach until the FO disengaged the Autopilot at or just below 500'. From there; things degenerated quickly. She was a couple weeks off IOE with (much?) less than 100 hours and had mentioned during the departure briefing in ZZZ1 that she found it difficult to align the aircraft on the centerline; which I understood to pertain somehow to takeoffs and wasn't thinking about at this point. But after disconnecting the Autopilot; she indeed drifted into the wind; right of centerline. She made a correction to stop the drift but was still too far right; at which point I called out the deviation; but really should have called for a go-around. She banked further left and it appeared that she would be able to land with the centerline within the main wheels; if slightly off center; but then did not correct the track; which remained about 10 degrees to the left as we crossed fully over the centerline around 5-10' AGL. I judged that if we landed in that state; we would likely collapse the gear; strike the wingtip; and/or continue our trajectory off the runway; so I took the controls and went around. Normally; I would avoid taking the controls for a go-around at such a critical point; but she didn't have proper control of the flightpath; and I felt that a crash was imminent had I not done so. Clearly; I should have called for the go-around well before reaching that critical point.By the time we leveled off; we had reached our minimum fuel reserve and advised ATC accordingly. They changed our runway assignment to XXR and vectored us around with some priority to land without further incident.It's worth noting that; following my biological wake-up time of XA:15 and the massive adrenaline spike as everything went from zero to 100 in a single heartbeat; things were pretty surreal between the go-around call and control exchange until touchdown. It took considerable effort to recover from the undesired aircraft state and restore a functional level of flight crew coordination and situational awareness as I was task-saturated and striving to keep my frontal lobe engaged (the first radio call I remember comprehending was someone saying; Yeah; that was pretty close.") The jump seater was an especially significant asset for the first minute or so in helping the FO get back in the game in the role of pilot monitoring (PM) while I was sorting myself out and flying the airplane.I can't overstate the impact of my fatigue throughout the event. The ZZZ1 turn was added to my schedule when I returned to ZZZ around XE:30. I knew I was tired but didn't feel it warranted a fatigue call--nor would it have; perhaps; under typical circumstances. But this was a high-energy event; and I was definitely in a low energy state when it began around XI:20. Not only had I been awake and working for eight hours at that point; butthe XA:15 wake up time was deep in the middle of my normal sleep cycle. I made what effort I could to adjust my sleep pattern for the early morning but had only received the assignment two days prior. My cognitive and physiological performance was slow and strained; although I didn't perceive it until the action had already started.Also; while it's not my desire or intention to disparage the FO; she was very new and; as a pilot; not as strong as the other new-hire FOs I've flown with in recent weeks. But this wasn't immediately noticeable until Autopilot disengagement either; this being the first time I'd flown with her as pilot flying (PF). I believe my fatigue; coupled with a sense of complacency based on the performance of other new FOs; accounts for the delay in my recognition and appropriate response to the seriousness of the situation. I allowed it to go too far--within a split second of disaster; I believe.Suggestions: I've studied; taught; and applied key concepts of aviation human performance throughout my career; but understanding the effects of certain scenarios and experiencing them are two very different things. The cognitive and physiological disruptions I experienced during this event were real; involuntary; and frankly harrowing responses. And I'm now more convinced than ever that the only effective countermeasure is deliberate; conscientious adherence to SOP. I should have called for the go-around as soon as the flight deviated from the stable approach criteria; period.As for the PF; I think a bit more (remedial and non-punitive) time and help to sort out her landings would be beneficial. If I'd had more time; I would have worked with her myself; but another unfamiliar Captain might be caught off-guard as I was and; again; I believe any further delay or lack of response would probably have been disastrous.Finally; it's my understanding that we use the scheduling app or similar software when building scheduled flight crew sequences; lines etc. But I don't think we're using it to evaluate or predict fatigue in daily scheduling operations for reserves; added flight segments; reassignments and other modifications; etc. If that's correct; or close; it needs to be addressed immediately. ALL flight assignments should be run through such a program and confirmed to adhere to a standardized threshold of fatigue risk. There is no justification; even financially (81 souls plus the jet = not worth it); to do otherwise. I would be curious to know what my "blood alcohol equivalent" rating would have been at the time of this event.",,,,EMB-175 Captain reported a loss of aircraft control while new First Officer was flying a manual approach. Captain regained control and landed after executing a go around.
2266922,202507,1801-2400,ZZZ.Airport,US,,,,,,,,,,,,Tower ZZZ,Air Carrier,Regional Jet 700 ER/LR (CRJ700),,2,Part 121,,Passenger,,Final Approach,,Class C ZZZ,,,,,,,,,,,,,,,,,,,,,,,,,,,,,,,,,,,,,,,,,,,,,,,,,,,,,,,,,,,,,,,Aircraft X,Flight Deck,Air Carrier,Pilot Flying; First Officer,Flight Crew Air Transport Pilot (ATP); Flight Crew Multiengine; Flight Crew Instrument,,,Situational Awareness; Workload,,,2266922,Aircraft X,Flight Deck,Air Carrier,Captain; Pilot Not Flying,Flight Crew Instrument; Flight Crew Multiengine; Flight Crew Air Transport Pilot (ATP),,,Situational Awareness; Workload,,,2266929,Deviation - Altitude Overshoot; Deviation / Discrepancy - Procedural Published Material / Policy; Ground Event / Encounter Ground Equipment Issue; Inflight Event / Encounter Unstabilized Approach; Inflight Event / Encounter CFTT / CFIT,,,Automation Aircraft Terrain Warning; Person Flight Crew,In-flight,Flight Crew Executed Go Around / Missed Approach,ATC Equipment / Nav Facility / Buildings; Human Factors,Human Factors,I was working a trip as the First Officer and the pilot flying from ZZZ1 to ZZZ. The Captain and I completed a thorough brief of the back up approach for the ILS XX. The glide slope out of service was noted but not over emphasized during the brief. While cleared and on the visual approach lacking backup vertical guidance some task saturation accrued resulting in a slight deviation off the localizer. I immediately corrected. At that time a momentary terrain alert went off; I determined it was an unstable approach and accomplished a go-around. I completed the go-around without incident.Cause: Task saturation leading to an unstable visual approach resulting in a go around.Suggestion: A bigger focus on threat briefing.,,A thorough approach briefing was conducted approximately 8-10 minutes prior to joining the final approach. A NOTAM regarding the glide slope was included in the approach information but not emphasized again during the setup. As a result; the pilot flew the approach manually without fully accounting for the glide slope outage; leading to a slight deviation causing the terrain alert to go off momentarily and an unstable approach. When he questioned whether the approach was stable; I initiated a go-around. We followed Tower instructions and executed the maneuver without incident.Cause: Task saturation on course capture.Suggestion: Threat based briefing.,,CR70 flight crew reported an unstabilized approach; terrain alert; and go-around.
2268521,202507,,ZZZ.Airport,US,,,,,,VMC,,,,,,Tower ZZZ,Air Carrier,B737 Undifferentiated or Other Model,,2,Part 121,IFR,Passenger,,Landing,,Class B ZZZ,,,,,,,,,,,,,,,,,,,,,,,,,,,,,,,,,,,,,,,,,,,,,,,,,,,,,,,,,,,,,,,Aircraft X,Flight Deck,Air Carrier,Pilot Flying; Captain,Flight Crew Multiengine; Flight Crew Instrument; Flight Crew Air Transport Pilot (ATP),,,Other / Unknown,,,2268521,Aircraft X,Flight Deck,Air Carrier,Pilot Not Flying; First Officer,Flight Crew Multiengine; Flight Crew Instrument; Flight Crew Air Transport Pilot (ATP),,,Other / Unknown,,,2268672,Deviation / Discrepancy - Procedural Published Material / Policy; Inflight Event / Encounter Unstabilized Approach; Inflight Event / Encounter Loss Of Aircraft Control; Inflight Event / Encounter Weather / Turbulence,,,Person Flight Crew,In-flight,Flight Crew Executed Go Around / Missed Approach; Flight Crew Regained Aircraft Control,Procedure; Human Factors; Weather,Procedure,I was PF. We were on short final to runway XXR in ZZZ on an uneventful approach when at about 20 feet it seems like the wind dropped and we started coming down at a faster than standard FPM. I tried arresting the descent by increasing power at which point the aircraft touched down with the throttles not at idle. I felt a bounce and called a go around. We had an uneventful go around and subsequent landing.,,The Captain was Pilot Flying during the landing phase on Runway XXR. I was Pilot Monitoring during an ILS approach in VMC conditions with overall light reported winds. The Captain's approach was uneventful until roughly 50 feet AGL. The descent rate increased and I was observed the Captain attempting to correct to a proper descent rate. However; the Captain added power around 20 feet AGL. He did not have enough time to bring the throttles to idle before touchdown. Due to added power; our landing was bounced and the Captain called for a go around. After a startle delay of a couple seconds; I then conducted Pilot Monitoring duties throughout the go around and the Captain conducted a normal approach and landing on XXR.,,Air carrier flight crew reported an unstable approach and temporary loss of control on short final.
2268648,202507,0601-1200,ZZZZ.Airport,FO,,,,4000,,IMC,,,,,,TRACON ZZZZ,Air Carrier,B767 Undifferentiated or Other Model,,3,Part 121,IFR,Passenger,,Final Approach,,,,,,,,,,,,,,,,,,,,,,,,,,Autopilot,,X,Malfunctioning,,,,,,,,,,,,,,,,,,,,,,,,,,,,,,,,,,,,Aircraft X,Flight Deck,Air Carrier,First Officer; Pilot Not Flying,Flight Crew Multiengine; Flight Crew Instrument; Flight Crew Air Transport Pilot (ATP),,,Time Pressure; Situational Awareness; Human-Machine Interface; Workload,,,2268648,Aircraft X,Flight Deck,Air Carrier,Pilot Flying; Captain,Flight Crew Instrument; Flight Crew Multiengine; Flight Crew Air Transport Pilot (ATP),Flight Crew Last 90 Days 150; Flight Crew Total 13000; Flight Crew Type 7900,,Workload; Time Pressure,,,2268669,Aircraft Equipment Problem Less Severe; Inflight Event / Encounter Unstabilized Approach; Inflight Event / Encounter CFTT / CFIT,,,Person Air Traffic Control; Person Flight Crew,In-flight,Air Traffic Control Provided Assistance; Air Traffic Control Issued Advisory / Alert; Flight Crew Overcame Equipment Problem; Flight Crew Regained Aircraft Control; Flight Crew Executed Go Around / Missed Approach; Flight Crew Became Reoriented; Flight Crew Requested ATC Assistance / Clarification,Software and Automation; Aircraft; ATC Equipment / Nav Facility / Buildings,ATC Equipment / Nav Facility / Buildings,On ILS approach descending aircraft lost ILS glide-slope. Evidenced by autopilot disconnect and line thru green G/S FMA (Flight Mode Annunciator). PF continued descent out of 4000'. PM assessing raw data showing glide-slope required relief pilot assisted with resetting and decoupling autopilot. ZZZZ arrival gave a low altitude alert . PM noted approaching 1 dot low however cockpit effort was on re-engaging autopilot. A second low altitude alert transmitted by ZZZZ approach. PM called for go around. This was appropriately executed IAW (In Accordance With) MAP procedure published per ATC direction. ATC vectored aircraft for a second ILS which was completed safely with no issues.,,Approach was initiated normally. Glideslope was captured between 6000 and 5000 feet in IMC. Below 5000 feet the glide slope failed. Somewhere above 4000 feet the descent was arrested and the airplane was leveled off at 4000 feet manually.  ATC issued an altitude warning and having lost the glideslope we executed a missed approach. The initial go around altitude was only 5000 feet.  Which we likely exceeded before being given an altitude of 6000 feet. We flew another approach to a successful landing.,,Air carrier flight crew reported the aircraft lost glideslope guidance and they received a Terrain Warning from ATC followed by a missed approach.
2270173,202507,1201-1800,ZZZ.Airport,US,,,,500,,VMC,,,Daylight,,,Tower ZZZ,Fractional,Challenger 300,,2,Part 91,IFR,Passenger,FMS Or FMC; GPS,Final Approach; Initial Approach,Visual Approach,Class C ZZZ,,,,,,,,,,,,,,,,,,,,,,,,,,,,,,,,,,,,,,,,,,,,,,,,,,,,,,,,,,,,,,,Aircraft X,Flight Deck,Fractional,First Officer; Pilot Not Flying,Flight Crew Air Transport Pilot (ATP),,,Time Pressure,,,2270173,,,,,,,,,,,,ATC Issue All Types; Deviation - Speed All Types; Deviation / Discrepancy - Procedural Published Material / Policy; Inflight Event / Encounter CFTT / CFIT; Inflight Event / Encounter Unstabilized Approach,,,Automation Aircraft Other Automation; Person Flight Crew,In-flight,Flight Crew FLC complied w / Automation / Advisory; Flight Crew Regained Aircraft Control,Human Factors,Human Factors,We were cleared for a visual approach to Runway XX at ZZZ. ATC requested that we keep our base within 6 nm of the approach end of Runway XX due to traffic spacing. In order to 'help out ATC we accepted the clearance. We were initially high and fast; so the pilot flying (PF) elected to slow by dropping the gear early; and extend the spoilers. This allowed us to lose altitude and try and slow as we made a 5 nm left base. We also configured on speed with Flaps 20; and then Flaps 30. After we extended the flaps to 30 (with the gear and spoilers extended) it began to look like we would be stable by 500 ft. This made it feel similar to the approach that we had into ZZZ1 on the previous leg. As we approached 600 feet the PF stowed the spoilers; expecting the drag from flaps and gear extended; and with idle throttles to allow us to be stable by 500 ft. Nearing 500 ft; the PF noticed the auto throttles may have gone above IDLE power; keeping us slightly faster than anticipated. When the PF pulled back on the thrust levers to ensure they were at idle the auto throttles automatically disengaged. With idle to near idle power to correct the speed; and descending to the runway; we received a sink rate aural warning due to a momentary increase in descent rate. The PF adjusted pitch to reduce our descent rate; eventually getting to vref by the threshold. We landed within the touchdown zone of the runway and exited well before the end.The approach was steeper than expected for a visual into the flat terrain of ZZZ. The Auto throttle disengagement annunciation.Pilot monitoring (PM) crosscheck of instrumentsCause: Attempt to satisfy or exceed ATC request for a short approach; despite being high on energy (high and fast)Lack of recent flying in the aircraft by the PF. 2 or 3 legs in the last 2-3 months.Lack of recent auto throttle experience by PF. 2-3 legs in 6 months or more.Successful previous steep approach into ZZZ1 on the previous leg.We put ourselves in a position to make an unnecessary steep approach; which delayed getting stable to about 500 ft. Despite being able to make it work; an issue with the auto throttle put our speed near (and possibly slightly over) the vref +10 at 500 ft. If so; we should've gone around. Suggestions: Don't accept a steep approach from when it's not needed. Especially to just help ATC. Request additional vectors; or simply go missed early. Don't let your guard down on the auto throttles. They can easily put you in a bad situation if you don't constantly monitor them and ensure they are doing what you want as the PF. If you think you might've been outside a stabilized approach parameter; just go around and try it again.",,,,Fractional First Officer reported an unstable approach leading to a sink rate call by the aircraft.
2270772,202507,0001-0600,SFO.Airport,CA,,,5,,,VMC,,,,,,Tower SFO,Air Carrier,B737 Undifferentiated or Other Model,,2,Part 121,IFR,Passenger,,Landing,Vectors,Class B SFO,,,,,,,,,,,,,,,,,,,,,,,,,,,,Tower SFO,Air Carrier,B767 Undifferentiated or Other Model,,,Part 121,IFR,,,Landing,,Class B SFO,,,,,,,,,,,,,,,,,,,,,,,,Aircraft X,Flight Deck,Air Carrier,Captain; Pilot Flying,Flight Crew Multiengine; Flight Crew Air Transport Pilot (ATP); Flight Crew Instrument,,,Fatigue,,,2270772,Aircraft X,Flight Deck,Air Carrier,First Officer; Pilot Not Flying,Flight Crew Air Transport Pilot (ATP); Flight Crew Multiengine; Flight Crew Instrument,,,Fatigue,,,2270801,Inflight Event / Encounter Unstabilized Approach; Inflight Event / Encounter Wake Vortex Encounter,,,Person Flight Crew,In-flight,Flight Crew Executed Go Around / Missed Approach,Procedure; Environment - Non Weather Related; Human Factors,Ambiguous,6th day of flying and event followed a redeye transcontinental and day sleep. Aircraft swap and weather caused a 1.5-hour delay for transcontinental ZZZ back to SFO (last leg of pairing). Uneventful flight and ILS approach to 28L with 10-knot headwind. Following a 767 landing 28R. Crossed threshold at normal altitude and on speed; normal countdown cadence from 50 feet; checked descent at 20 feet; flared normally and reduced power passing 10 feet. Got slight wobble and wing up from wake turbulence but not abnormal or bad. Continued to work landing. With power at idle and only a few feet above ground airplane would not continue to descend. Continued to work the aircraft down but cautious of not applying too much nose down pressure. Have never experienced before in decades of flying but believe the wake turbulence created a strong ground effect swell which was keeping the aircraft airborne. The aircraft was stable with no wing wobble so continued to work aircraft down but then received a long landing warning on speaker. FO did a great job of calling go-around and no questions asked and go-around initiated right as aircraft finally touched down with a normal soft landing. Following go-around normal approach and landing.,,It was day 4 of my 4-day trip. We had covered multiple time zones; had a bit of weather after the proceeding redeye; and then had a day sleep before this final leg. We were delayed out of ZZZ about 1.5 hours for weather/aircraft swap. Once on our way; the flight was uneventful with turbulence being the only phenomenon. On approach into SFO we were given ILS 28L and were in trail of a 767 on ILS 28R. The winds were light at about 260 degrees and fog above minimums. The approach was on speed and path all the way down to the flare. Upon crossing the runway threshold; a slight shift in wind was noticed and corrected by the CA. It seemed to be some wake sitting on the runway and required just small adjustments. Upon reaching around 20 feet in normal position to land on centerline; flare was initiated. The aircraft still under slight wind/wake; did not want to settle even with power reduced and pitch adjusted to normal attitude. The 10-foot automated callout stagnated and did not come till about 2500 feet down the runway. After passing the touchdown zone; a long landing warning was heard and the wheels touched down as I simultaneously called out go around." The CA hit TOGA; executed the go-around; and we proceeded straight out on course. After vectors; we flew an uneventful approach and landing.",,B737 flight crew reported encountering wake turbulence from a B767 landing on a parallel runway and due to the unstable approach; the flight crew executed a go-around.
2273417,202508,0601-1200,ZZZ.Airport,US,,,,2200,,VMC,,,Daylight,,,Tower ZZZ,Air Carrier,A319,,2,Part 121,IFR,Passenger,Localizer/Glideslope/ILS ILSXXR,Final Approach,Visual Approach,Class B ZZZ,,,,,,,,,,,,,,,,,,,,,,,,Autoflight System,,X,Improperly Operated,,,,,,,,,,,,,,,,,,,,,,,,,,,,,,,,,,,,Aircraft X,Flight Deck,Air Carrier,Captain; Pilot Flying,Flight Crew Air Transport Pilot (ATP); Flight Crew Instrument; Flight Crew Multiengine,,,Confusion; Distraction; Human-Machine Interface; Physiological - Other; Situational Awareness; Workload; Communication Breakdown,Party1 Flight Crew; Party2 Flight Crew,,2273417,Aircraft X,Flight Deck,Air Carrier,Pilot Not Flying; First Officer,Flight Crew Air Transport Pilot (ATP); Flight Crew Instrument; Flight Crew Multiengine,,,Communication Breakdown; Confusion; Situational Awareness; Workload,Party1 Flight Crew; Party2 Flight Crew,,2273553,Aircraft Equipment Problem Less Severe; Deviation - Altitude Overshoot; Deviation - Speed All Types; Deviation / Discrepancy - Procedural FAR; Deviation / Discrepancy - Procedural Published Material / Policy; Inflight Event / Encounter Loss Of Aircraft Control; Inflight Event / Encounter Unstabilized Approach,,,Automation Aircraft Other Automation; Person Flight Crew,In-flight,Flight Crew Executed Go Around / Missed Approach,Software and Automation; Aircraft; Human Factors,Human Factors,The flight from ZZZ1 to ZZZ was going smoothly and flawlessly. Approaching ZZZ; on the ZZZZZ X RNAV Arrival; ZZZ cleared the flight to 11000 feet and maintain 300 KIAS. Approaching ZZZZZ1 intersection; we were sent to ZZZ Approach Control. ZZZ Approach. Cleared us to slow to 250 KIAS and descent to 7000 MSL; shortly after; 5000; and 4000 MSL. Things were happening fast as it usually does a ZZZ.Just before ZZZZZ2 intersection; Approach began giving us vectors to the ILS XXR and cleared to 'intercept the course to XXR; maintain 170 KIAS or greater.' In an effort to help ZZZ with spacing I kept the speed selected at 185 KIAS; a comfortable speed for me on a visual approach with ample time to be stable above 1000' AGL. After calling the airport in site; at the request of ZZZ Approach; we were 'cleared for the visual XXR.' The approach was going smoothly until reaching 2800 MSL on the ILS glide path; I; the Captain PF (pilot flying) called for landing gear down" and I selected Managed Speed per SOP. I was outside looking at the runway for a few seconds; when the FO (First Officer) PM (pilot monitoring) called out "Speed! Speed! Speed!" The Managed Speed directed the Auto Thrust (A/T) system to SPEED mode and 250 KIAS (Caused by failure to Activate the Approach Phase of the flight either manually or by passing the "Circle D"). By the time the FO PM made the call out; the airspeed was approaching VMO Flaps 2 and the aircraft was on the glide-slope descending. Seeing how close it was to 'Red Line' I disconnected the Auto Pilot (AP) and leveled the aircraft. I was unaware that when disconnecting the AP somehow the Auto Throttles (A/T) was disconnected and I ultimately had no control of the airspeed. Speed continued to increase into a Flap 2 Overspeed (+15) as I pulled the speed knob to Selected speed and randomly to 119 KIAS to gain control of the A/T system. At that time; we were unstable so I called for the discontinuation of the approach above 1000 AGL and attempted to slow the airspeed. As the aircraft continued to gain speed; in an effort to regain A/T control; I advanced the thrust levers to TOGA and then back to CLB. The A/T engaged in the THR CLB/SRS/GA Track auto flight modes as it should. Since we had already passed the altitude of 2200; set by the FO PM but unconfirmed by me; the A/T remained in THR CLB Go-around mode with climb thrust. I Called for Flaps 1 as the speed continued to climb to Flaps 1 VMO +9 by the time the flaps were selected up. While I was troubleshooting; the FO PM reported a 'missed approach' and ZZZ Tower instructed us to 'maintain 2200 and fly the runway heading.' We had already climbed above 2200 feet to approximately 2600 MSL. During the heat of the moment; fixated on flying the aircraft; I did not hear 2200 feet. I continued to try to decrease airspeed and climb to the missed approach altitude of 4000 MSL to get us farther away from the ground. The next callout from the FO PM was 'maintain 2200 feet.' As the FO PM stated that; the Tower cleared us to 3000 feet and shortly after; 4000 feet. In the mean time I realized that the A/T was in the incorrect mode leading me to disconnect and again re-connected the A/T. Once everything was under control; we vectored back to the Runway XXR approach and landed without further incident. During the very high workload time I overspeed Flaps 2; and Flaps 1; unknowingly retracted the landing gear at LGO Retract +19; and reached a speed of 285 KIAS below 10000 MSL. Upon arriving at the gate I entered the flap overspeed into the logbook as required. Later in the evening while reviewing the incident on our flight review application; I became aware that we had also exceeded the maximum landing gear retract speed. I immediately notified Maintenance Control of the gear overspeed. Maintenance Control reported no damage due to the overspeed conditions and there was no further incident. This was definitely the worst incident I have encountered in my airline career.Cause: As the Captain PF; I take full responsibility for the entire event. The scenario started with both pilots missing the approach mode activation of the FMS. A fairly common error that is usually easily corrected. Additionally; when instructed to maintain XXX or greater on the approach; I am going to fly the slower speed allowing more buffer from VMO and more reaction time should I ever find myself in a similar event as this. As silly as it may seem; I think a contributing factor to the recovery becoming so elevated was that I am recently using a noise cancelling headset. As I would in the past; while looking outside I did not hear the thrust increase; the speed had already increased drastically before the FO PM noticed and informed me about the increasing speed. By the time that I became aware of the improper A/T condition; with startle factor; I was immediately in a bad place. The inadvertent disconnection of the A/T drove me even further into the undesirable state and I prioritized flying the aircraft while keeping it on an acceptable lateral path and in a climb away from the ground. As Airbus pilots; the Airbus Auto-Thrust system frequently reviewed to prevent situations like this. I now know; first hand; how serious this scenario can become. I will be reviewing the AB A/T system in depth to prevent this from happening to me again.In high workload and high stress situations like this it is very hard to recall the actions taken to cause or mitigate problems like this. The safety software application was an incredible tool to make his a positive learning experience for me.",,ZZZ1 - ZZZ Aircraft XDescended via the ZZZZZ X arrival into ZZZ. We were given 300 KTS until ZZZZZ. We were then slowed and given further descent. Vectors were normal and we were cleared the visual for Runway XXR. We were asked to keep speed 180 until the FAF ZZZZZ3. While on final; I noticed that the aircraft had not cycled through the FMS and that we were still counting back to another point. I brought this to the Captain's attention. He did not seem concerned with this. We intercepted G/S and had flaps 2; gear down. At this time the Captain switched from selected speed to managed. The speed quickly increased towards the red line with the trend arrow into the red. At this point I said SPEED; SPEED; SPEED. We entered an overspeed condition and the audible horn began to sound. The Captain pulled selected speed and said he would like to go-around. I relayed this to Tower. Tower instructed us to maintain 2500 runway heading. The aircraft continued to increase in speed. The aircraft also began to climb. Tower notified us that we were high and asked if we need assistance and a higher altitude. I replied that we were struggling and that 3000 would be great. At some point I silenced the Master Warning. We brought the flaps and gear up. The Captain was able to get the speed and altitude back under control with the Autopilot on. We were given vectors and completed a successful visual approach and landing to Runway XXR.Cause: I believe the startle factor played a large roll in this situation.,,A319 flight crew reported an automation programming error which resulted in flap and gear speed exceedances while on final approach. The crew performed a go-around and recovered the aircraft speed and returned for a landing.
2273862,202508,0601-1200,ZZZ.Airport,US,,,,2500,,IMC,Fog; 10,,Daylight,300,,,Personal,Bonanza 33,,1,Part 91,IFR,Personal,Localizer/Glideslope/ILS ILS XX,Final Approach; Initial Approach,,Class E ZZZ,,,,,,,,,,,,,,,,,,,,,,,,Autopilot,,X,Malfunctioning,,,,,,,,,,,,,,,,,,,,,,,,,,,,,,,,,,,,Aircraft X,Flight Deck,Personal,Pilot Flying; Single Pilot,Flight Crew Commercial; Flight Crew Instrument,Flight Crew Last 90 Days 8.17; Flight Crew Total 1930; Flight Crew Type 920,,Human-Machine Interface; Situational Awareness,,,2273862,,,,,,,,,,,,Aircraft Equipment Problem Critical; Deviation - Track / Heading All Types; Deviation / Discrepancy - Procedural Published Material / Policy; Inflight Event / Encounter Unstabilized Approach; Inflight Event / Encounter Weather / Turbulence,,,,,Air Traffic Control Issued New Clearance; Flight Crew Executed Go Around / Missed Approach; Flight Crew Requested ATC Assistance / Clarification,Aircraft; Human Factors; ATC Equipment / Nav Facility / Buildings,Ambiguous,I departed ZZZ1 on an IFR flight plan to ZZZ. The flight prior to the ILS approach was smooth; being IMC most of the way. Approaching ZZZ; I was cleared for the ZZZ ILS Runway XX. I have a relatively new Garmin 500 autopilot and I had already entered the approach in my Garmin 430 when I received my clearance. I activated the approach and descended to 2500 feet to intercept the glideslope. At this point everything became quite confusing. It seemed that the autopilot was not intercepting the localizer and the glide slope was acting erratically. I turned the autopilot off and attempted to turn it back on; but in doing so; I deviated off the inbound course quite a bit. My biggest mistake at this point was not going to my #2 navigation and just flying the approach by hand. I was given a frequency change; and though I changed frequencies; I did not talk on the local frequency as I was trying to rectify the situation. The good thing I did at this point was not to descend. I maintained 2500 feet and attempted to correct my inbound course. Passing over the runway at 2500 feet I began a missed; returned to Center and announced that I was on the missed approach. In the same transmission I requested vectors back to attempt a ZZZ Runway XX approach; as I was wary about the ILS. At that time; and now; I do not know what went so wrong. Did the autopilot have an issue or did I do something wrong? The ZZZ RNAV XX approach went just fine and I broke out at 800 feet; about 100 feet above the DA. On my return to ZZZ1 later that day; the flight home (with the autopilot on) was mostly IMC enroute; however the area was VFR. I decided to do a ZZZ1 RNAV to XY. That initial approach (vectors) went well; as had the ZZZZZ arrival as we neared ZZZ1. I was using the autopilot and as I making the intercept; the autopilot would not fly the inbound course; 164 degrees. It maintained a parallel course to 164 degrees inbound. I turned the autopilot off and flew the rest of the approach by hand. Was this what had happened with the ILS in hard IMC? If so; my worst decision was to try to make the autopilot fly the approach. My best decision was to maintain a safe altitude and go missed. Note: I was flying with an instrument rated pilot in the right seat; and she too; was not sure what went wrong but also noted the autopilot not correctly flying the inbound course at ZZZ1.,,,,Bonanza 33 pilot reported autopilot did not intercept the localizer and the glide slope displayed erratic indications. Pilot disconnected autopilot and conducted a missed approach.
2276316,202508,,ZZZZ.ARTCC,FO,,,,5500,,VMC,,,,,,Tower ZZZZ,Air Carrier,B787 Dreamliner Undifferentiated or Other Model,,3,Part 121,IFR,Passenger,,Final Approach,,,,,,,,,,,,,,,,,,,,,,,,,,,,,,,,,,,,,,,,,,,,,,,,,,,,,,,,,,,,,,,,,Aircraft X,Flight Deck,Air Carrier,Captain; Pilot Not Flying,Flight Crew Instrument; Flight Crew Multiengine; Flight Crew Air Transport Pilot (ATP),,,Situational Awareness; Fatigue,,,2276316,Aircraft X,Flight Deck,Air Carrier,First Officer; Pilot Flying,Flight Crew Multiengine; Flight Crew Air Transport Pilot (ATP); Flight Crew Instrument,,,Situational Awareness; Workload,,,2276288,Deviation - Altitude Overshoot; Deviation / Discrepancy - Procedural Clearance; Deviation / Discrepancy - Procedural Published Material / Policy; Inflight Event / Encounter Unstabilized Approach; Inflight Event / Encounter CFTT / CFIT,,,Person Flight Crew; Person Air Traffic Control,In-flight,Flight Crew Returned To Clearance; Flight Crew Became Reoriented,Human Factors,Human Factors,Our flight was delayed on departure due to ZZZ1 weather.  The inbound flight diverted and arrived in ZZZ1 late.  We had a 2-hour delay from XA25 to XC29.  We were all pretty tired by the time we started the descent into ZZZZ.  The captain was PM the FO was PF.  The descent was a series of descend to altitudes with a VVI (Vertical Velocity Indicator).  For example; descend to FL250 at 2500 FPM; continue descent to FL130 at 2000 FPM; speed 310.  A high-speed descent was approved.  Our arrival was the ZZZZZ for Runway XXL; high speed approved; the FO slowed speed from 290 to 270; then slow to 240 kts.  Flaps 1.  We descended thru the area with some storms and with minor course deviations. Before ZZZZZ we were cleared direct to ZZZZZ1 on LOC XXL on a very tight approach. Cleared to descend to 6000 ft; turn left heading 110 to intercept localizer; descend to 5000 ft.  Then ATC apologized and said we had traffic off right side now we must level at 5500.  I set the MCP (Mode Control Panel) altitude to 5500 and we quickly leveled there. We went above the glide path and got high.  I extended ZZZZZ2.  ATC asked us if we could get down; we discussed and agreed we could continue the approach.  We were level at 5500. Then cleared for the approach; approach was selected.  The captain set 5000 then the Relief Pilot said we needed lower and we set 3000 to capture. Fully configured with f30 gear; speed at 165kts; In visual conditions runway in sight.  The tower offers a visual approach as the field was visible; the captain accepted.  We were in visual conditions throughout the approach.We were high and in alt capture; the captain (PM); asked the FO(PF) to descend; the Relief Pilot also said to descend.  The captain selected FLCH for the FO; the FO turned off the AP (Autopilot) and selected speed brakes.  We were fully configured and at target speed by this point.  We quickly got 2 dots below path down to 3000 ft and more slowly down to 2500 feet.  The GS captured briefly; but we descended thru the GS and lost the vertical guidance bar in the PFD (Primary Flight Display) and the HUD. The captain directed FO to level off to recapture from below. Tower again offered visual approach we accepted visual approach.  The tower asked if we were able to continue and we said yes.  FO continued to slowly descend at 2-300 fpm but still below path.  The captain and the Relief Pilot directed the FO to level off again.  Glide path came alive at 2500 feet.  We slowly got back within a dot of the path by 2000 ft (550 AGL).  The tower asked if we were OK to land; we said yes. The landing was OK.  We had a long debriefing after we set brakes at the gate.,,13'k 310 kts; some storms/TCU (Towering Cumulonimbus) in vicinity-minor deviations.Cleared to 6'; no speed.Started slowing thru 9'; slam dunk with short vectors.Cleared to 5500' f20 speed about 200.Held hi for tfc then twr asked if we could make it when cleared to 5'k; cleared the visual.Gr down slowed to 180kts; descent to capture; vfr; field in sight.Disconnected AP (Autopilot); Relief Pilot suggested 3'k for alt; capt rec flch to start down.GS capture about 2'k? Called for tdz but didn't decrease descent rate enough to maintain it.Capt called to lvl off; slowed descent to ~2-300 fpm but thought I had zeroed it. Capt repeated; again thought I'd leveled but still had slight descent; lo on glide path. Finally reintercepted path approx 800-1000'a; fully stable; on spd at 500'.Landing uneventful.,,B787 flight crew reported they descended two dots below the glide slope on a visual approach; citing automation mode awareness; fatigue; and workload as contributing.
2276380,202508,1801-2400,ZZZ.Airport,US,,,,,,VMC,Wind,,,,,Tower ZZZ,Air Carrier,B767-300 and 300 ER,,2,Part 121,IFR,Cargo / Freight / Delivery,,Landing,,Class B ZZZ,,,,,,,,,,,,,,,,,,,,,,,,,,,,Ground ZZZ,Air Carrier,B767 Undifferentiated or Other Model,,,Part 121,IFR,Cargo / Freight / Delivery,,Taxi,,,,,,,,,,,,,,,,,,,,,,,,,,Aircraft X,Flight Deck,Air Carrier,Captain; Pilot Flying,Flight Crew Air Transport Pilot (ATP); Flight Crew Instrument; Flight Crew Multiengine,,,,,,2276380,,,,,,,,,,,,Ground Event / Encounter Jet Blast; Inflight Event / Encounter Loss Of Aircraft Control; Inflight Event / Encounter Unstabilized Approach,,,Person Flight Crew,In-flight,Air Traffic Control Issued New Clearance; Flight Crew Executed Go Around / Missed Approach; Flight Crew Requested ATC Assistance / Clarification,Environment - Non Weather Related,Environment - Non Weather Related,From 500' on visual approach to flare for landing RWY XXR there was no turbulence and light wind only. During flare slightly below 30' we experienced what I would describe as severe wake turbulence. The aircraft snapped violently left wing low; the FO (PF) instantly applied almost full right aileron to bring the aircraft to wings level. Instantly the aircraft violently snapped right wing low then left wing low and sink rate increased rapidly. While this was occurring I (PM) called for a go-around while the FO (PF) was instinctively adding power and initiating a go-around. With go-around power coming in the aircraft touched down on main gear; wings level; at a normal sink rate momentarily before climbing for the go-around. We leveled at 3000' and were vectored for a visual approach to RWY XY.Tower asked the reason for the go-around. After being handed off to approach; they too asked the reason for the go-around. We stated severe turbulence during the flare. After landing; Tower asked us to call them which we did after shutdown. Tower wanted to clarify information for their report and informed us that we had landed 4.5 miles in trail of a B373-800 but did not think the 737 should have generated such strong wake turbulence. I agreed with tower that I did not believe the 737 created the wake turbulence we experienced. Tower then informed us that there was a 767 taking runway XXC from taxiway 1 at the time we were landing and thought it was possible that the jet blast from that aircraft caused the severe turbulence we experienced. I agreed that that is most likely what occurred. FO (PF) did a superb job of controlling the aircraft and applying go around power quickly. The aircraft did not sustain any damage and was not stressed more than ordinary during this event.The FO and I believe the heavy 767 taking runway XXC from taxiway 1 most likely generated jet blast which swept across the touchdown zone of runway XXR.Suggestion: Power setting awareness while taxiing and its effect on parallel runways.,,,,B767 Captain reported executing a go-around from a low altitude on final approach after encountering jet blast from a taxiing aircraft.
2278235,202508,1801-2400,TEB.Tower,NJ,220,4,,1300,,VMC,Thin overcast; 10,,Night,2500,,Tower TEB,Personal,Light Transport; Low Wing; 2 Turbojet Eng,,2,Part 91,IFR,Ferry / Re-Positioning,,Final Approach,Visual Approach,Class D TEB,,,,,,,,,,,,,,,,,,,,,,,,,,,,,,,,,,,,,,,,,,,,,,,,,,,,,,,,,,,,,,,Aircraft X,Flight Deck,Personal,Captain; Pilot Flying,Flight Crew Instrument; Flight Crew Flight Instructor; Flight Crew Air Transport Pilot (ATP); Flight Crew Multiengine,Flight Crew Last 90 Days 50; Flight Crew Total 16000; Flight Crew Type 2200,,Situational Awareness; Fatigue; Confusion; Time Pressure; Workload,,,2278235,,,,,,,,,,,,Deviation - Track / Heading All Types; Deviation / Discrepancy - Procedural Clearance; Deviation / Discrepancy - Procedural Published Material / Policy; Inflight Event / Encounter Unstabilized Approach; Inflight Event / Encounter CFTT / CFIT,,,Person Air Traffic Control,In-flight,Air Traffic Control Issued Advisory / Alert; Air Traffic Control Provided Assistance; Flight Crew FLC complied w / Automation / Advisory; Flight Crew Became Reoriented; Flight Crew Requested ATC Assistance / Clarification; Flight Crew Returned To Clearance,Software and Automation; Procedure; Human Factors; Environment - Non Weather Related; Airspace Structure,Human Factors,During a night VMC arrival into TEB we set up for an ILS Z Runway 06 with an initial approach fix at VINGS intersection. The last ATIS we received showed favorable weather with the possibility for LAHSO operations on both runways. As a crew decided we would not accept LAHSO due to limited distances. The Approach Controller issued the standard Runway 06 ILS clearance when we were approximately 2 miles west of VINGS; with the addition of 'expect to circle to land Runway 01'. This was the first time we heard this requirement; and the approach was duly read back/accepted.Once passing VINGS at 2000'; there are multiple crossing fixes at waypoints LEESY (1700A) and a mandatory 1500' at Dandy; after which descent to 1;300 is allowed prior to reaching waypoint TORBY; from which Teterboro Tower directed to commence the circle to Runway 01.Due to the requirements to change configurations and the multiple crossing constraints; any change to the FMS was delayed until we had passed DANDY and were descending to 1300'. During this intermediate approach segment the aircraft was configured for the circle to land with Gear Down / Flaps Full; and a manual speed of Vref+10 for the circle to Runway 01. During the level segment to TORBY; while still on the extended centerline of Runway 06; I instructed my First Officer to insert a 4.0 NM final approach to Runway 01 so that we had valid landing data and an electronic 3.0 degree path to the runway. Normally two VP waypoints (VPEZA and VPDAU) are used to track from TORBY to a short final approach to Runway 01; but due to the lack of advanced notice of the circle; the Runway 01 visual approach was our best choice to limit 'heads down' time at low altitude. Prior to activating the FMS change; I selected Heading Mode 060 degrees on the Autopilot in anticipation of losing the waypoints from the ILS; including TORBY. Based on my last reference to my Navigation Display; we were just about to cross overhead TORBY (and we definitely did not commence the circle from DANDY). The First Officer complied with this instruction; but due to being at low altitude I failed to validate his inputs to the 'Final Approach Distance' dialog box on the FMS. (More on this later.) Seeking to reduce workload and due to night/dark conditions I asked for navigation direct to the 4.0NM final fix and requested the altitude selector be set to 'Zero' so that the VNAV function of our Autopilot could properly calculate a path to the runway. Based on my previous study of this maneuver (which has a history of causing issues in its execution) I knew that a 4.0 mile final to Runway 01 would keep us just outside (north) of Newark's Class B airspace while allowing me time to gain visual contact with Runway 01 and it's PAPI installation. It was during this segment that the TEB Tower Controller issued an airspace alert and directed us to fly toward the TEB airport as we were about to enter Newark's Airspace. In response I disconnected the Autopilot and turned east northeast towards the MetLife Arena complex and the extended Runway 01 centerline. The disconnection of the Autopilot and turn towards the airport resulted in the controller later issuing a 'low altitude' alert which we acknowledged. I immediately maintained our altitude which I recall to be approximately 950 MSL.Shortly afterwards we were aligned with Runway 01 final and picked up the PAPI to execute a visual landing. After exiting the runway we taxied into the ramp without further issue. We then set to our task of securing the aircraft and offloading baggage and perishables.During the shutdown process I went over the 'flight log' portion of our FMS to better understand just how this situation could have taken place. It was at that time that I noticed the FMS distance between the Final Fix and Runway 01 was exactly 5 Miles; not 4. This data was also still on the Route page of our displays as the FMS did not sequence because we never overflew the 5.0 NM fix. While seemingly insignificant; this resulted in a more southerly course from over TORBY than would have been the case if the waypoint was a mile closer (and further north of EWR's Class B).The following are the 'lessons learned' from this experience.1. Unbriefed procedure. The circle to land maneuver was a 'surprise' and we did not have adequate time to prepare as normal for this maneuver. The ATIS we received did not mention circling as a possibility. Further; it was a last minute change from Approach advising us of this requirement. Nonetheless; it was at this point time to say UNABLE. Perhaps due to familiarity with the airport and its environment; or perhaps due to 'mission-itis'; as Aircraft Commander I accepted a challenging clearance that had not been properly briefed or anticipated. It was entirely my responsibility to say 'NO thanks' and seek other options such as another runway; or a diversion.2. CRM. I did not properly supervise the input of data to the FMS to confirm the First Officer's changing the final approach distance to 4.0 NM; versus the default value of 5.0 NM. This is 'Automation 101' flight discipline. It is something that while seemingly small; set off a chain of stressful events that impacted our situational awareness and resulted in everything that has followed including this report. As the Pilot Flying; it is a given requirement to always CONFIRM FMS inputs from the other pilot; even; and perhaps especially; while at low altitude.3. Fatigue. This flight occurred at the end of a 15.5 hour duty day. We thought we had mitigated this fatigue through inflight rest; and briefing that we would fly a stable approach while making maximum use of available automation. What we failed to discuss; and what is an excellent lesson; is the insidious nature of fatigue and get-home-itis that lays in wait for those who do not continuously update their mental model; and proactively seek information; or options; once a situation has changed from benign(straight in ILS 06) to challenging (circle to land Runway 01).4. Reflection and Learning. My FO (First Officer) and I debriefed this event after we had shut down the aircraft. I emphasized to him that although we experienced this as a 'crew'; it was ultimately my duty as PIC (Pilot in Command) to be the 'final authority and ultimately responsible' for the conduct of our flight. Allowing items 1-3 to occur negatively impacted flight discipline. This was fully my responsibility; and comes with the mantle of command. It is now my duty to learn from this experience going forward.5. Gratitude. I am thankful that the system works as required when things do not go to plan; and that ATC very quickly got involved so we could get safely on the ground. This report is a reflection of my commitment to continuous improvement; and is an honest self-critique. I am sincerely 'GLAD TO BE HERE' to write this report; and to learn from this experience.,,,,A pilot circling to land from an ILS approach reported they deviated from their intended course and received a Low Altitude Alert from ATC.
2278236,202508,1201-1800,ZZZ.Airport,US,,,0,,,VMC,10,,Daylight,5000,,UNICOM ZZZ,FBO,PA-44 Seminole/Turbo Seminole,,2,Part 91,None,Training,,Landing,,Class G ZZZ,,,,,,,,,,,,,,,,,,,,,,,,,,,,,,,,,,,,,,,,,,,,,,,,,,,,,,,,,,,,,,,Aircraft X,Flight Deck,FBO,Instructor; Pilot Not Flying,Flight Crew Flight Instructor; Flight Crew Multiengine; Flight Crew Commercial,Flight Crew Last 90 Days 151.3; Flight Crew Total 996.4; Flight Crew Type 138.6,,Communication Breakdown,Party1 Flight Crew; Party2 Flight Crew,,2278236,Aircraft X,Flight Deck,Personal,Trainee; Pilot Flying,Flight Crew Commercial; Flight Crew Instrument,Flight Crew Last 90 Days 52.3; Flight Crew Total 215; Flight Crew Type 7.1,,Communication Breakdown,Party1 Flight Crew; Party2 Flight Crew,,2278953,Deviation / Discrepancy - Procedural Published Material / Policy; Ground Event / Encounter Ground Strike - Aircraft; Inflight Event / Encounter Unstabilized Approach,,,Person Flight Crew,In-flight,Flight Crew Became Reoriented; Flight Crew Executed Go Around / Missed Approach,Human Factors,Human Factors,Starting at ZZZ We do a short field takeoff. Climb up to 1200 feet before starting our cross wind turn. As we turn for the downwind I grab the left throttle and bring it to idle; simulating a single engine scenario in the pattern. The student does what they need to do. Full mix; full prop; full throttle; gear up; flaps up; Identify; Verify then mimic the shutdown left throttle; shutdown left prop; and shutdown left mix. I put my hand below the prop and mix to prevent to student from actually cutting off an engine. I then zero thrust or put the left throttle at 12in of manifold pressure roughly. We continue on the down wind. There was traffic short final and traffic in front of us that was turning base. We extend our downwind and make the radio call. At this point we waited to bring gear down as we were trying to make sure that the landing was assured. It was hot; windy and bumpy so as we turn base for Runway XX we add 2 notches of flaps as we were fast still (roughly 109) at this point we verbalized GUMPS (Gas; Undercarriage; Mix; Props; switches) but I did not physically put my hand on the items. We turn final; at this point we have a stabilized approach but a little to the left. And we are fast (roughly 90 knots) our power was set to roughly 14 inches of manifold pressure. We bring in the last notch of flaps. I verbalized GUMPS but again I looked and didn't touch; except for the fuel selector (GAS). It looked like 3 green at this point but it was afternoon and I probably saw the sunlight hit the light bulbs. Everything looked good. We were still very fast on landing for the flair probably 85knots and there was a decent cross wind that caused us to have to use right rudder to get on center line. We aimed for the threshold and we floated past the numbers and 1000 foot markers. At this point we are about to initiate a go around when for a second we hear a scrape. It happened very fast; it cause us to pitch up abruptly and at this point we gain a good 10 to 15 feet in altitude. With the runway running out quickly we execute a go around. Everything felt and sounded fine. On climb out I take controls. I go to verify gear down the realized it was up. and walk the flaps out incrementally and I keep the gear down for the pattern. We continue into the pattern. And I make the landing just fine. We pull up to the FBO and shutdown. At no point did we hear the landing gear horn. We didn't press the landing gear horn mute button except for 1 or 2 times earlier in the flight during VMC demo. On that note I could have actually done my part in physically checking by touching the landing gear lever. I physically touch the fuel selector to make sure both fuel selectors are on. I need to physically touch the Landing gear switch after. That assures that the motion has been completed after the student does it.,,I am submitting this report regarding the training flight that took place today; Day 0; involving a gear-related incident at ZZZ. The flight departed ZZZ1 at approximately XA:25. After departure; we climbed to 3;500-4;500 ft to conduct maneuvers; including power-on/off stalls; slow flight; accelerated stall; emergency descent; and an engine-out securing procedure. We then proceeded to ZZZ for pattern and approach work. - First approach: We flew the RNAV Runway XX instrument approach and completed a normal full-stop landing; then taxied back for another pattern. - Second approach: We simulated a single-engine approach. I performed the checklist and executed GUMPS on downwind; base; and final. The approach and landing were completed without issue. - Third approach (incident): We entered the pattern and extended our downwind because of a traffic before turning base. I recall performing GUMPS earlier in the pattern; but I am not fully certain if it was completed again before final. On short final; the aircraft floated over the runway numbers. While still airborne; we heard a scraping sound. I immediately pitched up; applied full power; and initiated a go-around and when that happened the CFI pushed the joke forward trying to continue with the landing contrary to what I was trying to do (Go Around); he was very nervous and freaked out as I was trying to control the plane in that situation. At that point; I transferred controls to my CFI. We confirmed that the landing gear was retracted; despite no landing gear warning horn having sounded (conditions were: 25 degrees of flaps; manifold pressure below 14'; power at idle). My CFI continued in the pattern and completed a safe landing with the gear down. We taxied to parking; secured the aircraft; and locked it down with chains. I believe the decision to go around was the safest course of action; as the landing gear was not extended; we were still airborne with residual power; and there was insufficient runway remaining for a safe landing.,,Flight Instructor and student reported during training flight while landing on a simulated single engine approach failing to lower the landing gear resulting in a ground strike and executing a go around. The Flight Instructor took control of the aircraft and landed safely at the airport.
2279985,202508,1201-1800,ZZZZ.ARTCC,FO,,,0,,,,,,,,,,Air Carrier,B737-800,,2,Part 121,IFR,Passenger,GPS; FMS Or FMC,Final Approach; Initial Approach,,,,,,,,,,,,,,,,,,,,,,,,,,Flight Director,,X,Malfunctioning,,,,,,,,,,,,,,,,,,,,,,,,,,,,,,,,,,,,Aircraft X,Flight Deck,Air Carrier,First Officer; Pilot Flying,Flight Crew Air Transport Pilot (ATP); Flight Crew Instrument; Flight Crew Multiengine,,,Communication Breakdown; Troubleshooting,Party1 Flight Crew; Party2 ATC,,2279985,,,,,,,,,,,,ATC Issue All Types; Aircraft Equipment Problem Critical; Deviation / Discrepancy - Procedural Published Material / Policy; Inflight Event / Encounter Unstabilized Approach; Inflight Event / Encounter Weather / Turbulence,,,Person Flight Crew,In-flight,Flight Crew Executed Go Around / Missed Approach; Flight Crew Overcame Equipment Problem,Airspace Structure; Human Factors; Aircraft,Aircraft,After a long 3 leg day; the last leg was delayed due to weather in ZZZ and an airspace closure.  ATC modified our flight plan to avoid the area.  This delay and reroute added 2 hours of flying time and was within 30 mins of our MOT (Minimum Off Time).  On the first approach into ZZZZ; a delay in landing clearance and flying in and out of weather was distracting enough to where we were not properly configured (flaps 15 vice 30) for landing.  After the GA (Go Around); we were vectored around for another approach and cleaned up our configuration.  Could not get the autopilot to engage.  There were other writeups for the CA flight director disappearing and the HUD (Head-up Display) was inop.  On the second approach; the flight director crosshairs were aligned approaching the final approach fix while IMC when we broke out of the weather inside of the FAF; we were high on final and had to make an aggressive correction to get back on profile. On shutdown and power shift from the engines to APU; and then again from the APU to ground power; the flight director panel displayed 50;000 feet.  This happened twice.Cause: Increase spacing between aircraft into ZZZZ.  Delayed landing clearance was a factor in late configuration. Have maintenance review maintenance logbook for avionics concerns with HUD and FD (Flight Director) .,,,,B737-800 First Officer reported an unstable approach and go-around.
2280709,202508,1201-1800,ZZZ.Airport,US,,,0,,,,,,,,,Tower ZZZ,Air Carrier,EMB ERJ 170/175 ER/LR,,2,Part 121,IFR,,,Landing,,Class D ZZZ,,,,,,,,,,,,,,,,,,,,,,,,,,,,,,,,,,,,,,,,,,,,,,,,,,,,,,,,,,,,,,,Aircraft X,Flight Deck,Air Carrier,First Officer; Pilot Flying,Flight Crew Multiengine; Flight Crew Air Transport Pilot (ATP); Flight Crew Instrument,,,Human-Machine Interface; Time Pressure,,,2280709,Aircraft X,Flight Deck,Air Carrier,Captain; Pilot Not Flying,Flight Crew Instrument; Flight Crew Air Transport Pilot (ATP); Flight Crew Multiengine,,,Time Pressure,,,2280884,Deviation / Discrepancy - Procedural Published Material / Policy; Inflight Event / Encounter Loss Of Aircraft Control; Inflight Event / Encounter Unstabilized Approach,,,Person Flight Crew,In-flight,Flight Crew Regained Aircraft Control,Procedure; Weather; Human Factors,Human Factors,During the final approach; when we were crossing the threshold; we got an updraft and that caused the plane to flow. At the time we decided to go around; I was trying to put my finger on the TOGA button; but I missed to press it; so the plane touched down within a second at that time; resulting in a long landing; and then I was trying to extend the thrust reversers but the thrust reverser triggers were stuck; so I couldn't extend them. The plane was brought to a safe stop and taxi off without further issue.,,The FO was pilot flying; and I was pilot monitoring. We were approaching ZZZ for a visual landing visual landing to runway XX. We were cleared for the visual on the right downwind. As we descended; we were experiencing wind gust and updrafts. We were configured at 1000-ft. At the 500-ft stable callout; we were slightly high on the PAPI; The first officer corrected for this and remained stable and returned to on path quickly. As we crossed the runway threshold; the plane lifted due to winds and heat. The first officer attempted to correct for this to land in the touchdown zone; but the plane was going to land long. I called Go Around. It appeared the FO was attempting to push the TOGA button when the wheels touched the ground. The FO didn't attempt to continue to go around by pushing the throttles forward. The auto brakes were armed HIGH and engaged. The plane began to slow; and I called No Reverse. By the time the plane slowed down; no reversers were deployed. I took control at 60 kts; slowed the plane down; and ATC informed us we could turn right on runway XY and right on taxiway 1.,,EMB170 flight crew reported failure to operate TOGA during an unstable approach resulted in a long landing and momentary loss of aircraft control.
2280891,202508,1801-2400,ZZZ.Airport,US,,,,,,,,,,,,Tower ZZZ,Air Carrier,EMB ERJ 170/175 ER/LR,,2,Part 121,IFR,Passenger,,Final Approach; Landing,,Class D ZZZ,,,,,,,,,,,,,,,,,,,,,,,,,,,,,,,,,,,,,,,,,,,,,,,,,,,,,,,,,,,,,,,Aircraft X,Flight Deck,Air Carrier,First Officer; Pilot Flying,Flight Crew Multiengine; Flight Crew Instrument; Flight Crew Air Transport Pilot (ATP),,,Time Pressure; Situational Awareness; Communication Breakdown; Confusion; Other / Unknown,Party1 Flight Crew; Party2 Flight Crew,,2280891,,,,,,,,,,,,Deviation / Discrepancy - Procedural Published Material / Policy; Inflight Event / Encounter Loss Of Aircraft Control; Inflight Event / Encounter Unstabilized Approach,,,Person Flight Crew,In-flight,Flight Crew Regained Aircraft Control,Human Factors; Procedure,Human Factors,I was pilot flying landing in ZZZ. The approach was stable on visual glide path into runway XX. I rotated for landing and the aircraft floated more than I had expected. Causes where potentially me starting the rotation high and the aircraft being lighter due to less passengers. I was fixating on landing and correcting what I saw developing by holding pitch or even lowering it. I touched down on the main wheels at or just beyond the last touchdown zone stripe. I began to pull the triggers and pull back to engage thrust reversers for the landing when the Captain called the go around. I hesitated to initiate it and then looked over to see if my reversers had engaged and the Captain took control of the aircraft to complete the landing.,,,,ERJ 170 First Officer reported an unstable approach and long landing resulted in the Captain taking controls.
2282459,202509,0601-1200,ZZZ.Airport,US,,,0,,,VMC,,,Daylight,,,Tower ZZZ,Air Carrier,Regional Jet 200 ER/LR (CRJ200),,2,Part 121,IFR,Passenger,FMS Or FMC; GPS,Final Approach; Takeoff / Launch,Visual Approach,Class C ZZZ,,,,,,,,,,,,,,,,,,,,,,,,,,,,,,,,,,,,,,,,,,,,,,,,,,,,,,,,,,,,,,,Aircraft X,Flight Deck,Air Carrier,Captain; Pilot Not Flying,Flight Crew Multiengine; Flight Crew Air Transport Pilot (ATP); Flight Crew Instrument,,,Communication Breakdown; Situational Awareness,Party1 Flight Crew; Party2 Flight Crew,,2282459,,,,,,,,,,,,Deviation - Speed All Types; Deviation / Discrepancy - Procedural Published Material / Policy; Inflight Event / Encounter Unstabilized Approach; Inflight Event / Encounter CFTT / CFIT,,,Person Flight Crew,In-flight,General None Reported / Taken,Weather; Human Factors,Ambiguous,We were doing a routine flight from ZZZ1 to ZZZ. Taxi out; take off; cruise; and descent were all uneventful. We were cleared for the visual XXL into ZZZ and the approach was flown to standards and stable by 1000 feet. I was the PM and the FO was the PF. On short final we hit a strong updraft and the FO did not correct immediately and leveled off momentarily while pulling out some power. To counter the speed increase at the end of the performance gain he continued to pitch down but never brought in enough power. By the time I called speed" he was already in the flare and the trend was increasing down. Right before touchdown we got a "sink rate" and stick shaker for a half a second before the mains touched down very hard. The landing rollout and taxi in was uneventful but due to not knowing the FPM I wrote it up and called MX (Maintenance).Cause: The cause of this was improper technique to correct for a updraft and performance gain.Suggestions: Next time I should have called a go around when I saw we were slightly high on short final rather than thinking we would correct immediately and save the landing. Obviously hindsight is 20-20 and I wasn't aware that it was going to be a hard landing until we were in the flare",,,,Air carrier Captain reported the First Officer was flying the approach when on short final the aircraft was hit by a strong updraft. The aircraft lost air speed; the stick shaker activated; sink rate was heard and a hard landing ensued.
2282468,202509,1801-2400,CYYZ.Airport,ON,,,150,,,,,,,,,Tower CYYZ,Air Carrier,Regional Jet 900 (CRJ900),,2,Part 121,IFR,Passenger,,Final Approach,,,,,,,,,,,,,,,,,,,,,,,,,,,,,,Tower CYYZ,Air Carrier,Airbus Industrie Undifferentiated or Other Model,,,Part 121,IFR,Passenger,,Landing,,,,,,,,,,,,,,,,,,,,,,,,,,Aircraft X,Flight Deck,Air Carrier,First Officer,Flight Crew Air Transport Pilot (ATP); Flight Crew Multiengine; Flight Crew Instrument,Flight Crew Type 770,,,,,2282468,Aircraft X,Flight Deck,Air Carrier,Captain,Flight Crew Multiengine; Flight Crew Instrument; Flight Crew Air Transport Pilot (ATP),Flight Crew Type 1600,,,,,2282190,Inflight Event / Encounter Unstabilized Approach; Inflight Event / Encounter Wake Vortex Encounter,,,Person Flight Crew,In-flight,Air Traffic Control Issued New Clearance; Flight Crew Executed Go Around / Missed Approach,Environment - Non Weather Related; Procedure,Ambiguous,On approach into CYYZ we encountered wake turbulence from the proceeding aircraft. The whole approach was smooth and flown as normal. At roughly 150 feet AGL our wings were rocked; causing significant bank (for the phase of flight). Our alignment with the runway and altitude were disrupted to the point where a safe landing could not be conducted. The Captain and I both simultaneously called a go-around. The go-around was performed normally and we received vectors back around to shoot another approach. This approach was flown normally and a normal landing was successfully performed. No wake turbulence was encountered on the second approach.Cause of this event was wake turbulence generated from the proceeding landing aircraft.,Reporter stated they were following an Airbus.,Undesired aircraft state/unusual attitude at 150 feet AGL while landing in Toronto; forcing a balked landing. Approach was completely normal in calm winds and night/VMC until approximately 150 feet AGL; when the aircraft very suddenly banked somewhat violently left and right. In the process of recovering from the low-altitude upset; we observed that we became very high on the glidepath (4 white on the PAPIs); and both pilots simultaneously called for a go-around. Go-around was immediately initiated without incident and the plane landed normally on second attempt.Angle of Bank (AOB) estimated 20 - 30 degrees left and right wing down. The upset strongly resembled wake turbulence. However; the aircraft that landed in front of us was Aircraft Y of comparable size to us (who incidentally reported a bird strike at 400 feet AGL). A B787 did depart around the same time as this event from Runway 23; which was too far away to produce factorable wake turbulence.Cause: There were no apparent procedural or regulatory deviations which factored into this event; and there's no obvious evidence that the proceeding aircraft (of comparable size to a CRJ) landing in front of us did anything unusual to produce dangerous wake turbulence or that ATC gave us any unsafe separation. The aircraft simply experienced a sudden upset; and we as the crew immediately recognized and corrected it; then initiated a textbook go-around (balked landing).This was a textbook reminder of both pilots remaining vigilant at all times; especially during critical phases of flight; and utilizing effective CRM as well as maintaining hand-flying proficiency to immediately detect and respond to a dangerous situation.,,CRJ-900 flight crew reported executing a go-around from short final at CYYZ after encountering wake turbulence from the preceding Airbus.
2282774,202508,1801-2400,ZZZ.Airport,US,,,0,,,,,,,,,Tower ZZZ,Air Carrier,Regional Jet 900 (CRJ900),,2,Part 121,IFR,Passenger,,Final Approach,,Class C ZZZ,,,,,,,,,,,,,,,,,,,,,,,,,,,,,,,,,,,,,,,,,,,,,,,,,,,,,,,,,,,,,,,Aircraft X,Flight Deck,Air Carrier,First Officer; Pilot Not Flying,Flight Crew Multiengine; Flight Crew Instrument; Flight Crew Air Transport Pilot (ATP),,,Communication Breakdown; Other / Unknown,Party1 Flight Crew; Party2 Flight Crew,,2282774,,,,,,,,,,,,Deviation / Discrepancy - Procedural Clearance; Ground Incursion Taxiway; Inflight Event / Encounter Unstabilized Approach; Inflight Event / Encounter CFTT / CFIT,,,Person Flight Crew,In-flight,Flight Crew Became Reoriented; General Work Refused,Human Factors; Company Policy; Manuals; Procedure,Human Factors,After completing ZZZ1 turn; we had a crew swap to replace the Captain. While operating the flight from ZZZ2 to ZZZ I noticed several concerning safety issues with the conduct of the Captain. After beginning to taxi; he failed to comply with ramp instructions or contact ground control and instead taxied out on to an active taxiway without a clearance. The Captain would also taxi at excessive speeds; at times going faster than 30 knots. During the flight; he would fly the aircraft at one knot below the maximum speed for extended periods. On short final during the approach in to ZZZ at about 300-200 ft he made an aggressive pitch down maneuver that activated the glide slope EGPWS alert; despite the aircraft already being perfectly stable. The following morning we had been reassigned to operate a repositioning flight instead of the deadhead we were supposed to take. I called the chief pilots to inform them of my concerns and was removed from the flight.,,,,CRJ-900 First Officer reported Captain made an unstable approach resulting in a ground proximity warning.
2282801,202509,1201-1800,ZZZ.Airport,US,,,0,,,,,,,,,Tower ZZZ,Personal,DA40 Diamond Star,,2,Part 91,VFR,Training,,Landing,,Class D ZZZ,,,,,,,,,,,,,,,,,,,,,,,,,,,,,,,,,,,,,,,,,,,,,,,,,,,,,,,,,,,,,,,Aircraft X,Flight Deck,FBO,Instructor; Pilot Not Flying,Flight Crew Commercial; Flight Crew Flight Instructor,,,Communication Breakdown; Time Pressure; Training / Qualification; Workload,Party1 Flight Crew; Party2 Flight Crew,,2282801,,,,,,,,,,,,Deviation / Discrepancy - Procedural Published Material / Policy; Inflight Event / Encounter CFTT / CFIT; Inflight Event / Encounter Unstabilized Approach,,,Person Flight Crew,In-flight,Flight Crew Executed Go Around / Missed Approach; General Maintenance Action,Environment - Non Weather Related; Human Factors; Procedure,Procedure,During the last landing back into ZZZ Flight Instructor (IP) instructed the student to perform a power off 180 to the numbers in preparation for a DPE who requires their applicants to do so. IP had mentioned during prior power off 180s; to the numbers; that ground effect is different over grass than pavement. After cutting power and pitching for 88 the student put in flaps early believing we were too high. On final the student mentioned we were coming in shorter than expected. (We had a headwind and increased drag). The student pitched down to gain airspeed into ground effect. Short final IP told SP to add power 3 times but by the time power was added the aircraft sank and touched down approximately 3 feet before the runway. There were no approach lights for the runway. An immediate go-around was initiated and IP took controls to fly back around and land. Maintenance was notified the moment we got back and they inspected the gear. Maintenance said there was no damage or any reason for further inspection. I should have taken controls or verbally commanded 'go-around' when I realized we were going to be a few feet short.,,,,DA40 Flight Instructor reported the student performing a power off approach touched down 3 feet before the runway.
2283033,202509,1201-1800,MGGT.Airport,FO,,,500,,,VMC,Cloudy,,Daylight,1800,,TRACON MGGT; Tower MGGT,Air Carrier,Commercial Fixed Wing,,2,Part 121,IFR,Passenger,,Final Approach,,,,,,,,,,,,,,,,,,,,,,,,,,,,,,,,,,,,,,,,,,,,,,,,,,,,,,,,,,,,,,,,,Aircraft X,Flight Deck,Air Carrier,Captain; Pilot Flying,Flight Crew Multiengine; Flight Crew Air Transport Pilot (ATP); Flight Crew Instrument,,,Communication Breakdown; Situational Awareness,Party1 Flight Crew; Party2 ATC,,2283033,,,,,,,,,,,,ATC Issue All Types; Deviation - Speed All Types; Deviation - Track / Heading All Types; Deviation / Discrepancy - Procedural Published Material / Policy; Deviation / Discrepancy - Procedural Clearance; Inflight Event / Encounter CFTT / CFIT; Inflight Event / Encounter Unstabilized Approach,,,Automation Aircraft Other Automation; Person Flight Crew,In-flight,General None Reported / Taken,Human Factors; Software and Automation,Human Factors,This report is to document the multiple approach changes that occurred as well as a low altitude sink rate warning on approach into Guatemala City.  One hour out from landing; the winds in MGGT were variable at 4.  We briefed the ILS Z Rwy 02.  The briefing and descent check were completed well before top of descent.  Approaching the descent point we noted the ATIS was calling the active runway 20 with winds 120/4; BKN 1800 ft with Towering Cumulus and unrestricted visibility.  We completed the brief and set up for RNP Y Rwy 20 prior to top of descent.  We requested and MGGT Center cleared us to GT566 (IAF).  On initial contact with La Aurora Approach we were cleared direct to KATAS for the VOR Z Rwy 20.   We stated we were prepared for the RNP Y and requested clearance for that; but approach said they were unable due to traffic.  We briefed and loaded the VOR Z Rwy 20 and proceeded direct to KATAS.  We briefed the VOR Z to 20 and were on path for the approach.  Approximately 5 minutes from KATAS; we were issued holding instructions with no EFC; however it was clear we were stacked in holding with two aircraft below us at KATAS.  We established a bingo for SLP of 7.5 and with 9.5 onboard; we estimated we had at least 20 minutes of holding and all should workout if the preceding aircraft were given clearances without much delay.  We notified dispatch; FAs; and passengers and completed 2 turns in holding.  Entering the third turn in holding; we were given vectors in a partial box pattern and eventually a greater than ninety degree turn direct to KATAS with clearance for the approach.  The vectors complicated the approach unnecessarily and resulted in an overshoot of the inbound course to KATAS and a minor S turn to final.We were fully stable at 1;000 ft with checklist complete; configured with gear/30 flaps; on path and on target speed of 152 knots with the runway in sight.  At approximately 500 feet we had a sustained gain in airspeed of about 15 knots.  I pulled about two knob widths of power.  The airspeed stayed at 160 and we were showing one red on the 3.5 degree PAPI.  I attempted to lower the nose to get back to the path and we got our first sink rate warning.  We were visual and I made a small correction to raise the nose but stay on a one red; three white PAPI indication to correct the sink rate.  I pulled another knob width of power to reduce the airspeed and attempted to lower the nose slightly to regain a 1000 ft aim point and we again got a sink rate warning.  I didn't want to reduce power any more in case we lost the added headwind.  I corrected again raising the nose slightly and shifted my aim point to 1500 ft.  Our speed was holding at 160.  We were within stable approach criteria and I continued to landing.  We touched down at about 2;500 feet and the rollout and taxi were uneventful.Per FM; for sink rate warnings at or below 500 ft the PF action is to execute a missed approach unless in visual conditions and the Captain determines that the momentary deviation is being immediately and safely corrected.  We were in visual conditions the entire final approach.  I did feel I was making immediate and safe corrections; and we were still in a safe position to land after the sink rate was corrected.  I also knew from experience that the first part of Rwy 20 has a pronounced downslope.  The unique slope of runway 20 would partially mitigate the threat of a slightly elevated vertical speed.  In addition; I considered the threats of a missed approach in mountainous terrain with an approach controller who was having difficulty managing arrivals.  Overall I felt it was safer to continue the approach if a safe; controlled landing could be made in the touchdown zone.,,,,Air carrier Captain reported aural sink rate warnings on final approach to MGGT airport. The Captain continued the approach to landing and elected to not perform a go-around.
2283435,202509,,SFO.Airport,CA,,,,,,VMC,,,,,,TRACON NCT,Air Carrier,Commercial Fixed Wing,,2,Part 121,IFR,Passenger,,Final Approach,Visual Approach,Class B SFO,,,,,,,,,,,,,,,,,,,,,,,,,,,,TRACON NCT,Air Carrier,Commercial Fixed Wing,,2,Part 121,IFR,Passenger,,Final Approach,,Class B SFO,,,,,,,,,,,,,,,,,,,,,,,,Aircraft X,Flight Deck,Air Carrier,Captain; Pilot Flying,Flight Crew Multiengine; Flight Crew Air Transport Pilot (ATP); Flight Crew Instrument,,,Troubleshooting; Communication Breakdown; Workload,Party1 Flight Crew; Party2 ATC,,2283435,Aircraft X,Flight Deck,Air Carrier,First Officer; Pilot Not Flying,Flight Crew Instrument; Flight Crew Multiengine; Flight Crew Air Transport Pilot (ATP),,,Communication Breakdown; Workload,Party1 Flight Crew; Party2 ATC,,2283436,Conflict Airborne Conflict; Deviation - Track / Heading All Types; Deviation / Discrepancy - Procedural Clearance; Deviation / Discrepancy - Procedural Published Material / Policy; Inflight Event / Encounter CFTT / CFIT; Inflight Event / Encounter Unstabilized Approach,,,Automation Aircraft RA; Person Flight Crew,In-flight,Flight Crew Took Evasive Action; Flight Crew FLC complied w / Automation / Advisory; Flight Crew Executed Go Around / Missed Approach,Airspace Structure; Human Factors; Manuals; Procedure; Software and Automation,Procedure,While on left base in VMC conditions for 28L at SFO; NorCal pointed out Aircraft Y traffic on right base for 28R. They were also on the Bodega Arrival; but were given 28R with the high right downwind down the bay. We were given 310 heading to join and cleared for a visual approach to 28L. I pointed out the traffic and they were in sight by both pilots. We were told to maintain visual separation. I told the FO that there might be a TCAS problem based on their position and relative bearing making it appear they were going end up right off our wing. But; it depended entirely on how Aircraft Y flew their visual ground track to 28R. We still had some time to mitigate the TCAS threat so I disconnected the autopilot and mentioned to the FO that I was going [to] ignore ATC's last instruction to fly a heading of 310 to join final and instead stay south of the 28L extended centerline to keep as much lateral separation as possible. It wasn't enough as Aircraft Y joined the 28R centerline vs. flying a dogleg to join final inside of the bridge. We received a descend RA which I complied with. The FO advised SFO Tower of the RA. The RA continued with the descend command for what felt like an eternity and had us well below glideslope which was full scale. We were now approaching 1000 feet and a high workload and very low on approach. I was uncomfortable with the state of the approach; position; and altitude. I elected to go around and turn left away from the traffic. We returned for an uneventful approach to 28L. My personal take on this event - foundation from which I have the following opinions. I've been based in SFO since a very long time with different airlines and likely have thousands of operations in and out of the airport. This event was probably the most UNCOMFORTABLE that I have ever been in any operation in or out of SFO. The workload was high enough with a descending RA while relatively low then into a go-around. If there was any combination of events that could result in an undesirable aircraft state this was it. The sad part is it was completely preventable and unnecessary. A threat into SFO is and always has been being closely paired up with other traffic and the logic and programming of the TCAS. ATC is of no help because their vectors; speed assignments to pair traffic wing on wing off the high right downwind for 28R with traffic that they've given a 310 vector to join the 28L centerline. My only mitigation strategy available if ATC is the threat and the pilots on 28R have poor Situational Awareness (SA) and decide to join the 28R localizer outside of the bridge is to completely disregard ATC heading and speed assignments to keep the TCAS happy. Our system and industry are not based upon each pilot fending for themselves on a regular basis because they know better." This is not the first time I have been on 28L and received a RA due to aircraft on a right downwind visual for 28R. A Company jump seater; who hasn't been at Company for a long period of time; commented that was the 4th time he's had aircraft cause an RA by how they fly their ground track while on a visual for 28R. A problem exists in SFO. ATC doesn't mitigate the threat; they add to it. The threat of RAs has been mitigated by the redesigned FMS Visual for 28R. It does absolutely nothing to mitigate the threat for right downwind visuals for 28R.",,We were cleared for a visual approach for 28L and were paired with traffic making a visual to 28R. The traffic was behind us and above our altitude. We were then given a speed of 170 which caused the traffic to overtake us. Their vertical and lateral track were such that we received an RA that commanded a descent and it was persistent. I did have the traffic in sight and as we descended they only got closer to us laterally. This situation was not comfortable and it appeared that continuing our approach would likely lead to an Undesired Aircraft State (UAS) and a degradation in safety so we executed a go-around with a left turn. The go-around and subsequent approach and landing were uneventful.,,Air carrier flight crew reported following a TCAS RA command that descended them well below glide slope on approach to SFO. Reporter executed a go-around and expressed concern about the frequent airborne conflicts on parallel approaches to SFO Runways 28L and 28R.
2284641,202509,0601-1200,ZZZ.Airport,US,,,,2700,,,,,,,,Tower ZZZ,Air Carrier,B767-300 and 300 ER,,2,Part 121,IFR,Cargo / Freight / Delivery,,Final Approach,,Class B ZZZ,,,,,,,,,,,,,,,,,,,,,,,,,,,,Tower ZZZ,,Any Unknown or Unlisted Aircraft Manufacturer,,1,,,,,,,Class B ZZZ,,,,,,,,,,,,,,,,,,,,,,,,Aircraft X,Flight Deck,Air Carrier,Relief Pilot; Pilot Flying; Instructor; Remote PIC (UAS); Captain,,,,Workload; Time Pressure; Training / Qualification; Confusion,,,2284641,Aircraft X,Flight Deck,Air Carrier,Pilot Not Flying; First Officer,Flight Crew Multiengine; Flight Crew Instrument; Flight Crew Air Transport Pilot (ATP),,,Workload,,,2284642,Conflict NMAC; Deviation - Altitude Excursion From Assigned Altitude; Deviation - Track / Heading All Types; Deviation / Discrepancy - Procedural Published Material / Policy; Inflight Event / Encounter Unstabilized Approach,,,Person Flight Crew,In-flight,Flight Crew Requested ATC Assistance / Clarification; Flight Crew Executed Go Around / Missed Approach; Flight Crew FLC complied w / Automation / Advisory; Flight Crew Returned To Clearance; Flight Crew Became Reoriented,Human Factors; Procedure; Company Policy,Procedure,We were cleared (3000 ft until established) for the Visual Approach; Runway XXR in ZZZ. We had the approach backed up with the ILS XXR and the plane was on autopilot; when the event happened. On final; short before the ZZZZZ fix; we captured the glideslope at 3000 ft and I immediately set the missed approach altitude of 2700 ft for visual missed approach into the MCP (Mode Control Panel). Almost at the same moment we got an RA Resolution Advisory from TCAS; commanding us to CLIMB immediately ! I clicked the autopilot off and initiated the avoidance climb manually. We got within 100 to 200 ft close to the other traffic in vertical separation; during the RA. After being clear of traffic message and going back on autopilot; we still saw the traffic being too close to us below; so we decided to do a missed approach. I pushed the GO-AROUND switch and called for the missed approach. The airplane immediately pitched up and went into a steep go-around climb. I got startled a bit at that point; because I was expecting it to level off at 2700ft. But I guess; when I pushed the GA-switch we were already about the set missed approach altitude because of the RA avoidance climb and the plane just did a GA-climb. When I realized what was going on; I disconnected the autopilot/autothrottles again; working on bringing the power back and the nose down to initiate a descent; back to 4000 ft; we got advised to before by ATC. We also stayed focused on not exceeding flap limits speeds and flap retraction; to clean the aircraft up. But during the whole maneuver the airplane had climbed already up to almost 5000 ft. So we exceed to advised ATC altitude by approx. 1000 ft. We also diverted slightly to the left of runway heading XXR during the RA avoidance maneuver. We got vectored around for another eventless approach. Back on tower frequency; my FO mentioned the RA as a reason for the previous missed approach.We should get trained more on missed approaches/go-arounds; in similar situations; close to the final approach fix and close to missed approach altitude. But I have to be also more prepared and should think ahead more detailed on what to do if a similar situation is happen again. Thinking back now about it; I should have just deactivated the flight directors; uncoupled the ILS and flight level changed to the missed approach altitude. Followed by speed clean maneuvering" and cleaning up the airplane from approach configuration. Should not have pushed the Go Around switch at all. But for some reason; because of the startling effect; training complacency kicked in.",,We were flying the flight Aircraft X from ZZZ1 to ZZZ. The flight had been conducted uneventfully throughout the whole time. We were cleared to land on runway XXR and we were completely VMC and cleared for the visual. We had just captured the G/S and still flaps 20 and gear down when we got a traffic alert (yellow) for a traffic around 200ft below at position of 10 to 11 o'clock. Within seconds it turned into a traffic resolution and the Captain who was the pilot flying immediately started the escape maneuver by pitching up. Then we got clear of traffic conflict and he suggested to continue the approach. I quickly looked at my moving map and the traffic was still showing yellow 200ft below. And at that time I called go around". It was somewhere near the FAF.Captain without hesitation went missed. He pressed the GA button; the airplane pitched up and then he called flaps 20 which we had at that moment and I called positive rate. Gear came up and we were climbing. It took a while for the Captain to regain proper situation awareness. I tried to keep things calm in the cockpit and calmly told him to turn slightly to the right; as we were drifting left towards to other runway. We busted the assigned altitude by over 1000ft. The autopilot had been turned off. as we had been assigned 4000; we went up to 5100ft. Pitch was fluctuating up and down and speed wasn't consistent; however it kept within all limits. We managed to control and reconfigure the airplane; after takeoff checklist was complete and we came back for the second approach without any further incident.As we were taxing; tower control gave us a number to call. Captain called them over his phone while we were still in the cockpit after the shutdown checklist and got things straightened up with them without any consequences for our crew.",,Air carrier flight crew reported evasive maneuvers to avoid a NMAC resulted in an unstable approach and a go around.
2285070,202509,,,,,,1000,,,VMC,,,,,,,Air Carrier,Commercial Fixed Wing,,2,Part 121,IFR,Passenger,GPS,Final Approach,Other RNAV GPS 15,,,,,,,,,,,,,,,,,,,,,,,,,,,,,,,,,,,,,,,,,,,,,,,,,,,,,,,,,,,,,,,,Aircraft X,Flight Deck,Air Carrier,Pilot Flying; Captain,Flight Crew Air Transport Pilot (ATP); Flight Crew Instrument; Flight Crew Multiengine,,,Time Pressure; Situational Awareness; Human-Machine Interface; Workload,,,2285070,,,,,,,,,,,,Deviation - Speed All Types; Deviation / Discrepancy - Procedural Published Material / Policy; Inflight Event / Encounter CFTT / CFIT; Inflight Event / Encounter Unstabilized Approach,,,Person Air Traffic Control,In-flight,Air Traffic Control Issued Advisory / Alert; Flight Crew Returned To Clearance,Human Factors; Software and Automation,Human Factors,During the RNAV GPS to runway 15 we were configured early due to having to bleed off speed and energy from a high energy approach. As we passed the IAF we were still a few hundred feet above the path and I deselected the autopilot to hand fly and attempt to return to the path prior to crossing the FAF. I was successful in getting the aircraft back on path and configured prior to the FAF in order to continue the approach. As we subsequently continued our approach toward the airport at about 1100 feet I did a crosscheck of the runway and noticed a below glide path indication i processed and reacted at about 1000 feet and leveled off. We were flaps 40 due to the short runway (long one closed for construction) so as I started to level off our airspeed started to decay rapidly. I countered with power and saw a low airspeed around 138 knots which was right at ref. As all this was happening we received an altitude alert from tower. We acknowledged we were correcting. I reintercepted the path based on the visual approach indicators and continued the approach and landing with no other issues. At the time of the approach I had no idea what or why the vertical guidance put us below the path but upon reflection I believe we may have failed to verify low vertical speed at the FAF due to cockpit workload associated with the high energy approach and ATC interactions. This is the only reason I can think of for this to have occurred. can. I believe I did put the aircraft in VNAV but I have no way to know for sure readily available to me. I am thankful that I was cross checking the runway visually and had enough time and SA (Situational Awareness) to prevent any further deviations from our desired path and speed. In hindsight; a go around may have been prudent but again at the time I believed us to be stabilized and in a safe position to land. Additionally we were bumping up against the airfield closing and a possible divert if we did not land in time. The FO and I debriefed and could not immediately identify what caused the below path condition.,,,,Air carrier Captain reported an unstabilized approach in visual conditions; which resulted in a low altitude alert issued by the tower. The flight leveled out then resumed the approach to a landing.
2285075,202509,1201-1800,ZZZ.Airport,US,,,,500,,,,,Daylight,,,Tower ZZZ,Air Carrier,B737 Undifferentiated or Other Model,,2,Part 121,IFR,Passenger,Localizer/Glideslope/ILS ILS XXR,Final Approach,Visual Approach,Class C ZZZ,,,,,,,,,,,,,,,,,,,,,,,,,,,,,,,,,,,,,,,,,,,,,,,,,,,,,,,,,,,,,,,Aircraft X,Flight Deck,Air Carrier,Pilot Not Flying; First Officer,Flight Crew Air Transport Pilot (ATP); Flight Crew Instrument; Flight Crew Multiengine,,,Communication Breakdown; Situational Awareness,Party1 Flight Crew; Party2 Flight Crew,,2285075,Aircraft X,Flight Deck,Air Carrier,Pilot Flying; Captain,Flight Crew Air Transport Pilot (ATP); Flight Crew Instrument; Flight Crew Multiengine,,,Workload; Training / Qualification; Situational Awareness; Communication Breakdown,Party1 Flight Crew; Party2 Flight Crew,,2284873,ATC Issue All Types; Deviation / Discrepancy - Procedural Published Material / Policy; Inflight Event / Encounter CFTT / CFIT; Inflight Event / Encounter Unstabilized Approach,,,Automation Aircraft Other Automation; Person Flight Crew,In-flight,Flight Crew Overrode Automation,Software and Automation; Human Factors,Human Factors,On a visual approach below 1000 feet; while running the landing checklist we received the 'glideslope' annunciation.  I looked out the window and saw that we were low enough to have 4 red lights on the PAPI.  I stated '4 reds' and within a second or two it was three red lights.  Neither the captain or I called for a go around; though in the debriefing we agreed that we should have gone around for the unstable approach at what I think was about 500'.,,During final approach the aircraft was allowed to reach an unstable approach without the proper go-around call/execution.  The ATC directed turn to final was inside the FAF for the ILS (cleared for visual approach XXR).  While recognized and anticipated; the additional workload; compounded by a large (30+ days) break in flying led to a momentary deviation below the ILS G/S on the visual approach.  The deviations were momentary; with positive correction and VVM (Verbalize; Verify; Monitor) between PF and PM. A safe landing was conducted and the post-flight debrief was thorough; including reference to FM (Flight Manual) and FOM and acknowledgment of the error of not executing/directing a go-around.,,B737 flight crew reported a below glide slope warning while on final resulting in an unstable approach. The crew corrected the low profile glide path and landed.
2285475,202509,0601-1200,ZZZ.Airport,US,,,0,,,VMC,10,,Daylight,12000,,UNICOM ZZZ,Personal,Light Sport Aircraft,,1,Part 91,VFR,Training,,Landing,Direct,Class E ZZZ,,,,,,,,,,,,,,,,,,,,,,,,Engine,,X,Malfunctioning,,,,,,,,,,,,,,,,,,,,,,,,,,,,,,,,,,,,Aircraft X,Flight Deck,Personal,Pilot Flying; Single Pilot,Flight Crew Student,Flight Crew Last 90 Days 11.5; Flight Crew Total 60.1; Flight Crew Type 8.3,,Workload,,,2285475,,,,,,,,,,,,Aircraft Equipment Problem Critical; Conflict Airborne Conflict; Ground Event / Encounter Ground Strike - Aircraft; Ground Event / Encounter Loss Of Aircraft Control; Inflight Event / Encounter Unstabilized Approach,,,Person Flight Crew,In-flight,Aircraft Aircraft Damaged; Flight Crew Executed Go Around / Missed Approach,Human Factors; Aircraft,Aircraft,Experienced engine roughness. When I reduced power to below 4500 RPM I experienced engine roughness in the right downwind for XX. On the first go around I was uncomfortable with my approach and decided to do a go around. On the second attempt; I was on right base for XX another aircraft overtook me on final which made me do a go around. Coming back to final I got set up on a stable approach. Upon touchdown airplane started porpoising which is when I lost my front nose gear and the prop struck the ground. No substantial property damage was incurred at the airport.,,,,A light sport aircraft pilot reported during landing with a rough running engine the aircraft porpoised and the nose gear collapsed.
2285525,202509,1201-1800,ZZZ.Airport,US,,,,3000,,,Windshear; Rain; Thunderstorm; Turbulence; 10,,,2900,,TRACON ZZZ,Air Carrier,B737-800,,2,Part 121,IFR,Passenger,,Final Approach,Other ILS,Class B ZZZ,,,,,,,,,,,,,,,,,,,,,,,,Trailing Edge Flap,,X,Improperly Operated,,,,,,,,,,,,,,,,,,,,,,,,,,,,,,,,,,,,Aircraft X,Flight Deck,Air Carrier,Captain; Pilot Not Flying,Flight Crew Air Transport Pilot (ATP); Flight Crew Instrument; Flight Crew Multiengine,Flight Crew Last 90 Days 170; Flight Crew Total 17500; Flight Crew Type 850,,Confusion,,,2285525,Aircraft X,Flight Deck,Air Carrier,Pilot Flying; First Officer,Flight Crew Multiengine; Flight Crew Instrument; Flight Crew Air Transport Pilot (ATP),,,Workload,,,2285140,Aircraft Equipment Problem Critical; Deviation - Speed All Types; Deviation / Discrepancy - Procedural Published Material / Policy; Inflight Event / Encounter Unstabilized Approach; Inflight Event / Encounter Weather / Turbulence,,,Person Flight Crew,In-flight,Flight Crew Regained Aircraft Control; Flight Crew Took Evasive Action,Weather; Human Factors,Human Factors,First Officer was pilot flying. There was a thunderstorm on final for Runway XX at ZZZ. We were cleared to cross ZZZZZ at 3000 feet; cleared for the ILS XX. At ZZZZZ; the First Officer lost his Autopilot and Flight Director in IMC conditions; heavy rain; and fluctuating winds. I still had my Flight Director so I took over the flight controls and started to descend to catch the glide slope as we were high. I called for flaps 15 after extending the landing gear. It was at this time that the flaps were oversped due to fluctuating wind speed. After coming into visual contact with the runway; we realized we were high and the approach could not be salvaged. It was at this point we decided to initiate a go around. I pressed the TOGA buttons and lost my Flight Director. We were at an altitude of 1500' when we initiated the go around. In the confusion; we got behind cleaning up the aircraft but once we caught up; our Flight Directors reappeared and the Autopilot worked. The First Officer took the controls back and we opted to shoot an RNAV approach to Runway XYL. We successfully landed the aircraft and proceeded normally to the gate where we wrote up the flap overspeed and the anomaly of the disappearing flight directors and Autopilot. We theorized that we may have had a lightning strike seeing there was lightning in the vicinity of the storm we were flying through. We were unable to verify this as the ramp was closed due to lightning when we got off of the aircraft in ZZZ.,,I was the First Officer and Pilot Flying on Flight ABCD from ZZZZ to ZZZ. When arriving in the ZZZ terminal area; we encountered storms in the area and ATC was vectoring aircraft around them. We were vectored and cleared onto the ILS Runway XX into ZZZ. The weather radar was showing weather around the final approach course but other aircraft were able to proceed on the ILS and make the runway so we elected to continue. When we were approaching point ZZZZZ at 3000 feet AGL and the aircraft was about to intercept glideslope; I lost all flight director guidance and 'raw data' from LOC and G/S which caused Autopilot 'B' to disengage. We were IMC at the time. I noticed the Captain still had his Flight Director and I passed him the controls; at which point we continued to configure gear and flaps. Throughout this we were experiencing heavy rain; turbulence and possible windshear. We over sped flaps 15 while trying to configure. We did eventually break out of the weather and had visual of the runway but we were high and unstable so we elected to go-around at about 1500 feet AGL. When the Captain pressed the TOGA button; he lost his Flight Director; as well. At this point we were very task saturated and got behind the aircraft on the go-around and clean up. I was eventually able to get my Flight Director back and the Captain passed me the controls. I then climbed to 3000 feet AGL and was able to reengage the Autopilot. We then elected to shoot the RNAV to Runway XYL and landed without further incident and were able to taxi to our gate.Cause: The primary factor to this incident was weather. There were thunderstorms in the area along the final approach course. The Captain and I suspected a possible lightning strike is what caused our automation issues but were unable to do a post-flight inspection due to the ramp being closed for lightning. There were a number of aircraft shooting approaches into ZZZ which is why we elected to continue but it may have been more prudent to hold or divert. Another factor was our task saturation in IMC and turbulence while losing automation and flight guidance. Captain and I were able to execute a go-around and stabilize the aircraft.,,B737-800 flight crew reported severe weather on approach leading to a flap overspeed and unstabilized approach.
2286443,202509,,ZZZ.Airport,US,,,,,,VMC,,,,,,TRACON ZZZ; Tower ZZZ,Air Carrier,B757 Undifferentiated or Other Model,,2,Part 121,IFR,Passenger,,Landing,Visual Approach,Class B ZZZ,,,,,,,,,,,,,,,,,,,,,,,,Spoiler System,,X,Malfunctioning,,,,,,,,,,,,,,,,,,,,,,,,,,,,,,,,,,,,Aircraft X,Flight Deck,Air Carrier,Pilot Not Flying; Captain,Flight Crew Air Transport Pilot (ATP); Flight Crew Instrument; Flight Crew Multiengine,,,Situational Awareness,,,2286443,Aircraft X,Flight Deck,Air Carrier,Pilot Flying; First Officer,Flight Crew Instrument; Flight Crew Multiengine; Flight Crew Air Transport Pilot (ATP),,,Confusion; Situational Awareness,,,2286113,Aircraft Equipment Problem Critical; Deviation / Discrepancy - Procedural Published Material / Policy; Ground Event / Encounter Ground Strike - Aircraft; Inflight Event / Encounter Unstabilized Approach,,,Person Flight Crew,In-flight,Air Traffic Control Provided Assistance; Air Traffic Control Issued New Clearance; Aircraft Aircraft Damaged; Flight Crew Requested ATC Assistance / Clarification; Flight Crew Regained Aircraft Control; Flight Crew Executed Go Around / Missed Approach; Flight Crew Landed in Emergency Condition; Flight Crew Overcame Equipment Problem; General Flight Cancelled / Delayed,Human Factors; Procedure; Aircraft,Aircraft,When we arrived at the aircraft in ZZZ1; the left hydraulic system was being serviced. The inbound crew had reported a significant drop in hydraulic quantity on the left system during their flight. Maintenance performed the required checks and the aircraft was returned to service. We departed on scheduled. We monitored the system before; during and after the flight. The pressure and quantity were normal during all phases of the flight. The center and right systems were also normal. Thus there was no expectations or concerns that the ground spoilers would not operate as designed on landing. It was a normal approach on a clear day with light winds to Runway XXC in ZZZ. The First Officer was the pilot flying and the Captain was pilot monitoring. It was a well flown stable approach. The system generated aural altitudes were heard. Although the rate of descent was perhaps higher than normal; all 10 foot increments were audibly heard and the First Officer made adjustments to decrease the rate of descent but a firm touchdown was made. Although the touchdown was well within the parameters of a normal landing; when the auto ground spoilers did not deploy; the aircraft bounced and the decision for a balked landing was made. As the Captain and pilot monitoring; I felt the decision to call for the go around was safer than manually deploying the ground spoilers as there was reasonable doubt to the state or position of the aircraft. The timing of the call to go around was almost synonymous with the pilot flying unlocking of the thrust reversers. This created a startle effect in the go around due to the struggle to restow the thrust reversers so that the thrust levers could be advanced. Once available; additional thrust was given in an effort to compensate for the delay and decaying performance. That unfortunately created a higher pitch angle and the efforts to reduce that pitch were regrettably not enough to prevent the tail skid from making contact with the runway. There was no indication felt by the pilots and the TAIL SKID alert on the EICAS did not display. ATC assigned us vectors and stepped us to 8000' for a return to land. Due to the potential contact with Runway XXC; it was closed until inspections could be made. Crew was informed that no debris was found. The runway was changed to XYR. The First Officer continued to be the pilot flying. Both of us verified that the ground spoilers were armed again. The approach was stable and the transition and touchdown was much smoother. The ground spoilers again failed to auto deploy. The aircraft did not settle so as the Captain and pilot monitoring; I felt this time it was safe to slowly manually deploy the ground spoilers and the aircraft settled nicely for an overall smooth landing. We exited off the runway and came to a complete stop. ARFF (Airport Rescue and Firefighting) inspected the tail. No visible signs of damage were discovered at that time. We received a new gate from operations; made a PA to our customers and informed them everything was okay. We thanked our flight attendants for their help and taxied safely to the gate. It was during the post flight inspection that the scrapes on the tail skid were seen. We wrote an ELB (Electronic Logbook) entry for the twice failed auto deployment of the ground spoilers and a separate ELB entry for the tail skid contact. We worked with Maintenance directly and contacted the chief pilot. After saying goodbye to all of our customers and thanking our flight attendants again; we were told it was okay for us to head to our overnight hotel.,,The Captain and I had recently flown together and I had just been to ZZZ twice over the past couple of days. As we showed up to the plane in ZZZ1; the previous crew reported a steady loss of HYD Quantity from the left hydraulic system. Maintenance refilled and cleared the aircraft and we had a normal departure out of ZZZ1. On arrival into ZZZ; we setup and briefed ILS XXC as a backup for the Visual Approach. Conditions were clear and mostly calm as we came into ZZZ. Configuration was normal with all stabilized criteria gates being met conservatively. Upon hearing the 50 foot call; I recognized my descent rate was slightly higher than I desired and attempted to arrest the descent. I anticipated a firm; but completely normal touchdown. Upon feeling the main gear touchdown; I engaged idle reverse. Almost immediately afterwards; I felt lightness on the controls and recognized the feeling of the speed brakes not auto deploying. As I looked down at the speed brake handle to confirm; the Captain called the bounced landing and for a go around. As I pushed the throttle levers and went for the Go Around switches; in the startle I didn't recognize that my thrust reversers were not stowed; thus not allowing me to advance the throttle levers. Once I got the reversers stowed; I advanced the throttles to maximum thrust in an attempt to prevent ground contact and begin the go around. I did not feel the tail skid contact the runway; nor did our Tail Skid light illuminate. After a step climb in the go around; we completed a box pattern to XYR. Priority handling was requested and Tower reported no debris on the runway. We deemed it safe to return for landing. Configuration on the second approach was completed efficiently and a normal approach was made. On the second landing; the spoilers failed to deploy a second time and the Captain engaged them manually. A normal touchdown and landing was made; exiting the runway where ARFF (Airport Rescue and Firefighting) inspected the tail and reported no visible damage. We taxied to the gate and completed normal shutdown procedures. Upon the post flight walk around; the sacrificial material on the tail skid was seen to be shaved down with no other visible marks or damage.,,A B757 flight crew reported a tail strike during a go around when during touchdown from an unstable approach the ground spoilers did not deploy.
2286794,202509,1801-2400,BOS.Airport,MA,,,,,,,,,,,,TRACON A90,Air Carrier,EMB ERJ 170/175 ER/LR,,2,Part 121,IFR,Passenger,,Final Approach,,Class B BOS,,,,,,,,,,,,,,,,,,,,,,,,,,,,TRACON A90,,Commercial Fixed Wing,,,,,,,Landing,,Class B BOS,,,,,,,,,,,,,,,,,,,,,,,,Aircraft X,Flight Deck,Air Carrier,Pilot Not Flying; First Officer,Flight Crew Multiengine; Flight Crew Air Transport Pilot (ATP); Flight Crew Instrument,,,Situational Awareness,,,2286794,Aircraft X,Flight Deck,Air Carrier,Captain; Pilot Flying,Flight Crew Multiengine; Flight Crew Air Transport Pilot (ATP); Flight Crew Instrument,,,Time Pressure; Workload,,,2287147,Deviation / Discrepancy - Procedural Published Material / Policy; Inflight Event / Encounter Wake Vortex Encounter; Inflight Event / Encounter Unstabilized Approach,,,Person Flight Crew,In-flight,Flight Crew Executed Go Around / Missed Approach,Procedure; Human Factors; Environment - Non Weather Related,Human Factors,This unstable approach event started happening the day before I believe. On the previous day we had dealt with delays and EDCTs (Estimated Departure Clearance Time) on both of our flights which resulted us from having a 12 hr overnight to the absolute bare minimum 10 hr min rest. This morning when we woke up and got ready to go to the airport for our scheduled showtime; we were notified that the flight was already delayed 2 hours with an EDCT. When we were on the aircraft setting up for the flight and talking with dispatch to figure out an appropriate time to board with the EDCT; operations told us that they needed the gate and that they needed us to board and push. Then we talk with dispatch again and decide on a time to board. Once we were boarded; we pushed back and requested the ground controller that we needed to go sit somewhere on the field to wait out our time for the EDCT. We end up waiting about 45 min until we started taxing to go takeoff. The captain was pilot flying and I was pilot monitoring. After we took off; the flight went very smoothly with nothing out of the ordinary. Once we get to Boston; the final approach controller sequence us on final approach course behind a heavy that ended up causing some wake turbulence for us. The captain called for flaps 1 and 2 then our attention got elsewhere. When we realized the land gear was not down we initiated they go around immediately and I talked with ATC and then we were a sequence around to shoot the approach again and then we landed with nothing else out of the ordinary. With everything running like clockwork; we both became complacent; but when we needed to react and initiate the go around; we did with no hesitation.I usually do this normally; but to mitigate this in the future; I will be sure to doublecheck our configuration multiple times on approach.,,BOS 22L Visual Approach behind Heavy. Task Saturated. Lot of Radio Chatter. Not configured by 1000 feet and was not stable. Trying to locate the Heavy Airplane touchdown Point. Didn't finish the landing checklist as well. Did a Go Around and then came back for a normal Landing.,,EMB-175 flight crew reported that distraction from a wake turbulence encounter was a factor in their failure to lower the landing gear on final approach to BOS. A go-around was executed; and the ensuing approach and landing were without incident.
2287904,202509,0601-1200,CLT.Airport,NC,,,,,,,,,,,,Tower CLT,Air Carrier,Commercial Fixed Wing,,2,Part 121,IFR,Passenger,,Final Approach,,Class B CLT,,,,,,,,,,,,,,,,,,,,,,,,,,,,Tower CLT,Air Carrier,A321,,2,Part 121,IFR,Passenger,,Final Approach,,Class B CLT,,,,,,,,,,,,,,,,,,,,,,,,Aircraft X,Flight Deck,Air Carrier,Captain; Pilot Flying,Flight Crew Multiengine; Flight Crew Air Transport Pilot (ATP); Flight Crew Instrument,,,,,,2287904,Aircraft X,Flight Deck,Air Carrier,First Officer; Pilot Not Flying,Flight Crew Multiengine; Flight Crew Instrument; Flight Crew Air Transport Pilot (ATP),,,,,,2287908,Inflight Event / Encounter Wake Vortex Encounter; Inflight Event / Encounter Unstabilized Approach,,,Person Flight Crew,In-flight,Flight Crew Took Evasive Action; Flight Crew Executed Go Around / Missed Approach,Environment - Non Weather Related; Procedure,Ambiguous,We encountered wake turbulence on approach to 36L in CLT at less than 200' agl. We initiated a go around and return for a successful approach and landing 36L.,,Approach unstable at 150' due to wake turbulence from A321 landing in front of of us on 36L CLT. PF initiated Go-around.,,Air carrier flight crew reported executing a go-around from a low altitude on final approach to CLT after encountering wake turbulence from the preceding A321.
2288843,202509,1801-2400,SDF.Airport,KY,,,400,,,,Cloudy; Rain,,Night,,,Tower SDF,Air Carrier,Commercial Fixed Wing,,2,Part 121,IFR,Cargo / Freight / Delivery,FMS Or FMC,Final Approach,,Class C SDF,,,,,,,,,,,,,,,,,,,,,,,,,,,,,,,,,,,,,,,,,,,,,,,,,,,,,,,,,,,,,,,Aircraft X,Flight Deck,Air Carrier,Captain; Pilot Not Flying,Flight Crew Multiengine; Flight Crew Air Transport Pilot (ATP); Flight Crew Instrument,Flight Crew Last 90 Days 120,,Workload; Situational Awareness,,,2288843,,,,,,,,,,,,Deviation / Discrepancy - Procedural Published Material / Policy; Inflight Event / Encounter Weather / Turbulence; Inflight Event / Encounter Unstabilized Approach; Inflight Event / Encounter CFTT / CFIT,,,Automation Aircraft Terrain Warning; Person Flight Crew,In-flight,Flight Crew Became Reoriented; Flight Crew Executed Go Around / Missed Approach; Flight Crew Took Evasive Action,Environment - Non Weather Related; Human Factors; Weather,Human Factors,We diverted around thunderstorms and had multiple arrival and runway changes.  Ultimately we were setup for the ILS 35R at SDF. I was the PM and the FO was the PF. The approach was normal and stable through 500 AGL. We broke about 400 AGL prior to me making the approaching minimums call and on glideslope. The FO called the runway in sight and turned the autopilot off. It was a very variable deck that caused a non standard visual illusion and there was moderate rain. Above minimums I noticed the PAPIs had turned to 3 red and we were trending below glideslope. I announced to the PF that we were starting to duck under.  Shortly thereafter I saw the fourth PAPI beginning to turn red. We received an EGPWS (Enhanced Ground Proximity Warning System) alert. I called a go-around and the FO executed it. The aircraft behind us went around as well. We landed uneventfully on a subsequent approach. We debriefed the importance of continuing to maintain a good instrument scan inside when transitioning outside to land in the weather.,,,,Air carrier Captain reported an Enhanced Ground Proximity Warning System (EGPWS) warning as the aircraft trended below the glide slope as the pilot flying transitioned to visual cues at low altitude in moderate rain. The Captain called for a go-around and returned for a safe landing.
2288846,202509,1801-2400,SDF.Airport,KY,,,300,,,IMC,Cloudy,,Night,400,,Tower SDF,Air Carrier,Commercial Fixed Wing,,2,Part 121,IFR,Cargo / Freight / Delivery,FMS Or FMC; Localizer/Glideslope/ILS ILS 35R,Final Approach,,Class C SDF,,,,,,,,,,,,,,,,,,,,,,,,,,,,,,,,,,,,,,,,,,,,,,,,,,,,,,,,,,,,,,,Aircraft X,Flight Deck,Air Carrier,First Officer; Pilot Flying,Flight Crew Air Transport Pilot (ATP); Flight Crew Instrument; Flight Crew Multiengine,Flight Crew Last 90 Days 110; Flight Crew Total 3320,,Communication Breakdown; Physiological - Other; Situational Awareness,Party1 Flight Crew; Party2 Flight Crew,,2288846,,,,,,,,,,,,Inflight Event / Encounter CFTT / CFIT; Inflight Event / Encounter Unstabilized Approach; Inflight Event / Encounter Weather / Turbulence,,,Automation Aircraft Other Automation; Person Flight Crew,In-flight,Flight Crew Became Reoriented; Flight Crew Executed Go Around / Missed Approach; Flight Crew Took Evasive Action,Environment - Non Weather Related; Human Factors; Weather,Human Factors,Arriving into SDF airspace from the south; we encountered weather and deviated east; planning for an approach to 17L. After multiple reroutes and avoiding weather we realized SDF had switched to north flow. We set up for the ILS 35R and were vectored onto the approach. We descended through several layers and were in IMC until approximately 400ft AGL. As we gained visual with the runway; I disconnected autopilot and left auto throttles engaged. I was looking outside and visually flying to what I thought was a proper glideslope. I may have fallen for an illusion due to the cloud decks and rain. The Captain called youre ducking under. I looked down at my flight display; saw that the flight director was commanding nose up and that I was low on glideslope; and pulled back on the stick and pushed the throttles forward to correct this as I transitioned my gaze back outside toward the runway. At this time we were around 300ft AGL and received an EGPWS (Enhanced Ground Proximity Warning System) audible and visual GLIDESLOPE as the captain called for the go around. Subsequently we were vectored to the ILS 35L and landed without any further issues. Afterwards; we debriefed the importance of maintaining a cross check both inside and outside the aircraft. I relied too heavily on my visual perception once the autopilot was disconnected; and my focus should have still been on my instruments as we exited the weather and transitioned to visual for the landing.,,,,Air carrier First Officer reported becoming low on final approach while transitioning from instruments to visual cues resulting in a below glideslope warning in IMC weather. The Captain ordered a go-around and returned for another approach and safe landing.
2289551,202509,0001-0600,PHL.Airport,PA,,,,200,,,,,,,,Tower PHL,Air Carrier,EMB ERJ 145 ER/LR,,2,Part 121,IFR,Passenger,,Final Approach,,Class B PHL,,,,,,,,,,,,,,,,,,,,,,,,,,,,Tower PHL,Air Carrier,B767 Undifferentiated or Other Model,,,Part 121,IFR,,,Landing; Final Approach,,Class B PHL,,,,,,,,,,,,,,,,,,,,,,,,Aircraft X,Flight Deck,Air Carrier,Pilot Flying; Captain,Flight Crew Air Transport Pilot (ATP); Flight Crew Multiengine; Flight Crew Instrument,,,,,,2289551,,,,,,,,,,,,Inflight Event / Encounter Unstabilized Approach; Inflight Event / Encounter Wake Vortex Encounter,,,Person Flight Crew,In-flight,Flight Crew Executed Go Around / Missed Approach,Environment - Non Weather Related; Procedure,Environment - Non Weather Related,On an ILS approach to R27L into PHL we experienced wake turbulence at approx 200 ft putting the plane into a 20 degree bank and prompting me to execute a go around; second approach completed with no further issues. When cleared for the approach we were 5-6 miles behind a heavy 767; while spacing appeared to be good we were very light with a landing weight of 35500 and there was not much wind present to dissipate the wake turbulence.,,,,EMB-145 Captain reported executing a go-around from a low altitude at PHL after encountering wake turbulence from the preceding B767.
2289586,202509,,ZZZ.Airport,US,,,,800,,VMC,,,,,,Tower ZZZ,Air Carrier,B737 Undifferentiated or Other Model,,2,Part 121,IFR,Passenger,,Final Approach,,Class B ZZZ,,,,,,,,,,,,,,,,,,,,,,,,,,,,,,,,,,,,,,,,,,,,,,,,,,,,,,,,,,,,,,,Aircraft X,Flight Deck,Air Carrier,First Officer; Pilot Not Flying,Flight Crew Multiengine; Flight Crew Instrument; Flight Crew Air Transport Pilot (ATP),,,Situational Awareness,,,2289586,,,,,,,,,,,,ATC Issue All Types; Deviation - Altitude Overshoot; Deviation / Discrepancy - Procedural Published Material / Policy; Inflight Event / Encounter CFTT / CFIT; Inflight Event / Encounter Unstabilized Approach,,,Automation Air Traffic Control; Person Air Traffic Control,In-flight,Flight Crew Executed Go Around / Missed Approach; Flight Crew FLC complied w / Automation / Advisory; Flight Crew Regained Aircraft Control,Human Factors; Procedure,Human Factors,I observed the CA setup RNV XX R as advertised in the atis. We briefed threats as being a potential runway change; being vectored off and back the RNAV approach; and coming in after a long flight. The CA briefed and asked if I had any questions or comments. I asked if he planned to treat it as an RNAV approach since I noticed he did not turn off nav updates or change the RNP value. He stated that since it is a visual approach we should be fine. We got an early descent on the ZZZZZ arrival to FL320 from FL340 and I noticed the CA used LVL CHG to descend rather than using ALT INTV. After we leveled; I offered to recruise the FMC to FL320 to put us back VNAV PATH and the CA agreed. We were cleared to descend via and slowed to 250 kts then published speeds at ZZZZZ1. Then; ZZZ slowed us to 230 kts and cleared us the ZZZZZ2 course only after ZZZZZ3.The CA then called for flaps 1. After crossing ZZZZZ3; we were given step downs. The CA used LVL CHG to descend to both altitudes. ATC then slowed us to 210 kts then 180 kts until ZZZZZ4 once CA had landmarks; aircraft on XX L; and the runway in sight. The CA asked me to set 100 ft for TDZE. We continued to slow to 180 until ZZZZZ4. ZZZ had us check in with tower and we were notified to continue and that traffic was in position. We configured to flaps 5 and 10 then gear down flaps 15 as appropriate. As we approached ZZZZZ4; CA called for flaps 25; then flaps 30 landing checklist. At that point; I remember the aircraft making the 1000 foot call; then; as I reached to place the start switches to continous; ATC stated 'Aircraft X; low altitude alert; check your altitude immediately; altimeter 29.87;' I replied 'Aircraft X; roger' and immediately looked up and noticed our RA altitude around 800 feet and descending; and 4 red lights on the PAPI. I observed the CA discinnect the auto pilot and auto throttles and attempt to arrest the descent. As we passed through 650 feet RA; i called for a go around. We were instructed to climb runway heading to 3000 ; then given a left turn to 260. On downwind; ATC told us to expect visual XX L. On final; I asked ATC for a landing clearance around 600 feet and was told an aircraft was still in position. We were then instructed to go around and came back to land on XX L uneventfully.,,,,B737 flight crew reported Low Altitude Alert by ATC on approach.
2289985,202509,,IAD.Airport,DC,,,,,,IMC,,,,,,Tower IAD,Air Carrier,B737 Undifferentiated or Other Model,,2,Part 121,IFR,Passenger,,Landing,,Class B IAD,,,,,,,,,,,,,,,,,,,,,,,,,,,,Tower IAD,Air Carrier,B777 Undifferentiated or Other Model,,,Part 121,IFR,Passenger,,Takeoff / Launch,,Class B IAD,,,,,,,,,,,,,,,,,,,,,,,,Aircraft X,Flight Deck,Air Carrier,Captain; Pilot Flying,Flight Crew Air Transport Pilot (ATP); Flight Crew Instrument; Flight Crew Multiengine,,,,,,2289985,,,,,,,,,,,,Deviation / Discrepancy - Procedural Published Material / Policy; Ground Event / Encounter Jet Blast; Inflight Event / Encounter Unstabilized Approach; Inflight Event / Encounter Wake Vortex Encounter,,,Person Flight Crew,In-flight,General None Reported / Taken,Environment - Non Weather Related; Procedure,Ambiguous,After being cleared to land; Dulles tower advised us that a heavy 777 departed before us and to 'Caution wake turbulence.' The approach was stable and during the flare we hit their wake turbulence. We floated a bit and as I deployed the reverse thrust; we received a 'Long landing! Long landing!' aural alert. Since the thrust reversers were deployed; we did not go-around. We exited at the planned taxi way and taxied to the gate without event.,,,,B737 Captain reported encountering jet blast or wake turbulence on short final from a departing B777 that resulted in a long landing.
2290408,202509,0601-1200,ZZZ.Airport,US,,,,,,VMC,,,,,,Tower ZZZ,Air Carrier,B737 Undifferentiated or Other Model,,2,Part 121,,Passenger,,Final Approach,,Class B ZZZ,,,,,,,,,,,,,,,,,,,,,,,,,,,,,,,,,,,,,,,,,,,,,,,,,,,,,,,,,,,,,,,Aircraft X,Flight Deck,Air Carrier,Pilot Not Flying; Captain,Flight Crew Air Transport Pilot (ATP); Flight Crew Multiengine; Flight Crew Instrument,,,Training / Qualification; Communication Breakdown; Situational Awareness,Party1 Flight Crew; Party2 Flight Crew,,2290408,Aircraft X,Flight Deck,Air Carrier,Pilot Flying; First Officer,Flight Crew Air Transport Pilot (ATP); Flight Crew Instrument; Flight Crew Multiengine,,,Training / Qualification; Situational Awareness; Communication Breakdown,Party1 Flight Crew; Party2 Flight Crew,,2290422,Deviation - Altitude Overshoot; Deviation / Discrepancy - Procedural Published Material / Policy; Inflight Event / Encounter CFTT / CFIT; Inflight Event / Encounter Unstabilized Approach,,,Automation Air Traffic Control; Person Flight Crew,In-flight,Flight Crew FLC complied w / Automation / Advisory; Flight Crew Regained Aircraft Control,Human Factors,Human Factors,FO was PF and I was PM. Arrival/approach briefing and preparation was good and completed prior to TOD. Our STAR into ZZZ was the ZZZZZ; but we were vectored off the arrival to the east of ZZZ and for a visual approach. Weather at ZZZ was completely day VMC with higher clouds at the time. Consequently; we never lost visual on the airport or terrain throughout the approach. All was normal until we received the visual approach clearance. Our visual approach clearance to XXR was a little different because it occurred with a vector that would have us intercept final after ZZZZZ [fix]. This confused the FO where he wasn't clear on what or if any certain altitudes needed to be maintained (he didn't verbalize this in flight). We were also told to stay visual with another aircraft in front of us and landing XXL.After the approach clearance; the FO asked for TDZE to be set. I told him we couldn't do that because LV CH was currently selected. He then asked me to select V/S and 900 FPM down. After I selected V/S 900 FPM down for him; he then asked for TDZE to be set. While I wouldn't have made this MCP (Mode Control Panel) choice; I didn't want to fly the airplane for him; and since it wasn't an SOP violation; I did as he asked and figured we could debrief other options after landing. I knew 900 FPM down was too much; but at this point; I thought it was best to let him figure that out and make corrections on his own.From here; it was a case of 'how far do you let an FO go before you direct another action?' Quite simply; I waited too long because I didn't account for the fact I was PM and would become more distracted by ATC comm; setting flaps; setting speeds; and doing the Landing Checklist as we got closer to the airport. Additionally; I was also distracted in staying visual with the aircraft in front of us landing XXL.The FO crossed abeam ZZZZZ about 300 ft below the 1800 ZZZZZ charted altitude. I did notice we were below GS at this point but chose not say anything yet and let the FO correct on his own. Unfortunately; the debrief revealed that the FO was 'tunnel vision' on the FD (Flight Director) and not looking at the PAPI or the GS indications. Since he also got behind in configuring the aircraft; I became concerned with stabilized approach criteria and prioritized proper gear/flap configuration over the fact we were well below GS. I reported 1000' and the need for Flaps 30 since we were still at Flaps 25. The landing checklist was completed late at about 800 ft. Keep in mind we were VMC; never slow and always had airport and terrain easily in sight. That said we were now showing full scale deflection below GS. Now at 800 ft is when I became very verbal and directive stating the need to level off and capture the GS before 500' or we would have to go around. Essentially; the fact I was visual with airport/terrain combined with my concern over making the 500' gate; caused me to forget how grossly we were in violation of the WARNING in both the FOM and FM (Flight Manual) regarding the need to follow a normal GS after the visual approach clearance. We fully met stabilized approach criteria by 500' and the remainder of the approach/landing was without incident or concern.Looking back; it's easy for me to say that I needed to speak up much earlier and be more directive abeam ZZZZZ. However; I also know the previously mentioned PM approach phase duties/distractions; and me being awake for over 13 hours; hindered my actions.This was thoroughly debriefed between me and the FO.,,We were being vectored to a visual approach for Runway XXR at ZZZ via a right downwind. At 3000 feet msl we were given a vector to intercept final inside of the XXR ILS final approach fix and cleared for a visual approach. I was flying at this point and requested a vertical speed descent of 900 fpm recognizing that we would intercept the final course after ZZZZZ and knowing that the GS crossing point was 1800 feet MSL at ZZZZZ. I wanted to ensure that I was not too high as I intercepted final knowing the glide slope would be below 1800 feet since the intercept vector placed us between the known altitude of 1800 and the end of the runway. I continued to follow Flight Director guidance on a 900 FPM descent until reaching 1000 feet AGL at which point I slowed my descent but continued. I did not recognize that GS had fully deflected above but was fully configured crossing through. I then continued to shallow out my descent recognizing that the PAPI guidance was showing 4 red in order to correct back to path. Concurrently; we received a low altitude alert from Tower as I shallowed and pilot monitoring also directed a level off. We leveled off just above 500 feet AGL. We continued to remain level until intercepting normal PAPI guidance of 2 red and 2 white. The remaining approach and landing was uneventful.,,B737 flight crew reported receiving a low altitude alert from ATC during approach. Flight crew corrected and continued approach.
2291400,202510,0601-1200,ZZZ.Airport,US,,,,4000,,,,Glare,,,,TRACON ZZZ,Air Carrier,B757-200,,2,Part 121,IFR,Cargo / Freight / Delivery,FMS Or FMC,Final Approach,,Class B ZZZ,,,,,,,,,,,,,,,,,,,,,,,,,,,,,,,,,,,,,,,,,,,,,,,,,,,,,,,,,,,,,,,Aircraft X,Flight Deck,Air Carrier,Pilot Not Flying; First Officer,Flight Crew Air Transport Pilot (ATP); Flight Crew Multiengine; Flight Crew Instrument,,,Workload; Situational Awareness; Human-Machine Interface; Communication Breakdown; Distraction,Party1 Flight Crew; Party2 Flight Crew,,2291400,Aircraft X,Flight Deck,Air Carrier,Pilot Flying; Captain,Flight Crew Air Transport Pilot (ATP); Flight Crew Instrument; Flight Crew Multiengine,Flight Crew Last 90 Days 100; Flight Crew Total 15500,,Workload; Situational Awareness; Distraction; Communication Breakdown; Human-Machine Interface,Party1 Flight Crew; Party2 Flight Crew,,2291403,Conflict Airborne Conflict; Deviation - Altitude Overshoot; Deviation - Speed All Types; Deviation / Discrepancy - Procedural Published Material / Policy; Inflight Event / Encounter CFTT / CFIT; Inflight Event / Encounter Unstabilized Approach,,,Automation Aircraft TA,,Flight Crew Became Reoriented; Flight Crew Regained Aircraft Control,Human Factors; Environment - Non Weather Related,Ambiguous,I was Pilot Monitoring (PM) during  a morning arrival into a high traffic environment at ZZZ.  The airport was landing on parallel runways XXR and XY with departures on XXL.  The airspace congestion level was evidently high as we listened to an aircraft ahead of us respond to a TCAS Resolution Advisory during their approach.  Once we were given our turn to intercept final at approximately 4000ft; we received a TCAS TA for traffic parallel to us off our right wing.  During this time the pilot flying (PF) was configuring to slow the aircraft as we were slightly fast for this segment of the approach.  As I shifted my attention back to the instruments after verifying the Traffic Advisory; I noticed we were going above glideslope and recommended descending to a lower altitude.  The PF commenced the descent and configured for landing.  Upon completion of the landing checklist; I scanned the instruments to verify we had gotten back on gludeslope and decelerating toward final approach speed.  At 500 ft; the aircraft remained within stabilized approach criteria.  The glare from the sun was intense; making visibility of both the runway environment and instruments more difficult. Around 200-300ft; I had shifted my scan outside noticed the PAPI was indicating 3 red and 1 white; shortly followed by 4 red.  At this point I called out Four Red which the PF responded to and corrected the flight path.  Simultaneously; just as we observed the 4 red lights on the PAPI; we received the glideslope alert.  I was able to immediately and unequivocally determine that obstacles were not a factor on final as the PF corrected for glideslope and an uneventful landing ensued.Looking back on the approach; I feel I could have been more forthcoming with my recommendations as I felt we were fast; and would be challenged to achieve stabilized approach criteria this morning.  Additionally; I should better understand that the outside distractions of traffic and sun glare can affect my scan and ability to provide critical PM backup to the PF.  In the future to mitigate these challenges I will need to be more assertive with flight parameters that I feel would lead to an unstable approach; and better prepare the flight deck for environmental factors (by using sun shades in this case).,,We were arriving into ZZZ during the morning arrival/ departure push; it was extremely busy. We were on the ZZZZZ arrival and told to expect runway XY.  We were vectored for a visual to runway XY and were cleared for the visual just prior to intercepting the localizer at 4000ft and 190 kts.  As we were intercepting the localizer; we received a traffic advisory from an aircraft on the parallel.  While distracted with the TA; we intercepted the localizer but did not arm the approach mode.  We intercepted the localizer but I did not set a lower altitude in the window and became high.  I disengaged the autopilot and manually flew to get back on the glide path.  We were a very lightweight 757 and once back on the glide path we were about 25 knots fast but quickly trending down at 1000 ft.  At 500 ft; we were on speed and glide path flying directly into the sun.  The glare from the sun made it difficult to see the instruments and I transitioned to the PAPI.  At about 200 ft we went below the glide path and I saw all red.  I immediately leveled off and heard glide path; glide path.  We reestablished the glide path and landed uneventfully.In retrospect; I realize that we should have gone around at a thousand feet and tried the approach again with full automation due to the difficulty with the glare.  I had also forgotten how difficult it can be to slow down a very lightweight 757.  It was the last leg of the day and we both just wanted to get to the hotel and rest.  Postflight we reviewed our actions and determined that a go around would have been the best course of action.  We also determined that the FO could have been more assertive in announcing my deviations.  I have learned what not to do and will be more attentive to lightweight aircraft and stabilized approach criteria;as well as reinforcing during the safety brief to speak up about deviations from SOP.,,Air carrier flight crew reported descent below glide path on final approach resulting in a CFTT event.
2292024,202510,1201-1800,ZZZ.Airport,US,,,0,,,VMC,10,,Daylight,25000,,CTAF ZZZ,FBO,Skyhawk 172/Cutlass 172,,1,Part 91,None,Training,,Landing,,,,,,,,,,,,,,,,,,,,,,,,,,,,,,,,,,,,,,,,,,,,,,,,,,,,,,,,,,,,,,,,,Aircraft X,Flight Deck,FBO,Single Pilot; Pilot Flying,Flight Crew Student,Flight Crew Last 90 Days 24.1; Flight Crew Total 24.1; Flight Crew Type 24.1,,Training / Qualification,,,2292024,Hangar / Base,,FBO,Instructor,Flight Crew Commercial; Flight Crew Multiengine; Flight Crew Instrument; Flight Crew Flight Instructor,Flight Crew Last 90 Days 135.2; Flight Crew Total 1375.9; Flight Crew Type 781.7,,,,,2291262,Deviation / Discrepancy - Procedural Published Material / Policy; Ground Event / Encounter Object; Ground Excursion Runway; Inflight Event / Encounter Loss Of Aircraft Control; Inflight Event / Encounter Unstabilized Approach,,,Person Flight Crew,In-flight,Aircraft Aircraft Damaged; General Flight Cancelled / Delayed,Human Factors,Human Factors,On first solo flight landing; entered base for runway XX at 70 knots and upon getting over runway had a hard landing on rear wheels. This causes airplane to bounce and veer to the left and contacted a runway light before coming to a full stop. Afterwards taxied to the hangar and inspected airplane with instructor. Will conduct additional practice landings before attempting another solo flight with additional focus on landing the plane after entering ground effect. If something similar happens in the future would immediately go around instead of attempting to complete the landing.,,My student was performing first solo. We had done a few laps in the pattern on runway XX at ZZZ and a go around as a warm up prior to him dropping me off at the FBO. Prior to me exiting the airplane; we had briefed radio calls; speeds; and weather. Upon witnessing his take off; I went inside to listen to his radio calls on the portable radio they had inside. I also observed the current winds which were 120 at 4 knots. Once I heard him make his turn to the left base leg; I went outside to watch his landing. His speed looked good and his altitude looked good. He came in for the flare and after his main wheels touched down; he bounced off the runway again. It looked like he lost control of the aircraft once it was airborne again and veered sharply to the left. He was able to maintain wings level; but ended up in the grass to the left of the runway. He taxied back to the ramp where I was standing and I marshalled him in and signaled for him to shut down. We both did a thorough inspection of the aircraft for any damage to any surfaces and any indication of a prop strike. We discovered yellow paint on the right gear fairing but no substantial damage. We determined that the most likely cause was knocking over a runway light. We taxied the airplane out to confirm and found a runway light laying in the grass between taxiway 1 and 2. We had debriefed and determined that the most likely cause was pulling the nose up too fast while on the ground at a slow airspeed. We also debriefed that in the event you come off the runway after landing; it needs to be an immediate go around. We have reached out to the airport manager to report what has happened; and are waiting a response.,,Flight Instructor and student reported that during first solo; the student lost control of the aircraft during landing resulting in runway excursion and knocking over a runway light.
2293409,202510,0601-1200,ZZZ.Airport,US,,,0,,,IMC,,,Daylight,,,UNICOM ZZZ,Air Carrier,Regional Jet 200 ER/LR (CRJ200),,2,Part 121,IFR,Passenger,,Landing,,Class E ZZZ,,,,,,,,,,,,,,,,,,,,,,,,,,,,,,,,,,,,,,,,,,,,,,,,,,,,,,,,,,,,,,,Aircraft X,Flight Deck,Air Carrier,Pilot Not Flying; First Officer,Flight Crew Air Transport Pilot (ATP); Flight Crew Instrument; Flight Crew Multiengine,,,Situational Awareness; Fatigue; Communication Breakdown,Party1 Flight Crew; Party2 Flight Crew,,2293409,,,,,,,,,,,,Deviation / Discrepancy - Procedural Published Material / Policy; Inflight Event / Encounter Weather / Turbulence; Inflight Event / Encounter CFTT / CFIT; Inflight Event / Encounter Unstabilized Approach,,,Automation Aircraft Terrain Warning,In-flight,General None Reported / Taken,Weather; Human Factors,Human Factors,Prior to departing ZZZ1 to ZZZ the Captain and I were discussing the current weather conditions at ZZZ. The weather at ZZZ was below minimums for all the runways expect the ILS to Runway XX. We looked at the winds at ZZZ and they we out of the N at 12kts Gusting 19. Knowing this we knew Runway XX would have a tail wind when we got to ZZZ and knew that it would be a possibility that we could exceed our 10kts tail wind limitation. The Captain contacted Dispatch with our concerns of possibility of not being able to complete the flight once we got there. After further discussion with Dispatch we agreed to depart and attempt the flight to ZZZ with the plan to divert back to ZZZ1 if we could not get in due to the weather. We ended up departing and once we got the current weather for ZZZ weather did not improve. We began a hold over ZZZ VOR and waited for the wind to be within limitations to land Runway XX. The Captain said he will monitor the winds while on the approach to make sure we still within the tailwind limitation. Once the winds improved we attempted the ILS XX. While over the FAF winds picked up and we commenced a miss approach. We diverted back to ZZZ1 as planned with no issues.Once we were back in ZZZ1 the company wanted us to make another attempt at making the flight to ZZZ. While looking at the new government TAF for ZZZ there was no change in the weather conditions. Both the Captain and I had the same concerns from our first attempt. Dispatch then provided us with a TAF from WSI that showed the weather improving just enough to attempt the RNAV XY into ZZZ which would allow us to land with a headwind and complete the flight. Both the Captain and I were still concerned on the the completion of the flight because we were provide two different TAFs. We did not know which one was going to be accurate. Dispatch upped our fuel reserves which would allow us multiple attempts into ZZZ and also enough fuel to divert back to ZZZ1. We departed ZZZ1 with the plan of attempting the RNAV XY first. We arrive at ZZZ and two prior planes we able to get in on the RNAV XY. We attempted the RNAV XY and made visual sight with the ground; but could not get visual on the runway. We proceeded to go missed and flew in the hold. While in the hold we discussed were going to attempt the ILS XX again if the winds were below our tailwind limitation of 10kts. We listened to the weather and verified that the winds were within our limitations. We exited the hold and began the ILS XX. Everything was standard about the approach except once we broke out of the clouds at minims. I called 'runway in sight' and the Captain said 'Landing'. After our callouts the captain communicated to me he was higher than he expected once breaking out of the clouds. To correct he increased his descent rate after that we were below glide slope and herd the EGPWS aural 'Glide Slope' followed by'Pull Up'. As Pilot monitoring I verified we were were still with in all the stable approach criteria and since we had visual contact with the runway on very short final with no obstacles I elected to allow him to complete the landing. The landing was firm and the plane touched down by the 1000ft markings. During our the debrief the Captain and I discussed what happened and both of us determined that the maneuver made seem to be erratic; but was not out of standards. After a couple of days after the event; even though it was within our company standards I was not satisfied with my actions. I should of called for a Go Around.  I believe the multiple missed approaches at ZZZ made me reluctant to call for a go around once we had the runway insight.I justified the Captains actions in the moment to increase his descent rate on short final. Due to the knowledge of tailwind and wet runways to limit float and long landing.I also believe fatigue was also a contributing factor. We were coming off a minimum rest period from the night night before. Even thought at the time I felt fit tofly looking back I think fatigue affected my decision making. To avoid this in the future I will call for a go around even if the approach is stable.,,,,CRJ200 First Officer reported receiving EGPWS warnings during approach. Flight crew continued to landing.
2295562,202510,,IAH.Airport,TX,,,,5000,,VMC,,,,,,Tower IAH,Air Carrier,B737 Undifferentiated or Other Model,,2,Part 121,IFR,Passenger,,Final Approach,,Class B IAH,,,,,,,,,,,,,,,,,,,,,,,,,,,,Tower IAH,Air Carrier,B767 Undifferentiated or Other Model,,,Part 121,IFR,Cargo / Freight / Delivery,,Final Approach,,Class B IAH,,,,,,,,,,,,,,,,,,,,,,,,Aircraft X,Flight Deck,Air Carrier,Captain; Pilot Flying,Flight Crew Air Transport Pilot (ATP); Flight Crew Instrument; Flight Crew Multiengine,,,,,,2295562,,,,,,,,,,,,Inflight Event / Encounter Unstabilized Approach; Inflight Event / Encounter Wake Vortex Encounter,,,Person Flight Crew,In-flight,Flight Crew Executed Go Around / Missed Approach,Environment - Non Weather Related; Procedure,Ambiguous,During approach to IAH; RUNWAY 26R; we were following a Heavy 767. Approach kept us fast (210kts) and high (5K) during the base leg and final to 26R. When cleared for the approach; we were high/above the glide slope. I disconnected the AP (Autopilot) and AT (Autothrottles); while attempting to capture the glide slope. Upon capturing the glide slope; we were fast. FO progressively lowered the flaps in accordance with the transitional speeds in an effort to slow us and stabilize" the approach. Once stable; we began experiencing Wake Turb from the 767.  It was then that we elected to conduct a Go-Around due to becoming unstable. Missed approach was conducted without incident.",Reporter stated spacing was at minimum; and with light winds the conditions were perfect for wake encounters.,,,B737 Captain reported executing a go-around after become unstable on final approach to IAH in trail of a B767.
2296157,202510,1801-2400,CLT.Airport,NC,,,,100,,,,,,,,Tower CLT,Air Carrier,Commercial Fixed Wing,,2,Part 121,IFR,,,Final Approach,,Class B CLT,,,,,,,,,,,,,,,,,,,,,,,,,,,,Tower CLT,Air Carrier,Airbus Industrie Undifferentiated or Other Model,,2,Part 121,IFR,Passenger,,Final Approach; Landing,,Class B CLT,,,,,,,,,,,,,,,,,,,,,,,,Aircraft X,Flight Deck,Air Carrier,First Officer; Pilot Flying,Flight Crew Air Transport Pilot (ATP); Flight Crew Multiengine; Flight Crew Instrument,,,,,,2296157,,,,,,,,,,,,Inflight Event / Encounter Unstabilized Approach; Inflight Event / Encounter Wake Vortex Encounter,,,Person Flight Crew,In-flight,Flight Crew Executed Go Around / Missed Approach,Environment - Non Weather Related; Procedure,Ambiguous,We were filed for 37000 from ZZZ to Charlotte.  ATC kept us low due to faster traffic in the same direction.  We were finally given 31000 as our final altitude.  We performed some fuel calculations and decided to go to long range cruise to ensure we landed above minimums.  ATC cleared us for the approach to 36L.  The winds were reported as calm.  At the final approach fix; we contacted tower and were cleared to land with winds being 320 at 3 and 3.5 in trail of an Airbus.  The approach was stable; on speed and glideslope.  Just above 500' I disconnected the autopilot.  I maintained GS and at 300' AGL announced I was on the PAPI's.  At apx 100' AGL I began to reduce power and transition to the landing attitude.  We encountered the wake turbulence of the Airbus and the airplane became unstable.  One wing dropped and and I corrected and added some power the other wing dropped then the airplane pushed hard right of centerline then yawed the nose to the left.  I believe we touched a wheel; not hard; but enough to generate wheel speed.  I would say this all happened in about 3 seconds.  The captain called for a go around.  I performed the go around and we went into the go-around sub-mode 1 capturing 1.23 Vs.   I called go around; max thrust; flaps 9.  The captain responded with max thrust set; flaps 9 and positive rate.  I called gear up and he responded with gear up.  The captain called ATC to notify them.  They noted a plane had just departed 36C and gave us a turn to 270.  While starting the turn; the captain made a verbal 'watch your speed' and I noted the submode.  I clicked the TOGA buttons again and we went out of submode 1.  We were climbing about 2300 fpm and I noted we got a RA for the airplane climbing out on the center.  I began lowering the nose; and the RA announced we were clear of the conflict.  The auto pilot was turned on; speed 210 and after takeoff checklist was performed.  We went to 4000'.  At this point we were sent back to approach and told them we were minimum fuel.  The controller said they would make space for us and gave us a vector.  The captain asked if I would like for him to take us in since we were concerned with the fuel.  I agreed as I noted I was starting to be overloaded.  We came back around and landed with no issue.Landing behind a large aircraft with calm winds caused an unstable approach late in the landing.Several suggestions.  1. I should add the go around flow to my landing brief noting the departures and their paths. 2.  I was focused on the fuel issue more than I needed to be at this point.  Perhaps this caused me to desire to land the airplane more than execute the early go around. 3.  When given calm winds; I should be in a more heightened state of awareness of wake.  While we were given winds 320 @ 3; it was not enough to clear the wake.4. Be aware of the go around submodes and what they mean.,Reporter stated conditions were perfect for a wake encounter; with light winds and minimal separation.,,,Air carrier First Officer reported executing a go-around after encountering wake turbulence just before touchdown at CLT in trail of an Airbus.
2296313,202510,0601-1200,SFO.Airport,CA,,,,1800,,,,,Daylight,,,TRACON NCT,Air Carrier,EMB ERJ 170/175 ER/LR,,2,Part 121,IFR,Passenger,,Final Approach,,Class B SFO,,,,,,,,,,,,,,,,,,,,,,,,,,,,TRACON NCT,Air Carrier,B777 Undifferentiated or Other Model,,,Part 121,IFR,Passenger,,Final Approach,,Class B SFO,,,,,,,,,,,,,,,,,,,,,,,,Aircraft X,Flight Deck,Air Carrier,Pilot Flying; First Officer,Flight Crew Multiengine; Flight Crew Instrument; Flight Crew Air Transport Pilot (ATP),,,,,,2296313,,,,,,,,,,,,Inflight Event / Encounter Wake Vortex Encounter; Inflight Event / Encounter Unstabilized Approach; Inflight Event / Encounter Loss Of Aircraft Control; Inflight Event / Encounter CFTT / CFIT,,,Person Flight Crew; Person Air Traffic Control,In-flight,Flight Crew Regained Aircraft Control; Flight Crew Executed Go Around / Missed Approach,Environment - Non Weather Related; Procedure,Ambiguous,I was the Pilot Flying on the Tip Toe Visual Approach to Runway 28L at SFO. Approach cleared us to descend to 4;000 feet and asked if we had the pairing traffic  a heavy 777 on approach to Runway 28R  and the airport in sight. The Captain and I; confirmed both in sight. We were then instructed to keep the 777 in sight; turn to a heading of 320掳; and maintain 210 knots until a 10-mile final.At 210 knots; I called for Flaps 1." Once established on final; Approach instructed us to maintain 180 knots until 5 miles and to contact Tower. We set an FPA (Flight Path Angle) descent of approximately 2.2掳 and planned to cross DUYET at 1;800 feet. The Captain checked in with Tower and reported we were on the visual approach for Runway 28L.Approaching DUYET; the Captain mentioned that based on the wind direction; we could be in potential downwind wake from the 777. The traffic was slightly ahead and to our right; with winds from the northwest approximately 330掳 at 15 knots giving us about a 10-knot right-to-left crosswind and a 7-knot headwind component. The Captain noted that the 777 appeared to be at or slightly below our altitude and assessed that its wake should remain below us. However; he twice reminded me to be alert for possible wake turbulence and prepared to respond.We were on profile and properly configured when I called; "Gear down; Flaps 3." As the gear extended; we appeared to encounter wake turbulence. I don't believe Flaps 3 were fully deployed before the disturbance hit. The right wing abruptly lost lift while the left wing maintained it; causing a rapid right roll and nose drop. The "Bank Angle" aural alert sounded; and I immediately applied full left aileron to counter the roll.The aircraft rolled to approximately 45掳 right bank and descended from about 1;800 feet to a minimum of roughly 1;100 feet; with an estimated 10掳 nose-down pitch. Passing through 1;400 feet; the right wing began to regain lift; and I recovered to wings level. I initiated a go-around; advanced the thrust levers to TOGA; and called; "Go-around." The Captain verified TOGA power and confirmed Flaps 2. Once a positive rate of climb was established; I called for "Gear up;" and we continued the missed approach.The Captain advised Tower of the go-around. Tower responded with a low-altitude alert and asked us to verify our altimeter setting. The Captain confirmed and advised that the go-around was due to wake turbulence. Tower acknowledged and instructed us to climb runway heading to 3;000 feet.Once stabilized in the climb and configured at Flaps 1; the Captain checked with the flight attendants to confirm the cabin was secure. After verifying all was normal; he made a PA to inform passengers that we had encountered disturbed air from a heavier aircraft ahead and would be returning to SFO in about 10 minutes.The subsequent approach and landing were uneventfulCause: I believe the data from this incident should be forwarded to ATC to help prevent similar events in the future. We were paired with a heavy 777 on approach to Runway 28R that was positioned slightly ahead and upwind of our aircraft for Runway 28L; which placed us directly in the path of its wake turbulence.Suggestions: I believe greater consideration should be given to aircraft pairing when wind vectors place the lighter aircraft directly in the heavier aircraft's wake. Pairing a smaller aircraft downwind of a heavy should be avoided whenever possible; as proximity and wake behavior make it difficult to mitigate the risk -- even when flying above profile. As an alternative; lighter aircraft should be given the option; or standard practice; to lead the sequence in these conditions to minimize wake turbulence exposure.",,,,EMB-175 First Officer reported encountering wake turbulence on approach to SFO in trail of a B777 that resulted in an inflight upset and low altitude warning from ATC. A go-around was executed; and the flight subsequently landed without incident.
2298678,202510,1801-2400,EWR.Airport,NJ,,,30,,,VMC,,,,,,Tower EWR,Air Carrier,A319,,2,Part 121,IFR,Passenger,,Final Approach,,Class B EWR,,,,,,,,,,,,,,,,,,,,,,,,,,,,Tower EWR,Air Carrier,Commercial Fixed Wing,,,Part 121,IFR,,,Takeoff / Launch; Initial Climb,,Class B EWR,,,,,,,,,,,,,,,,,,,,,,,,Aircraft X,Flight Deck,Air Carrier,Captain; Pilot Not Flying,Flight Crew Multiengine; Flight Crew Air Transport Pilot (ATP); Flight Crew Instrument,,,,,,2298678,,,,,,,,,,,,Inflight Event / Encounter Wake Vortex Encounter; Inflight Event / Encounter Unstabilized Approach,,,Person Flight Crew,In-flight,Flight Crew Requested ATC Assistance / Clarification,Environment - Non Weather Related; Procedure,Procedure,As we were crossing the threshold of RWY 29 at EWR at around 30' the aircraft suddenly rolled to the right; approximately 15 degrees. The FO; who was the pilot flying gave a quick exclamation and immediately corrected the roll and landed flawlessly in the touchdown zone. Given the rapidity of events and the immediate and positive correction it didn't appear to me to be necessary or safer to call a go-around. As we were taxiing off the FO stated they felt we had hit some kind of wake turbulence and I called up the ground controller to ask if they had cleared a takeoff on RWY 22R just as we were landing. The response was 'yes; but it was legal to do so'. In my opinion; delaying the takeoff clearance by a few seconds as a plane is landing is far safer than setting up the kind of rapid response situation we faced very low to the ground. If we had been a bit lower; the chance of a wing strike or loss of control would have possibly been great enough to cause a very dangerous and unnecessary situation.,Reporter stated he was concerned about the lack of concern from the controller regarding the procedure that helped make the wake/jet blast encounter possible.,,,A319 Captain reported encountering wake turbulence or jet blast on final approach to EWR from an aircraft that departed from an adjacent runway.
