 ,Time,Time,Place,Place,Place,Place,Place,Place,Place,Environment,Environment,Environment,Environment,Environment,Environment,Aircraft 1,Aircraft 1,Aircraft 1,Aircraft 1,Aircraft 1,Aircraft 1,Aircraft 1,Aircraft 1,Aircraft 1,Aircraft 1,Aircraft 1,Aircraft 1,Aircraft 1,Aircraft 1,Aircraft 1,Aircraft 1,Aircraft 1,Aircraft 1,Aircraft 1,Aircraft 1,Aircraft 1,Aircraft 1,Aircraft 1,Aircraft 1,Aircraft 1,Aircraft 1,Aircraft 1,Aircraft 1,Aircraft 1,Aircraft 1,Aircraft 1,Aircraft 1,Aircraft 1,Aircraft 1,Aircraft 1,Component,Component,Component,Component,Aircraft 2,Aircraft 2,Aircraft 2,Aircraft 2,Aircraft 2,Aircraft 2,Aircraft 2,Aircraft 2,Aircraft 2,Aircraft 2,Aircraft 2,Aircraft 2,Aircraft 2,Aircraft 2,Aircraft 2,Aircraft 2,Aircraft 2,Aircraft 2,Aircraft 2,Aircraft 2,Aircraft 2,Aircraft 2,Aircraft 2,Aircraft 2,Aircraft 2,Aircraft 2,Aircraft 2,Aircraft 2,Aircraft 2,Aircraft 2,Aircraft 2,Aircraft 2,Aircraft 2,Aircraft 2,Aircraft 2,Person 1,Person 1,Person 1,Person 1,Person 1,Person 1,Person 1,Person 1,Person 1,Person 1,Person 1,Person 2,Person 2,Person 2,Person 2,Person 2,Person 2,Person 2,Person 2,Person 2,Person 2,Person 2,Events,Events,Events,Events,Events,Events,Assessments,Assessments,Report 1,Report 1,Report 2,Report 2,Report 1
ACN,Date,Local Time Of Day,Locale Reference,State Reference,Relative Position.Angle.Radial,Relative Position.Distance.Nautical Miles,Altitude.AGL.Single Value,Altitude.MSL.Single Value,Latitude / Longitude (UAS),Flight Conditions,Weather Elements / Visibility,Work Environment Factor,Light,Ceiling,RVR.Single Value,ATC / Advisory,Aircraft Operator,Make Model Name,Aircraft Zone,Crew Size,Operating Under FAR Part,Flight Plan,Mission,Nav In Use,Flight Phase,Route In Use,Airspace,Maintenance Status.Maintenance Deferred,Maintenance Status.Records Complete,Maintenance Status.Released For Service,Maintenance Status.Required / Correct Doc On Board,Maintenance Status.Maintenance Type,Maintenance Status.Maintenance Items Involved,Cabin Lighting,Number Of Seats.Number,Passengers On Board.Number,Crew Size Flight Attendant.Number Of Crew,Airspace Authorization Provider (UAS),Operating Under Waivers / Exemptions / Authorizations (UAS),Waivers / Exemptions / Authorizations (UAS),Airworthiness Certification (UAS),Weight Category (UAS),Configuration (UAS),Flight Operated As (UAS),Flight Operated with Visual Observer (UAS),Control Mode (UAS),Flying In / Near / Over (UAS),Passenger Capable (UAS),Type (UAS),Number of UAS Being Controlled (UAS),Aircraft Component,Manufacturer,Aircraft Reference,Problem,ATC / Advisory,Aircraft Operator,Make Model Name,Aircraft Zone,Crew Size,Operating Under FAR Part,Flight Plan,Mission,Nav In Use,Flight Phase,Route In Use,Airspace,Maintenance Status.Maintenance Deferred,Maintenance Status.Records Complete,Maintenance Status.Released For Service,Maintenance Status.Required / Correct Doc On Board,Maintenance Status.Maintenance Type,Maintenance Status.Maintenance Items Involved,Cabin Lighting,Number Of Seats.Number,Passengers On Board.Number,Crew Size Flight Attendant.Number Of Crew,Airspace Authorization Provider (UAS),Operating Under Waivers / Exemptions / Authorizations (UAS),Waivers / Exemptions / Authorizations (UAS),Airworthiness Certification (UAS),Weight Category (UAS),Configuration (UAS),Flight Operated As (UAS),Flight Operated with Visual Observer (UAS),Control Mode (UAS),Flying In / Near / Over (UAS),Passenger Capable (UAS),Type (UAS),Number of UAS Being Controlled (UAS),Location Of Person,Location In Aircraft,Reporter Organization,Function,Qualification,Experience,Cabin Activity,Human Factors,Communication Breakdown,UAS Communication Breakdown,ASRS Report Number.Accession Number,Location Of Person,Location In Aircraft,Reporter Organization,Function,Qualification,Experience,Cabin Activity,Human Factors,Communication Breakdown,UAS Communication Breakdown,ASRS Report Number.Accession Number,Anomaly,Miss Distance,Were Passengers Involved In Event,Detector,When Detected,Result,Contributing Factors / Situations,Primary Problem,Narrative,Callback,Narrative,Callback,Synopsis
,,,,,,,,,,,,,,,,,,,,,,,,,,,,,,,,,,,,,,,,,,,,,,,,,,,,,,,,,,,,,,,,,,,,,,,,,,,,,,,,,,,,,,,,,,,,,,,,,,,,,,,,,,,,,,,,,,,,,,,,,,,,
2199299,202501,0601-1200,ZZZ.Airport,US,130,5,,2000,,VMC,,,,,,TRACON ZZZ,Personal,RV-10,,1,Part 91,IFR,Personal,,Initial Climb,None,Class E ZZZ,,,,,,,,,,,,,,,,,,,,,,,,,,,,,,,,,,,,,,,,,,,,,,,,,,,,,,,,,,,,,,,Aircraft X,Flight Deck,Personal,Single Pilot; Pilot Flying,Flight Crew Air Transport Pilot (ATP),Flight Crew Last 90 Days 14; Flight Crew Total 17000; Flight Crew Type 152,,Training / Qualification; Human-Machine Interface; Confusion; Communication Breakdown,Party1 Flight Crew; Party2 ATC,,2199299,,,,,,,,,,,,Deviation - Track / Heading All Types; Deviation / Discrepancy - Procedural Clearance; Deviation / Discrepancy - Procedural Published Material / Policy; Inflight Event / Encounter CFTT / CFIT,,,Automation Air Traffic Control,In-flight,Air Traffic Control Issued New Clearance; Air Traffic Control Issued Advisory / Alert; Flight Crew Returned To Clearance,Manuals; Human Factors,Human Factors,I filed an IFR flight from ZZZ to ZZZ1. Because I'd only flown one other private airplane IFR flight; I needed the practice. I filed; then later telephoned to receive Clearance from Clearance Delivery. They did mention the 'obstacle clearance departure' or something similar; which I acknowledged and understood to mean a particular departure procedure that must be on a departure page in Foreflight. Upon searching foreflight; I did not find such a departure; so I incorrectly assumed they meant; 'avoid obstacles.' This did not concern me because it was a completely clear day.Because there is no useful radio frequency on the ground in ZZZ and there was a very short time window; I knew I would have to receive departure clearance over my cell phone while taxiing out. So; I began our taxi to runway XX. With calm winds; this southerly departure made the most sense.After an avionics issue which interrupted and delayed our taxi several minutes; I removed my headset and made the phone call with our quite noisy engine running. I heard the clearance with only 3 minutes to get airborne. Just then; 2 aircraft reported on final to land; pushing us right up to the very edge of our time slot. I was rushed.Minutes after departure; I contacted departure on the prescribed frequency and I was surprised to hear that I was 'not on the prescribed course;' and told to climb to altitude ASAP. (I think it was to 4;000') I was soon cleared on course; but told to call for a 'possible deviation.'I spoke to someone; who patiently explained what had happened. He told me of the particular route I should have flown and why. (min safe and vectoring altitude is 4;000' to the south of ZZZ; but much lower to the north; so ATC cannot direct us below those altitudes) I still could not find a page in my Foreflight pertaining to this special procedure from ZZZ; but did eventually find a small note under 'Takeoff Minimums' tab hidden amongst several pages of airports. I admit i did not initially look under this heading because 'takeoff minimums' I associate with visibility; not procedures. Not until you open this tabbed section does it also state;'(Obstacle) departure procedures; and diverse vector area (radar vectors)'While I do admit to the mistake; I believe that more pilots will make this mistake as long as this section of our charts is labeled only as 'takeoff Minimums.' If either (1) this special procedure were added as a separate Departure page; OR (2) this tab labeled 'takeoff minimums' were re-labled with its full title it would be much better. I apologize for the mistake; and am sorry for any consternation it gave the controllers.,,,,General aviation pilot reported they did not follow the assigned obstacle departure procedure which resulted in ATC providing vectors to provide obstacle clearance.
2203694,202501,0001-0600,BHM.Tower,AL,,,0,,,,,,,,,,,No Aircraft,,,,,,,,,,,,,,,,,,,,,,,,,,,,,,,,,,,,,,,,,,,,,,,,,,,,,,,,,,,,,,,,,,,,,,,,Facility BHM.Tower,,Government,Supervisor / CIC,Air Traffic Control Fully Certified,Air Traffic Control Time Certified In Pos 1 (yrs) 8,,,,,2203694,,,,,,,,,,,,ATC Issue All Types,,,Person Air Traffic Control,Routine Inspection,,Procedure; ATC Equipment / Nav Facility / Buildings; Company Policy; Human Factors,Company Policy,BHM Tower has an unsafe configuration. Normal combined positions in the Tower is a LC (Local Control) and the GC/CD/FD (Ground Control/Clearance Delivery/Flight Data). CIC (Controller In Charge) goes to the GC/CD/FD position as well. The CD/FD/GC work from a desk in the middle of the Tower. This desk sits lower than the outer countertops that surround the Tower. It also faces the back of the Tower. While working all of this combined I put the GC/CD/FD Controller in a heads down position. It is not possible to stay looking out the window while working the position including runway crossings and ensuring aircraft are taxiing the right direction. ALL positions in the Tower whether combined or decombined should be in a position to look out the Tower windows. The entire Tower is to work as a team to ensure safety. The current configuration does not allow for that. The Tower needs to be adjusted to ensure all positions face toward the operation. Movement of some equipment would allow us to shift where the Controllers are positioned.,,,,Air Traffic Controller reported the interior working area in the BHM Control Tower has a configuration that blocks the Ground Controller's view of the airport movement areas.
2205943,202501,,ZZZ.Airport,US,,,,100,,,,,,,,CTAF ZZZ,Air Taxi,EMB-505 / Phenom 300,,2,Part 135,IFR,Passenger,,Landing,,Class G ZZZ,,,,,,,,,,,,,,,,,,,,,,,,,,,,CTAF ZZZ,,PC-24,,,,,,,Landing,,,,,,,,,,,,,,,,,,,,,,,,,,Aircraft X,Flight Deck,Air Taxi,Captain; Pilot Flying,Flight Crew Air Transport Pilot (ATP),,,Communication Breakdown,Party1 Flight Crew; Party2 Flight Crew,,2205943,,,,,,,,,,,,Conflict Ground Conflict; Critical,,,Person Flight Crew,In-flight,Flight Crew Executed Go Around / Missed Approach,Human Factors,Human Factors,During our arrival into ZZZ we were talking to ZZZ center who let us know there was a cirrus jet arriving to the field before us landing runway XX which matched what our plan was as well. The winds were 240掳 at 10 kts with clear skies. At 25 miles out we had the field in sight and canceled our IFR clearance and went to XXX.X for traffic advisories. I was the pilot flying and the first officer was making all appropriate radio calls for our plan to fly over mid field and enter a left downwind. The cirrus jet landed and there was a Cessna following them in on a left base and a Comanche had just taken off all on runway XX. We had lots of separation between all traffic but we continued making the radio calls for left downwind; base and final. At the 500ft the first Officer called out stable" and I called out "landing." At 100ft I reduced the power to idle and just above the runway started to flair. The first Officer called out Go Around twice very quickly and on his second call I added go around power and executed the go around without touching down. Briefly looking up I saw a jet on the opposite end of the runway coming towards us with their spoilers up making me believe they had just landed. During the go around we flew over the jet that had landed by maybe 100-200ft. We continued the go around up to pattern altitude of 2100ft. We never received any alerts on TCAS or any other indication that there was another jet landing or in the vicinity of the airport. We entered a left downwind and that's when we heard aircraft X make a radio call saying "mic check; sorry I had swapped frequencies and didn't realize it." After flying the pattern and landing on runway XX we saw Aircraft XY holding short of the runway waiting to depart. When we were doing our shutdown checklist the pilot of Aircraft XY came over the radio and apologized for not making calls and again said he thought they were having radio issues. After shutdown I advised the passenger that we had to do a go around due to another aircraft on the runway and he was not upset or bothered that we did a go around.",,,,Air taxi Captain reported during short final approach another aircraft landed on the same runway; opposite direction. Air taxi flight crew performed a go-around and returned to land.
2206121,202501,1201-1800,ZZZ.Airport,US,,,0,,,,,,,,,Tower ZZZ,Fractional,Light Transport; Low Wing; 2 Turbojet Eng,,2,Part 91,None,Ferry / Re-Positioning,,Taxi,,,,,,,,,,,,,,,,,,,,,,,,,,,,,,Tower ZZZ,Air Carrier,Commercial Fixed Wing,,2,Part 121,IFR,Passenger,,Takeoff / Launch,,,,,,,,,,,,,,,,,,,,,,,,,,Aircraft X,Flight Deck,Air Carrier,Pilot Not Flying; Captain,Flight Crew Air Transport Pilot (ATP),,,Communication Breakdown,Party1 Flight Crew; Party2 ATC,,2206121,Aircraft X,Flight Deck,Air Carrier,Pilot Flying; Captain,Flight Crew Air Transport Pilot (ATP),,,Communication Breakdown,Party1 Flight Crew; Party2 ATC,,2206560,ATC Issue All Types; Conflict Ground Conflict; Critical,,,Person Air Traffic Control; Person Flight Crew,Taxi,Air Traffic Control Issued Advisory / Alert; Air Traffic Control Issued New Clearance; Flight Crew Rejected Takeoff; Flight Crew Took Evasive Action,Human Factors; Procedure,Human Factors,The Ground Controller cleared us to cross XXL on [Taxiway] 1 with a stated aircraft holding in position. As we entered the runway she told us to stop in a hurried breath. We stopped in position past the hold short line but short of the runway. We could see Aircraft Y had begun its' takeoff roll. We then saw they were aborting. A new controller gave us instructions to taxi across the runway. We taxied after this without incident. Suggestions: Ground Controller had a miscommunication with the Tower come; it would appear. Slowing the pace for controllers comes to mind.,,During a reposition ground movement from FBO to Location A in ZZZ; we were Instructed to hold short of XXL on taxiway 1. Shortly after holding short of the runway on taxiway 1; the Ground Controller instructed us to cross Runway XXL and join 2 and 3 on the other side. We both noticed that there was an airplane in position for takeoff on XXL. The controller repeated the clearance for us to cross the runway and added that the aircraft on the runway will hold for us. Shortly after we cross the hold short line; we hear on the frequency STOP; STOP". We came to a stop between the hold short line and actual runway pavement. We noticed that the aircraft on the runway was Aircraft Y and had began his takeoff roll. Aircraft Y aborted the takeoff and cleared the runway. We were given instruction by a new controller to cross XXL and turn left on 3 on the other side. We weren't given any additional communications about the incident from ATC.It was a busy time and controllers were trying to be efficient; but there seems to be a break down in communication between tower and ground controllers.It may be prudent in busy airports; when crossing the runways to have one of the pilots monitor the Tower frequency just to make sure that clearances are not contradicting.",,Light transport flight crew and Air Traffic Ground Controller reported the light transport crossed the runway hold short line as instructed by ATC with another aircraft on takeoff roll resulting in a critical ground conflict. Departing aircraft rejected takeoff.
2206306,202501,1201-1800,ZZZ.Airport,US,355,10,,3500,,VMC,10,,Daylight,12000,,TRACON ZZZ,Personal,TBM 700/TBM 850,,1,Part 91,VFR,Personal,,Initial Climb,Direct,Class E ZZZ,,,,,,,,,,,,,,,,,,,,,,,,Rudder Trim System,,X,Improperly Operated,,,,,,,,,,,,,,,,,,,,,,,,,,,,,,,,,,,,Aircraft X,Flight Deck,Personal,Pilot Flying; Single Pilot,Flight Crew Private; Flight Crew Glider; Flight Crew Instrument,Flight Crew Last 90 Days 39; Flight Crew Total 1384; Flight Crew Type 570,,,,,2206306,,,,,,,,,,,,Aircraft Equipment Problem Less Severe; Inflight Event / Encounter Loss Of Aircraft Control,,,Person Flight Crew,In-flight,Air Traffic Control Provided Assistance; Flight Crew Regained Aircraft Control; Flight Crew Overcame Equipment Problem; Flight Crew Became Reoriented; Flight Crew Requested ATC Assistance / Clarification,Aircraft; Procedure; Human Factors,Human Factors,I was on a flight from ZZZ to ZZZ1. I departed VFR from ZZZ; intending to pick up my IFR clearance in flight. Preflight; startup; taxi; and takeoff roll were normal. Checklists were followed as is standard procedure. Takeoff was normal; plan was for a right downwind departure with a climb to 11;000 feet preset. After gear up; flaps up; and commencing the right turn; control felt heavy in the turn. The autopilot did not accept yaw damper engagement. No error was shown; it just didn't engage when YD button was pressed. Control continued to feel heavy; and because yaw damper didn't engage; rudder trim remained in the takeoff setting. I attempted to correct rudder trim manually. I am not certain whether I was correcting rudder; or may have unintentionally used the aileron trim toggle instead. I can't be certain.I continued the climb to about 3500 feet; trying to figure out why my trims were out of whack. Control was very heavy. At this point; both rudder and aileron were out of normal; and I responded by holding the AP Disconnect button to retard any potential further trim motion. At this point I called ZZZ Approach and [requested priority handling]; due to concern that I would be preoccupied with regaining full control and unable to properly avoid traffic or airspace. My intent if I could not sort out the problem would be a return to ZZZ and a difficult landing. Approach accepted my declaration; and I worked to re-establish full control. I recentered rudder and aileron trim; and reset the autopilot (powering it off then back on). During this activity; I tried to remain at around 3500 ft MSL; while remaining in the same general location. After the autopilot reset and trim resets; it appeared that all systems returned to behaving normally. I do not know whether this was a system issue or a pilot issue. I suspect a pilot induced issue. It is possible I inadvertently engaged aileron trim during takeoff; because that toggle switch is in close proximity to my torque lever controlling hand during takeoff. Regardless; while the controls were very heavy; I never lost full control of the plane; and was able to reset the trims and autopilot. Once the plane was stable and operating well on autopilot; I cancelled [priority handling] with ZZZ Approach; and requested my IFR clearance to continue the flight to ZZZ1. I'm very thankful for the great help ZZZ Approach provided while I sorted my problem.,,,,A TBM pilot reported during initial climb they temporarily lost trim control. They reset the auto pilot and regained full control.
2209616,202502,1801-2400,ZZZ.Airport,US,,,,5000,,VMC,10,,Night,12000,,TRACON ZZZ,Personal,Skyhawk 172/Cutlass 172,,1,Part 91,IFR,Personal,,Cruise,Direct,Class E ZZZ,,,,,,,,,,,,,,,,,,,,,,,,Engine,,X,Malfunctioning,,,,,,,,,,,,,,,,,,,,,,,,,,,,,,,,,,,,Aircraft X,Flight Deck,Personal,Pilot Flying; Single Pilot,Flight Crew Commercial; Flight Crew Instrument,Flight Crew Last 90 Days 100; Flight Crew Total 314; Flight Crew Type 100,,Time Pressure; Troubleshooting; Workload,,,2209616,,,,,,,,,,,,Aircraft Equipment Problem Critical,,,Person Flight Crew,In-flight,Air Traffic Control Issued New Clearance; Air Traffic Control Provided Assistance; Flight Crew Diverted; Flight Crew Landed in Emergency Condition; Flight Crew Overcame Equipment Problem; Flight Crew Requested ATC Assistance / Clarification; General Flight Cancelled / Delayed,Aircraft,Aircraft,Prior to departure I conducted a thorough preflight briefing; which included reviewing all relevant weather information; route planning; and emergency procedures. I ensured that the aircraft was properly fueled and inspected; verifying that all systems were functioning normally. I also briefed the flight plan; including my IFR route; as well as the planned initial altitude and any potential contingency plans in the event of an emergency. The briefing included review of the aircraft's emergency checklist; alternate airports; and the expected route of flight.I initiated the engine start sequence per the checklist; received my IFR clearance; and taxied to the designated run-up area at ZZZ1. After completing the required preflight checks; I performed a thorough engine run-up as outlined in the checklist. The magneto checks were conducted; and all engine parameters were within the acceptable green range; indicating no immediate mechanical concerns. I was cleared for takeoff from Runway XX and departed on a 280掳 heading; climbing to an altitude of 2;000 feet. After crossing 2;000 feet; I was cleared by Approach Control to proceed directly to ZZZ2. Shortly thereafter; I received clearance to climb to 5;000 feet while continuing direct to ZZZ2. During cruise flight at approximately 5;000 feet; I began to experience noticeable engine roughness. In response; I initiated troubleshooting procedures using the checklist; which included adjusting mixture; verifying fuel settings; and checking engine parameters. Despite these actions; the roughness persisted; leading me to assess my options for a safe landing.I promptly notified Approach Control of my intention to circle to the nearest suitable airport; as the engine roughness was affecting my ability to maintain full power. I communicated that I was unable to safely continue to my original destination and requested assistance in identifying the closest available landing site. Approach directed me to an airport approximately 2 miles away from my current position. As the situation developed; I realized that the airport in question was located approximately 2 miles from ZZZ3; with limited options for alternate landing sites within gliding distance. With engine performance degraded; I determined this airport to be the best option for a forced landing; given its proximity and the inability to reach other viable airports within my glide range.Further communications with Approach Control revealed that the airport lacked a pilot-controlled lighting system; complicating the landing due to the night-time conditions. In response; Approach Control [granted priority handling] and coordinated with a nearby helicopter; which was positioned to provide a spotlight on the runway to assist with my landing. I proceeded to circle the airport approximately 7 to 8 times; maintaining visual contact with the helicopter as it provided the necessary runway illumination. Once the spotlight was effectively positioned; I was able to maneuver the aircraft safely into position and execute a successful landing. After landing on the runway; I exited and maneuvered the aircraft off the runway and to a safe parking area. I then completed engine shutdown procedures. Upon securing the aircraft; I contacted local law enforcement officers on site; who cleared me to leave the area. I was informed that a mechanic would be dispatched the following day to inspect the aircraft for any potential issues. Fortunately; no injuries or damage to the aircraft occurred during the event. The situation was handled in a calm and controlled manner; and the coordination between Approach Control and the helicopter significantly contributed to the safe resolution of the emergency.,,,,C172 pilot reported a rough running engine and loss of power and diversion to a nearby airport.
2209655,202501,1201-1800,ZZZ.Airport,US,,,0,,,IMC,Fog; Rain,,,200,,,Air Taxi,Baron 58/58TC,,1,Part 91,IFR,Ferry / Re-Positioning,,Taxi,,,,,,,,,,,,,,,,,,,,,,,,,,,,,,,,,,,,,,,,,,,,,,,,,,,,,,,,,,,,,,,,,Aircraft X,Flight Deck,Air Taxi,Pilot Flying; Single Pilot,Flight Crew Air Transport Pilot (ATP); Flight Crew Flight Instructor; Flight Crew Instrument; Flight Crew Multiengine,Flight Crew Last 90 Days 280; Flight Crew Total 14000; Flight Crew Type 4000,,Situational Awareness,,,2209655,,,,,,,,,,,,Ground Event / Encounter Loss Of Aircraft Control; Ground Event / Encounter Weather / Turbulence; Ground Excursion Taxiway,,,,,General None Reported / Taken,Human Factors; Weather,Ambiguous,I was assigned a series of flights by Dispatch in aircraft. The first flight I flew it empty from ZZZ to ZZZ1 to pick up cargo. It was flown under Part 91. The weather in ZZZ was categorized as LIFR; ceiling of 200 FT and visibility of half a mile. I picked up ATIS; taxied to the exit section of the ramp and called ZZZ Ground. I received my IFR clearance and taxi instructions. I was instructed to taxi on '1' and hold short of Runway XX at '2'. I complied. Whilke taxiing on '1'; the windshield became misted over and visibility was labored. The windshield needed to be wiped. I opened the pilot storm window while slowing the plane with light brake pressure. My intention was to stop the airplane gracefully without skidding. As the airplane slowed down farther; I thought it had stopped as I reached out to wipe the windshield. It then became evident that the plane was off the taxiway to the left. Due to the wet ground; the left main gear and nose wheel had sunk into the mud significantly. Only towing equipment was going to be able to move it. A tug vehicle was summoned and moved the aircraft back to the ramp. Upon returning; the mud was hosed off the tires; inspected and returned to service. Another pilot continued the flights. Taxiway 1 is significantly narrower than the others. The lesson to be learned is that patience and being completely aware of the airplane movement is essential. The airplane was not completely stopped as I believed it to be.,,,,Baron 58 pilot reported during taxi they stopped to clean the windshield due to poor visibility. The aircraft continued to roll off the side of the runway into the mud.
2210709,202502,1801-2400,SMO.Airport,CA,280,3,,2000,,VMC,,,Night,,,TRACON SCT,Personal,Small Aircraft; Low Wing; 1 Eng; Fixed Gear,,1,Part 91,IFR,Personal,,Initial Climb,Vectors; Airway V23,Class D SMO,,,,,,,,,,,,,,,,,,,,,,,,,,,,,,,,,,,,,,,,,,,,,,,,,,,,,,,,,,,,,,,Aircraft X,Flight Deck,Personal,Single Pilot; Pilot Flying,Flight Crew Multiengine; Flight Crew Instrument; Flight Crew Flight Instructor; Flight Crew Flight Engineer; Flight Crew Air Transport Pilot (ATP),Flight Crew Last 90 Days 15; Flight Crew Total 7000; Flight Crew Type 300,,Communication Breakdown; Confusion,Party1 Flight Crew; Party2 ATC,,2210709,,,,,,,,,,,,Deviation - Track / Heading All Types; Deviation / Discrepancy - Procedural Clearance; Inflight Event / Encounter CFTT / CFIT,,,Automation Air Traffic Control; Person Air Traffic Control,In-flight,Air Traffic Control Issued New Clearance,Human Factors,Human Factors,Departed out of SMO on IFR clearance with 'fly runway heading to 1000 then right-hand turn to 250 expect radar vectors to V23....' I noted that V23 was only a few miles off the end of the runway. I departed; turned right; heading 250; and switched frequencies. I thought the controller said turn right 270 intercept V23. But I think he just said turn right 270. I was on top of V23 so I intercepted and was in a right turn to intercept (about 350). Less than a minute later; just as I was assessing if the turn made sense and was going to ask ATC to confirm the intercept instructions; the controller said; 'Low altitude alert turn left immediately to 270; which I did. Later was told to call ATC on the phone; which I did. I still don't know if I got the intercept clearance; but when I spoke to the controller; he said they did not give me an intercept.I probably should have queried immediately as I flew over V23. It was a very unusual clearance to begin with (that one would overfly the airway and then be vectored back to intercept; but I guess that is how the routing is designed. This can lead to the confusion that I had.,,,,GA pilot reported being confused about the clearance from ATC after initial climb and was contacted by ATC of a low altitude alert and given instructions to turn immediately.
2211153,202502,1201-1800,ZZZ.TRACON,US,,,,2000,,IMC,,,Dusk,,,TRACON ZZZ,Personal,DA40 Diamond Star,,1,Part 91,VFR,Personal,,Descent,Direct,Class C ZZZ,,,,,,,,,,,,,,,,,,,,,,,,Fuel Quantity-Pressure Indication,,X,Malfunctioning,,,,,,,,,,,,,,,,,,,,,,,,,,,,,,,,,,,,,Flight Deck,Personal,Pilot Flying; Single Pilot,Flight Crew Private,Flight Crew Last 90 Days 26.2; Flight Crew Total 272.2,,Situational Awareness; Time Pressure; Troubleshooting; Workload; Human-Machine Interface; Physiological - Other,,,2211153,,,,,,,,,,,,Aircraft Equipment Problem Critical; Deviation / Discrepancy - Procedural Published Material / Policy; Deviation / Discrepancy - Procedural FAR; Inflight Event / Encounter Loss Of Aircraft Control; Inflight Event / Encounter Fuel Issue; Inflight Event / Encounter Unstabilized Approach; Inflight Event / Encounter Weather / Turbulence; Inflight Event / Encounter VFR In IMC,,,Person Flight Crew,In-flight,Air Traffic Control Issued New Clearance; Air Traffic Control Provided Assistance; Flight Crew Diverted; Flight Crew Requested ATC Assistance / Clarification; Flight Crew Overcame Equipment Problem; Flight Crew Landed in Emergency Condition; Flight Crew Executed Go Around / Missed Approach; General Flight Cancelled / Delayed,Aircraft; Environment - Non Weather Related; Human Factors; Procedure; Weather,Aircraft,During preflight planning; I am certain I confirmed visibility conditions before and after my ETA. However; after passing ZZZ; I unexpectedly encountered a widespread and intense cloud cover stretching for miles in all directions. This was not anticipated based on my flight planning.Compounding the situation; my fuel gauge fluctuated unpredictably; showing readings between mid and quarter at three separate instances during the flight. When the erratic fuel indications occurred again; I became uncertain whether I had the fuel reserves I originally calculated. This uncertainty led to panic; as I could not confidently determine how much usable fuel remained. Recognizing the urgency; I requested an ILS approach to Runway XX at ZZZ1. I was seriously concerned that I was low on fuel and needed to land immediately. ATC began vectoring me for the approach. However; between ZZZZZ and ZZZZZ1; my autopilot unexpectedly disengaged. This led to an unusual attitude; requiring immediate corrective action to level the wings and regain altitude. After recovery; I climbed to 3;000 feet; turned to a 180 degree heading; and initiated a go-around per ATC instructions.ATC then inquired whether I was IFR rated. At that point; I stated that I was requesting a practice ILS approach due to fuel concerns. This response misrepresented the emergency; as I was in fact experiencing an in-flight fuel emergency without an IFR clearance; violating FAR 91.13 and FAR 91.173 (IFR flight requirements). I would not have created the violation were I not of the belief that I was experiencing an inflight emergency. ATC identified ZZZ2 as the nearest airport with VFR conditions; and I proceeded there. Upon landing; I reported the incident.,,,,Pilot reported a malfunctioning fuel gauge and a diversion to a nearby airport after they were unable to complete an approach to their destination airport.
2213283,202502,1201-1800,CHD.Airport,AZ,,1,,3100,,VMC,10,,Daylight,12000,,Tower FFZ,FBO,Small Aircraft; Low Wing; 1 Eng; Fixed Gear,,1,Part 91,VFR,Training,,Descent,Visual Approach,Class E CHD,,,,,,,,,,,,,,,,,,,,,,,,,,,,Tower FFZ,,Small Transport; Low Wing; 2 Turboprop Eng,,1,,IFR,,,Descent,Visual Approach,Class E CHD,,,,,,,,,,,,,,,,,,,,,,,,Aircraft X,Flight Deck,FBO,Instructor; Pilot Not Flying,Flight Crew Flight Instructor; Flight Crew Commercial; Flight Crew Multiengine; Flight Crew Instrument,Flight Crew Last 90 Days 185; Flight Crew Total 870,,Situational Awareness; Communication Breakdown; Training / Qualification,Party1 Flight Crew; Party2 ATC,,2213283,,,,,,,,,,,,Airspace Violation All Types; Conflict NMAC; Deviation / Discrepancy - Procedural FAR; Deviation / Discrepancy - Procedural Published Material / Policy,Horizontal 0; Vertical 400,,Person Flight Crew,In-flight,Flight Crew Took Evasive Action,Airspace Structure; Human Factors,Human Factors,I was conducting a cross-country flight with my instrument-rated student in Aircraft X; transitioning back to Falcon FFZ after passing over Chandler CHD's airspace. We were flying at 3500 feet MSL when we encountered a Aircraft Y; which was operating under visual flight rules (VFR) and was in the process of requesting an IFR clearance from ZZZ to Falcon FFZ. Aircraft Y had penetrated the Phoenix Bravo airspace (PHX) without clearance and appeared to be having difficulty with communication with Phoenix Approach.When Phoenix Approach confronted Aircraft Y regarding their unauthorized entry into the Bravo airspace; the Aircraft Y pilot did not acknowledge the error; further demonstrating confusion and an apparent lack of situational awareness. At this point; I made the decision to cancel VFR flight following and switch over to Falcon Tower to continue our flight into the airport.As soon as we switched to Falcon Tower; we observed Aircraft Y making an unexpected and rapid turn directly toward our aircraft. At this point; we were in the process of continuing our flight when Aircraft Y started descending into our flight path. We quickly assessed the risk of collision and executed an emergency descent from 3500 feet MSL to 3020 feet MSL; directly over Chandler CHD; to avoid the incoming aircraft.Had we not descended immediately; Aircraft Y would have collided with us without a doubt. Aircraft Y passed directly over our aircraft at a distance of less than 500 feet. Despite the close proximity; the pilot of Aircraft Y made no apparent attempt to avoid the collision. There was no indication from Aircraft Y's flight path that they had us in sight or were aware of our position.Inadequate Communication. The Aircraft Y pilot appeared to be unfamiliar with proper communication protocols; as evidenced by the confusion when trying to communicate with Phoenix Approach.  Unauthorized Bravo Airspace Entry. The Aircraft Y had entered the Phoenix Bravo airspace without proper clearance; adding to the overall risk and confusion.Lack of Collision Avoidance. Despite the close proximity of our aircraft and the danger of collision; Aircraft Y did not take any corrective actions to avoid the incident.This incident qualifies as a near-miss collision and highlights a number of serious aviation safety issues; including improper airspace entry; poor communication; and lack of situational awareness on the part of the Aircraft Y pilot. The actions we took to avoid the collision were critical to preventing an accident. However; the event underscores the importance of vigilance and adherence to airspace and communication protocols; as well as the need for all pilots to exercise proper collision avoidance.Given the gravity of the situation; I recommend further investigation into the actions of the Aircraft Y pilot; as well as additional training or review of airspace regulations for pilots operating in the Phoenix Bravo airspace.,,,,General aviation instructor pilot reported a near miss with another aircraft when in descent under VFR conditions on a training flight. The instructor executed an emergency descent when visually acquiring the other aircraft to avoid a collision.
2217619,202502,0601-1200,ZZZ.Airport,US,,,0,,,VMC,10,,Daylight,25000,,Ramp ZZZ,Air Taxi,Cessna Citation Sovereign (C680),,2,Part 135,IFR,Passenger,,Parked,None,,,,,,,,,,,,,,,,,,,,,,,,,,,,,,,,,,,,,,,,,,,,,,,,,,,,,,,,,,,,,,,,Aircraft X,Flight Deck,Air Taxi,First Officer,Flight Crew Flight Engineer; Flight Crew Air Transport Pilot (ATP); Flight Crew Flight Instructor; Flight Crew Multiengine; Flight Crew Instrument,Flight Crew Last 90 Days 60; Flight Crew Total 23000; Flight Crew Type 1450,,Time Pressure; Situational Awareness; Distraction,,,2217619,,,,,,,,,,,,Deviation / Discrepancy - Procedural Published Material / Policy; Ground Event / Encounter Loss Of Aircraft Control,,,Person Flight Crew,Aircraft In Service At Gate,Flight Crew Became Reoriented; Flight Crew Regained Aircraft Control,Environment - Non Weather Related; Human Factors,Human Factors,The following is an event that took place on the FBO ramp at the ZZZ airport; in a Citation Sovereign 680 jet. Looking back on it; it reads like an accident chain that; by the grace of God; didn't end in an accident; and no one was injured. The Sovereign is a jet that is required to operate with two pilots.  Both pilots on this flight were type-rated and qualified to act as PIC.  Our company had designated the other pilot as PIC for this two day trip.  He flew the three legs on the first day.  I was going to fly the two legs scheduled on this day - the second day - flying from the left seat.  This arrangement was not at all unusual; and had nothing to do with what happened.Accident link #1 - We arrived at the FBO in plenty of time - about 1:15 before scheduled departure. We both worked on getting the aircraft ready. Preflight inspection; connecting the nose gear steering link; getting ice for the cooler and hot coffee for our passengers.  I asked the PIC as to when he wanted me to start the APU and begin the cockpit setup.  He said to start it :20 minutes before our scheduled departure time. In my opinion that was not early enough; but I didn't object.  I felt it was within his purview to make that decision. Nonetheless; I did start it a couple of minutes early.  Accident link #2 - After I started the APU I began our cockpit setup. Checking all the various systems and configuring for our flight.  At this point the APU had been operating for about :05 minutes.  About then the PIC called me and said the passengers are here. Now I knew we were going to feel rushed. I interrupted my cockpit setup flow and tuned in the ATIS and wrote that down; in preparation for getting our ATC clearance to ZZZ1.Accident link #3 - Our flight plan had been filed using Foreflight. The PIC had filed it; choosing the route recommended by the Foreflight app.  Their recommended route works perfectly about 99% of the time; with only occasional minor changes. Normally one would contact ZZZ Clearance Delivery; but in this case ATIS advised to get the IFR clearance on Ground Control frequency; XXX.X  I requested our clearance on that frequency. The controller was very busy. He advised said I would be getting 'a full route clearance' and to advise when I was ready to copy.  I already had a pad and a pen and so I told him to go ahead. He proceeded to rattle off a completely different route than what we had filed with perhaps five or six intersections; without spelling their names; as well as a new SID and an airway. He spoke so fast I had to scribble and abbreviate in an attempt to keep up. I read it back barely. About that time our passengers were led out to the plane by the PIC; and I felt like I was way behind. In addition; I quickly realized that there was no way I could put our ATC clearance in our FMS's or iPads without knowing the spelling of those intersections. So I had to call Ground Control back and ask for the proper spelling. And then I had to put the pretty complicated revised routing in both the FMS's and my iPad. The PIC had; by now; sat down in the right seat and he programmed his iPad and tried to help me get finished in our setup. By now the passengers had been onboard for :05 to :10 minutes and we both felt the pressure of time.Accident link #4.  The PIC pulled out the Before Start checklist and we started to run it; planning to use the checklist to catch anything we might have missed. But we rushed the checklist too; with him asking the next 'challenge' before I had completely answered the previous item. We were both allowing the pressure of time to affect us; and it was about to have very serious results!As I started the first engine (the right side); I noted there was no marshaller present; but we had encountered that situation many times; and I wasn't concerned.  After that engine was stabilized at idle; I conducted a flight control / spoiler check; and proceeded to start the left engine.  During that start a marshaller came out. With the second engine stabilized; I called for the 'After Start' checklist and we went heads down as we performed our checks and verified our systems functionality.  It was then I felt something in the seat of my pants; and looked outside to see that we were rolling !  And we had already rolled about twenty feet !!  The Parking Brake had never been set !! The marshaller had moved off to the side. I regained control of the aircraft and steered it in a 90 degree turn to the right to exit the ramp. I stopped the airplane at the end of the ramp so we could pull ourselves together. We took a few minutes to get calmed down and make sure everything that needed to be done; was done.  We were both shaken up; and we slowed way down and checked and double-checked everything.  Once we leveled in cruise; we debriefed this whole event; and talked about how lucky we were that an accident had not occurred and vowed that neither of us would allow time pressure to cause us to rush things; not ever again !  Lesson learned !!  We both knew better !,,,,Air taxi First Officer reported after engine start on the ramp the aircraft rolled uncontrolled due to the parking brake not being set.
2221395,202503,1201-1800,TRI.Airport,TN,,,1000,,,VMC,20,,,10000,,TRACON TRI,Corporate,Medium Transport; Low Wing; 2 Turbojet Eng,,2,Part 91,IFR,Passenger,,Takeoff / Launch,,Class D TRI,,,,,,,,,,,,,,,,,,,,,,,,,,,,,,,,,,,,,,,,,,,,,,,,,,,,,,,,,,,,,,,Aircraft X,Flight Deck,Corporate,Captain; Pilot Flying,Flight Crew Multiengine; Flight Crew Instrument,Flight Crew Last 90 Days 40; Flight Crew Total 14952; Flight Crew Type 400,,Confusion,,,2221395,,,,,,,,,,,,Deviation / Discrepancy - Procedural Published Material / Policy,,,Person Flight Crew,In-flight,Flight Crew Requested ATC Assistance / Clarification,Chart Or Publication,Chart Or Publication,Upon departure of Runway 6 at VJI; there are several confusing areas as to the procedure. At the end of the runway is an old sign that says to make left turns for noise abatement. And then when looking at the charts in the airport official remarks section it says; 'Noise Abatement: Runway 6-24 straight out 500 ft. AGL left turns only.' So on departure we did that only to be questioned by the Departure at Tri Cities. I later called the Tri Cities Clearance Delivery phone number and was told that the noise abatement was voluntary. Too many signs saying left turn only for a pilot to ignore; but yet it is not an official procedure and led me to make a turn around the airport before proceeding on course. Signs and remarks need to show that this left turn only is for VFR traffic only.,,,,Corporate Captain reported being confused by the charts and old signage regarding the noise abatement procedures at TRI Airport and was questioned by TRI Departure after following said procedures.
2222342,202503,,ASE.Airport,CO,,20,,,,,Icing; Snow; Turbulence; Windshear,,,,,Tower ASE,Corporate,Medium Transport; Low Wing; 2 Turbojet Eng,,2,Part 91,IFR,Passenger,Localizer/Glideslope/ILS LOC/DME 15,Final Approach; Initial Approach,,Class D ASE,,,,,,,,,,,,,,,,,,,,,,,,,,,,,,,,,,,,,,,,,,,,,,,,,,,,,,,,,,,,,,,Aircraft X,Flight Deck,Corporate,Pilot Not Flying; Captain,Flight Crew Flight Instructor; Flight Crew Multiengine; Flight Crew Instrument; Flight Crew Air Transport Pilot (ATP),Flight Crew Last 90 Days 50; Flight Crew Total 8000; Flight Crew Type 400,,Workload; Communication Breakdown,Party1 Flight Crew; Party2 ATC,,2222342,Aircraft X,Flight Deck,Corporate,Pilot Flying; First Officer,Flight Crew Flight Instructor; Flight Crew Instrument; Flight Crew Multiengine,Flight Crew Last 90 Days 50; Flight Crew Total 15000; Flight Crew Type 4000,,Communication Breakdown; Workload,Party1 Flight Crew; Party2 ATC,,2222344,ATC Issue All Types; Deviation - Track / Heading All Types; Deviation / Discrepancy - Procedural Clearance; Deviation / Discrepancy - Procedural Published Material / Policy; Inflight Event / Encounter CFTT / CFIT; Inflight Event / Encounter Weather / Turbulence,,,Automation Air Traffic Control; Person Air Traffic Control,In-flight,Air Traffic Control Issued Advisory / Alert; Air Traffic Control Issued New Clearance; Flight Crew Requested ATC Assistance / Clarification,Environment - Non Weather Related; Human Factors; Procedure,Ambiguous,On today's flight from ZZZ to ASE; we experienced a possible approach deviation during the final stages of the flight.  For this flight SIC was acting as the PF and PIC was the PNF. This flight presented several challenges as it was conducted in a high-terrain; high-elevation environment in a very short distance. In addition adverse weather conditions with strong winds; intermittent snow showers; icing; and turbulence increased the pilot workload. Before departure; we were advised about a 4-hour EDEC (Expect Departure Clearance Time) delay at ZZZ due to weather at the destination.PF contacted ZZZ ATC via phone and asked them to communicate to ATC that upon our arrival at ASE; we are able to conduct the special approach; the LOC DME 15; with a circle to land on runway 33; which we were qualified approved to conduct. Based on these info about our capabilities our EDEC was voided and we were given permission to depart on time. During the descent phase; while the PF was listening for ATIS updates; I (as the PNF) contacted Aspen Approach as instructed by Denver Center. The controller asked if we could accept an approach with a high tailwind conditions exceeding the limits for a straight-in landing.  As planned and briefed; I requested the LOC DME 15 approach and requested approach to relay to ASE tower our intention to circle to land for runway 33.Shortly after; we received vectors for sequence and descent instructions. These required rapid speed adjustments and aircraft configuration; which increased our workload; especially under the adverse weather conditions (IMC; Icing; turbulence)Which require deployment of the airbrakes (boards) to be deployed causing additional airspeed monitoring requirements and abnormal noise levels. As we approached the final course; it became clear that the vectors were taking us through the final approach course. The PF requested a direct course on the FMS while I was simultaneously communicating with approach receiving our approach clearance. Once we switched to tower frequency; I checked in; stating that we were on the LOC DME 15 approach with the intention to circle to land on runway 33. The tower acknowledged; but then moments later issued a low altitude alert. I clarified that we were conducting the LOC DME 15  and  not the LOC DME E.  Tower came back stating that we were cleared for the LOC DME E thus the low altitude alert.After confirming we had visual contact with the runway; we proceeded with the circle-to-land maneuver and landed without further incident. Following the landing; the ground controller provided a phone number for a possible pilot deviation. The PF called the number and provided his license information. During the call PF was informed that the communication would be logged; and it was suggested that in future; we specify the 'special' approach to avoid confusion. Furthermore he mentioned that they have been many instances of miscommunication in the past regarding these two approaches due to the similarity in name.Please note. The flight segment involved a high workload; and I cannot confidently recall every ATC communication with certainty.  While reflecting and evaluating potential scenarios; I don't want to dismiss the possibility of pilot communication errors. The possible threats that I can think of include miscommunication due to similar approach names. The approach in use was the LOC DME E for runway 15; while the special approach is the LOC DME 15. I would like to believe that if LOC DME E was assigned; we would have caught it; as we always request the LOC DME 15; even in VMC conditions; to maintain the required currency. Confirmation bias from pilots and/or  ATC: Due to the similarity in names; the crew may have assumed the LOC DME approach referred to the special approach; while ATC was referring to the LOC DME E. A failure of CRM on the pilots' side. In high-workload ineffective Crew Resource Management (CRM); may have led to missed cues or incorrect interpretation of instructions; reducing the team's ability to manage the situation effectively. To prevent similar incidents in the future; we should enhance Crew Resource Management (CRM) with a focus on clear communication during high-workload situations. Prevent communication interference. As suggested by tower ensure approach requests are clearly specified by adding the word 'special'. Review standard operating procedures. Conduct thorough post-flight debriefings to improve communication and decision-making for future flights.,,Subject: Report on Possible Pilot Deviation Involving ATC Communication. Flight Details. Flight Route: ZZZ to ASE (Aspen/Pitkin County Airport). Crew.- SIC (Second-In-Command) - Pilot Flying (PF)- PIC (Pilot-In-Command) - Pilot Monitoring (PNF)Incident Overview: Flight from ZZZ to ASE; received a 4-hour EDEC (Expect Departure Clearance Time) delay prior to departure due to High traffic volume and adverse weather conditions at our destination ASE Aspen Reporting Tail winds of 330 at 9 knots and gusts to 18 knots; which exceeded the aircraft's limitation of a Maximum  of 10 Knots of tail wind for runway 15. ASE was experiencing strong winds and occasional low ceilings which precluded the use of straight-in approaches as well as intermittent snow showers and icing in the clouds. Many aircraft were diverting; so the PF contacted local ZZZ ATC clearance delivery and requested that they contact Denver Approach and Aspen Approach controllers and informing them that we were qualified to fly the Aspen special approach Localizer DME 15 at ASE and were capable of also performing a circle-to-land maneuver for runway 33 at the termination of the Special approach; Based on this information; ATC immediately cleared us for departure without further delay.Prior to arrival in Aspen airspace the Crew loaded and briefed the Aspen Special Approach Localizer DME 15; Upon entering Denver Center airspace; we were transferred to Aspen Approach. At this time; the PF was receiving updated ATIS on radio 1 while the PNF established initial contact with Approach on radio 2. The controller asked whether we could accept an approach despite the fact that the tailwind was above the limit for a straight-in landing. The PNF requested the LOC DME 15 approach as planned and asked Approach to inform the tower that we intended to circle-to-land runway 33. ATC proceeded to give us vectors for sequencing; followed by descent instructions and a major reduction in speed. The aircraft was configured for the Special approach which is also a steep approach of 4.5 degrees and this increases the decent angle and sink rate exponentially with a tail wind and an additional factor of speed is increased by the use of Wing and Engine Anti-Ice requiring Speed Brakes at setting 1 being deployed. This is an extremely difficult and challenging approach. As we neared the final course in IMC and Icing conditions with icing accumulation; we received our final turn and altitude instruction. However; it became evident that due to the vectoring from ATC we were going to overshoot the course. The PF instructed the PNF to set a direct-to waypoint to get re-established on the final course.The PNF continued to handle radio communications. After being transferred to Tower; the PNF checked in with Aspen Tower and confirmed that we were on the LOC DME 15 approach and requested a circle-to-land for Runway 33. The Tower acknowledged our request.A few minutes later; Tower issued a low-altitude alert based on The minimums of the LOC DME E; which the PNF acknowledged by stating that we were on the special approach which has much lower minimums Tower thanked us for the confirmation. Shortly afterward; Tower informed us that we had not been cleared for the LOC DME 15 approach but rather the LOC DME E approach for Runway 15. Tower asked if we had visual contact with the runway; to which the PNF confirmed that we did.We proceeded with the circle-to-land maneuver and completed an uneventful landing on runway 33. After switching to ground frequency; the ground controller advised us to copy a phone number for a possible pilot deviation. The PF called the provided Tower number and was asked for his Name and  pilot license number and telephone number. The individual on the Tower line mentioned that they needed to log the event; citing that this type of approach  miscommunication is a frequent occurrence. The PF also recommended that future approach requests specifically reference the 'special approach'to avoid potential confusion. The outcome of this occurrence clearly indicated that 2 completely different instrument approach's exist with Very Very simular names ; LOC DME E ( High Minimums ) and LOC DME 15 ( LOW Minimums and Special FAA Training and Authorization required). As a positive learning experience from this event and proceeding forward; to avoid any confusion in the future the crew will rename and emphasize the approach as the ' Special Approach Localizer DME 15 ' and the crew will request a Feader Fix which also confirms the Special Approach.Although no violations occurred it was a clear message of how easily Communications Errors can occur based on expectations and preconceived requirements.  And the positive outcome of this situation is the ongoing safety net that Aspen Tower provided with a monitor for low altitude alert.,,A corporate flight crew reported receiving a 'Low Altitude Alert' from Aspen Tower while conducting a special qualifications localizer approach versus approach ATC cleared. Two approaches with similar names caused confusion and communication errors.
2224537,202503,0601-1200,ZZZ.Airport,US,,,,1100,,VMC,10,,Daylight,,,Tower ZZZ13,Personal,Skylane 182/RG Turbo Skylane/RG,,2,Part 91,VFR,Training,,Initial Approach,,Class D ZZZ,,,,,,,,,,,,,,,,,,,,,,,,,,,,Tower ZZZ,Personal,Skyhawk 172/Cutlass 172,,1,Part 91,VFR,Personal,,Initial Climb,,Class D ZZZ,,,,,,,,,,,,,,,,,,,,,,,,Aircraft X,Flight Deck,Personal,Instructor,Flight Crew Multiengine; Flight Crew Flight Instructor; Flight Crew Instrument; Flight Crew Commercial,Flight Crew Last 90 Days 120; Flight Crew Total 600; Flight Crew Type 600,,Training / Qualification; Workload; Situational Awareness,,,2224537,Facility ZZZ.Tower,,,Supervisor / CIC,Air Traffic Control Fully Certified,Air Traffic Control Time Certified In Pos 1 (yrs) 13,,Situational Awareness; Workload,,,2223578,ATC Issue All Types; Conflict NMAC,Horizontal 0; Vertical 150,,Person Flight Crew,In-flight,Air Traffic Control Issued Advisory / Alert; Flight Crew Requested ATC Assistance / Clarification; Flight Crew Took Evasive Action,Airspace Structure; Human Factors; Procedure,Human Factors,A near miss occurred with Aircraft Y while my student and I (Aircraft X) were in the downwind for runway XXL. Aircraft Y was inbound on a practice approach to runway XY; with a southbound missed approach. Tower had instructed them to report when they were going missed. The field was busy that day; and tower seemed overwhelmed; but they did advise both Aircraft Y and us of the traffic.We acknowledged the traffic advisory and responded that we were looking for traffic; while Aircraft Y reported they had the traffic in sight. My student and I were unable to visually spot the traffic; but we did see it on our Lynx ADS-B In screen. The last we remember seeing; the traffic was 300 feet below us. Aircraft Y then reported they were starting their missed approach as my student spotted them off the left side of the aircraft; below us. I saw the aircraft for the first time as it passed behind us; appearing to be within 100-150 feet vertically.We continued in our downwind and did not mention the incident to tower; as they seemed to have noticed the near miss and were already stressed. Tower then instructed us to transition to runway XXR and contact the other tower frequency. We landed full stop on XXR and called off the flight there. I decided not to let my student solo; as I considered the environment unsafe at that time.I believe Aircraft Y had the wrong traffic in sight or lost sight of us. This is not a normal occurrence at ZZZ as tower will generally tell traffic to start their southbound missed at the building on the approach path; prior to runway XY; or tell them when to begin their missed.,,Aircraft Y was on an IFR approach into Runway XY.  Aircraft Y cancelled IFR while on a 2 mile final and informed the tower controller that they planned to fly VFR southbound.  As the CIC (Controller in Charge); my job is to overlook the entire operation.  As I was working my scan back to the LC1 (Local Control 1) position; I; as well as the CD (Clearance Delivery) controller pointed out to LC1 that his aircraft on final for XY seemed too high; reference his traffic in the pattern.  LC1 told us that the aircraft on final had his traffic in sight.  Looking out the window; they appeared to be close; but since LC1 assured us that traffic was issued; and they had each other in sight; we moved on to other areas to work/scan.Giving a solid point of reference to turn for anyone on final for runway XY when they plan to go VFR missed; with a full traffic pattern for XXL is a good idea.  The building is an excellent visual marker that keeps them well clear of the XXL pattern.,,A Flight Instructor in the traffic pattern and the Tower CIC reported a NMAC when an aircraft executed a missed approach and turned toward the Flight Instructor's aircraft.
2227700,202504,1801-2400,ZZZ.Airport,US,,,,,,,,,,,,Tower ZZZ,Air Carrier,Regional Jet 200 ER/LR (CRJ200),,2,Part 121,IFR,Passenger,,Final Approach,Other Instrument Approach,Class D ZZZ,,,,,,,,,,,,,,,,,,,,,,,,,,,,,,,,,,,,,,,,,,,,,,,,,,,,,,,,,,,,,,,Facility ZZZ.Tower,,Government,Approach; Supervisor / CIC,Air Traffic Control Fully Certified,Air Traffic Control Time Certified In Pos 1 (yrs) 9,,Communication Breakdown; Situational Awareness,Party1 ATC; Party2 Flight Crew,,2227700,,,,,,,,,,,,ATC Issue All Types; Deviation - Altitude Overshoot; Deviation / Discrepancy - Procedural Published Material / Policy; Inflight Event / Encounter CFTT / CFIT,,,Automation Air Traffic Control; Person Air Traffic Control,In-flight,Air Traffic Control Issued Advisory / Alert; Flight Crew Became Reoriented; Flight Crew Requested ATC Assistance / Clarification,Human Factors; Procedure,Human Factors,I was working as the OS in the tower; combined with GC/CD (Clearance Delivery)/FD (Flight Data). A low altitude alert went off on a CRJ2 on final runway XX. LC (Local Control) issued the low altitude alert and the pilot said they were on the approach. Landed without incident. I was relieved of GC/CD/FD position at this time.  After landing another aircraft (C172) asked what the altimeter setting was; we checked the ATIS and the ATIS said 29.93 but the ASOS setting was 29.39. Previous controller working FD had made the ATIS and inadvertently read the incorrect ATIS. A new ATIS was made with the corrected information.  Review the ATIS after taking a position may help.,,,,A Tower Supervisor reported Tower received a Low Altitude Alert for an aircraft on approach which had been issued the wrong altimeter setting.
2229118,202504,1201-1800,ZZZZ.Airport,FO,,,0,,,VMC,,,,,,,Air Carrier,B767 Undifferentiated or Other Model,,3,Part 121,IFR,Passenger,,Taxi,,,,,,,,,,,,,,,,,,,,,,,,,,Circuit Breaker / Fuse / Thermocouple,,X,Improperly Operated,,,,,,,,,,,,,,,,,,,,,,,,,,,,,,,,,,,,Aircraft X,Flight Deck,Air Carrier,Pilot Not Flying; First Officer,Flight Crew Multiengine; Flight Crew Air Transport Pilot (ATP); Flight Crew Instrument,Flight Crew Last 90 Days 58.95; Flight Crew Type 267.28,,Confusion; Situational Awareness,,,2229118,,,,,,,,,,,,Aircraft Equipment Problem Less Severe; Deviation / Discrepancy - Procedural Published Material / Policy; Deviation / Discrepancy - Procedural Maintenance,,,Person Flight Crew,Taxi,Flight Crew Overcame Equipment Problem; Flight Crew Returned To Gate; General Flight Cancelled / Delayed,Aircraft; Procedure,Procedure,On Day 0; I reported as the FO for Flight XXXX ZZZZ-ZZZ and began the preflight setup. I was the first one on the flight deck and began running through the initial preflight procedure by obtaining permission to start the APU from operations to cool down the aircraft. The setup was busy with a new departure clearance needing to be obtained with clearance delivery; and we were provided with the wrong flight plan by operations. This led to confusion with the fuel load and added workload for the crew. I mistakenly believed that checking the circuit breakers was a Relief Pilot function because the Relief Pilot completes parts of the preflight procedure such as the security and emergency equipment inspection. As a result; I failed to notice that there were circuit breakers popped on the lower panel behind the FO's seat.As we were pushing back; the CA and I noticed that neither of the iPad chargers were working; which prompted me to check the circuit breakers to see if one had popped. When I looked down at the panel to my right; I discovered that multiple circuit breakers popped. By this time; the tow crew was disconnecting. The CA instructed the Relief Pilot to contact dispatch and patch in maintenance; while I coordinated a return to the gate with ground and operations. The CA then directed me to start both engines in order to taxi back to the gate. Once we were at the gate; maintenance personnel boarded the aircraft and investigated the issue. They found that maintenance had been performed on the right pack the previous night; and the breakers had been pulled during those checks but not reset afterward. Maintenance reset the breakers and reissued a Maintenance Release. After a short delay; the flight was able to depart about 30 minutes late.,,,,Air carrier First Officer reported that they missed an item on their pre-flight checks; resulting in a return to the gate.
2234353,202504,1801-2400,ZZZ.TRACON,US,,,,7000,,VMC,,,,,,Center ZZZ,Fractional,EMB-505 / Phenom 300,,2,Part 135,IFR,Passenger,,Climb,,Class E ZZZ,,,,,,,,,,,,,,,,,,,,,,,,,,,,,,,,,,,,,,,,,,,,,,,,,,,,,,,,,,,,,,,Facility ZZZ.ARTCC,,Government,Enroute,Air Traffic Control Fully Certified,Air Traffic Control Time Certified In Pos 1 (yrs) 15,,Confusion; Communication Breakdown; Workload,Party1 ATC; Party2 Flight Crew,,2234353,,,,,,,,,,,,ATC Issue All Types; Deviation / Discrepancy - Procedural Published Material / Policy; Inflight Event / Encounter CFTT / CFIT,,,Person Air Traffic Control,In-flight,Air Traffic Control Issued New Clearance; Air Traffic Control Provided Assistance; Flight Crew Requested ATC Assistance / Clarification; Flight Crew Became Reoriented,Chart Or Publication; Procedure; Human Factors; Environment - Non Weather Related; Company Policy,Company Policy,I was working the ZZZ Approach airspace due to low staffing at ZZZ TRACON. Aircraft X requested a VFR climb below 070. I approved tower to release him VFR climb on course; climbing to 160. Aircraft X checked on climbing VFR to 070 and requesting his IFR clearance. I asked tower if they had given him his IFR and they said they had. Aircraft X was still under the impression that they did not have their IFR clearance so I reissued it leaving 090. I again queried him about whether tower had given him a clearance to climb VFR below 070 and maintain 160. He said they had been confused about what the tower controller was actually issuing them.Educate pilots about how VFR climbs work Reiterate that aircraft are cleared on course leaving the center ZZZ. Improve staffing; so that Center Controllers aren't working Approach Control airspace.,,,,A Center Controller working TRACON Airspace which was ATC Zero due to staffing reported a departing aircraft climbed to an altitude below the Minimum Vectoring Altitude due to misunderstanding their clearance.
2235818,202504,0601-1200,SAV.Airport,GA,,,0,,,,,,,,,Tower SAV,Air Carrier,Commercial Fixed Wing,,2,Part 121,IFR,Passenger,,Takeoff / Launch,,,,,,,,,,,,,,,,,,,,,,,,,,,,,,Tower SAV,Personal,Small Aircraft; Low Wing; 1 Eng; Fixed Gear,,1,Part 91,,Personal,,Landing,Visual Approach,Class C SAV,,,,,,,,,,,,,,,,,,,,,,,,Facility SAV.Tower,,Government,Local,Air Traffic Control Fully Certified,Air Traffic Control Time Certified In Pos 1 (yrs) 6,,Workload; Distraction; Fatigue; Situational Awareness,,,2235818,,,,,,,,,,,,ATC Issue All Types; Conflict Ground Conflict; Critical,,,Person Air Traffic Control; Person Flight Crew,,Air Traffic Control Issued New Clearance; Flight Crew Requested ATC Assistance / Clarification,Human Factors; Company Policy; Procedure,Company Policy,Aircraft Y cleared to land Runway 10; Aircraft X holding short of Runway 10 with a CFR (Call for Release) time. A third aircraft was initiating an intersection departure from Runway 19. Ground had multiple crossing requests for Runway 19. Approach on hotline to coordinate something but was indistinguishable from helicopter calling with request on frequency.I gave a takeoff clearance to Aircraft X to meet his flow time but only completed a partial scan due to other operational activities. Aircraft Y must have been on short final; dropped from the radar display. I became aware of my mistake only when Aircraft Y requested exit instructions for his FBO. I located the aircraft; issued the exit instructions; and observed that Aircraft X was still a few seconds away from beginning takeoff roll. At that point I could see that Aircraft Y would exit before separation would be lost. Aircraft X questioned the takeoff clearance; and I reissued that.I believe mental mistake is attributable to fatigue caused by months of overtime assignments; and lack of staffing. No oversight in the Tower at the time; no one in the Tower cab noticed that I issued an unsafe clearance. Supervisor combined with Clearance Delivery and facing away from the operation.,,,,SAV Tower Controller reported clearing an aircraft for takeoff before another aircraft had cleared the runway. The reporter stated fatigue related to frequent overtime as a result of short-staffing was a factor.
2238422,202505,0001-0600,ZZZ.Airport,US,,,0,,,VMC,,,Dawn,,,CTAF ZZZ,Air Carrier,Regional Jet 700 ER/LR (CRJ700),,2,Part 121,IFR,Passenger,,Takeoff / Launch,,,,,,,,,,,,,,,,,,,,,,,,,,,,,,CTAF ZZZ,,Any Unknown or Unlisted Aircraft Manufacturer,,,Part 91,None,,,Taxi,,,,,,,,,,,,,,,,,,,,,,,,,,Aircraft X,Flight Deck,Air Carrier,Pilot Not Flying; First Officer,Flight Crew Air Transport Pilot (ATP); Flight Crew Instrument; Flight Crew Multiengine,,,Time Pressure; Communication Breakdown,Party1 Flight Crew; Party2 Flight Crew,,2238422,Aircraft X,Flight Deck,Air Carrier,Pilot Flying; Captain,Flight Crew Instrument; Flight Crew Multiengine; Flight Crew Air Transport Pilot (ATP),,,Communication Breakdown; Time Pressure,Party1 Flight Crew; Party2 Flight Crew,,2238427,ATC Issue All Types; Conflict Ground Conflict; Critical; Deviation / Discrepancy - Procedural Clearance,,,Person Flight Crew,Taxi,Air Traffic Control Provided Assistance; Flight Crew Requested ATC Assistance / Clarification; Flight Crew Took Evasive Action; General Flight Cancelled / Delayed,Human Factors; Airspace Structure,Human Factors,We taxied out of ZZZ around XAam while the tower was closed. Prior to leaving the ramp I left CTAF know that we were going to be taxiing to runway XX via Taxiway 1. I then put CTAF in comm 2 so both of us could listen while I used comm 1 to pick up the IFR clearance. Once we got the clearance; I made a call on CTAF saying we were going to be departing runway XX with a left turn out as per our clearance. Hearing no traffic on the frequency the CA lined us up on runway XX and made the runway heading check" callout. CA advanced the throttle to the climb detent and asked for me to set thrust. I moved it to the toga position and simultaneously heard a CTAF call for an aircraft crossing runway XY at Taxiway 1. Both of us looked and saw a plane moving left to right on the runway and CA initiated a rejected takeoff below 80kts while I made a CTAF call saying we were rejecting takeoff. We cleared the runway and made another CTAF call saying we were taxing on 1 back to runway XX then swapped over to approach to let him know about what had just happened and to figure out a new clearance time. During taxi brake temps went up to 3 on all 4 wheels. We waited the full 15 minutes to let them cool off and departed for an uneventful flight to ZZZ1Cause: Untowered operations with commercial and Ga traffic. Lack of situational awareness by the GA trafficSuggestions: Having an open tower for commercial operations",,We taxied to runway XX in ZZZ. It was around XA am local time and the tower was closed. The tower opens XA:30 am local time. We were on the CTAF frequency and making calls as we were taxing to the runway. We contacted departure for our clearance and after getting the clearance the FO made the call  ZZZ traffic Aircraft X departing runway ZZZ left turn out" at this point we did not hear any other traffic making any calls. We lined up with runway XX made our call outs "runway heading check". As I advanced the throttle for takeoff we hear a plane on the CTAF frequency making a call " plane ( Aircraft Y) crossing runway XY at 1" right when he made the call I was in the climb detent and said "set thrust" as the FO was setting the thrust we saw the plane crossing the runway and I initiated a rejected take off. At that point we were below 80kts and were able to bring the airplane to a stop within the touchdown zone. The brakes only heated up to a 3 on all 4s. Upon exiting the runway I contacted that aircraft on CTAF trying to understand what had happened. The GA aircraft was completely oblivious to what just happened and he did not even see us on the runway and did not hear any radio calls . I told him that we just had to reject takeoff because of him. It seemed he had no situational awareness of what was going on. We taxied back to hold short and got a new void time from departure and waited out 15 mins. We departed shortly after and the rest of the flight was uneventful. We landed in ZZZ1 and pulled the tapes to go back and listen to the CFAT. According to the recording we had made all our calls and as we made our "taking the runway call" there was a 40 second pause and that's when the GA aircraft makes his crossing the runway call. Shortly after the FO makes a call about aborting the takeoff. We did not make a maintenance write up in ZZZ about it as the plane was around 60 Kts when we aborted and the brakes didn't heat up also no messages popped up. However we wrote it up in ZZZ1. We should've contacted maintenance in ZZZ just in case. Cause: Untowered airport with both GA and commercial traffic. Lack of situational awareness of the GA aircraft.Failing to make proper radio calls. Suggestions: If there are commercial flight operations at an airport it should have an operating tower.",,Air carrier flight crew reported during takeoff an aircraft taxied across the runway resulting in rejected takeoff.
2241194,202505,,ZZZ.ARTCC,US,,,,,,,,,,,,Center ZZZ,Air Taxi,EMB-505 / Phenom 300,,2,Part 135,IFR,,,,,,,,,,,,,,,,,,,,,,,,,,,,,,,,,,,,,,,,,,,,,,,,,,,,,,,,,,,,,,,,,,,,Aircraft X,Flight Deck,Air Taxi,Captain; Pilot Flying,Flight Crew Air Transport Pilot (ATP),,,Communication Breakdown; Situational Awareness,Party1 Flight Crew; Party2 ATC,,2241194,,,,,,,,,,,,ATC Issue All Types; Inflight Event / Encounter CFTT / CFIT,,,Automation Aircraft Terrain Warning,In-flight,Flight Crew Took Evasive Action,Environment - Non Weather Related,Environment - Non Weather Related,Tried to get clearance from ZZZ [ATC]. Called three times on the phone before successfully reaching someone. The controller put me on hold 10 minutes before telling me to call back in 10 minutes for inbound aircraft. When the aircraft landed; I called back and told them we were still number one runway XX for takeoff. He told me to call back in another 10 minutes due to landing traffic. Aircraft holding behind us took off VFR. We exhausted all efforts to get an IFR clearance with no success. We departed about 10 minutes later after the King Air departed. We flew the DP for runway XX. We leveled off and slowed down and called ZZZ on the VHF frequency and they gave us a squawk code. A few seconds later I received a TWAS for terrain. We were visually clear of the terrain and got a climb from ATC right after the TWAS message.,,,,Air taxi pilot reported receiving a terrain alert during departure. Flight cleared the terrain and received ATC clearance to climb.
2244802,202505,0001-0600,ZZZ.Airport,US,,60,,5000,,VMC,10,,Night,,,TRACON ZZZ,FBO,Skyhawk 172/Cutlass 172,,2,Part 91,IFR,Training,,Cruise,Vectors; Direct,,,,,,,,,,,,,,,,,,,,,,,,,Engine,,X,Malfunctioning,,,,,,,,,,,,,,,,,,,,,,,,,,,,,,,,,,,,Aircraft X,Flight Deck,Personal,Pilot Flying; Dual ops; safety pilot,Flight Crew Private,Flight Crew Last 90 Days 18.4; Flight Crew Total 119.9; Flight Crew Type 27.2,,Troubleshooting,,,2244802,Aircraft X,Flight Deck,FBO,Instructor; Pilot Not Flying,Flight Crew Flight Instructor; Flight Crew Multiengine; Flight Crew Instrument; Flight Crew Commercial,Flight Crew Last 90 Days 193; Flight Crew Total 880; Flight Crew Type 609,,Troubleshooting,,,2245458,Aircraft Equipment Problem Critical,,,Person Flight Crew,In-flight,Air Traffic Control Provided Assistance; Air Traffic Control Issued New Clearance; Flight Crew Requested ATC Assistance / Clarification; Flight Crew Landed in Emergency Condition; Flight Crew Landed As Precaution; Flight Crew Diverted,Aircraft,Aircraft,The aircraft was Aircraft X; a 2012 Cessna 172S G1000 equipped aircraft. The flight was conducted under Part 91 and an IFR flight plan; but in VMC conditions. The purpose of the flight was to log simulated instrument time under safety pilot conditions. I and a CFI were the two pilots on board. We departed ZZZ with an IFR clearance of the ZZZZZ SID for ZZZ1. During the run-up checks; all engine instruments were green; and both magnetos dropped 110 RPM; which was within standards on the published checklist. On the takeoff roll before the airspeed was alive; we noticed a short burst of engine roughness; likely attributed to my rapid input of throttle power. Still; it immediately smoothed out; and we proceeded with the roll. The flight was uneventful until approximately 60 miles from ZZZ; near ZZZ2. At that point; we began noticing engine roughness; and both turned our heads to look at each other. We immediately started looking below us and at a VFR sectional chart for areas where an emergency landing could occur. We notified ZZZ TRACON of our situation and that we would land on a road if we had lost our engine; as we were not within gliding distance of ZZZ2 or any suitable airports. We then proceeded to troubleshoot the issue and requested a higher altitude of 5000 instead of our assigned altitude of 4000. I flew the aircraft while the CFI troubleshooted. While troubleshooting; ATC gave us priority handling and gave us XXL or XXR as needed. We told them we had sufficiently troubleshooted the issue and would still proceed to ZZZ1. Upon hearing that; ATC provided us with a direct to ZZZ1 clearance. Moments later; the engine's roughness returned; and further troubleshooting was unsuccessful. All engine instruments and temperatures were within standards. The engine monitoring systems showed no abnormalities either. We then decided to divert to ZZZ3 and were cleared for the visual approach into ZZZ3. At this point; the CFI assumed control of the aircraft and pulled the power to descend into ZZZ3. Upon reducing the power to around 1700 RPM; violent and intense shaking of the engine occurred. This lasted for the remainder of the descent and landing into ZZZ3. At moments; the engine also sputtered and popped with bangs; and I felt it would give out at any moment. Upon landing; we taxied to the ramp; and ZZZ TRACON contacted us for details about the situation.We had not decided to divert to ZZZ2 since the issue was successfully troubleshooting; and we were not within gliding distance. We also had ZZZ3 on our right side in case the engine began to act up again. In this case; it did; and we diverted to ZZZ3. We did not decide to proceed any further as the nearest suitable airport would have been ZZZ4 and ZZZ5; which was another 15-20 miles away; both of which would have been troublesome in their ways. We believed that we had another plan B option besides ZZZ2; and given the circumstances of our ability to troubleshoot initially; we objected to ZZZ2 and proceeded on the flight. However; after experiencing the issue again; we diverted to ZZZ3.,,My name is Person A; a Commercial rated pilot with ASEL and AMEL ratings; with a Certified Flight Instructor certificate (CFI). On the evening of Day 0; I conducted a cross-country flight with my friend and colleague. I acted as PIC and was operating under an IFR flight plan in VMC conditions. My buddy is a Private Pilot (ASEL) currently in instrument training; was on board as a safety pilot. He is not yet instrument rated and did not act as PIC during this flight unless I was under the hood. The aircraft was a Cessna 172S with a Garmin G1000. It is a leaseback aircraft owned by a Part 61 flight school based at ZZZ1. This flight was operated under Part 91. This cross-country flight was from ZZZ1 to ZZZ; then back to ZZZ1. We departed ZZZ1 at approximately XA36Z and arrived at ZZZ at XC18Z. The flight had no adverse weather; and systems operated normally. We conducted a visual approach to Runway XXR and refueled at the FBO. The aircraft was fueled to full tanks on both sides. I filed an IFR flight plan for the return flight [to ZZZ1].During pre-flight; everything was normal. Systems were checked and were within limits. During takeoff before rotation at 55 knots; we both heard a loud bang from the engine. I immediately assumed control and stated; 'My controls.' I opted to extend the takeoff roll to assess engine performance. At Vr; I rotated the aircraft and noted no abnormal engine behavior. The aircraft performed normally during the climbout; and all indications were within the green. Based on my experience as a flight instructor; I believe the noise may have resulted from an abrupt application of full throttle; a habit I've seen in students; which can occasionally produce a sharp detonation like sound. I always teach gradual throttle application to avoid engine stress and surging. We climbed via the ZZZZZ  Departure to 3;000 feet; then expected 6;000 feet in 10 minutes on the SID. Cruise performance remained stable; and we encountered no weather issues.1 hour into the flight and while in contact with ZZZ TRACON on frequency XXX.X; in the vicinity of ZZZ2 and ZZZ3; we began experiencing noticeable engine roughness. It felt like we were on a roller coaster. I immediately began troubleshooting per the engine roughness checklist. I leaned and enriched the mixture incrementally to determine if the issue was fuel-mixture related. I also cycled between the left and right magnetos. Both magnetos dropped approximately 100 RPM; but the roughness reduced slightly during the check. EGT readings were normal. Oil temperature and pressure remained in the green. I verified the fuel selector was set to both; and the fuel shutoff valve was fully in. Both fuel gauges indicated 4 hours of fuel remaining. I also manipulated the throttle to see if the roughness correlated with RPM changes.I notified ATC of the rough engine condition and continued to work the checklist. ATC advised that ZZZ2 was located at our 10 o'clock and ZZZ3 at our 2 o'clock. I responded that we were still troubleshooting and would advise further. A few minutes later; the engine's roughness got better. I again contacted ATC and advised them of the engine performance. At this point; ATC gave us priority handling to be safe rather than sorry. ATC advised that ZZZ2 Runway XYR was available and equipped with full lighting; should we decide to divert. After assessing the situation; I advised that we would continue toward our destination; but I remained fully aware that ZZZ3 was nearby and within gliding range. I treated ZZZ3 as our contingency landing site. 2 minutes later; engine roughness started again. The aircraft began to shake violently; and managed the throttle inputs. I told ATC that we were diverting to ZZZ3. ATC asked if we wanted to cancel IFR and if we were okay; and if we needed assistance; I said yes and switched to CTAF. My buddy took over radio communications while I continued flying the aircraft. I kept the throttle at idle; as any increase caused additional engine roughness. We touched down safely on Runway XY. We taxied to a tie down spot early in the morning and shut down. Soon after landing; I received a call from ZZZ TRACON checking if we were okay.After thinking about my actions; I feel like landing sooner at a towered airport with more comprehensive resources (ZZZ2) may have been a better; more conservative course of action; while flying single engine at night is an increased risk operation.  While ZZZ3 is a legitimate airport and was within gliding distance; if I did not make it; nobody would have known. I canceled IFR; and there is no tower there. This is probably why ZZZ [TRACON] called me; and they were concerned. There are also no emergency equipment resources at ZZZ3 if I have landed short. This flight was late at night; outside my normal circadian rhythm.,,Cessna 172 pilot and instructor reported safely diverting to an alternate airport after experiencing severe engine roughness.
2246536,202505,0601-1200,TIX.Airport,FL,,,0,,,VMC,,,Daylight,,,Ground TIX,FBO,Small Aircraft; Low Wing; 1 Eng; Fixed Gear,,2,Part 91,IFR,Training,,Taxi,,,,,,,,,,,,,,,,,,,,,,,,,,,,,,,,,,,,,,,,,,,,,,,,,,,,,,,,,,,,,,,,,Aircraft X,Flight Deck,FBO,Pilot Flying,Flight Crew Private,Flight Crew Total 156,,Confusion,,,2246536,,,,,,,,,,,,Deviation / Discrepancy - Procedural Published Material / Policy; Ground Event / Encounter Other / Unknown; Ground Incursion Taxiway,,,Person Flight Crew,Taxi,,Airport,Airport,After landing at TIX; we parked at the FBO and waited for fuel. Once we started up and began taxiing out of parking; we noticed there were not any non-movement area boundary markings anywhere around the ramp. Looking ahead; there were also no taxiway signs visible. But when we looked left we saw a black sign with a yellow 'E;' indicating we were on Taxiway Echo. We had no clear indication if we were entering a movement area; no hold short lines; and no painted marking. We contacted Ground and picked up our IFR clearance; and Ground didn't mention anything about our location or entry onto the movement area so it may not have been a non-movement area. After the flight; we looked at the airport on online maps; and it looks like there might be a movement boundary line near the Echo sign; which would mean we were not on a non-movement area. But; the FAA taxi diagram shows the entire area as Echo; which is confusing. The lack of marking can be confusing for pilots unfamiliar with the airport.,,,,General aviation pilot reported confusion due to the lack of movement boundary markings at TIX.
2249015,202506,1201-1800,ZTL.ARTCC,GA,,,,3800,,,,,,,,Center ZTL,,Small Aircraft; High Wing; 1 Eng; Fixed Gear,,1,Part 91,IFR,,,Climb,,Class E ZTL,,,,,,,,,,,,,,,,,,,,,,,,,,,,,,,,,,,,,,,,,,,,,,,,,,,,,,,,,,,,,,,Facility ZTL.ARTCC,,Government,Enroute,Air Traffic Control Fully Certified,Air Traffic Control Radar 3,,Communication Breakdown,Party1 ATC; Party2 Flight Crew,,2249015,,,,,,,,,,,,ATC Issue All Types; Airspace Violation All Types; Deviation / Discrepancy - Procedural Clearance; Deviation / Discrepancy - Procedural Published Material / Policy; Inflight Event / Encounter CFTT / CFIT,,,Automation Air Traffic Control; Person Air Traffic Control,In-flight,Air Traffic Control Separated Traffic; Air Traffic Control Issued Advisory / Alert,Procedure; ATC Equipment / Nav Facility / Buildings,Procedure,Aircraft X called; on the ground at JZP airport; looking to pick up his IFR clearance. The D-side next to me was in training so I let them pull up the flight plan for me. The flight plan they pulled up for me was JZP...ZZZ...ZZZ1...ZZZ2... I cleared the aircraft from the JZP Airport to the JZP Airport as filed and since the first fix on his flight plan had him making a turn out to the NW after Departure; he was released.Shortly after; Aircraft X called up; departing JZP and heading SE bound. At the time it was not a factor with anything; he was radar identified and I waited for him to make his turn to the NW. Once the aircraft was about halfway between the JZP Airport and Atlanta approaches airspace; I told the trainee and trainer to 'watch this guy with A80 because he still isn't making his turn.' Immediately after this; the trainee got sidetracked with trying to get a point out on a guy climbing off of ZZZ1 which did not need our attention at that moment. Realizing this; I quickly called the NE side of Atlanta approach to start pointing out Aircraft X. Unfortunately; our MIA (Minimum IFR Altitude) in that area is 041 and the aircraft was at 038 so there wasn't anything I could do at this point. The NE side approves the point out; the trainee gets on the line with the NW side of Atlanta approach to start making the point out. While they are on the line; I ask Aircraft X when he is going to make his turn to ZZZ. The aircraft responded; 'I'm heading to ZZZ3.' As I'm questioning the aircraft; he starts flashing CA (Conflict Alert) with an aircraft at 050 in A80's airspace. I do the only thing I can do. I stop him at my lowest altitude of 041 and turn him to a NW bound heading immediately upon reaching to keep him away from A80's traffic. According to the D-side; A80 was watching Aircraft X and they said they would keep him separated. This took both me and A80 having to issue extreme headings to our aircraft and the situation should have never got to that point.After getting the aircraft safely away from traffic and away from A80's airspace; we figure out that the pilot had originally filed the flight plan I issued him but removed it and filed a different flight plan going to ZZZ3. When the D-Side pulled up his information; they had the info on the flight plan that we issued him (going to ZZZ) but not the info on the new flight plan going to ZZZ3. Since we were unaware their were 2 flighplans; I issued him a clearance 'as filed' assuming he would depart JZP to ZZZ and not ZZZ3. The aircraft assumed his old flight plan was removed and he was given a clearance to depart and go to ZZZ3. This is what led to the aircraft getting to close to A80's airspace and the lack of timely information exchange/point outs led to A80 having to vector out their aircraft for Aircraft X.Knowing there was 2 flight plans on file would have alleviated this situation,,,,ZTL Controller reported a clearance issuance based on the pilot's cancelled clearance which led to a CFTT and an airspace violation.
2250098,202506,1201-1800,CVG.Airport,KY,,,,1800,,,,,,,,TRACON CVG,,Helicopter,,1,Part 91,IFR,Ambulance,,Climb,Vectors,Class C CVG,,,,,,,,,,,,,,,,,,,,,,,,,,,,TRACON CVG,Air Carrier,Commercial Fixed Wing,,2,Part 121,IFR,,,Final Approach,,Class C CVG,,,,,,,,,,,,,,,,,,,,,,,,Facility CVG.TRACON,,Government,Departure,Air Traffic Control Fully Certified,Air Traffic Control Radar 16,,Time Pressure,,,2250098,,,,,,,,,,,,ATC Issue All Types; Conflict Airborne Conflict; Deviation / Discrepancy - Procedural Published Material / Policy; Inflight Event / Encounter CFTT / CFIT,,,Person Air Traffic Control,In-flight,Air Traffic Control Issued Advisory / Alert,Procedure,Procedure,I was working satellite radar. CVG was landing Runway 27. Aircraft X called me VFR 6 miles north of the Runway 27 final; southbound approximately 1800 feet; asking for his IFR clearance to Walton at 3000 feet; 20 miles due south. Due to the airspace configuration and complexity; this was not a great space to be in. I immediately felt pressure; due to Runway 27 final being full of aircraft at that time. I made the foolish decision to issue the IFR [clearance]; thinking I could maneuver him through the traffic; particularly once he got to 3000 feet. Given his type aircraft and the small confines of the space I had; this quickly turned to the wrong call.  Approximately 4 miles north of final; still below MVA; I turned the aircraft west to avoid the aircraft on final; though ensuring he could provide his own obstacle and terrain clearance; making another mistake. As a result; Aircraft X got 2.75 miles and 500 feet from Aircraft Y on final; paralleling him.  In retrospect; the obvious thing I should have done is told Aircraft X to maintain VFR and vector east to where the aircraft on Runway 27 final are at a higher altitude; though this would have immediately conflicted with LUK airport to the East. My urgency to issue the IFR was unnecessary.Recommendation: I need to remember that an aircraft that is VFR asking for their IFR is not entitled to it immediately and they can maintain VFR until I can get them into a better position to issue IFR. Also; I cannot issue headings below the MVA. That was somewhat of a panic vector and not something I've done before.,,,,CVG Controller issued an IFR clearance while below the MVA resulted in a CFTT and an traffic conflict situation.
2253466,202506,,VVNB.Airport,FO,,,0,,,,,,,,,,Air Carrier,Commercial Fixed Wing,,2,Part 121,IFR,Cargo / Freight / Delivery,FMS Or FMC,Initial Climb,,,,,,,,,,,,,,,,,,,,,,,,,,,,,,,,,,,,,,,,,,,,,,,,,,,,,,,,,,,,,,,,,Aircraft X,Flight Deck,Air Carrier,Pilot Flying,Flight Crew Air Transport Pilot (ATP); Flight Crew Instrument; Flight Crew Multiengine,Flight Crew Last 90 Days 50; Flight Crew Total 16000,,Confusion; Communication Breakdown,Party1 Flight Crew; Party2 ATC,,2253466,,,,,,,,,,,,ATC Issue All Types; Deviation - Track / Heading All Types; Deviation / Discrepancy - Procedural Clearance; Deviation / Discrepancy - Procedural Published Material / Policy,,,Person Air Traffic Control,In-flight,Air Traffic Control Issued New Clearance; Flight Crew Returned To Clearance,Procedure; Chart Or Publication,Chart Or Publication,There are two very similar sounding departure procedures departing Hanoi. One is the NAKHA 3A and the other is NAMHA 3A. In the FMC database they show up on the same page as NAH3A & NAKA3A. Due to language barriers and a fast talking clearance delivery radio transmission; we mistakenly thought we were cleared the NAMHA 3A departure instead of the NAKHA 3A. The FO selected the NAH3A departure in the FMC. I verified the routing against the procedure and they matched; but that route would be taking us south instead of north. I thought that was strange; but stranger things happen frequently when operating in Asian countries. After takeoff we followed the NAH3A SID towards the south. The air traffic controller noticed immediately and queried us about which SID we were on. We responded NAH3A. They told us to turn left and proceed directly to NAKHA.,,,,An air carrier pilot reported language barriers and similar sounding procedures resulted in them flying the wrong departure procedure.
2254866,202506,0601-1200,ANC.Airport,AK,,,0,,,VMC,,,,,,Ramp ANC,Air Taxi,Light Transport,,2,Part 135,IFR,Cargo / Freight / Delivery,,Taxi,,,,,,,,,,,,,,,,,,,,,,,,,,,,,,,,,,,,,,,,,,,,,,,,,,,,,,,,,,,,,,,,,Aircraft X,Flight Deck,Air Taxi,First Officer; Pilot Not Flying,Flight Crew Air Transport Pilot (ATP); Flight Crew Multiengine; Flight Crew Instrument,Flight Crew Last 90 Days 71; Flight Crew Total 3200; Flight Crew Type 63,,Communication Breakdown,Party1 Flight Crew; Party2 ATC,,2254866,,,,,,,,,,,,ATC Issue All Types; Deviation / Discrepancy - Procedural Clearance; Deviation / Discrepancy - Procedural Published Material / Policy; Ground Event / Encounter Ground Equipment Issue,,,Person Flight Crew,Taxi,Flight Crew Overcame Equipment Problem,Airport; Human Factors,Airport,This morning after engine start at the Anchorage Ramp I overheard another company aircraft experiencing trouble contacting Ground Control on 121.9. We (myself and the Captain) could both hear our company and the Ground Controller clearly but it appeared that Ground could not hear company. They eventually contacted Clearance Delivery for taxi instructions. Approximately 1 - 2 minutes later I tried contacting Ground on 121.9 three times; at about 1-minute intervals with no response. At this point I tuned 121.9 in our secondary radio and was successful contacting Ground and received taxi instructions to hold short [Runway] 33 at [Taxiway] S. I tuned Tower in my number 2 radio and received instructions to cross 33 at S; continue Y K HS at S. On the taxi; the Captain retuned my radios to normal setup; tuning Tower in the radio 1 and our company frequency in number 2. He did not reselect my audio panel so my transmissions were now on company instead of Tower frequency. I did not catch this. Tower cleared us for takeoff which I unknowingly acknowledged on company rather than Tower frequency. Tower then handed us off to Departure; while making the frequency change to Departure Control I caught the mistake and selected the correct radio for comms with Departure.Discussing the event later with a crew from a third company airplane that was on Ground frequency at the time; they could hear both us and the previous crew from the east side of the airfield on the far side of the Control Tower. They did not hear me read back Tower's instructions but commented that we must have heard Tower because we turned our lights on and departed.There were two items together that combined set me up for this mistake. The first is a potential problem with ATC radio equipment on 121.9; possibly interference from construction; creating a dead zone on the ramp just as Taxiway Sierra enters the north ramp. The second factor was a CRM deficiency between myself and the Captain where one pilot changed equipment on the other's panel without communicating what was changed.,,,,Air taxi First Officer reported having communication problems with ANC Ground Control that may be due to interference from construction causing a radio dead zone on the ramp area.
2256845,202506,1801-2400,PUB.Airport,CO,,,,6300,,,,,,,,Tower PUB,Air Carrier,Medium Transport; Low Wing; 2 Turbojet Eng,,2,Part 121,IFR,,,Final Approach,Visual Approach,Class D PUB,,,,,,,,,,,,,,,,,,,,,,,,,,,,,,,,,,,,,,,,,,,,,,,,,,,,,,,,,,,,,,,Facility PUB.Tower,,Government,Local,Air Traffic Control Fully Certified,Air Traffic Control Time Certified In Pos 1 (yrs) 8,,Situational Awareness,,,2256845,Facility PUB.Tower,,Government,Supervisor / CIC,Air Traffic Control Fully Certified,Air Traffic Control Time Certified In Pos 1 (mon) 5; Air Traffic Control Time Certified In Pos 1 (yrs) 12,,Situational Awareness,,,2256851,ATC Issue All Types; Deviation / Discrepancy - Procedural Published Material / Policy; Inflight Event / Encounter CFTT / CFIT,,,Person Air Traffic Control,In-flight,Air Traffic Control Issued New Clearance; Air Traffic Control Separated Traffic,Human Factors,Human Factors,- Runway 08R/L in use; wind VRB/06- three small aircarft in pattern on Runway 08L reporting gains and losses of 10 kts- drastic wind shift occurred with wind gusting out of the north up to 52 kts- Aircraft X checked on approximately 7mi sw on a right base for Runway 08R- Approach gave control for us to take Aircraft X to Runway 35- told Aircraft X to fly northbound to enter left downwind Runway 35- CIC (Controller In Charge) stepped in as Aircraft X neared the TV antenna to the north and issued a 180 to keep him away from the obstruction- Aircraft X landed without incident and all aircraft diverted to the eastI feel like i had a bit of an expectation bias in how i expected the aircraft to maneuver to join the left downwind; not taking into consideration the antenna to the north with how far he would have to fly to accommodate his turn to join the pattern. Initially i wanted the aircraft to make a 180 to join the downwind but both my GC controller and CIC said; 'you can't turn him away from the airport' so i continued him northbound to join the departure end left downwind. I do not have a lot of experience with non-military jet aircraft; so how they fly their patterns is still a learning curve for me. I think in the future being more familiar with my 'outs' so that i can better handle the situation during nonstandard weather shifts will be helpful.,,I was CIC (Controller In Charge) overseeing 2 CPCs. 1 was working Ground and CD (Clearance Delivery) and the other was working Local.We were on a Runway 8R/L configuration and had a huge weather shift.  From a few knots out of the east to over 50 kts out of the north/northwest. I called Approach to let them know we were going to have to switch to 26L or 35. They said Aircraft X was our control and switched him while he was setup for a visual for 8R.We had a handful of small aircraft in the pattern having to switch to 35 to land. I told LC1 (Local Control) to take Aircraft X on a right turn to the south to join final for 35.  I then went and got my headset (I was monitoring with a handset/speaker) so I could help the LC1 as needed and possibly take over.Apparently LC1 told the Aircraft X to join some type of downwind.  LC1 either confused the pilot or LC1 gave poor instructions. When I plugged in my headset and took over the Aircraft X was heading north towards the TV antenna.  I then instructed them to make a left 180.  We were able to keep them out of the MVA. I then brought them south to join base/final for 35.(I think she may have told them to enter/make a left downwind for Runway 35 and they just did a left turn instead. I'm not sure.)During this time I sequenced 3  small aircraft to follow each other on final.  The first one was able to the land and the other 2 had to go around and depart due to the winds being so high (50kts+). I was able to sequence Aircraft X behind the 3rd one without issue.  I had to vector several other inbound small aircraft out of the Class Delta. They all left to go east and try to land at another airport.Aircraft X landed on 35 without further incident and back taxied to parking.Unfortunately; our trainees aren't seeing much traffic both in volume or complexity. So they aren't getting the training that the need to be successful. I'm not really sure how we can fix this because we can't really control it.  Hopefully we can make good simulator problems to help with this.The LC1 controller (prior experienced military and possibly contract as well) hasn't seen a lot of traffic here during her training and post training as a CPC. This was a slightly complex situation but really shouldn't have been that hard. When it doubt could have had the Aircraft X fly runway heading on their 8R visual approach; climb to 070 and have Approach bring them back around.Even though LC1 doesn't have a ton of time in the FAA they have plenty of time as a controller to know not to let aircraft fly towards terrain or other aircraft.  Plus always call traffic/terrain.,,PUB Tower controllers reported while changing an aircraft's landing runway due to wind the instructions resulted in the aircraft flying towards an obstruction. ATC issued further instructions to keep the aircraft away from the obstruction and the aircraft landed safely at the airport.
2258316,202506,0001-0600,GSP.Airport,SC,,,0,,,,,,,,,Tower GSP,Air Carrier,Commercial Fixed Wing,,2,Part 121,IFR,Passenger,,Taxi,,,,,,,,,,,,,,,,,,,,,,,,,,,,,,,,,,,,,,,,,,,,,,,,,,,,,,,,,,,,,,,,,Aircraft X,Flight Deck,Air Carrier,Pilot Flying; Captain,Flight Crew Air Transport Pilot (ATP); Flight Crew Multiengine; Flight Crew Instrument,Flight Crew Type 2300,,Confusion; Situational Awareness; Communication Breakdown,Party1 Flight Crew; Party2 ATC,,2258316,Aircraft X,Flight Deck,Air Carrier,First Officer; Pilot Not Flying,Flight Crew Instrument; Flight Crew Air Transport Pilot (ATP); Flight Crew Multiengine,Flight Crew Type 1700,,Communication Breakdown; Confusion; Situational Awareness,Party1 Flight Crew; Party2 ATC,,2257789,ATC Issue All Types; Deviation / Discrepancy - Procedural Clearance; Deviation / Discrepancy - Procedural Published Material / Policy; Ground Incursion Taxiway,,,Person Air Traffic Control,Taxi,Air Traffic Control Provided Assistance; Flight Crew Requested ATC Assistance / Clarification,Chart Or Publication,Chart Or Publication,During the briefing; we noted on the 10-7 Jepp page that the GSP Tower was not open 24 hours. However; the chart listed the operating hours were between 11:00Z and 0445Z; with a note that daylight savings time is observed. We also heard an earlier departure receiving their IFR clearance from Atlanta Center; which is also detailed on the 10-7. GSP also uses a UNICOM frequency. As we were leaving before 11:00Z and the chart stated the Tower opened at 11:00Z; we made announcements on UNICOM frequency for GSP 'Greer Traffic' during taxi. Exiting the Ramp; we contacted Atlanta Center to obtain our clearance to ZZZ. Atlanta told us to contact Greer Departure who subsequently instructed us to contact Greer Ground.Ground queried if we were taxiing on L toward Runway 4 and we confirmed we were. They then provided clearance to ZZZ [Airport] and taxi instructions to continue. They then informed us the Tower opened at 1000Z and that our chart was incorrect. We departed and continued to ZZZ with no further issues. I then called ATC in GSP to apologize and explain the situation. He was appreciative of the phone call and requested we update the 10-7 for proper hours of operation. I am following up with the company to advise them of the error on the page. I also debriefed the event with the First Officer at the conclusion of the flight.Suggestions: Ensure that 10-7 charts list proper hours of operation for ATC. Had the CTAF and Tower shared the same frequency we would have been heard by ATC as we made our position reports on the CTAF frequency.,,During our departure briefing we reviewed the company notes; and began our taxi under the rules associated with non-towered operations with the understanding that the Tower did not open until XH:00; as noted on the 10-7 page. On our way to the runway we attempted to pick up our clearance via Center who then directed us back to Tower. At this time we realized that Tower had opened and we quickly worked with them to resume normal towered operations. Following the flight the Captain called the Tower and discussed the incident productively. We also debriefed the incident as a crew and agreed to send an email to the Company. We found the verbiage on the 10-7 to be misleading as it states that the Tower opens at XH:00 (which is not affected by daylight savings) and then said that daylight savings is observed. We were taxiing at XG:00; so according to the 10-7 the Tower was not open. Converting to local time additionally indicates that the Tower should open at XC:00 local time and XD:00 during daylight savings. We were taxiing at XC:00 local time during daylight savings.,,Air carrier flight crew reported the Jeppesen 10-7 pages listing the operating hours for GSP Tower were incorrect; which resulted in the flight crew taxiing without a clearance from Tower.
2259722,202506,0601-1200,JNU.Airport,AK,85,2.8,,680,,Mixed,Fog; 8,,Daylight,500,8000,Center ZAN,Air Taxi,Any Unknown or Unlisted Aircraft Manufacturer,,1,Part 135,IFR,,,Initial Climb,Direct,Class D PAJN,,,,,,,,,,,,,,,,,,,,,,,,,,,,,,,,,,,,,,,,,,,,,,,,,,,,,,,,,,,,,,,Aircraft X,Flight Deck,Air Taxi,Pilot Flying; Single Pilot,Flight Crew Flight Instructor; Flight Crew Commercial; Flight Crew Instrument; Flight Crew Sea; Flight Crew Multiengine,Flight Crew Last 90 Days 105; Flight Crew Total 1879; Flight Crew Type 333,,Situational Awareness; Confusion; Time Pressure,,,2259722,,,,,,,,,,,,Deviation / Discrepancy - Procedural Published Material / Policy; Inflight Event / Encounter CFTT / CFIT; Inflight Event / Encounter Weather / Turbulence,Horizontal 800; Vertical 300,,Automation Aircraft Terrain Warning; Person Flight Crew,In-flight,Air Traffic Control Issued New Clearance; Flight Crew Requested ATC Assistance / Clarification; Flight Crew Became Reoriented; Flight Crew Took Evasive Action,Human Factors,Human Factors,On Day 0; at about XA15; I received an IFR clearance from Juneau international airport tower to ZZZ airport. Prior to and upon filing my IFR flight plan using the website; I noticed the standard departure I used for the company I flew for; the JNU6 departure was not listed.  Instead; I selected a different departure (Asort2) which was preloaded onto the website through our company login. I selected that departure (and later was informed that departure was not authorized for our company using the Garmin avionics).  I quickly briefed the departure but did not print it out.  I loaded the plane I was to fly; called my one passenger and got cleared for the flight.  Another company plane departed minutes before me on a similar route with 500 foot ceilings.  I loaded the departure into the Garmin avionics and scrolled through it to make sure everything was in order.  Upon take-off; I flew into IMC at about 500 feet and broke out of IMC into VMC at about 600 feet at which time the terrain warning system sounded to; 'Pull up; terrain' for a about one second; then stopped. Because I was now in VMC and seeing the terrain; I didn't fear it would be a factor as I had the warning system; synthetic vision and a visual perspective.  At the time of the audible terrain warning; I was in the process of activating the auto-pilot to fly the departure procedure.  As I was setting up the autopilot; I noticed the departure procedure showed no turn; only a point that said; 'vectors.'  Seeing no continuation on the Garmin for the departure procedure; I deactivated the auto pilot and asked Anchorage Center if I could receive 'vectors' to the next waypoint in the departure. ATC informed me I was on the Asort2 departure and began addressing other aircraft.  Based on my recollection of the departure I briefed; it was very similar in nature to the JNU6 departure.  I began a right turn and a climb to avoid terrain and went back into IMC at about 1000 feet MSL.  I set up the autopilot again to climb at about 700 fpm and made a direct heading to the next waypoint in my flight plan.  I was in and out of IMC throughout the rest of my flight and was able to cancel IFR as I neared ZZZ airport; landing without incident.      Chain of Events:How the problem arose:  I felt rushed to stay on my flight schedule and should have slowed down and asked a more experienced pilot about the departure and instead; use the departure procedure expected of me; the JNU6.Contributing factors: Not taking appropriate steps to realize the dangers of not having a thorough understanding of the departure I used and the weather restrictions involved with the departure which requires pilots to fly at 500 feet to an NDB just west of the airport before continuing to IFR.  How it was discovered: Seeing the 'vectors' readout on the Garmin avionics instead of the entire turn listed.  Corrective actions: Turning off the autopilot; asking ATC for assistance and hand flying to get plane out of danger.  Human Performance Considerations:- Perceptions; judgements; decisions: My initial perception was that the departure procedure I selected would be very simple to fly.  Poor judgment in planning. Overconfidence.- Factors affecting the quality of human performance: Not having a full understanding of the departure procedure.  IMC into VMC; audible warnings and back into IMC.- Actions:  Hand flying the plane back onto course.- Inactions: Slowing down; asking for advice or assistance; requesting the prescribed departure instead of an unfamiliar one.,,,,Air taxi pilot reported receiving a GPWS terrain warning departing PAJN airport while flying the wrong departure procedure.
2262858,202507,,ZZZ.Airport,US,,,0,,,VMC,10,,Daylight,,,UNICOM ZZZ,Government,Cessna Stationair/Turbo Stationair 6,,2,Part 91,IFR,Ferry / Re-Positioning,,Takeoff / Launch,,,,,,,,,,,,,,,,,,,,,,,,,,,,,,UNICOM ZZZ,,Any Unknown or Unlisted Aircraft Manufacturer,,,,,,,Takeoff / Launch; Landing,,,,,,,,,,,,,,,,,,,,,,,,,,Aircraft X,Flight Deck,Government,Pilot Not Flying,Flight Crew Instrument; Flight Crew Private,Flight Crew Last 90 Days 2; Flight Crew Total 700; Flight Crew Type 200,,Situational Awareness; Time Pressure,,,2262858,,,,,,,,,,,,Conflict Ground Conflict; Critical; Conflict Airborne Conflict; Deviation / Discrepancy - Procedural Published Material / Policy; Ground Incursion Runway,Horizontal 1000; Vertical 300,,Person Flight Crew,In-flight,Flight Crew Took Evasive Action,Human Factors; Procedure; Airport,Procedure,We were released for an IFR departure out of ZZZ.  We took the runway; but the landing traffic did not clear as quickly as expected.  Landing traffic executed a go around as we were taking off.  We quickly established visual separation with the now upwind traffic.  In retrospect; we should have rejected the IFR release.  The two minute void time was insufficient to depart with as busy as the airport was that day.  In the future; I plan to depart ZZZ VFR and get the IFR clearance in the air when VMC at ZZZ.,,,,Pilot departing a non-towered airport reported they entered the runway and began takeoff before previous arriving traffic cleared the runway.
2263631,202507,1201-1800,GUC.Airport,CO,,,,,,,,,,,,UNICOM GUC,Air Taxi,Commercial Fixed Wing,,2,Part 135,IFR,,,Takeoff / Launch,,,,,,,,,,,,,,,,,,,,,,,,,,,,,,UNICOM GUC,,Light Transport; Low Wing; 2 Turbojet Eng,,2,,VFR,,,Takeoff / Launch,,,,,,,,,,,,,,,,,,,,,,,,,,Aircraft X,Flight Deck,,Pilot Not Flying; First Officer,,,,Situational Awareness; Communication Breakdown,Party1 Flight Crew; Party2 Flight Crew,,2263631,,,,,,,,,,,,Conflict Ground Conflict; Critical; Deviation / Discrepancy - Procedural Published Material / Policy; Ground Incursion Runway,,,Person Flight Crew,Taxi,Flight Crew Took Evasive Action,Airspace Structure; Human Factors,Human Factors,Upon receiving our IFR release in Gunnison from Denver Center; we made our radio call on GUC CTAF with our takeoff intentions and crossed the hold short line for Runway 24. Before turning onto the runway (but passed the hold short line) we noticed Aircraft Y in position on the opposite runway for takeoff; VFR. I made another radio call; calling them in sight" and that we were stopping where we were. We heard no response; and Aircraft Y proceeded to continue with its takeoff despite the fact that we were effectively on the runway; being passed the hold short line and perpendicular to the runway. Aircraft Y climbed out with no incident and no radio calls. Once clear of traffic; we continued with our takeoff. Once reaching 9300ftMSL; we contacted Denver Center. Shortly after; Aircraft Y checked on as well. The Captain (Pilot Monitoring) asked Aircraft Y if they were on Gunnison CTAF. They responded saying they were.The situation could have ended worse; had we not noticed the aircraft on the opposite runway (RWY06). We could have done better by visually clearing the runway before crossing the hold short line; however the cresting runway made visibility hard to begin with. There is also the possibility that we did not hear their radio call announcing their intentions to takeoff from Runway 06; however the Captain and myself do not recall hearing any radio calls from them. Aircraft Y's communication was lacking and their decision to continue with their takeoff was unsafe. No further incident occurred.Cause: Lack of communication from the other aircraft. Several other aircraft were arriving and departing GUC and we heard all of them except for Aircraft Y.Suggestions: Better communication from the other aircraft. They also could have picked up their IFR clearance on the ground like everyone else; that way they could have heard everyone else and not departed until receiving their release.",,,,First Officer reported crossing hold short line then seeing an aircraft on opposite end of runway on take off roll. The other aircraft took off first.
2263929,202507,0601-1200,DKX.Airport,TN,,3,,3000,,VMC,10,,Daylight,,,UNICOM DKX,Personal,Small Aircraft; Low Wing; 1 Eng; Retractable Gear,,1,Part 91,IFR,Personal,,Descent,Visual Approach; Direct,Class C TYS,,,,,,,,,,,,,,,,,,,,,,,,,,,,UNICOM DKX,,Any Unknown or Unlisted Aircraft Manufacturer,,,,,,,,,Class E DKX,,,,,,,,,,,,,,,,,,,,,,,,Aircraft X,Flight Deck,Personal,Pilot Flying; Single Pilot,Flight Crew Air Transport Pilot (ATP); Flight Crew Flight Instructor; Flight Crew Instrument; Flight Crew Multiengine,Flight Crew Last 90 Days 11; Flight Crew Total 3710; Flight Crew Type 1018,,Communication Breakdown; Situational Awareness,Party1 Flight Crew; Party2 Flight Crew,,2263929,,,,,,,,,,,,Conflict Airborne Conflict; Deviation / Discrepancy - Procedural Published Material / Policy,Horizontal 4000; Vertical 1000,,Automation Aircraft Other Automation; Person Flight Crew,In-flight,Flight Crew Took Evasive Action,Software and Automation; Airspace Structure; Chart Or Publication; Human Factors,Airspace Structure,I was on an IFR flight plan from ZZZ to DKX; direct; and at 4000 feet and was approved a visual approach into DKX. At about 6 NM from DKX I cancelled my IFR clearance; and changed to local DKX UNICOM frequency. I turned course to the right to set up for a downwind entry for Runway 26L downwind. There were several planes in the pattern at DKX. I was advised by ATC prior to frequency change of a plane at my 2 o'clock below me. I could see the plane on my ADS-B screen. We were converging; I was at 3100 feet and the other plane was below me. We could not see each other but did exchange some verbal acknowledgement while there was a lot of other radio chatter occurring with other planes in the pattern. I decided and announced on the radio that I would do a right 360-degree turn and re-enter the pattern for spacing. As I was making my 360-turn I saw an airliner moving left to right maybe 1000 feet above and 4000 feet ahead of me. The TYS ILS final course would be about where the airliner was. I completed my turn for spacing; re-entered the downwind for Runway 26 DKX and landed.I am not sure what could have been done differently. To summarize; as I approached DKX there was traffic at different positions around the field. The plane that was the biggest conflict was the one to my immediate right at a lower altitude. Then there is the ILS final course for TYS not far from the downwind pattern at TYS. I don't know if it would help to have right traffic for DKX Runway 26 for spacing from the TYS ILS 23? I sometimes think DKX needs a Control Tower. Additionally; when DKX is using Runway 8 and TYS Runway 5; there is potential for climbout conflicts. Could a TYS Approach Controller give an informational presentation to pilots at DKX?,,,,Pilot reported multiple traffic conflicts with the flight operations at DKX and TYS due to the airports' proximity and recommended changing the direction of traffic pattern at DKX.
2265159,202507,1801-2400,ZLC.ARTCC,UT,,0,,13000,,VMC,Haze / Smoke,,Night,CLR,,Center ZLC,Personal,Small Aircraft; Low Wing; 1 Eng; Fixed Gear,,2,Part 91,IFR,Personal,,Cruise,,Class E ZLC,,,,,,,,,,,,,,,,,,,,,,,,Air/Ground Communication,,X,Malfunctioning,,,,,,,,,,,,,,,,,,,,,,,,,,,,,,,,,,,,Aircraft X,Flight Deck,Personal,Captain; Single Pilot,Flight Crew Instrument; Flight Crew Private,Flight Crew Last 90 Days 90; Flight Crew Total 756; Flight Crew Type 19,,Situational Awareness; Workload; Distraction; Communication Breakdown; Human-Machine Interface,Party1 Flight Crew; Party2 ATC,,2265159,,,,,,,,,,,,Aircraft Equipment Problem Less Severe; Deviation / Discrepancy - Procedural FAR; Deviation / Discrepancy - Procedural Published Material / Policy; Inflight Event / Encounter CFTT / CFIT,,,Person Air Traffic Control,In-flight,Air Traffic Control Issued Advisory / Alert; Flight Crew Returned To Clearance,Aircraft; Environment - Non Weather Related; Human Factors,Human Factors,I was operating as pilot in command (PIC) of an IFR flight in Aircraft X from MSO to ZZZ; with three passengers aboard. We departed Missoula shortly after XA:00. After departing Missoula VFR; I received my IFR clearance from Spokane Approach during the climb-out and was assigned 13;000 feet. I climbed to and maintained that altitude. Based on preflight planning; I was aware that a climb to 15;000 feet would eventually be required along my route; but I hoped to delay that climb until instructed in order to minimize passenger discomfort at higher altitudes.Spokane Approach instructed me to contact Salt Lake Center on 127.07. I acknowledged the frequency change and believe I switched over to 127.07; but I am not certain whether I made a check-in call. If I did; it may not have been received. I believe I remained on 127.07 for over an hour without realizing that communication had been lost. According to the archive; Salt Lake Center attempted to reach my aircraft on 132.4 approximately five minutes after the frequency change; suggesting I had already transitioned out of the 127.07 sector. One minute later; Spokane Approach attempted to reach me again on 124.9; requesting that I contact Salt Lake Center on 132.4. I likely did not hear this call; as I had already left that frequency.Between XB:06 and XB:09; I received three cell phone calls from the same unknown number. I ignored the first call; thinking it was a junk call. I answered the second call but could not hear the caller due to a low headset battery that had dropped the Bluetooth connection with my phone. I ignored the third call; realizing that answering again would not help. At XB:12; I received a text message advising that I was out of radio contact and needed to call Salt Lake Center on 132.4. I immediately switched frequencies and reestablished communication. The controller instructed me to climb to 15;000 feet due to terrain and advised that an altitude alert had been triggered. I complied promptly. I explained the situation to the controller and appreciated the opportunity to clarify the circumstances.In hindsight; I believe several factors contributed to this inadvertent loss of communication and deviation below MEA:1. This was my first long cross-country flight in this aircraft; which increased workload.2. We departed later than expected and were flying at night under IFR; had we launched earlier; the flight likely would have been conducted VFR in daylight; with lower workload and fewer procedural demands.3. I was engaged in conversation with my passengers; which created additional distractions.4. My iPad was positioned out of direct view; reducing situational awareness and causing me to miss an ATC message sent via ForeFlight.5. My headset battery ran low during the flight; disabling Bluetooth connectivity and preventing effective use of my phone when ATC attempted to contact me.6. The transition from 127.07 to 132.4 occurred over a relatively short distance; and it appears that no controller attempted to reach me on 127.07 before assuming that I had changed frequency to 132.4.In retrospect; I recognize the need to more deliberately verify two-way communication following frequency changes; especially in unfamiliar airspace. I also plan to make improvements to cockpit organization; ensure backup power and mounting solutions for key devices; and more actively manage cockpit workload during cruise.,,,,General aviation pilot reported an unknown loss of ATC communications during cruise flight under an IFR flight plan in mountainous terrain; resulting in an ATC altitude alert on the airway; when communication was re-established. The flight climbed to the cleared altitude and continued the flight.
2265201,202507,0601-1200,ZZZ.Airport,US,,,,1300,,IMC,Cloudy; 6,,Daylight,1100,,TRACON ZZZ,Personal,Cessna 150,,1,Part 91,IFR,Personal,,Climb,Other ODP,Class E ZZZ,,,,,,,,,,,,,,,,,,,,,,,,,,,,,,,,,,,,,,,,,,,,,,,,,,,,,,,,,,,,,,,Aircraft X,Flight Deck,Personal,Pilot Flying; Single Pilot,Flight Crew Commercial; Flight Crew Flight Instructor; Flight Crew Instrument,Flight Crew Last 90 Days 44.5; Flight Crew Total 270.5; Flight Crew Type 44.5,,Confusion; Situational Awareness,,,2265201,,,,,,,,,,,,Deviation - Track / Heading All Types; Deviation / Discrepancy - Procedural Clearance; Inflight Event / Encounter Loss Of Aircraft Control; Inflight Event / Encounter Weather / Turbulence,,,Person Flight Crew,In-flight,Air Traffic Control Provided Assistance; Flight Crew Became Reoriented; Flight Crew Took Evasive Action; Flight Crew Returned To Clearance; Flight Crew Requested ATC Assistance / Clarification; Flight Crew Regained Aircraft Control,Human Factors; Weather,Human Factors,I filed an IFR Flight plan with from ZZZ - ZZZ1 using a route that went from ZZZZZ to ZZZ [VOR] at 5000 ft. Estimated departure of XA:00 on Day 0. I called ZZZ Approach clearance delivery and requested my IFR clearance while I was holding short of Runway XX @ ZZZ; run-up complete. I was assigned an ODP (Obstacle Departure Procedure) for my route and 5000 ft. for my altitude. I took 3-5 minutes to brief the ODP and called back to let ZZZ know that I was ready for departure. I could have done better with briefing the ODP ahead of time in my preflight planning; and I also could have been proactive with stating in the remarks section (No ODP or SIDs). I departed; flew runway heading and entered the base of the overcast cloud layer at 1300 ft.; I was in the cloud layer for about 3 minutes and broke out of it around 2300 ft. While climbing in the clouds; I noticed my heading was veering towards the right from 140 to 165 and I knew that there was terrain to the right that must be avoided. As I corrected my heading; by turning back to the left; I noticed my bank was about 30 degrees left; then I noticed my VSI showed no climb and briefly showed a decent. I then brought the nose back up and saw the airspeed drop to 65 mph. As I was making all these corrections; I reminded myself to fly the plane first; once I felt I caught up to the plane; I informed ATC that I was disoriented and needed help. ATC assisted by confirming that they could see me turning back to my original heading / track; and they reminded me to continue climbing to 5000 ft. A consideration; I could have taken earlier action by requesting priority handling as soon as I was disoriented and working hard to regain control of the aircraft. I also could have practiced flying the ODP in VMC conditions before proceeding to fly it in IMC. To prevent this from occuring again; I will personally re-evaluate my personal minimums; and I will practice various IFR procedures in VMC with a safety pilot before attempting them in IMC. I can also choose days with more approachable IMC conditions and build my way up in my tolerance. I can also spend more quality time practicing in my flight simulator to improve my instrument scan.,,,,C150 pilot reported experiencing disorientation in IMC resulted in momentary loss of aircraft control.
2266558,202507,0601-1200,FLO.Airport,SC,200,1,500,,,VMC,Cloudy,,Daylight,,,Tower FLO,FBO,Small Aircraft,,1,Part 91,VFR,Training,,Descent,Direct; Visual Approach,Class D FLO,,,,,,,,,,,,,,,,,,,,,,,,Air/Ground Communication,,X,Malfunctioning,,,,,,,,,,,,,,,,,,,,,,,,,,,,,,,,,,,,Hangar / Base,,FBO,Instructor,Flight Crew Instrument; Flight Crew Commercial; Flight Crew Flight Instructor,Flight Crew Last 90 Days 165; Flight Crew Total 865; Flight Crew Type 326,,Situational Awareness; Communication Breakdown; Training / Qualification; Troubleshooting,Party1 Flight Crew; Party2 ATC,,2266558,,,,,,,,,,,,Aircraft Equipment Problem Less Severe; Airspace Violation All Types; Deviation / Discrepancy - Procedural FAR; Deviation / Discrepancy - Procedural Published Material / Policy; Inflight Event / Encounter CFTT / CFIT,,,Person Air Traffic Control,In-flight,Air Traffic Control Provided Assistance; Flight Crew Diverted,Weather; Human Factors; Airspace Structure; Aircraft,Human Factors,A student pilot endorsed by the instructor pilot filing this report; received a possible pilot deviation from Florence Tower due to the inability to establish positive two-way radio communications prior to entering Class D airspace.The student pilot was endorsed for a cross country solo along the direct route from ZZZ to FLO; then ZZZ1 and returning to ZZZ. The student pilot arrived at ZZZ at XA:05; and reviewed the route; flight plan; and weather situation with the instructor pilot. The instructor pilot endorsed the student pilot's logbook; and provided instruction to the student pilot for strict details for today's flight. Among that instruction included receiving a VFR flight following from Charleston Approach; reviewing ATC clearances (common phraseology such as traffic advisories; left & right downwind; & cleared for the option); and potential weather issues that may arise (such as advection fog / low level clouds common for the morning flight block. Not forecasted; yet had been a recent trend for early mornings along the coast). Strict guidance was given to NOT descend below 1;000 AGL if clouds were low lying; and to return to ZZZ above the cloud layer and await further instruction from instructor pilot. At XA:13; instructor pilot made a courtesy call to Florence Tower ATC via the Clearance Delivery phone number advising that the student solo would be arriving at FLO after XB:15. The Tower controller asked the instructor pilot questions; such as; 'Is it there first solo; & how do you think the student will do?' The instructor responded; 'I think they will do well. They have been to Florence 2-3 times recently; and performed well. It is their first XC solo.' The instructor pilot gave the Florence Tower their phone number to call if issues arose. At XB:06; the student pilot departed solo from ZZZ & made departure radio calls accordingly on the correct frequency. At some point in flight; the student pilot was experiencing radio issues that restricted their ability to receive communications. At approximately XB:46; the student pilot (SP) sent a text message in-flight to the instructor pilot (IP) noting that 'No one [was] answering [her/him] on the radio.' Instructor pilot responded via text message at XB:47; 'For ZZZ?' SP responded; 'Florence'. IP responded; '125.1 tuned?' SP responded; 'Yes.' IP responded; 'Radio turned up? Is it on Comm 1? Were you talking to Approach?' SP responded; 'I tried but no one was talking.' IP responded; 'Don't go below 3;000 [feet MSL]. Tune in 123.05 real quick and let me know if you hear me.' SP responded; 'I'm tuned in.' IP responded; 'Unplug your headset and plug it back in.' SP responded; 'Done.' IP responded; 'I can hear you. Make sure your volume is up on the plane. Push the Comm knob in and turn up the volume.' SP responded; 'Ok.' IP responded; 'Avionics master on?' SP responded; 'Yes.' IP responded; 'Try tuning and talking on Comm 2?' SP responded; 'Done.' IP responded; 'I'm trying to get a hold of you. Go to ZZZ1 & land. Call me on the ground.' SP responded; 'Ok.' IP responded; 'Call flight school dispatcher when you're on the ground. I might head that way in my next block.' Student pilot reported that they were on the ground at ZZZ1 at XC:23.At XC:35; the instructor pilot returned a phone call from a manager at the Florence Tower; who informed the instructor pilot that the student pilot had received a possible pilot deviation due to the inability to establish positive two-way radio communications. After a detailed discussion between the instructor pilot and controller; we learned that the student pilot had attempted to make radio calls and was heard by the Tower; but was not receiving the Tower's transmissions. There was a scattered layer at about 1;200 feet and the student descended below the clouds; down as low as 500 feet MSL to stay beneath them. The tower mentioned the student pilot had climbed above the layer and entered the airspace; but did not affect operations or any other aircraft. The Tower suggested that the student pilot should have squawked 7600 for loss of radios; however; the student was directed by instructor pilot to return for landing at ZZZ1 so as to avoid an emergency situation affecting the operations at FLO.The student pilot made questionable decisions; even going against instructor instruction during the pre-flight brief to stay above the clouds & above 1;000 AGL if clouds became an issue. Additionally; he did not follow instruction to establish a flight following from Charleston. He should have informed instructor pilot much earlier in the flight; as he knew the instructor pilot had a radio available; yet continued onward anyways. Overall; this was the result of either lack of judgement on the student pilot's part; or lack of training from instructor pilot in previous lessons for radio failure emergencies; or a combination thereof.,,,,GA instructor reported that student pilot VFR solo cross country training flight had a radio malfunction which resulted in descending to a low altitude to stay below the clouds. The instructor indicated the student did not maintain communication with ATC; then diverted to a non-towered airport and landed safely.
2266919,202507,1201-1800,ZZZ.Airport,US,,,0,,,,,,,,,,Air Taxi,Caravan 208B,,1,Part 135,SVFR,Passenger,,Landing,,,,,,,,,,,,,,,,,,,,,,,,,,,,,,,,,,,,,,,,,,,,,,,,,,,,,,,,,,,,,,,,,Aircraft X,Flight Deck,Air Taxi,Pilot Flying; Single Pilot,,,,Situational Awareness; Time Pressure,,,2266919,,,,,,,,,,,,Ground Event / Encounter Loss Of Aircraft Control; Ground Excursion Runway; Inflight Event / Encounter Weather / Turbulence,,,Person Flight Crew,In-flight,Air Traffic Control Provided Assistance; Flight Crew Requested ATC Assistance / Clarification; General Maintenance Action,Weather; Human Factors,Human Factors,I was flying Aircraft X from ZZZ1 to ZZZ; During the enroute portion weather was 600 overcast and visibility varied 3 to 5 miles. It was a normal VFR flight with some rain showers; which were limiting the visibility. Due to weather in ZZZ being 'special VFR' and me having plenty of experience doing it I decided to take the special instead of an IFR clearance. The current METAR in ZZZ was reporting 160@11 5SM -RA BR OVC006. On my way inbound I requested a special VFR from Tower as per normal; when I received my special clearance I received an additional request of 'maintain max forward speed' in which I confirmed and complied with. On my way inbound I started pulled power to idle about a mile from the runway knowing I had a lot of energy coming inbound; upon receiving my landing clearance my wind report from Tower from my memory was 9kts total. I planned to land at [taxiway] 1 and get off on 2; which I touched down right around 1 and immediately retracted flaps and put it into low idle; immediately putting the plane in reverse and applying brakes. As I approached 2 and was rolling fast; while in full reverse; while attempting to use full brakes; I noticed something was wrong. I knew there was only so much runway remaining and at this point and a go-around was not an option; due to runway remaining and time it would take for the engine to spool from reverse to full power. As I kept rolling I decided to shut down the engine prior to hitting the runway lighting system and veered to the left to avoid the approach lighting system and as many obstacles as possible. As I hit the wet gravel the plane began to finally come to a full stop. After we came to a stop I turned around and asked my two passengers onboard if they were ok; both stated they were alright and afterwards I explained that there was an issue with the brakes and that someone would be over to grab them shortly. Afterwards I talked to Tower about the situation and they sent state vehicles over. I then called Person A; I wasn't able to reach him; so I then called Person B and explained the situation. I opened the door to see if I smelled anything; and did not smell burning rubber; or sizzling from the brakes or tires. Once the passenger van came over we got the tail stand in; and got the passengers out; and left everything else on the airplane until further notice. I stayed at the airplane and was talking to authorities; and Person B; later on authorities texted me and said that they determined that the damage to the plane was minimal and didn't require any further investigation from them; and that's when our Maintenance came out to move the plane to the ramp.Cause: The rush of trying to get in before the IFR arrivals; mixed with taking about a 10kt tailwind; and the plane not stopping with the use of brakes and reverse.Suggestions: I think to prevent this from happening again; I should've said 'unable' to Tower about the max forward speed and trying to get into the delta using a tailwind; or I could have just picked up an IFR clearance. By not taking the tailwind and instead going to the hold; and waiting until the IFR traffic landed; I would've had the headwind to assist in slowing me down and not had the rush of trying to get in before the IFR traffic inbound. Even if I had the issues braking using XXR; I would have had more options and time to stop or make a go-around decision.,,,,Cessna 208B pilot reported rolling off the end of the runway after landing with excessive speed on a wet runway with a tailwind.
2269561,202507,0001-0600,SAT.TRACON,TX,,,,3500,,,,,,,,Tower SAT,Air Carrier,Large Transport; Low Wing; 2 Turbojet Eng,,2,Part 121,IFR,Passenger,,Descent; Initial Approach,Vectors,Class C SAT,,,,,,,,,,,,,,,,,,,,,,,,,,,,Tower SAT,,Small Transport,,1,,VFR,,,Climb,None,Class E 5C1,,,,,,,,,,,,,,,,,,,,,,,,Facility SAT.Tower,,Government,Approach,Air Traffic Control Fully Certified,Air Traffic Control Time Certified In Pos 1 (mon) 0; Air Traffic Control Time Certified In Pos 1 (yrs) 25,,Time Pressure; Workload,,,2269561,,,,,,,,,,,,ATC Issue All Types; Conflict Airborne Conflict; Deviation / Discrepancy - Procedural Published Material / Policy,,,Person Air Traffic Control,In-flight,Air Traffic Control Issued Advisory / Alert; Air Traffic Control Separated Traffic; Flight Crew Took Evasive Action,Airspace Structure; Human Factors,Airspace Structure,I was working the standard combined radar position.  There were multiple medevac flights inbound and I was trying to ensure no delay for them at the time.  That meant that Aircraft X was slightly extended to ensure the medevac ahead of him had no delay on their ILS.  I turned Aircraft X base and descended them to 030 feet planning on the ILS to RWY 13R.  There was a VFR aircraft working in the 5C1 pattern throughout the evening so when I saw a VFR target departing 5C1 I didn't think anything of it.  Then the aircraft departing 5C1 turned left and began an aggressive climb (<1000ft/min) through 2;200 requesting an IFR clearance they had filed.  I began the process of radar identifying the aircraft while simultaneously using the mult-d button to determine if the aircraft departing 5C1 was the same one calling.  I immediately began traffic alert procedures because Aircraft Y was climbing into Aircraft X.  Aircraft Y was instructed to maintain VFR and Aircraft X was instructed to maintain 3;500 and turned to 160 to avoid.  Aircraft Y went up through 3;000 and Aircraft X advised that the opposing traffic flew right under him and he was responding to a TCAS RA.Suggestions: This event is not uncommon at SAT.  In fact; this report is one of many associated with traffic in and around 5C1 and conflicting SAT traffic.  I have said this before and I will repeat it here.  It is not a matter of IF there will be a disaster at 5C1 it is a matter of WHEN.  As a facility we have jumped through every hoop the FAA has presented us with to try and prevent dangerous situations from occurring.  From outreach at the location (many pilots do not attend) to tracking the problem through the MOR process.  So at this point; I can only say unless the FAA wants another DCA disaster to occur; they will act decisively to fix this problem.The answer to the issue is very simple.  SAT needs controlled airspace to prevent aircraft from working east of 5C1.  This could be an extension to our Class C to encompass an area just east of 5C1 or a Class B to do the same.  The point is; relying on pilots to operate under VFR see and avoid with no knowledge from the controllers as to what they will or will not do is completely unsafe.,,,,SAT TRACON Controller reported a conflict developed between a VFR aircraft operating at 5C1 and a commercial jet. Reporter recommended changes to the SAT airspace structure to prevent future occurrences.
2271388,202507,1801-2400,ZZZ.Airport,US,,,,,,,,,,,,TRACON ZZZ,Air Carrier,EMB ERJ 170/175 ER/LR,,2,Part 121,IFR,Passenger,FMS Or FMC; GPS,Takeoff / Launch,,Class B ZZZ,,,,,,,,,,,,,,,,,,,,,,,,Landing Gear,,X,Malfunctioning,,,,,,,,,,,,,,,,,,,,,,,,,,,,,,,,,,,,Aircraft X,Flight Deck,Air Carrier,First Officer; Pilot Flying,Flight Crew Instrument; Flight Crew Multiengine; Flight Crew Air Transport Pilot (ATP),,,,,,2271388,Aircraft X,Flight Deck,Air Carrier,Pilot Not Flying; Captain,Flight Crew Air Transport Pilot (ATP); Flight Crew Instrument; Flight Crew Multiengine,,,Distraction,,,2266050,Aircraft Equipment Problem Critical; Deviation / Discrepancy - Procedural Published Material / Policy,,,Automation Aircraft Other Automation; Person Flight Crew,In-flight,Flight Crew Overrode Automation; Flight Crew FLC complied w / Automation / Advisory; General Maintenance Action,Aircraft,Aircraft,Upon takeoff I was pilot flying for the leg as the captain was pilot monitoring. Upon takeoff with the sign and correct fallout of 'positive rate'; I called for Gear up to which the captain complied with. Upon the attempt to retract the landing gear the gear level was stuck in the down position and the captain used the Downlock release button to retract the gear to which it then retracted. We were unaware of the non-annunciated EICAS message and have since learned that this event would have led to a diversion. Upon arriving into ZZZ1 we decided to extend the gear early while preparing to land to just make sure everything was operating normally; which it was. No other incidents happened on the flight and everyone was safely at ZZZ1 post flight to which we discussed with a ZZZ2 Captain what had happened.,,The pairing this day was four flight legs spread out to an Flight Duty Period (FDP) of 12 hours. On the flight before this event (Flight ZZZ3 to ZZZ) I encountered wind shear on departure from runway XX and performed the wind shear escape maneuver. Upon landing at ZZZ from ZZZ3 I was originally scheduled to operate ZZZ back to ZZZ3 as my last leg of the day. I was reassigned to operate ZZZ to ZZZ1. After the passengers deplaned I walked from Gate XX to XY and boarded the airplane. This was a new crew for me on a different aircraft than what I flew in. After conferring with Clearance Delivery that there was no Estimated Departure Clearance Time (EDCT) for our departure; reviewing the Aircraft Flight Maintenance Log (AFML) and coordinating with the Flight Attendants we decided we were ready to board the passengers.This airplane had 4 MEL's:Air Condition Packs without Ram Air Inlet Door Installed (Pack 2)Pack Flow Control ValveOverhead Storage Bin Cabin EFB System Power Supply (Captain Side)I reviewed all four MEL's with the First Officer and we came up with a plan on how to program and configure the airplane for takeoff with Pack 2 off. The bigger concern I had while passengers were boarding was cabin temperature control; I continuously communicated with the Flight Attendants to check on passenger comfort and made adjustments in the flight deck as necessary. The best we could lower the temperature down in the cabin to  was 28 degrees Celsius while it was 33 degrees ambient outside. I began to feel some pressure to become airborne sooner than later to receive better cooling in the cabin. Otherwise I planned to mitigate the risk of rushing by communicating with the First Officer that we are already late with no 'off the gate deadline'; there is no EDCT and good weather all of the way to ZZZ1. I was aware the First Officer is low time and I explained to him we need to be conscious of any pressure that can make us rush through any of our required briefings and procedures. I decided on being Pilot Monitoring considering the First Officer's experience level to reduce the potential for task saturation with the MEL procedures. We determined that the flight could be conducted within FO Low-Time limitations.We pushed back and received a taxi clearance to Runway XY and wheels up time that coincided with the time it would take to taxi to be ready for departure.I was Pilot Monitoring on this flight and we were cleared for takeoff. After take off I announced 'Positive Rate' and the First Officer responded 'Gear Up'. I reached for the gear lever to raise it and it would not move up. I tried again 2 more times (without forcing the lever) and it would not move up. At this moment a few considerations crossed my mind. The hot atmospheric conditions; gusting winds and having just experienced a wind shear escape maneuver out of ZZZ3 on the previous flight; I wanted to assure climb performance. Without consulting the First Officer I decided to press the Down Lock Release Button and raised the lever and the gear retracted. After clean up there was no EICAS message displayed. I contacted Departure Control and we proceeded with our climb and departure route. The First Officer continued hand flying with Auto Pilot off and Auto Throttles on for an estimated 10 to 15 minutes. We spent some time talking about why that could've happened and what it could mean. I then brought my attention back to the Pack 2 MEL; cabin temperature management and communicating with the Flight Attendants. It wasn't until about 30 minutes into the flight that things settled down and I got the sick feeling in my stomach that something was wrong; I missed something big. I did not refer to the QRH right after processing the gear lever would not move up.We reviewed the QRH and confirmed LG WOW SYS FAIL MESSAGE was not displayed. I advised Dispatch of the situation and we agreed on continuing to ZZZ1 and land there as it had the best options for multiple long runways and emergency services. I delayed lowering the landing gear until we were closer to ZZZ1's terminal area in case we had any kind of gear malfunction or EICAS message we would have to troubleshoot. I proceeded to lowering the landing gear and we received a 3 GREEN landing gear position indication with no EICAS message displayed. We believed it was safe to attempt a landing on runway XZL at ZZZ1 without a need to declare an emergency or require emergency response equipment on the ground. The landing; roll out and runway exit was uneventful and normal. There was no degraded brake; steering or thrust capability. After exiting the runway there was no non-normal EICAS message displayed. We taxied to Terminal XX Gate XZ; parked the aircraft and I wrote up the discrepancy in the AFML. I contacted Dispatch and Maintenance to inform them of the write up. Gear lever cannot be moved up.,,EMB-170 pilot crew reported that the landing gear override switch was needed to raise the landing gear after takeoff.
2271638,202508,0601-1200,ZZZ.Airport,US,,4,,10000,,VMC,20,,Daylight,,,,Personal,Aerobatic,,1,Part 91,None,Personal,,Initial Approach,Direct,Class E ZZZ,,,,,,,,,,,,,,,,,,,,,,,,,,,,,,Light Transport; Low Wing; 2 Turbojet Eng,,2,,VFR,,,Initial Climb,,Class E ZZZ,,,,,,,,,,,,,,,,,,,,,,,,Aircraft X,Flight Deck,Personal,Pilot Flying; Single Pilot,Flight Crew Instrument; Flight Crew Private,Flight Crew Last 90 Days 75; Flight Crew Total 6700; Flight Crew Type 2580,,Situational Awareness; Time Pressure,,,2271638,,,,,,,,,,,,Conflict NMAC,Horizontal 0; Vertical 100,,Automation Aircraft TA; Person Flight Crew,In-flight,Flight Crew Took Evasive Action,Airspace Structure,Airspace Structure,Approaching ZZZ on decent for the left-hand traffic pattern for Runway XX; I had a near miss with a departing and climbing Aircraft Y.Events leading up to encounter:Aircraft Z announced he was on strait-in final for Runway XX; followed by Aircraft A announcing he was doing the same; to follow Aircraft Z.  As the time progressed; Aircraft A announced he was on a 2-mile final. After Aircraft Z announced he was clear of the runway; Aircraft Y announced he was departing Runway XX and departing southeast. Aircraft A immediately announced he was making a left 360 deg. turn.  I later talked with Aircraft A pilot and he indicated he made the 360 deg. turn to avoid a conflict on the runway and avoid Aircraft Y wake the turbulence. I announced my position; 8 miles east with my intentions for a left pattern to land runway XX. Aircraft Y announced he was departing southeast; which was his last call I heard from that aircraft.Near Miss:As I descended for the pattern; I called 4 miles to the east-southeast descending through 10;300 ft. I noted on my ADS-B display Aircraft Y was continuing his turn toward me.  I searched visually for Aircraft Y and now had a visual on the Aircraft A. I observed he was heading directly towards me.  Our closure speed was high: I believe my ground speed was on the order of 160 kts. or more; and I speculate Aircraft A ground speed was greater 200 kts.  Density altitude was approx. 9;600 ft; so true airspeeds were high.I called I was at his '12 O'clock and diving to miss Aircraft Y' and that 'I was on his nose.' At that same instant; I made a strong push-over I would estimate at -0.5 to -1.0 g's. I did not hear any radio response from or note any maneuvering by Aircraft A.  I commented over the radio 'that was a near miss.'  The pilot of Aircraft Z commented (now taxing) he was watching on ADS-B and said that it was 'not fun'.I later talked with the pilots of both Aircraft Z and Aircraft A and they indicated that they could see my aircraft on their ADS-B In.Comments and Concerns: ADS-B In alerted me to the impending conflict; with just enough time to take evasive action. Given I was flying an aerobatic aircraft; the negative G's during the evasive action were not stressful on the aircraft or pilot.I do not know how the Aircraft Y is equipped or whether the pilot was distracted during climb out. Based upon the communications; I suspect Aircraft Y pilot departed VFR and was picking up his IFR clearance in the air.  If so; it is conceivable that the pilot had switched frequencies to ZZZ Center; even-though he was still in the airport environment.  If this is the case; I would suggest departing aircraft continue to monitor the UNICOM frequency on a second radio until well outside of the airport environment.My aircraft is equipped with ADS-B Out on the UAT (Universal Access Transceiver) (978 MHz).  Perhaps some aircraft only receive ADS-B form 1090 MHz and not dual band.,,,,Pilot reported taking evasive action entering the traffic pattern to avoid a departing aircraft resulted in an NMAC event.
2272946,202508,1201-1800,LGA.Airport,NY,,,0,,,VMC,haze,,Daylight,,,TRACON N90,Fractional,Small Transport,,2,Part 91,IFR,Passenger,,Initial Climb,SID LGA7,Class B LGA,,,,,,,,,,,,,,,,,,,,,,,,Compass (HSI/ETC),,X,Malfunctioning,,,,,,,,,,,,,,,,,,,,,,,,,,,,,,,,,,,,Aircraft X,Flight Deck,Fractional,First Officer; Pilot Not Flying,Flight Crew Commercial; Flight Crew Multiengine; Flight Crew Instrument,Flight Crew Last 90 Days 179.3; Flight Crew Total 1862.6; Flight Crew Type 711.6,,Communication Breakdown; Human-Machine Interface; Situational Awareness,Party1 Flight Crew; Party2 ATC,,2272946,,,,,,,,,,,,Aircraft Equipment Problem Less Severe; Deviation - Track / Heading All Types; Deviation / Discrepancy - Procedural Clearance,,,Automation Aircraft Other Automation; Person Flight Crew,In-flight,Flight Crew Became Reoriented; Flight Crew Overcame Equipment Problem; Flight Crew Requested ATC Assistance / Clarification,Aircraft; Airport,Ambiguous,My Captain and I lined up on Runway 13 at LGA for departure. Once on the runway; waiting for takeoff clearance; the crew ran through standard call-outs; which include 'assigned runway confirmed; heading checks'. It was clear that this was the assigned Runway 13; as the numbers on the pavement confirmed that. However; our gyroscopic and synthetic vision equipment did not support that we were on a heading of 134 degrees; the charted runway heading for Runway 13. The runway information tab on our charts warned us of potential magnetic anomalies when lined up for departure on Runway 13; which the crew was aware of; so we proceeded to standby for our takeoff clearance from ATC. Our IFR clearance had us flying a SID; the LGA7 departure Whitestone climb which required us to turn to specific headings upon becoming clear of obstacles after takeoff; and reaching 2.5 DME from the LGA VOR. Once airborne; the magnetic heading indicators on our aircraft had not corrected themselves; and were more that 5 degrees off of each other; which raised the heading mis-compare flag on both mine and my Captain's PFD. After receiving a few more heading instructions from ATC during the departure phase; we had reduced the workload to allow bringing up the heading issue with ATC. After this; we were told what ATC saw our heading as; and used that to cross check with the instrumentation in the aircraft. Once level; the headings slowly began to correct themselves and realigned correctly. Being aware of the magnetic anomaly on Runway 13 at LGA prevented the crew from taking more decisive action when the equipment stopped working correctly; which caused the SID to be flown slightly off course than what it is charted to be. During this situation; we should have reported the loss of accurate magnetic heading indication to ATC sooner; as the New York airspace is very crowded and the flying of a SID into busy airspace has the potential to cause aircraft separation issues. Had ATC known about the issue sooner; we could have been issued NO-GYRO vectors to prevent the potential loss of separation between other aircraft; had there been more in the area at that time. Luckily on this day it was VMC conditions; with haze not really affecting visibility at the lower altitudes when this occurred. In the future; understanding the difference between a slight magnetic anomaly and a larger magnetic heading fluctuation would help the crew decide that canceling the takeoff clearance and using an intersection departure would help reduce the chances of a situation like this happening again.,,,,Small transport pilot reported the magnetic heading indicators on both PFDs disagreed by more than 5 degrees during departure climb at LGA; resulting in a track deviation from the SID. The indicators realigned after level-off.
2272967,202508,0601-1200,ZZZ.Airport,US,,,,400,,Mixed,Haze / Smoke; 10,,Daylight,1600,,CTAF ZZZ,Government,Skylane 182/RG Turbo Skylane/RG,,2,Part 91,IFR,Personal,,Final Approach,,Class G ZZZ,,,,,,,,,,,,,,,,,,,,,,,,,,,,,,SR22,,1,Part 91,VFR,,,Taxi,,,,,,,,,,,,,,,,,,,,,,,,,,Aircraft X,Flight Deck,Government,Pilot Flying,Flight Crew Commercial; Flight Crew Instrument,Flight Crew Last 90 Days 99.5; Flight Crew Total 803.8; Flight Crew Type 803.8,,Communication Breakdown; Situational Awareness,Party1 Flight Crew; Party2 Flight Crew,,2272967,,,,,,,,,,,,Conflict Ground Conflict; Critical; Deviation / Discrepancy - Procedural Published Material / Policy,Vertical 400,,Person Flight Crew,In-flight,Flight Crew Executed Go Around / Missed Approach; Flight Crew Took Evasive Action,Human Factors; Airspace Structure,Ambiguous,On Day 0; Aircraft X was operating in a VFR capacity in an area 7 nautical miles southeast of ZZZ1 at 5;500 feet in the ZZZ2 Class B airspace. Upon completion of the operation; the weather reported at ZZZ was wind 080 at 8 gusting 16; visibility 10 miles; sky condition broken 1;200 feet; temperature 23; due point 21; altimeter 30.42. Based upon this information a popup IFR clearance was requested from ATC. Aircraft X was instructed to descend to 3;000 feet. Upon switching to ZZZ Approach; Aircraft X was instructed to go direct to the initial approach fix; ZZZZZ; descend to 2;000 feet; and was cleared for the RNAV (GPS) Z Runway XX at ZZZ.After the inbound turn at ZZZZZ1; Aircraft X was instructed to switch frequencies. The tops were 2;500 feet and the bases were 1;600 feet. Aircraft X began reporting positions on ZZZ CTAF frequency XXX.X; when instructed to switch. The first report was made initially at 14 miles northwest of the field and inbound on the RNAV Z Runway XX. Aircraft X made a second position report on the CTAF frequency at 10 miles northwest of the field on the RNAV Z Runway XX. The pilot-flying utilized COM2 to cancel IFR with ZZZ Approach upon being in VFR conditions and having the runway environment in sight. The pilot-monitoring continued announcements and monitoring the CTAF frequency on COM1. At approximately 5 miles northwest of the field; Aircraft X heard a jet announce their taxi from the Jet Center to Runway XX via the parallel taxiway. At this time Aircraft X was VFR and both pilots were monitoring CTAF on COM1. Aircraft X made another call immediately following that jets announcement on an approximate 4 mile final; RNAV Z Runway XX; to make the jet aware of landing traffic.At approximately 400 feet MSL on the RNAV (GPS) Z Runway XX; an announcement was made by Cirrus SR22; that they were departing from Runway XX. Simultaneously; the pilot of Aircraft X observed the Cirrus SR22 cross the hold short lines and enter the Runway environment for Runway XX. The pilot of Aircraft X conducted a go-around and the pilot-monitoring made the announcement that Aircraft X was short final; Runway XX. The Cirrus SR22 made an abrupt right turn in an attempt to exit the runway environment.Aircraft X maintained VFR and; after executing the go-around; remained in left closed traffic before landing. Cirrus SR22 departed Runway XX and departed the pattern to the south.,,,,C182 pilot reported during final approach an aircraft entered the runway for takeoff. Reporter did a go-around and the other aircraft exited the runway.
2274667,202508,1201-1800,ZZZ.Airport,US,,0.5,200,,,VMC,10,,Daylight,2900,,CTAF ZZZ,FBO,PA-28 Cherokee/Archer/Dakota/Pillan/Warrior,,2,Part 91,None,Training,,Final Approach,Direct,Class G ZZZ,,,,,,,,,,,,,,,,,,,,,,,,,,,,CTAF ZZZ,Corporate,Challenger 350,,2,Part 91,IFR,Ferry / Re-Positioning,,Takeoff / Launch,Direct,Class G ZZZ,,,,,,,,,,,,,,,,,,,,,,,,Aircraft X,Flight Deck,FBO,Pilot Not Flying; Instructor,Flight Crew Multiengine; Flight Crew Instrument; Flight Crew Flight Instructor; Flight Crew Commercial,Flight Crew Last 90 Days 30; Flight Crew Total 600; Flight Crew Type 110,,Communication Breakdown,Party1 Flight Crew; Party2 Flight Crew,,2274667,Aircraft X,Flight Deck,Corporate,Pilot Flying; Captain,Flight Crew Instrument; Flight Crew Multiengine; Flight Crew Air Transport Pilot (ATP); Flight Crew Flight Instructor,Flight Crew Last 90 Days 172; Flight Crew Total 4765; Flight Crew Type 925,,Situational Awareness,,,2273816,Conflict Ground Conflict; Critical; Ground Incursion Runway,Horizontal 2000; Vertical 200,,Person Flight Crew,In-flight,Flight Crew Took Evasive Action,Human Factors; Airspace Structure,Ambiguous,I was VFR Flight training with a Student Pilot on board.  Made numerous announcements in the pattern to our intentions on CTAF frequency.  After turning base to final and descending on short final through 200' AGL; a Challenger jet announced he was departing Runway XX; and had crossed the hold short line stating they had an IFR clearance void time they did not want to miss. This provided an unsafe condition where it was impossible for us to land during his take off roll and we took evasive action and initiated a go-around and side-stepped to the right to avoid his wake turbulence and possible mid-air being unsure of which heading he was given to fly.This runway incursion and flagrant misuse of the excuse of 'Clearance Void Time' could have easily caused a more serious mishap.,,At ZZZ; uncontrolled field; received IFR clearance through local ZZZ TRACON phone number. Initial climb to 4000'. Void time in 5 mins. There were multiple aircraft in the local patter. After a landing 172 that was on touch and go. Made appropriate calls (First Officer) to enter runway (rwy XX). There was an aircraft that was turning left base. A visual inspection of final was done with no aircraft and the touch and go aircraft just started upwind and continued straight out. Entered runway for takeoff. Delayed slightly to allow separation. Took off without issue. Was unaware of any other aircraft but was informed later that an aircraft had to side step and go around on landing XX. We did not have any TCAS; visual; or other warning. No close call on proximity to aircraft; however; lesson to learn is to triple check final and all pattern both visually and radio before departure.,,Flight Instructor and corporate jet pilot reported a near miss at a non-towered airport resulted when the jet took off while the Flight Instructor was on short final approach to the same runway.
2275429,202508,0601-1200,ZZZ.Airport,US,,,,2000,,VMC,10,,Daylight,12000,,TRACON ZZZ,Personal,Bonanza 36,,1,Part 91,IFR,Personal,,Initial Climb,Vectors; SID ZZZZ,Class E ZZZ,,,,,,,,,,,,,,,,,,,,,,,,AC Generator/Alternator,,X,Failed,,,,,,,,,,,,,,,,,,,,,,,,,,,,,,,,,,,,Aircraft X,Flight Deck,Personal,Single Pilot; Pilot Flying,Flight Crew Instrument; Flight Crew Multiengine; Flight Crew Flight Instructor; Flight Crew Commercial,Flight Crew Last 90 Days 146; Flight Crew Total 1107; Flight Crew Type 106,,Troubleshooting; Workload; Human-Machine Interface,,,2275429,,,,,,,,,,,,Aircraft Equipment Problem Critical,,,Person Flight Crew,In-flight,Air Traffic Control Provided Assistance; Flight Crew Diverted; Flight Crew Requested ATC Assistance / Clarification; General Flight Cancelled / Delayed; General Maintenance Action,Aircraft,Aircraft,The flight departed ZZZ at approximately XA20 local time under VMC with an IFR clearance to ZZZ1 via the ZZZZZ departure; departure frequency XXX.X. Pre-flight and run-up checks were normal.After takeoff from ZZZ; ATC instructed a left turn to heading 050掳 and climb to 2;000 feet. We were advised of nearby traffic (Piper Archer) and reported it in sight; maintaining visual separation. ATC then instructed a turn to heading 090掳 and climb to 5;000 feet. Immediately after that; the Primary Flight Display (PFD) failed; followed immediately by complete electrical failure; including loss of radios and G750/G650 GPS. Standby instruments remained functional.We retrieved my personal handheld radio from flight bag and reestablished communication with ATC to report the urgent situation and informed them about the electrical failure.Given proximity and favorable conditions; we diverted to ZZZ2. We had the airport in sight; and in coordination with ATC; completed the manual landing gear extension procedure as outlined in the POH. Tower personnel confirmed the gear appeared down during a flyover.We entered the traffic pattern and were cleared to land on Runway XX with winds 180掳 at 8 knots; gusting to 14 knots. Landing was uneventful. We exited via taxiway 1 and held position for inspection by airport fire services. No damage was found to the aircraft; runway; or taxiway.Probable Cause: Complete electrical system failure shortly after takeoff most likely due to the high load that raising the landing gear puts on the battery and alternator. It was later confirmed that the alternator failed completely. At the time of the failure it was 2 years and 2 months old. Preventive Action: Electrical Monitoring & Callouts.I will add a standardized 'post-takeoff electrical check' (ammeter/voltmeter and alternator annunciator) to my climb checklist with verbal callouts to ensure early detection of abnormal bus voltage or charging indications.Backup Comms Readiness.I will incorporate a preflight check of all backup communications equipment--including a quick radio function check--to ensure immediate ATC contact if primary systems fail.Workload Management & Briefing.I will brief and use explicit workload-reduction techniques on departure (e.g.; engage autopilot when appropriate; pre-set frequencies; and bug target altitudes/headings) to preserve capacity for continuous instrument scanning and systems monitoring.,,,,BE36 pilot reported electrical failure in flight. Pilot diverted and landed safely
2282001,202508,0601-1200,ZZZ.ARTCC,US,090,35,,9500,,,50,,,30000,,Center ZZZ,Personal,Air Tractor 802,,1,Part 91,VFR,Ferry / Re-Positioning,,Cruise,Direct,Class E ZZZ,,,,,,,,,,,,,,,,,,,,,,,,Engine,,X,Malfunctioning,,,,,,,,,,,,,,,,,,,,,,,,,,,,,,,,,,,,Aircraft X,Flight Deck,Contracted Service,Single Pilot; Pilot Flying,Flight Crew Commercial; Flight Crew Instrument; Flight Crew Flight Instructor,Flight Crew Last 90 Days 50; Flight Crew Total 5300; Flight Crew Type 570,,Communication Breakdown,Party1 Flight Crew; Party2 ATC,,2282001,,,,,,,,,,,,Aircraft Equipment Problem Critical; Flight Deck / Cabin / Aircraft Event Smoke / Fire / Fumes / Odor,,,Person Flight Crew,In-flight,Air Traffic Control Provided Assistance; Air Traffic Control Issued New Clearance; Flight Crew Requested ATC Assistance / Clarification; Flight Crew Diverted; Flight Crew Landed in Emergency Condition; General Flight Cancelled / Delayed,Aircraft,Aircraft,Incident report engine fireAircraft AT802A ferry flight/delivery flight ZZZZ- ZZZZ1.Flight leg ZZZ - ZZZ1; initially VFR; than re-cleared IFR; for the oceanic clearance to ZZZ1; I did test HF radio comm but was not able to establish proper radio contact; therefore; ZZZ ARTCC XXX.XX did cancel my clearance; so I have had to head back to mainland; my diversion airport of choice was ZZZ2; where I was hoping to get the radio fixed. The engine fire event developed.About 20 minutes after leveling off; I had tried to establish HF radio contact; but it turned out no communication was possible; therefore; after several attempts; ATC cancelled my oceanic clearance and 'forced' me back to mainland.Anyhow; as I was checking and cross-referencing the aircraft performance; I noticed I might not have been able to make it safely to the planned destination; rather; I could have reached the destination; but only with the bare minimum amount of fuel; in my opinion and experience; the decision of cancelling the flight was the most adapt according to the developing situation.And so; about 2 hours into the flight; and already over the mainland; blueish-whitish smoke started exiting from the right muffler (pilot P.O.V.); in great amount; almost immediately; flames became visible; apparently exiting from the right muffler and seemingly burning around the welding area of the right muffler.No loss of power nor performance were noted; the engine continued delivering performance; oil temperature and pressure were always in the green band; as Ng and ITT (Interstage Turbine Temperature). Anyway; as a precaution I decided to reduce power and slow the aircraft down to the minimum cruise speed; whilst monitoring and assessing the situation. I did advise ATC; ZZZ approach XXX.XY (if I remember correctly). Thanks to the good coordination of the controller in duty; IFR flight plan was cancelled and VFR clearance was [established]. I had to descend from the then-current cruise altitude to a lower one; as with reduced power setting I was not able to maintain. As soon as I cleared the topography; I decided to look for the first available airfield and land; being ZZZ3 airport.After landing; once at parking and after fuel cut off; I went to assess the situation; as apparently; flames and smokes were still present; same location; same intensity. I then did discharge the halon bottle part of the cockpit equipment. The visible flames were almost extinguished. Over the next three hours after parking; I took care of tearing down all the ferry equipment; always monitoring the status of the fire; and I can confirm all flames and smoke disappeared about 10 minutes after the halon discharge.,,,,A pilot ferrying an AT-802A reported an engine fire and diversion to a nearby airport.
2282565,202508,1801-2400,ZZZ.Airport,US,110,3,,8000,,Mixed,10,,Dusk,5000,,TRACON ZZZ,Personal,M-20 Series Undifferentiated or Other Model,,1,Part 91,IFR,Personal,,Cruise,Direct,Class E ZZZ,,,,,,,,,,,,,,,,,,,,,,,,Cylinder,,X,Malfunctioning,,,,,,,,,,,,,,,,,,,,,,,,,,,,,,,,,,,,Aircraft X,Flight Deck,Personal,Pilot Flying; Single Pilot,Flight Crew Instrument; Flight Crew Private,Flight Crew Last 90 Days 41.0; Flight Crew Total 321.5; Flight Crew Type 115.2,,Training / Qualification,,,2282565,,,,,,,,,,,,Aircraft Equipment Problem Critical; Deviation / Discrepancy - Procedural Clearance; Deviation / Discrepancy - Procedural Maintenance; Deviation / Discrepancy - Procedural Published Material / Policy,,,Person Flight Crew,In-flight,Flight Crew Landed As Precaution,Aircraft,Aircraft,The pilot/owner and a non-pilot-rated passenger were on an IFR cross country flight from ZZZ to an intended destination of ZZZ2 with a filed altitude of 8;000 feet MSL. The route was a mixture of low-altitude airways and VOR-to-VOR navigation. After the preceding flight the day before; the pilot had noticed an unusual spot of oil blow-by on the left nose gear door; near the oil breather tube. The aircraft had also consumed approximately 1 quart in 3 flight hours during the preceding flight; which is an unusually excessive oil burn for that aircraft. The pilot added a quart of oil immediately prior to the incident flight. The pilot departed ZZZ1 with approximately 6.5 quarts of oil in an 8 quart maximum system. The Lycoming IO-360-A1A as installed on the Mooney M20P series is known to have an oil breather tube set relatively low; so any oil more than 7 quarts is known to blow out of the system. Therefore; the pilot was accustomed to flying the aircraft with between 6 and 7 quarts of oil. The flight from ZZZ1 to ZZZ2 was largely uneventful. At approximately 2 hours 45 minutes elapsed time from engine start; the pilot noticed an unusually low oil pressure reading of 50 psi. The normal oil pressure reading in that aircraft at cruise power is just under 75 psi. The pilot continued to monitor the engine instruments closely over the next few minutes. All other instruments read normally. Shortly after the pilot noticed the relatively low oil pressure; the oil pressure momentarily dropped by approximately 25 psi with a corresponding increase in engine roughness. After a few seconds; the oil pressure increased back to approximately 50 psi and the engine smoothed out. The engine repeated this cycle several more times approximately every 3-5 minutes for the remainder of the incident prior to the precautionary descent described later; with each cycle yielding slightly worsening oil pressure.The aircraft was approximately 3 miles east-southeast of ZZZ when the low oil pressure/roughness cycle occurred again; but with the oil pressure needle momentarily touching the oil pressure minimum idling limit line of 25 psi before recovering to a higher reading. The pilot decided to divert to ZZZ for a precautionary landing; although the engine was continuing to run generally well. Based on his observation of the oil blow-by on the left nose gear door the previous day; the pilot correctly surmised that the low oil pressure reading was indicative of low oil quantity. The pilot notified ATC that he had minor engine trouble and advised of his intentions. ATC cleared the pilot to divert to ZZZ and to descend at pilot's discretion. The pilot continued to operate under IFR until he descended below a broken cloud layer at approximately 5;000 feet and acquired ZZZ visually. The pilot executed a controlled spiraling descent to ensure that he remained within gliding distance of ZZZ in case the engine trouble resulted in a loss of power. The pilot did not declare an emergency; as he felt that the situation did not require priority handling or emergency ground equipment. After VFR cloud clearance/visibility requirements were met and continued VMC was assured; the pilot canceled his IFR flight plan. ATC cleared the pilot to switch to CTAF and squawk VFR; and further requested that the pilot notify the TRACON via ZZZ clearance delivery frequency after he landed safely. The pilot noted that the oil pressure recovered to approximately its normal reading of just under 75 psi during the precautionary descent; and no further episodes of engine roughness occurred. The pilot was able to land uneventfully at ZZZ; taxied normally; notified the TRACON controller of his safe landing; and shut down the aircraft without further incident.After allowing the engine to cool; the pilot checked the oil quantity. Only 2 quarts of oil remained in the engine. Additionally; the spot of oil blow-by on the left nose gear door had returned. Furthermore; there was wispy smoke coming from the oil dipstick opening when the pilot opened the dipstick and the oil itself appeared black and sooty. The oil had been changed within the last 15 flight hours; and an oil sample had been sent for analysis at that time with no apparent issues. An A&P IA investigated the aircraft in the following days; and discovered that three of the four cylinders had signs of serious thermal stress from overheating. The #3 cylinder had failed completely with blown rings; and two other cylinders were close to failure. The engine only had 180 hours on it since major overhaul. The A&P IA and the engine repair shop initially believed that the pilot/owners had been continually operating the engine with an excessively lean mixture and/or excessively high power settings; but that belief was inconsistent with the aircraft's known average fuel burn of 10.5-11 gallons per hour throughout the engine's post-overhaul history combined with the pilot/owners strict adherence to 75% or less cruise power settings. Three CFIs; including one CFI specializing in type-specific Mooney training; who had flown with both pilot/owners corroborated the pilot/owners' statements that the engine had consistently been operated correctly with an appropriate; conservative rich-of-peak fuel mixture; at power settings at or below 75% of the engine's rated power. However; in addition to the required engine instruments the aircraft was only equipped with an analog cylinder head temperature gauge and analog exhaust gas temperature gauge; both with questionable accuracy. Additionally; the aircraft had routinely been operated between 12;000-15;000 feet MSL despite being naturally aspirated. The aircraft was also equipped with standard; non-pressurized magnetos.After extensive discussion between the engine repair shop; the investigating A&P IA; the pilot/owners; and a third party aircraft piston engine specialist; the overheating and subsequent thermal damage to the engine is believed to have been caused by ongoing magneto timing problems caused by ozone contamination in the magnetos from frequent operation above 12;000 feet MSL. The pilot/owners were not aware of the possibility of ozone contamination causing non-pressurized standard magnetos to have timing problems. Contributing to this was the fact that the aircraft was not equipped with a digital engine monitor; which resulted in the resulting overheating problem never coming to the pilot/owners' attention due to the questionable accuracy of the analog engine instruments. The oil pressure surges with corresponding roughness is believed to have been caused by the low oil quantity; which was secondary to the thermal damage related cylinder failures. The pilot's decision to divert to ZZZ based on the oil pressure irregularities; despite being within 45 minutes of his intended destination of ZZZ2; was a sound decision. In any likely IFR descent profile from the area of ZZZ to ZZZ2; there would have been a large envelope in which the aircraft would not have been within gliding distance of any airport. Had a total loss of power occurred at a relatively low altitude between ZZZ1 and ZZZ2; the pilot would have been forced to make an off-airport landing which could have easily resulted in a negative outcome for him and his passenger. The TRACON controller at ZZZ3 assisted by accommodating the pilot's requests; even though an emergency had not been declared.The incident was mitigated by the pilot's routine monitoring of the engine instruments. The incident probably could have been avoided entirely if the pilot/owners had been trained or educated that regularly flying without pressurized magnetos or electronic ignition above 12;000 feet MSL can cause ignition timing problems and subsequent overheating.,,,,Part 91 pilot reported during cruise the engine oil pressure dropping. They contacted ATC and landed as a precaution.
2283559,202509,1201-1800,ZZZ.ARTCC,US,,,,,,VMC,,,,,,Center ZZZ,Air Taxi,Tecnam P2012 Traveller,,2,Part 135,IFR,Passenger,,Climb,,Class E ZZZ,,,,,,,,,,,,,,,,,,,,,,,,Aileron Control System,,,Failed; Malfunctioning,,,,,,,,,,,,,,,,,,,,,,,,,,,,,,,,,,,,Aircraft X,Flight Deck,Air Taxi,Pilot Not Flying; Captain,Flight Crew Multiengine; Flight Crew Instrument; Flight Crew Air Transport Pilot (ATP),,,,,,2283559,,,,,,,,,,,,Aircraft Equipment Problem Critical,,,Person Flight Crew,In-flight,Air Traffic Control Issued New Clearance; Flight Crew Requested ATC Assistance / Clarification; Flight Crew Returned To Departure Airport; Flight Crew Overcame Equipment Problem; Flight Crew Landed As Precaution; General Flight Cancelled / Delayed,Aircraft,Aircraft,On Day 0; I was pilot monitoring and my FO; Person A was pilot flying. All the system was working well during the previous flight and during the engine start/ run-up. We picked up our IFR clearance on the ground. After departing from runway XX; Person A shared that the flight control was moving to the left on its own and I noticed the aileron roll trim had runaway to the extreme left. The controls were getting heavy and I took over the controls. We turned the trim disc switch off but the plane still wanted to roll to the left. We made the decision to air return to ZZZ. When we checked in with ZZZ Center; we informed them that we needed to return to the field for a mechanical issue and canceled the IFR flight plan. We informed them that no additional assistance was required at the point and would reach out if we need any further assistance. Coming in to ZZZ; I struggled to fight the aileron roll with both hands as I approached runway XY (nearest runway) and Person A assisted with managing the throttle inputs. While turning towards runway XY; we increased the power on the LH and reduced the power on the RH to line up the aircraft with the runway. We landed the plane safely.Cause: Aileron roll trim.,,,,Tecnam P2012 Traveller flight crew reported malfunction with aileron roll trim. Flight crew returned to the departure airport and landed safely.
2285129,202509,1801-2400,ZZZ.Airport,US,,,,1000,,,,,,,,TRACON ZZZ,Fractional,EMB-505 / Phenom 300,,2,Part 91,IFR,Passenger,,Initial Climb,,Class D ZZZ,,,,,,,,,,,,,,,,,,,,,,,,,,,,,,,,,,,,,,,,,,,,,,,,,,,,,,,,,,,,,,,Aircraft X,Flight Deck,Fractional,Captain; Pilot Flying,Flight Crew Air Transport Pilot (ATP),,,Communication Breakdown; Situational Awareness,Party1 Flight Crew; Party2 ATC,,2285129,,,,,,,,,,,,ATC Issue All Types; Deviation - Track / Heading All Types; Deviation / Discrepancy - Procedural Clearance; Inflight Event / Encounter CFTT / CFIT,,,Automation Air Traffic Control; Person Air Traffic Control,In-flight,Air Traffic Control Issued Advisory / Alert; Air Traffic Control Issued New Clearance; Flight Crew Became Reoriented; Flight Crew Returned To Clearance,Human Factors,Human Factors,Revenue leg ZZZ to ZZZ1 on Aircraft X. My FO got the clearance and recorded it as runway heading to 1000'; turn right to heading 265 and intercept VXX as filed; climb and maintain 3000'. I took off on runway XX using noise abatement procedures. At 1000' MSL I started a right turn to heading 265 and noticed we were overshooting VXX (ZZZ [VOR] to ZZZZZ).  I continued my right turn past heading 265 to re-intercept VXX as my FO contacted departure control.  ZZZ [TRACON] immediately issued a low altitude alert and directed a left turn to heading 210. We complied and leveled off at 3000'.  He then gave us a right turn to heading 260.  The rest of the flight was uneventful. Our actual clearance was climb to 1000' and turn right to heading 265 for vectors onto VXX then as filed; climb and maintain 3000'.  He stated that the turn past heading 265 placed us into airspace where the MVA was 3000'; and our altitude at the time was 2300'; so they had to issue a low altitude alert.  I speculated that my FO probably confused the word VECTOR" with "VICTOR XX" while getting the clearance. Suggestions: I believe my FO mistook the word "VECTOR" for "VICTOR (XX)" while recording the clearance at ZZZ.  I wasn't in the cockpit at the time; so this is my best guess.  Lesson learned is that it's the responsibility of the crew to accurately record the departure clearance and query clearance delivery if there is any confusion or questions.  My FO is actually a very sharp and competent pilot; but we are all prone to error.",,,,Embraer Captain reported deviating from their assigned heading on departure; resulting in flight towards terrain. ATC issued a low altitude alert and vectors away from terrain.
2286743,202509,0001-0600,GSP.Airport,SC,,,,,,VMC,,,,,,Tower GSP,Air Carrier,Commercial Fixed Wing,,2,Part 121,IFR,Cargo / Freight / Delivery,,Landing,,Class C GSP,,,,,,,,,,,,,,,,,,,,,,,,,,,,,,,,,,,,,,,,,,,,,,,,,,,,,,,,,,,,,,,Aircraft X,Flight Deck,Air Carrier,Captain; Pilot Flying,Flight Crew Air Transport Pilot (ATP); Flight Crew Instrument; Flight Crew Multiengine,,,Communication Breakdown; Distraction,Party1 Flight Crew; Party2 ATC,,2286743,,,,,,,,,,,,ATC Issue All Types; No Specific Anomaly Occurred Unwanted Situation,,,Person Flight Crew,In-flight,,Human Factors; Procedure,Procedure,During visual approach the Tower Controller was simulcasting on Ground and Tower to include reading long clearances to aircraft. During this morning push it was one aircraft after another. Landing during critical phases of flight communication between me and my First Officer (FO) was impaired by their transmitting on Tower frequency controlling all aspects of the airport. I called the Tower Controller after landing and while he listened he basically said this is how we do it." Doing it this way is UNSAFE for landing aircraft.Cause: The tower controllers lack of using Ground or Clearance Delivery frequencies while aircraft are landing.Suggestions: Control ground aircraft on Ground to include Clearance Delivery. Use Tower frequency for airborne and soon to be airborne aircraft. Just like every other airport does.",,,,Air carrier Captain reported GSP ATC transmitted both Ground and Tower clearances on the Tower frequency and impaired communication between the reporter and the First Officer during landing.
2288725,202509,1201-1800,FDK.Airport,MD,,,,1400,,Marginal,5,,Daylight,CLR,,Tower FDK,Personal,Small Aircraft; Low Wing; 1 Eng; Retractable Gear,,1,Part 91,IFR,Personal,,Climb,None,Class D FDK,,,,,,,,,,,,,,,,,,,,,,,,,,,,Tower FDK,,Any Unknown or Unlisted Aircraft Manufacturer,,,,,,,,,Class D FDK,,,,,,,,,,,,,,,,,,,,,,,,Aircraft X,Flight Deck,Personal,Pilot Flying; Single Pilot,Flight Crew Commercial,Flight Crew Last 90 Days 38; Flight Crew Total 8312; Flight Crew Type 6600,,Communication Breakdown; Situational Awareness,Party1 Flight Crew; Party2 ATC,,2288725,,,,,,,,,,,,ATC Issue All Types; Conflict NMAC,,,Person Flight Crew,In-flight,General None Reported / Taken,Airspace Structure; Human Factors,Human Factors,With IFR clearance I departed FDK Runway 05; runway heading and when instructed turned to heading 290 degrees. At 2 north of FDK (departure control announced this when I checked in); at my 11 o'clock and 50 to 100 feet below was a small aircraft that I interpreted to be on left downwind for Runway 05. From runway heading; Tower advised me in the same transmission to both turn left to 290 degrees and contact departure. Departure was busy talking with the other aircraft; and I had to call 2 to 3 times to connect. Just as Controller identified me and told me 2 miles north of FDK; I noted the other small aircraft. There was no mention to me by the Tower or Departure Control of conflicting traffic. Neither my TCAS nor ADSB showing conflicting traffic. While I was on Tower frequency; I do not recall anything about traffic entering or on downwind. Reported visibility was 5 miles; but looking west it was only about 3 miles (for me and presumably the other small aircraft). I do not think that FDK Tower had radar information. The FDK Tower operator seemed over tasked.,,,,General aviation pilot reported a traffic conflict with another aircraft during climb on an assigned heading from ATC. The pilot did not see the other aircraft and ATC did not identify the aircraft in the traffic pattern.
2289023,202509,1201-1800,TPA.Airport,FL,,5,,2100,,VMC,10,,Daylight,25000,,Tower TPA,Personal,DA62,,1,Part 91,IFR,Personal,,Final Approach,Visual Approach,Class B TPA,,,,,,,,,,,,,,,,,,,,,,,,,,,,Tower TPA,Air Carrier,B737-700,,2,Part 121,IFR,Passenger,,Final Approach,,Class B TPA,,,,,,,,,,,,,,,,,,,,,,,,Aircraft X,Flight Deck,Personal,Single Pilot; Pilot Flying,Flight Crew Flight Instructor; Flight Crew Instrument; Flight Crew Multiengine; Flight Crew Air Transport Pilot (ATP),Flight Crew Last 90 Days 135; Flight Crew Total 3000; Flight Crew Type 75,,,,,2289023,,,,,,,,,,,,Inflight Event / Encounter Loss Of Aircraft Control; Inflight Event / Encounter Wake Vortex Encounter,,,Person Flight Crew,In-flight,Air Traffic Control Issued New Clearance; Flight Crew Requested ATC Assistance / Clarification; Flight Crew Regained Aircraft Control; Flight Crew Took Evasive Action,Environment - Non Weather Related; Procedure,Procedure,During vectored visual approach to Runway 19R at Tampa International Airport (TPA) on Day 0; a light twin aircraft (Diamond DA62) encountered wake turbulence from a preceding Boeing 737-700 due to close sequencing on a single active runway. The following aircraft's ADS-B data indicated an unstabilized descent exceeding company criteria; contributing to the proximity. The event occurred at low altitude; resulting in a sudden uncommanded bank requiring immediate corrective action. No separation distance was provided by ATC; and enhanced advisories on the preceding aircraft's position would have aided situational awareness.On Day 0; I was pilot flying a light twin aircraft; Diamond DA62; en route from ZZZ to TPA under visual flight rules with an instrument flight rules (IFR) clearance. Departure from ZZZ was at approximately XA:53. Weather at departure was VFR with scattered clouds and light winds.En route; Tampa Approach advised that Runways 19L and 10/28 were closed for maintenance; requiring all traffic; including general aviation; to utilize Runway 19R shared with commercial jet operations. This deviated from standard practice; where smaller aircraft are typically sequenced to parallel runways to minimize wake turbulence exposure. No NOTAM or ATIS update specified enhanced separation procedures for mixed traffic on the single runway.At approximately XC:30; while approximately 20 NM northwest of TPA at 3;000 feet MSL; we were radar vectored for sequencing behind a Boeing 737-700. The 737 had departed ZZZ1 at XA:49 and was established on a 180-degree heading for the ILS Runway 19R approach. We were cleared to maintain 3;000 feet until established on the localizer; then descend at pilot's discretion. No specific separation distance or altitude relative to the 737 was reported; which limited our ability to assess wake risk in advance.The METAR valid at XC:53 indicated VFR conditions. No significant wind shear or turbulence was reported; though light quartering tailwinds (3-4 knots) from the west were present; potentially affecting vortex drift toward the runway centerline.At XC:45; approximately 10 NM from the threshold at 2;100 feet MSL; we intercepted the final approach course. ADS-B data shows the 737 at this time was approximately 3.2 NM ahead; descending at 1;200 feet per minute (fpm) from 2;800 feet MSL; with groundspeed 140 knots--exceeding a standard 3-degree glideslope rate of ~700 fpm. This descent profile positioned the 737 above the nominal glideslope intercept; compressing our required descent to maintain spacing.ATC then issued a descent clearance to 2;000 feet; placing us below the 737's altitude (which was reported at 2;500 feet MSL). At XC:47; 4 NM from the threshold and 1;500 feet AGL; we began configuring for landing (gear down; full flaps) at 140 knots indicated airspeed. Upon crossing the glideslope; our vertical speed increased to 1;100 fpm to capture the path; but ADS-B data confirms the 737 maintained >1;000 fpm descent through 1;000 feet AGL; violating stabilized approach gates.At XC:48; 2 NM from touchdown and 800 feet AGL; we encountered moderate wake turbulence from the 737's right wingtip vortex. The aircraft experienced a sudden right bank exceeding 30 degrees at 120 knots--critical low speed and altitude for recovery. Contributing factors included the 737's high sink rate generating stronger; lower vortices and our position in the descent phase of the upwind vortex (light crosswind from the left exacerbated drift). The lack of reported separation distance and relative altitude further heightened the risk.Immediate recovery involved full left aileron; right rudder; power to takeoff setting (1;800 RPM); and a shallow climb to 1;200 feet AGL while initiating a right turn into the wind to dissipate the vortex. We advised Tampa Tower: 'Tampa Tower; Aircraft X; wake turbulence; requesting extended vectors for spacing.' Tower acknowledged and provided a 6 NM vector to the right; allowing vortex dissipation. We rejoined the approach at XC:52; landing without further incident at XC:50 (actual wheels down at XC:49:30).Factors Contributing to the Event:Reduced runway availability forcing mixed GA/jet sequencing without adjusted wake turbulence minima (standard 4-6 NM for light behind heavy; actual ~3 NM based on post-event ADS-B review).Preceding aircraft's unstabilized approach (descent >1;000 fpm below 1;000 feet AGL); per FAA AC 120-108 and industry standards.No advisory on vortex behavior in light winds or specific separation/altitude calls; vortices descended ~900 feet below flight path before stabilization.Our descent below the generating aircraft's path per ATC instruction; increasing exposure risk.Recommendations:Enhance ATIS/NOTAMs for single-runway operations to include wake-specific sequencing (e.g.; mandatory 5-6 NM or 2-minute separation for light aircraft behind heavies).Standardize reporting of separation distances and relative altitudes during mixed-traffic vectors.Review radar vectoring tools for automatic wake alerts in mixed traffic.Promote go-around training emphasis for unstabilized approaches in terminal environments.I certify this report is true and accurate to the best of my knowledge. No injuries or damage occurred. Submitting for safety analysis and system improvements.,Reporter stated closure of runways made a wake encounter much more likely; and the wind conditions were a factor also.,,,DA62 pilot reported landing safely after a low altitude upset occurred on short final to TPA when they encountered wake turbulence from the preceding B737.
2289083,202509,1801-2400,GRR.Tower,MI,,,,,,,,,,,,Tower GRR,,Any Unknown or Unlisted Aircraft Manufacturer,,1,,IFR,,,Initial Climb,,Class D GRR,,,,,,,,,,,,,,,,,,,,,,,,,,,,Tower GRR,Air Carrier,Commercial Fixed Wing,,2,Part 121,IFR,Passenger,,Initial Climb,,Class D GRR,,,,,,,,,,,,,,,,,,,,,,,,Facility GRR.Tower,,Government,Supervisor / CIC,Air Traffic Control Fully Certified,,,Training / Qualification; Workload; Communication Breakdown; Confusion,Party1 ATC; Party2 Flight Crew,,2289083,,,,,,,,,,,,ATC Issue All Types; Conflict Airborne Conflict; Deviation - Track / Heading All Types; Deviation / Discrepancy - Procedural Published Material / Policy,,,Person Air Traffic Control,In-flight,Air Traffic Control Issued New Clearance; Air Traffic Control Provided Assistance; Air Traffic Control Separated Traffic; Flight Crew Became Reoriented,Chart Or Publication; Procedure; Human Factors,Chart Or Publication,I was training on Flight Data (FD)/Clearance Delivery (CD)/Ground Control (GC) and issued the clearances and taxi instructions to both aircraft. Based on the configuration of the Tower cab; my On-the-Job Training Instructor (OJTI) was seated closest to the computer at the OS/Controller in Charge (CIC) when the Local Controller asked for the on course heading to JJANN. The fix was not spelled out but instead pronounced similar to the name Jan. The on course heading given by my OJTI was 298 which would have been a right turn off Runway 26R for Aircraft X. Concurrently; Aircraft Y was departing Runway 26L with a first fix of WLTER (a left turn heading 240) allowing more than the required divergence for the two. Aircraft X was told by the Local Controller to turn right on course and Aircraft Y was told to turn left direct WLTER. Aircraft X initially made a right turn observed from the Tower cab which is when the Local Controller switched them to Departure but turned left; toward Aircraft Y after being frequency changed. When the Local Controller saw the conflict; after no longer having either on frequency; he called Departure Controller and asked why Aircraft X was turning left when he was given a right turn and the Departure Controller said on course was left. After that call; my OJTI went to confirm the heading and said JJAMM and spelled out J J A M M and I heard him say M instead of N and verbalized that it was JJANN; which was actually a 209 heading and subsequently a left turn. Other factors; the Local Controller who requested the on course heading was a different controller than the one who issued the takeoff clearances due to normal position rotation and relief briefings. The oncoming controller was briefed the on course heading of 298 during the relief briefing. JJAMM and JJANN sound similar when spoken and even when spelled out (not phonetically) M and N sound similar. Additionally; while the pilot was instructed to turn right on course; they only read back on course and not the turn. Despite significant differences in geographic location; JJANN and JJAMM are similarly named fixes. Additionally; if there is a way with the equipment to have the on course headings from the departure point to the first fix on the flight strip; that would be incredibly useful in the terminal environment.,,,,A Tower Supervisor reported similar fix names JJANN and JJAMM resulted in an airborne conflict between parallel runway departures when one aircraft turned toward the fix opposite direction from ATC's initial heading.
2289967,202509,1801-2400,ZZZ.ARTCC,US,,,,,,,,,,,,Center ZZZ,,SR20,,1,,IFR,,,Initial Climb,,Class E ZZZ,,,,,,,,,,,,,,,,,,,,,,,,,,,,,,,,,,,,,,,,,,,,,,,,,,,,,,,,,,,,,,,Facility ZZZ.ARTCC,,Government,Enroute,Air Traffic Control Fully Certified,Air Traffic Control Time Certified In Pos 1 (mon) 0; Air Traffic Control Time Certified In Pos 1 (yrs) 5,,Communication Breakdown; Situational Awareness,Party1 ATC; Party2 Flight Crew,,2289967,,,,,,,,,,,,ATC Issue All Types; Deviation / Discrepancy - Procedural Clearance; Deviation / Discrepancy - Procedural Published Material / Policy; Inflight Event / Encounter CFTT / CFIT,,,Person Air Traffic Control,In-flight,Air Traffic Control Issued New Clearance,Human Factors,Human Factors,Flight Data called requesting a; IFR clearance for Aircraft X from ZZZ to ZZZ3.  I relayed the clearance to Flight Data with a revised routing VIA ZZZ1.ZZZ [Airway].ZZZ2..ZZZ3.  Flight Data correctly read back this clearance to me; the aircraft was advised released for departure.On departure Aircraft X checked in out of ~2000MSL 'runway heading'.  I found this unusual but assumed it was because they had just lifted off and may not have been in controlled airspace yet.   A few minutes later Aircraft X requested to fly direct ZZZ1.  This confused me further because proceeding direct ZZZ1 was part of the departure clearance.  I told the aircraft that since it was part of their departure clearance; they could make that turn at their discretion.  I did not explicitly clear the aircraft direct ZZZ1 due to still being below the MIA (Minimum IFR Altitude).  After the Aircraft was established direct ZZZ1 and above terrain; I inquired why they were initially flying runway heading on departure instead of turning direct ZZZ1.  The pilot responded that they were cleared to ZZZ1 via radar vectors in their departure clearance (I did not specify radar vectors in the departure clearance).  At that point; after informing management of the discrepancy; I handed off the aircraft to ZZZ approach and transferred communications.Management later informed me that my departure clearance as well as my hearback/readback of the one repeated to Flight Data was correct.  The pilot of Aircraft X incorrectly read back 'radar vectors' to Flight Data and this error was not caught.The root cause was a hearback-readback error during a conversation between Flight Data and the pilot.  I have no recommendations to address the root cause.Addressing a similar situation in the future; I could be quicker to recognize an unusual situation on departure and issue corrective instructions more efficiently.,,,,Air Traffic Controller reported releasing an IFR aircraft that did not fly the assigned route resulting in flight below the Minimum IFR Altitude for that area.
2290480,202509,,ZZZ.Airport,US,,,,,,,,,,,,Tower ZZZ,Fractional,Citation Latitude (C680A),,2,Part 135,IFR,Passenger,Localizer/Glideslope/ILS ILS Z XX,Final Approach,Direct,Class C ZZZ,,,,,,,,,,,,,,,,,,,,,,,,,,,,Tower ZZZ,,Helicopter,,,,,,,,,Class C ZZZ,,,,,,,,,,,,,,,,,,,,,,,,Aircraft X,Flight Deck,Fractional,Captain; Pilot Flying,Flight Crew Air Transport Pilot (ATP),,,Situational Awareness; Communication Breakdown,Party1 Flight Crew; Party2 ATC,,2290480,,,,,,,,,,,,ATC Issue All Types; Conflict NMAC; Deviation - Altitude Excursion From Assigned Altitude,Horizontal 0; Vertical 225,,Automation Aircraft RA; Automation Aircraft TA; Person Flight Crew,In-flight,Flight Crew Took Evasive Action; Flight Crew FLC complied w / Automation / Advisory,Procedure; Airspace Structure; Human Factors,Ambiguous,Nominal flight until XA:00. A traffic alert was issued to us by the control tower while on the ILS Z Runway XX. A helicopter; Aircraft Y; was to pass behind us. Shortly after; a TA advisory was given by our TCAS system. Momentarily; it went away. The helicopter changed course and another TA was given; immediately followed by a RA with 'climb now' instructions. Our lowest reported altitude was 825 ft before taking action (XA:03). Aircraft Y's altitude at this time was 600ft. Only 225ft of vertical separation. We followed RA guidance until clear of conflict and ultimately flew the published missed approach to an uneventful 2nd approach and landing on Runway XX.I called clearance delivery after landing and requested the helicopter's tail number specifically to list in this report. They initially seemed very willing to comply. Then; I was provided with the Tower supervisor's phone number and told to ask him. When I called; he refused to provide the tail number. I said that I found this behavior odd and that I can locate the tail number using flight aware and/or liveATC.Suggestions: ZZZ Tower needs to severely limit helicopter traffic in its approach corridors. This is the SECOND time this year that I have had a helicopter fly directly at my aircraft while approaching ZZZ resulting in a RA. ZZZ Tower should be transparent and provide the tail number for the purpose of these reports. Refusal to provide the helicopter's tail number induces distrust.,,,,Fractional Captain reported an NMAC with a helicopter while on final approach.
2290714,202510,1801-2400,ZZZ.ARTCC,US,,,,10200,,,,,,,,Center ZZZ,FBO,Cessna Stationair/Turbo Stationair 6,,1,,IFR,Passenger,,Cruise,Vectors,Class E ZZZ,,,,,,,,,,,,,,,,,,,,,,,,,,,,,,,,,,,,,,,,,,,,,,,,,,,,,,,,,,,,,,,Facility ZZZ.ARTCC,,,Enroute,Air Traffic Control Fully Certified,Air Traffic Control Time Certified In Pos 1 (yrs) 1,,Time Pressure; Workload,,,2290714,,,,,,,,,,,,ATC Issue All Types; Deviation - Altitude Excursion From Assigned Altitude; Deviation / Discrepancy - Procedural Clearance; Inflight Event / Encounter CFTT / CFIT; Inflight Event / Encounter Weather / Turbulence,,,Person Air Traffic Control,In-flight,Air Traffic Control Provided Assistance; Air Traffic Control Issued Advisory / Alert; Air Traffic Control Issued New Clearance; Flight Crew Requested ATC Assistance / Clarification; Flight Crew Returned To Clearance,Chart Or Publication; Airspace Structure; Weather,Weather,Aircraft X is a C206 that called for a pop-up IFR north of ZZZ just inside ZZZ [Center] airspace. After coordination an IFR clearance was given. After a few minutes Aircraft X was at 110 asked for lower; I advised I was unable for their routing due to terrain; but could give a vector towards lower terrain. Aircraft X requested the vector and it was given. After another few mins Aircraft X asked again for lower; now stating they were encountering icing. By this time they had entered an MIA (Minimum IFR Altitude) of 105; so I issued a decent to 105. Before exiting the 105 MIA Aircraft X descended to 102. I issued a low altitude alert; but forgot to say 'check your altitude immediately'; gave the MIA and when they could expect lower (90 seconds). Aircraft X acknowledged; briefly showed level at 105 before again showing 102. As soon as they were in the next MIA of 100 I issued 100 and then 090 a minute later. Aircraft X was able to exit icing conditions; canceled IFR and remained for flight following with no further issue.I have reviewed and practiced the low altitude alert phraseology for next time. There is a memory aid card at the sector; but its location varies from sector to sector so I did not spend the time to look for it until after the event. A standard location at our facility could be useful.When the aircraft requested lower I believe I did an adequate job explaining how lower could be available and when they could expect it; but always something to keep in mind and improve upon.,,,,A Center Controller reported an aircraft experiencing icing descended below the Minimum IFR Altitude.
2294762,202510,0601-1200,ZZZ.TRACON,US,,20,,4500,,,10,,Daylight,1700,,TRACON ZZZ,FBO,Duchess 76,,2,Part 91,VFR,Training,,Cruise,None,Class E ZZZ,,,,,,,,,,,,,,,,,,,,,,,,Engine,,X,Failed,,,,,,,,,,,,,,,,,,,,,,,,,,,,,,,,,,,,Aircraft X,Flight Deck,FBO,Instructor; Pilot Not Flying,Flight Crew Multiengine; Flight Crew Instrument; Flight Crew Flight Instructor; Flight Crew Commercial,Flight Crew Last 90 Days 180; Flight Crew Total 1020; Flight Crew Type 100,,Situational Awareness; Troubleshooting,,,2294762,,,,,,,,,,,,Aircraft Equipment Problem Critical; Deviation / Discrepancy - Procedural FAR; Deviation / Discrepancy - Procedural Published Material / Policy,,,Person Flight Crew,In-flight,Air Traffic Control Issued New Clearance; Flight Crew Requested ATC Assistance / Clarification; Flight Crew Inflight Shutdown; Flight Crew Returned To Departure Airport,Aircraft,Aircraft,Student and I departed airport for local training flight for multiengine add on. While flying above 4500ft msl we were practicing procedure to shut down; troubleshoot; secure; and air restart an engine. While completing air restart checklist; engine did not come back to life. We decided to completely secure engine and proceed back to the home airport. Able to maintain headings and altitudes with atc and picked up a pop up IFR clearance back into destination while being single engine. Did the ILS XX at ZZZ while being with ATC and tower without declaring an emergency. We used crew resource management to make sure all checklists were completed and briefed what we would do if second engine failed also. Looking back declaring an emergency is something we should have done that we failed to use. After landing we were able to exit the runway and get the left engine back to running for taxi.,,,,Beech BE76 Duchess Flight Instructor reported that an engine; which was shut down for training purposes; failed to restart after training event was completed. A single-engine return to the departure airport was successfully completed.
2298265,202510,1201-1800,ZZZ.Airport,US,,,0,,,,,,,,,Tower ZZZ,,Skyhawk 172/Cutlass 172,,1,,,,,Taxi,,,,,,,,,,,,,,,,,,,,,,,,,,,,,,Tower ZZZ,,PA-28 Cherokee/Archer/Dakota/Pillan/Warrior,,1,,VFR,,,Takeoff / Launch,,Class C ZZZ,,,,,,,,,,,,,,,,,,,,,,,,Facility ZZZ.Airport,,Government,Local,Air Traffic Control Fully Certified,Air Traffic Control Non Radar 11,,Communication Breakdown,Party1 ATC; Party2 ATC,,2298265,Facility ZZZ.Airport,,Government,Flight Data / Clearance Delivery; Supervisor / CIC,Air Traffic Control Fully Certified,Air Traffic Control Non Radar 7,,Workload; Troubleshooting,,,2298266,ATC Issue All Types; Conflict Ground Conflict; Critical; Deviation / Discrepancy - Procedural Published Material / Policy; Ground Incursion Runway,,,Person Flight Crew,Taxi,,Procedure; Airport; Human Factors,Procedure,At approximately XA:30z LC (Local Control) informed me I could cross runway XX at [Taxiway] 1. I responded 'cross runway XX at...with who?'. LC responded 'Aircraft X they're going to [The] Ramp'. I responded 'ah; ok; cross runway XX at 1.'. other aircraft had called for their push/taxi from the terminal.  After issuing their taxi instructions clearance delivery (combined with tower CIC (Controller in Charge)) informed me they could swap the times for the aircraft since the lead aircraft coming out of the terminal had a later time than the trailing.  I informed clearance delivery I had already worked it out with differing taxi instructions for the aircraft to change the order and not to change the times. I believe around this time Aircraft Y had called for their taxi from runway XY at 1. I looked at the local control position; saw the runway XX/XZ crossing memory aid; and issued taxi instructions to Aircraft Y with clearance to cross runway XX at 1 they read them back correctly. Realizing I had no confirmation from Clearance delivery that the previous mentioned aircrafts times were not going be switched I turned back to CD (Clearance Delivery) and verified that he heard me and the times didn't need to be switched. CD told me he didn't switch them and then Aircraft Y  called; sounding fairly shaken; and as I turned back I saw an aircraft midfield departure on runway XY crossing the intersection of runway XY and XX. I looked to LC control and started to ask what was going on and he cut me off informing me that he was aware of his mistake. Aircraft Y said something that I couldn't quite understand. thinking they were angry and asking for the tower number I offered them the number then they said they were waiting for taxi confirmation. So; I continued their taxi via 1;2;3;4 without further incident.Recommendation: No idea. I was told to cross the runway so I crossed the runway. Heavy workload and complexity issues with flow times/departures took all of my attention and I didn't hear LC clear someone for take off on the runway they approved me to cross.,,I was working Controller in Charge and CD (Clearance Delivery) combined. Had been directly monitoring the operation for most of my time; but after some workload for CD had come up; I did not restart directly monitoring LC (Local Control) /GC (Ground Control). I was reviewing flow times and monitoring the outbound flow; when I heard GC talking to Aircraft X when the pilot confirmed that they were cleared to cross RWY XX; as they must have seen an aircraft taking off as they finished crossing. After reviewing what had happened; it appeared that LC gave GC a crossing clearance and got distracted or forgot; and issued a takeoff clearance to Aircraft Y; who departed the runway as the crossing was happening. Recommendation: It would have helped if there was a standalone CIC. Also; Controller in Charge should usually be combined to GC; but at the time it did not seem effective to move the CIC; adding another brief during a busy time.,,Tower controllers reported a miscommunication between ground and local control resulted in a runway incursion and a critical ground conflict.
2298273,202510,1201-1800,ZZZ.TRACON,US,,,,5000,,,,,,,,TRACON ZZZ,,PC-12,,1,Part 91,IFR,,,Cruise,,Class C ZZZ,,,,,,,,,,,,,,,,,,,,,,,,,,,,,,,,,,,,,,,,,,,,,,,,,,,,,,,,,,,,,,,Facility ZZZ.TRACON,,Government,Approach,Air Traffic Control Fully Certified,Air Traffic Control Radar 8,,Communication Breakdown,Party1 ATC; Party2 ATC,,2298273,,,,,,,,,,,,ATC Issue All Types; Airspace Violation All Types; Deviation / Discrepancy - Procedural Published Material / Policy; Inflight Event / Encounter CFTT / CFIT,,,Automation Air Traffic Control; Person Air Traffic Control,In-flight,Air Traffic Control Issued New Clearance,Human Factors; Procedure,Procedure,Aircraft X was a primary only target flying through the airspace appeared level at 050.  Issued the traffic to an Airbus that descending out of 080 for 060 landing ZZZ per our LOA (Letter Of Agreement) with ZZZ approach. I instructed the Airbus to stop at 070 to give some extra altitude to avoid a TCAS. I then realized that the primary only target was on a beacon code so I had handoff the code in the FDIO (Flight Data Input/Output). The flight plan showed IFR from ZZZ1 to ZZZ IFR 050 feet.  That aircraft was now in a 047 MVA but the last 20 miles before that from ZZZ1 from ZZZ approach was 051;060;052 and then 051 again on the MVA. I was never given any info on the aircraft we never took radar on them and ZZZ never called to coordinate. I immediately reached out to the aircraft was then just checking on 6 south west of ZZZ. I asked if they had been cleared IFR from ZZZ approach and they said affirmative; so as they started approaching the 054 MVA I gave them a climb to meet the next MVA. It appeared they were not going to meet that MVA so we got a point out with the tower to turn them east bound keep them climbing and avoid any further altitude issues. During this time Handoff took a call from ZZZ and all the controller said was Aircraft X not sure what happened with him. I vectored the Aircraft X into the left downwind and sequenced him in without any further issues. Complete incompetence and straight disregard for rules and safety on ZZZ approach; they are very aware of our complex air space due to mountainous terrain.    Controllers need to be well rested and in the correct state of mind to continue to work the ever changing and expanding aircraft volume and complexity. There is no reason we should be sitting on position thinking about when our next paycheck will come. Most families have enough personal issues and for the government to just not pay us for the work we are doing is egregious.,,,,A TRACON Controller reported a non-tracked IFR target in their airspace below the MVA that an adjacent facility failed to handoff resulted in a CFTT event.
2298579,202510,0601-1200,GGG.Airport,TX,,,0,,,,,,,,,Tower GGG,Air Carrier,Commercial Fixed Wing,,2,Part 121,IFR,Passenger,,Takeoff / Launch,,Class E GGG,,,,,,,,,,,,,,,,,,,,,,,,,,,,,,,,,,,,,,,,,,,,,,,,,,,,,,,,,,,,,,,Aircraft X,Flight Deck,Air Carrier,Captain; Pilot Not Flying,Flight Crew Air Transport Pilot (ATP); Flight Crew Instrument; Flight Crew Multiengine,Flight Crew Total 6,,Workload; Troubleshooting; Situational Awareness; Communication Breakdown; Confusion,Party1 Flight Crew; Party2 ATC,,2298579,Aircraft X,Flight Deck,Air Carrier,Pilot Flying; First Officer,Flight Crew Multiengine; Flight Crew Instrument; Flight Crew Air Transport Pilot (ATP),Flight Crew Total 1600,,Communication Breakdown; Situational Awareness; Workload; Troubleshooting,Party1 ATC; Party2 Flight Crew,,2298580,ATC Issue All Types; Deviation / Discrepancy - Procedural Published Material / Policy; Ground Incursion Runway; Ground Incursion Taxiway,,,Person Air Traffic Control,In-flight,Flight Crew Requested ATC Assistance / Clarification,Chart Or Publication; Human Factors,Chart Or Publication,My First Officer and I thought the GGG tower was closed based on the information provided on the Jeppesen Info & WX Communications tab; which states the tower is open XB00Z-XR00Z. We did not realize the Jeppesen information did not factor in Daylight Savings Time changes. Therefore; we did not try to get our IFR Clearance to ZZZ on the Tower/Ground frequencies. We pushed at XA04Z and took off at XA15Z. We tried multiple times on the ground to get our clearance to ZZZ on both VHF Comm 1 and 2 on the published frequencies on the 10-9 Airport Diagram (Departure on 128.75; Center on 126.325).At taxi time I asked the First Officer to make the required radio calls on the published UNICOM frequency of 122.95. I thought that the asterisk (*) next to the Ground and Tower frequencies on the 10-9 meant that our required airport movement awareness callouts should be done on the UNICOM frequency (122.95) when the tower is closed. We made all of the required calls on 122.95 and departed VFR. Upon contacting FTW Center on 126.325 once airborne to get our IFR clearance; they sent us to GGG Departure control on 127.325 (not listed on 10-9). That controller told me we had taken off without clearance when the tower was open (which came as a surprise). Upon landing at ZZZ; I called the tower and spoke with the Tower Supervisor. When I told the Supervisor we made all of our required ground calls on the UNICOM frequency; he informed me he had no idea what frequency I was talking about; which surprised me; since it is published on the 10-9 page for the airport.First cause was the fact that the Jeppesen Comm page states the tower does not open until XB00Z. This led to us incorrectly treating the situation as the tower being closed. The second cause was the confusion regarding the use of the published UNICOM frequency vs the CTAF* (Tower) frequency. My understanding came from the Company Flight Operations Manual (FOM); which states; CTAF is a frequency designated for the purpose of carrying out airport advisories practices while operating to or from an airport without an operating Control Tower. The CTAF may be a UNICOM (emphasis added); FSS; or tower frequency and is identified on the Jeppesen airport diagram and/or approach plate.Update all of the Jeppesen Com Pages to reflect the hours of operation for all airports in the database to LOCAL time. This will eliminate the confusion regarding seasonal adjustments made to hours of operation due to Daylight Savings provided in Zulu time. Add clarification to the FOM regarding the meaning of the asterisk (*) next to Ground/Tower/Departure frequencies; when listed on a Jeppesen 10-9; especially when a UNICOM frequency is also published. Add clarification to the FOM as to when pilots should and should not use the UNICOM frequency for required calls when the Tower is closed; specifically when they are both listed on Jeppesen Airport Diagram 10-9 page. Remove the UNICOM frequency from the GGG Jeppesen Airport Diagram 10-9 page if the airport Ground/Tower personnel do not monitor it. Add 127.325 to the GGG Jeppesen 10-9 Departure Control frequencies if this is also a frequency used.,,Flight from GGG to ZZZ.Departed without clearance due to our understanding that the airport was closed as noted on the Jeppesen Info & WX Communications tab; which states the tower is open XB00Z-XR00Z.I attempted to obtain an IFR clearance from Longview Departure (128.75) and Ft. Worth Center (126.325) via 16 radio transmissions.I tried each frequency 2 times on each radio. We then moved the aircraft away from the gate and tried each frequency 2 times on each radio thinking perhaps there was interference from the infrastructure.After getting no response I discussed the situation with the captain to get input on the best course of action. The plan was to make standard CTAF calls on the UNICOM frequency (122.95) and we would get our clearance once airborne. As a new FO; this seemed like a reasonable solution as I have once before departed prior to airport operations and received clearance in flight. Once airborne; we made positive contact with ATC who then advised us of our error.Cause: Confusion about the chart and airport hours. The Jepp chart does not take daylight saving into account.It noted the hours of operation in Zulu time which per our clock (Also in Z) indicated to us that the tower was closed.Suggestions: In hindsight; calling tower or ground even if we believed them to be closed would have prevented this.A better understanding of the time on the chart or a note indicating that this time frame does not account for DST (Daylight Saving Time) would have prevented it.,,Air carrier flight crew reported frequency 127.325 for GGG departure control is not listed as a frequency on their Jepp 10-9 chart and Tower/TRACON operating hours may also be in error. The crew reported they taxied and departed without contacting Tower or Departure Control.
