 ,Time,Time,Place,Place,Place,Place,Place,Place,Place,Environment,Environment,Environment,Environment,Environment,Environment,Aircraft 1,Aircraft 1,Aircraft 1,Aircraft 1,Aircraft 1,Aircraft 1,Aircraft 1,Aircraft 1,Aircraft 1,Aircraft 1,Aircraft 1,Aircraft 1,Aircraft 1,Aircraft 1,Aircraft 1,Aircraft 1,Aircraft 1,Aircraft 1,Aircraft 1,Aircraft 1,Aircraft 1,Aircraft 1,Aircraft 1,Aircraft 1,Aircraft 1,Aircraft 1,Aircraft 1,Aircraft 1,Aircraft 1,Aircraft 1,Aircraft 1,Aircraft 1,Aircraft 1,Aircraft 1,Aircraft 1,Component,Component,Component,Component,Aircraft 2,Aircraft 2,Aircraft 2,Aircraft 2,Aircraft 2,Aircraft 2,Aircraft 2,Aircraft 2,Aircraft 2,Aircraft 2,Aircraft 2,Aircraft 2,Aircraft 2,Aircraft 2,Aircraft 2,Aircraft 2,Aircraft 2,Aircraft 2,Aircraft 2,Aircraft 2,Aircraft 2,Aircraft 2,Aircraft 2,Aircraft 2,Aircraft 2,Aircraft 2,Aircraft 2,Aircraft 2,Aircraft 2,Aircraft 2,Aircraft 2,Aircraft 2,Aircraft 2,Aircraft 2,Aircraft 2,Person 1,Person 1,Person 1,Person 1,Person 1,Person 1,Person 1,Person 1,Person 1,Person 1,Person 1,Person 2,Person 2,Person 2,Person 2,Person 2,Person 2,Person 2,Person 2,Person 2,Person 2,Person 2,Events,Events,Events,Events,Events,Events,Assessments,Assessments,Report 1,Report 1,Report 2,Report 2,Report 1
ACN,Date,Local Time Of Day,Locale Reference,State Reference,Relative Position.Angle.Radial,Relative Position.Distance.Nautical Miles,Altitude.AGL.Single Value,Altitude.MSL.Single Value,Latitude / Longitude (UAS),Flight Conditions,Weather Elements / Visibility,Work Environment Factor,Light,Ceiling,RVR.Single Value,ATC / Advisory,Aircraft Operator,Make Model Name,Aircraft Zone,Crew Size,Operating Under FAR Part,Flight Plan,Mission,Nav In Use,Flight Phase,Route In Use,Airspace,Maintenance Status.Maintenance Deferred,Maintenance Status.Records Complete,Maintenance Status.Released For Service,Maintenance Status.Required / Correct Doc On Board,Maintenance Status.Maintenance Type,Maintenance Status.Maintenance Items Involved,Cabin Lighting,Number Of Seats.Number,Passengers On Board.Number,Crew Size Flight Attendant.Number Of Crew,Airspace Authorization Provider (UAS),Operating Under Waivers / Exemptions / Authorizations (UAS),Waivers / Exemptions / Authorizations (UAS),Airworthiness Certification (UAS),Weight Category (UAS),Configuration (UAS),Flight Operated As (UAS),Flight Operated with Visual Observer (UAS),Control Mode (UAS),Flying In / Near / Over (UAS),Passenger Capable (UAS),Type (UAS),Number of UAS Being Controlled (UAS),Aircraft Component,Manufacturer,Aircraft Reference,Problem,ATC / Advisory,Aircraft Operator,Make Model Name,Aircraft Zone,Crew Size,Operating Under FAR Part,Flight Plan,Mission,Nav In Use,Flight Phase,Route In Use,Airspace,Maintenance Status.Maintenance Deferred,Maintenance Status.Records Complete,Maintenance Status.Released For Service,Maintenance Status.Required / Correct Doc On Board,Maintenance Status.Maintenance Type,Maintenance Status.Maintenance Items Involved,Cabin Lighting,Number Of Seats.Number,Passengers On Board.Number,Crew Size Flight Attendant.Number Of Crew,Airspace Authorization Provider (UAS),Operating Under Waivers / Exemptions / Authorizations (UAS),Waivers / Exemptions / Authorizations (UAS),Airworthiness Certification (UAS),Weight Category (UAS),Configuration (UAS),Flight Operated As (UAS),Flight Operated with Visual Observer (UAS),Control Mode (UAS),Flying In / Near / Over (UAS),Passenger Capable (UAS),Type (UAS),Number of UAS Being Controlled (UAS),Location Of Person,Location In Aircraft,Reporter Organization,Function,Qualification,Experience,Cabin Activity,Human Factors,Communication Breakdown,UAS Communication Breakdown,ASRS Report Number.Accession Number,Location Of Person,Location In Aircraft,Reporter Organization,Function,Qualification,Experience,Cabin Activity,Human Factors,Communication Breakdown,UAS Communication Breakdown,ASRS Report Number.Accession Number,Anomaly,Miss Distance,Were Passengers Involved In Event,Detector,When Detected,Result,Contributing Factors / Situations,Primary Problem,Narrative,Callback,Narrative,Callback,Synopsis
,,,,,,,,,,,,,,,,,,,,,,,,,,,,,,,,,,,,,,,,,,,,,,,,,,,,,,,,,,,,,,,,,,,,,,,,,,,,,,,,,,,,,,,,,,,,,,,,,,,,,,,,,,,,,,,,,,,,,,,,,,,,
2074715,202401,0001-0600,ZZZZ.ARTCC,FO,,,,2000,,VMC,,,,,,,Air Carrier,B737 Undifferentiated or Other Model,,2,Part 121,IFR,Passenger,,Final Approach,,,,,,,,,,,,,,,,,,,,,,,,,,Flap Control (Trailing & Leading Edge),,X,Malfunctioning,,,,,,,,,,,,,,,,,,,,,,,,,,,,,,,,,,,,Aircraft X,Flight Deck,Air Carrier,Captain; Pilot Not Flying,Flight Crew Air Transport Pilot (ATP); Flight Crew Multiengine; Flight Crew Instrument,Flight Crew Last 90 Days 93; Flight Crew Type 1177,,Human-Machine Interface; Situational Awareness,,,2074715,,,,,,,,,,,,Aircraft Equipment Problem Critical; Deviation / Discrepancy - Procedural Published Material / Policy; Inflight Event / Encounter Unstabilized Approach; Inflight Event / Encounter Weather / Turbulence,,,Person Flight Crew,In-flight,Flight Crew Executed Go Around / Missed Approach; Flight Crew Landed in Emergency Condition; Flight Crew Overcame Equipment Problem,Aircraft; Software and Automation; Weather,Aircraft,During Captain OE (Operating Experience); we set up for an autoland into ZZZZ as the weather was 1;200 ft. RVR. After a thorough brief and setup; we decided to land flaps 40 for a little more visibility. During flaps extension on final approach; the pilot monitoring selected flaps to 30掳; then 40掳; and ran the Landing Checklist. At that time the pilot monitoring saw the trailing edge flaps were stuck at 15掳 and verbalized the configuration. The pilot flying spun the speed bug back up so we didn't get too slow and said during the debrief he noticed the PFD's (Primary Flight Display) speed tape looked different that normal; but hadn't realized why until the pilot monitoring called out the failure. A missed approach was executed and [priority handling was requested]. Once the missed was completed and the aircraft stable; the pilot flying continued flying and took radio duties; while the pilot monitoring ran the QRH for Trailing Edge Flaps Disagree. That concluded that the flap handle did nothing to alter the flap position.Because of the weather in ZZZZ; the crew discussed going to the listed alternate airport of ZZZ. However; with the current fuel on board and the flaps stuck extended; decided that would not be prudent as we would land in a very low fuel state. While conducting the QRH; the procedure set us up for a flaps 15 landing. With the weather still at 1;200 ft. RVR in ZZZZ and an autoland required; we elected to use the alternate flap extension system to attempt to get the flaps to 30 as we didn't know how the aircraft would react to a flaps 15 autoland; or even if it would do an autoland at all. We deviated from the QRH to make this happen as it seems the procedure never planned on a requirement of a CAT III autoland after a flap malfunction. The flight attendants were briefed with the brief items; and a passenger announcement was made. Once realigned with final; the flap handle was moved to the 30 detent; the alternate extension was used; and the flaps and slats extended. The pilot monitoring changed the landing speeds to flaps 30 speeds and an uneventful autoland was accomplished on Runway XXL. ZZZZ ARFF (Airport Rescue and Firefighting) was standing by to do an inspection which concluded with no issues and the aircraft taxied to the gate under its own power. The Chief Pilot and Dispatch were called and debriefed.,,,,B737 Captain reported the trailing edge flaps got stuck at 15 degrees during flap extension on final approach. The flight crew performed a go-around; used an alternative solution that deviated from the QRH as it was not applicable; and safely landed.
2075521,202401,0601-1200,ZZZ.Tower,US,,,2500,,,IMC,,,,,,Tower ZZZ,Air Carrier,B737 Undifferentiated or Other Model,,2,Part 121,IFR,Passenger,Localizer/Glideslope/ILS ILS XL,,,,,,,,,,,,,,,,,,,,,,,,,,,Autoflight System,,X,Improperly Operated,,,,,,,,,,,,,,,,,,,,,,,,,,,,,,,,,,,,Aircraft X,Flight Deck,Air Carrier,First Officer; Pilot Not Flying,Flight Crew Multiengine; Flight Crew Instrument; Flight Crew Air Transport Pilot (ATP),Flight Crew Last 90 Days 76.1; Flight Crew Type 76.10,,Communication Breakdown; Situational Awareness,Party1 Flight Crew; Party2 Flight Crew,,2075521,Aircraft X,Flight Deck,Air Carrier,Pilot Flying; Captain,Flight Crew Air Transport Pilot (ATP); Flight Crew Multiengine; Flight Crew Instrument,Flight Crew Last 90 Days 85.4; Flight Crew Type 85.40,,Human-Machine Interface; Confusion; Communication Breakdown; Situational Awareness,Party1 Flight Crew; Party2 Flight Crew,,2075538,Deviation - Speed All Types; Deviation / Discrepancy - Procedural Published Material / Policy; Inflight Event / Encounter Loss Of Aircraft Control; Inflight Event / Encounter Weather / Turbulence,,,Automation Aircraft Other Automation; Person Flight Crew,In-flight,Flight Crew Executed Go Around / Missed Approach,Weather; Software and Automation; Procedure; Human Factors,Procedure,While conducting an ILS CAT2 autoland to Runway XL; the visibility dropped below minimums just outside the FAF. We executed a missed approach; but due to the autopilot not having entered its dual channel mode; the autopilot disconnected. The Captain believed that the horn sounding was due to the autothrottle disconnecting; but it had remained on. As the Captain increased power; overriding the autothrottle; the nose pitched up on its own to a pitch attitude near 15 degrees nose up. I did not see that the Captain was not actively manipulating the control column; and we ran the normal callouts; but the Captain became confused with the aircraft state; believing we were getting slow. The Captain began reducing the thrust against the autothrottle; decreasing our airspeed to just below the amber band. I was attempting to communicate to the Captain that we were slow and we needed to pitch down; but he disagreed. When the 'Airspeed Low' aural warning sounded; I called out UPSET; PUSH; and that seemed to make the Captain realize the aircraft state. The Captain then realized the autopilot was not engaged and took manual control; lowering the nose to a safe attitude. We recovered with no further issues and landed in ZZZ on a different runway.,,ILS Cat 2 to [Runway] XL.  We had gone around once before at Tower's direction due to spacing.  We executed a go around at the FAF due to the RVR going below mins before we got there.  Upon hitting TOGA; the auto throttles kicked off; which I did not expect at the time.  As we were climbing and bringing the flaps up; I turned the auto throttle back on.  The throttles advanced and we started accelerating faster than I wanted; I manually pulled them back and the FO (First Officer) said to watch the speed.  We then went from getting fast to getting slow and the FO made an excellent upset with a push call.  This recaged my brain and I got back into the attitude indicator to push to an appropriate pitch to start accelerating again; while ensuring the throttles were forward.  We leveled off without further incident and continued.  Looking back; I did not realize that the autopilot had also kicked off at TOGA.  On reflection this makes sense as we were still in single channel mode due to the altitude.  Especially since we had already done a go-around where the automation stayed on; I had it in my mind that this one would be the same.,,Air carrier B737 crew reported a low airspeed condition when the Captain was not aware the autopilot disconnected during a go around procedure. First Officer identified the slow energy state; called it out; and the Captain recovered the aircraft and safely completed the go around.
2076177,202401,1801-2400,GRB.TRACON,WI,,,,3000,,IMC,Icing,,,,,TRACON GRB,Personal,Small Aircraft; Low Wing; 1 Eng; Fixed Gear,,,Part 91,IFR,,GPS,Initial Approach,Other Instrument Approach,Class E GRB,,,,,,,,,,,,,,,,,,,,,,,,Manifold Pressure Indication,,X,Malfunctioning,,,,,,,,,,,,,,,,,,,,,,,,,,,,,,,,,,,,Facility GRB.TRACON,,Government,Approach,Air Traffic Control Fully Certified,Air Traffic Control Time Certified In Pos 1 (yrs) 3,,Situational Awareness; Communication Breakdown,Party1 ATC; Party2 Flight Crew,,2076177,,,,,,,,,,,,Aircraft Equipment Problem Critical; Deviation - Track / Heading All Types; Deviation / Discrepancy - Procedural FAR; Deviation / Discrepancy - Procedural Published Material / Policy; Deviation / Discrepancy - Procedural Clearance; Inflight Event / Encounter Weather / Turbulence,,,,,Air Traffic Control Provided Assistance; Flight Crew Requested ATC Assistance / Clarification,Aircraft; Human Factors; Weather,Weather,At XA:XX Aircraft X requested and was cleared for the GPS RWY 14 Approach into 3D2. I (the approach controller) obtained the weather at 3D2 and advised the pilot that there was 1/4 mile visibility and 002 ceiling with fog. They told me thanks for the update and continued with their approach. Just inside the IAF they were switched to advisory frequency and told to report IFR cancellation when able. Upon their missed approach; the aircraft did not fly the missed approach procedure; but instead went under their own navigation and attempted to land at 3D2 for the next several minutes. Approach control attempted several times on frequency and guard to contact the aircraft and obtain their intentions. Finally; when they were unable to land; the pilot climbed to 030 and contacted approach; requesting a GPS approach into ZZZ. Approach informed the pilot that ZZZ also had ceilings reported below GPS minimums and requested intentions. The pilot chose to divert to ZZZ1. The Approach controller issued a vector for the GPSXX into ZZZ1; and shortly thereafter noticed that the pilot seemed to be unable to maintain a vector. The Controller inquired into the condition of the pilot and the aircraft; to which the pilot then reported that at 3D2 they had picked up severe icing and had several equipment malfunctions/failures. The pilot went on to say that the equipment had all come back and they had come out of the icing; but they still had a 'frozen manifold pressure gauge'. The controller asked if they were in an emergency situation and required assistance; to which the pilot declined and said they were able to continue without assistance. The pilot was then told to call GRB TRACON when on deck; to talk more about the situation. The pilot landed at ZZZ1 at XB:XX without further incident; and called at XB:XY. After asking about what happened; the pilot told me that from the point where they began their approach into 3D2; they had begun to pick up ice; and by the time they were overflying the field; they had 'lost everything'. They attempted several times to land; but could not get the field in sight; and eventually climbed and came back to me. Suggestion: I would like pilots to report any unusual or unsafe condition as soon as possible (i.e. icing as soon as they began their approach; major equipment failure) and also to monitor guard if able. The weather reported at the field was well below minimums for the type of approach attempted. I should have issued more a warning against attempting the requested approach; instead of just issuing the reported weather again.,,,,Approach Controller reported an aircraft did not fly the published missed approach and the pilot reported encountering severe icing conditions and several equipment malfunctions/failures while in IMC. Controller vectored pilot to another airport and they landed without further incident.
2076842,202401,1201-1800,ZZZ.Airport,US,352,0.3,,450,,IMC,Fog; Rain; 2,,,500,,Tower ZZZ,Personal,Beech F90,,1,Part 91,IFR,Personal,GPS,Final Approach,Other RNAV Approach,Class D ZZZ,,,,,,,,,,,,,,,,,,,,,,,,Autoflight System,,X,Malfunctioning,,,,,,,,,,,,,,,,,,,,,,,,,,,,,,,,,,,,Aircraft X,Flight Deck,Personal,Pilot Flying; Single Pilot; Captain,Flight Crew Instrument; Flight Crew Multiengine; Flight Crew Commercial,Flight Crew Last 90 Days 60; Flight Crew Total 8000; Flight Crew Type 25,,Human-Machine Interface; Situational Awareness,,,2076842,,,,,,,,,,,,Aircraft Equipment Problem Less Severe; Inflight Event / Encounter Unstabilized Approach; Inflight Event / Encounter Weather / Turbulence; Inflight Event / Encounter CFTT / CFIT,,,Automation Aircraft Terrain Warning; Person Flight Crew,In-flight,Air Traffic Control Issued New Clearance; Flight Crew Executed Go Around / Missed Approach,Human Factors; Procedure; Software and Automation; Aircraft,Ambiguous,Vectored onto an autopilot coupled RNAV XX Approach at ZZZ this afternoon. Conditions were reported as 500 ft. and 2NM (well within approach minimums) on ATIS. Between final ZZZZZ (2NM to Runway XX) aircraft drifted west of course. Missed approach was initiated upon activation of terrain alert on Garmin GNS530W NAV system. Continued via missed approach via published plan; made one turn in hold at ZZZZZ1 before proceeding to ZZZ1 via radar vectors for ILS XYL approach from which normal landing was made. Aircraft is new to me and while the ground based nav systems (ILS/LOC/VOR) appear to be behaving very well there is some 'lag' in the GPS/RNAV autopilot coupled flight mode. Reporting this due to the 'drift' the aircraft experienced without autopilot correcting inside of 2NM from threshold while still in IMC which prompted the go around/missed approach.,,,,BE-F90 pilot reported a terrain warning during final approach in IMC conditions. Pilot performed a missed approach and diverted to the alternate airport and landed safely.
2078864,202312,1801-2400,ZZZ.ARTCC,US,,,,600,,IMC,Fog; Icing,,Night,,,TRACON ZZZ,Air Carrier,EMB ERJ 170/175 ER/LR,,2,Part 121,IFR,Passenger,,Initial Approach,,,,,,,,,,,,,,,,,,,,,,,,,,,,,,,,,,,,,,,,,,,,,,,,,,,,,,,,,,,,,,,,,Aircraft X,Flight Deck,Air Carrier,Captain,Flight Crew Air Transport Pilot (ATP); Flight Crew Instrument; Flight Crew Multiengine,,,Troubleshooting; Workload,,,2078864,,,,,,,,,,,,Aircraft Equipment Problem Critical; Deviation / Discrepancy - Procedural Published Material / Policy,,,Automation Aircraft Other Automation; Person Flight Crew,In-flight,Air Traffic Control Provided Assistance; Flight Crew Diverted; Flight Crew Requested ATC Assistance / Clarification; Flight Crew Landed in Emergency Condition; General Flight Cancelled / Delayed,Aircraft; Human Factors,Aircraft,We had an in flight [priority situation]; AFT CARGO FIRE indication. We diverted to ZZZ knowing that RVR was only 1400 however ATC said other planes were getting in and breaking out at about 600 feet. I  knew 1400RVR would require a CAT2 approach; however; with what ATC said; and the fact that we had a possible in flight fire; I flew the CAT1 ILS XXR into ZZZ as I was more comfortable doing that with everything that was going on and I wanted to expedite our arrival. We saw approach lights at minimums and saw runway threshold lights at 100 feet and continued with the landing. RVR probably was around 1400.[Captain advised]: ATC Notified; Diversion; [priority handling requested].,,,,EMB170 Captain reported receiving an in flight cargo fire indication. Flight crew diverted and landed safely.
2088862,202402,0601-1200,NUQ.Airport,CA,,,,,,,,,,,,,,No Aircraft,,,,,,,,,,,,,,,,,,,,,,,,,,,,,,,,,,,,,,,,,,,,,,,,,,,,,,,,,,,,,,,,,,,,,,,,Aircraft X,,,,,,,,,,2088862,,,,,,,,,,,,Deviation / Discrepancy - Procedural Published Material / Policy,,,,,General None Reported / Taken,Chart Or Publication; Procedure,Chart Or Publication,This report is to document several discrepancies in published approach minimums for ILS or LOC Runway 32R at NUQ (Moffett Federal Airfield; CA). The Jeppesen chart (11-2; 19 JAN 24) depicts the ILS decision altitude at 231 ft. (200 ft. AGL); with a required visibility of 1/2 SM (all categories). The same approach published through the FAA/NOAA (22 FEB 24) depicts the ILS DA (Decision Altitude) at 483 ft. (452 ft AGL); with a required visibility of 7/8 SM (all categories). The missed approach procedures also differ on initial climb altitude (600 ft. Jeppesen versus 700 ft. FAA/NOAA). Finally; the localizer required visibility is published as 1/2 SM (Jeppesen; category A and B) versus 3/4 SM (FAA/NOAA; category A and B). I could not find any NOTAMs that addressed these discrepancies.,,,,Reporter stated there was a discrepancy in the approach minimums and missed approach procedures at NUQ between the Jeppesen and FAA/NOAA charts.
2093066,202403,0601-1200,BWI.Airport,MD,,,0,,,IMC,,,,200,1400,Ground BWI,Air Carrier,Commercial Fixed Wing,,2,Part 121,IFR,Passenger,,Taxi,,,,,,,,,,,,,,,,,,,,,,,,,,,,,,,,,,,,,,,,,,,,,,,,,,,,,,,,,,,,,,,,,Aircraft X,Flight Deck,Air Carrier,Captain; Pilot Not Flying,Flight Crew Air Transport Pilot (ATP); Flight Crew Instrument; Flight Crew Multiengine,Flight Crew Last 90 Days 115; Flight Crew Type 477,,Human-Machine Interface; Confusion; Situational Awareness,,,2093066,,,,,,,,,,,,Aircraft Equipment Problem Less Severe; Ground Event / Encounter Other / Unknown,,,Automation Aircraft Other Automation; Person Flight Crew,Taxi,General None Reported / Taken,Human Factors; Procedure; Software and Automation; Airport,Software and Automation,Taxiing out to [Runway] 15R via Tango; Echo; Papa; as we turned off Papa; onto Echo; prior to Tango; we got a RAAS (Runway Awareness and Advisory System) warning approaching Runway 28." There is no way to get to Runway 28R from where we were. The weather was 200 ft. with 1;400 RVR. With the low visibility; it was momentarily disconcerting to get that warning at that spot and made me question whether I had made a wrong turn in the low visibility environment.",,,,Air carrier Captain reported the aircraft gave an approaching runway warning despite the aircraft being nowhere near the runway; which caused the Captain to think that a wrong turn was made due to the low visibility.
2093964,202403,1801-2400,ZZZ.Airport,US,,,,,,,Rain,,,,,Tower ZZZ,Air Carrier,B737-800,,2,Part 121,IFR,Passenger,,Landing,,Class B ZZZ,,,,,,,,,,,,,,,,,,,,,,,,,,,,,,,,,,,,,,,,,,,,,,,,,,,,,,,,,,,,,,,Aircraft X,Flight Deck,Air Carrier,Pilot Flying; Captain,Flight Crew Air Transport Pilot (ATP); Flight Crew Instrument; Flight Crew Multiengine,,,,,,2093964,Aircraft X,Flight Deck,Air Carrier,First Officer; Pilot Not Flying,Flight Crew Multiengine; Flight Crew Instrument; Flight Crew Air Transport Pilot (ATP),,,,,,2093976,Deviation / Discrepancy - Procedural FAR; Deviation / Discrepancy - Procedural Published Material / Policy; Ground Event / Encounter Ground Strike - Aircraft; Inflight Event / Encounter CFTT / CFIT; Inflight Event / Encounter Weather / Turbulence,,,Person Flight Crew,In-flight,Aircraft Aircraft Damaged,Human Factors; Weather,Human Factors,I was the PF (pilot flying); the FO (First Officer) was the PM (pilot monitoring) on this segment from ZZZ1 - ZZZ. The flight was routine throughout; the only unusual occurrence being we were assigned our slowest practical speed 300 miles out; due to holding in ZZZ. We noted that that was unusual; since the ATIS was few at 2000; 5000 broken; 9000 overcast; winds 150 at 6; 10 miles visibility. There was light rain reported in the ATIS; and a comment of rain showers distant southeast & south. Not an ATIS that would immediately cause one to think the airport was in holding. We asked the last ZZZ Center controller prior to being handed off to Approach Control why they were holding; and he said there was rain 50 miles west of ZZZ. Again; rain 50 miles away seemed not a huge impact; but I thought must be interfering with arrivals from the west; so they are slowing everyone down". Made sense to me. Our assigned STAR was the ZZZZZX; and aside from being assigned a speed of 190 for the entire arrival; the STAR was flown uneventfully as published. When we were at position ZZZZZ1; straight south of the field; the FO commented that he could easily see the airport. We received vectors for a base turn; and the Approach Controller asked if we could see the runway. We both agreed that we could see it; the PAPI and approach lights were clearly visible; and could remain VFR easily all the way to it; so reported we did; in fact; have the runway in sight. The controller cleared us for a visual approach; and assigned us to change over to Tower at approximately position ZZZZZ2. In light of the ATIS; I had the radar on until about the base turn; but since we could see the entire airport; it seemed unnecessary for the approach; and I re-selected the terrain display due to terrain considerations in the event of a missed approach. So far; everything was completely normal and unremarkable. I disconnected the Autopilot at about 4500 AGL. Unfortunately; I don't recall if I had the Autothrottles (AT) engaged or not. The approach progressed completely normally throughout. On final approach; our entire runway; the parallel Runway XL; the terminal - all were completely visible. Everything seemed utterly normal. As we approached the FAF ZZZZZ3; I noticed there was a bit of a fuzzy characteristic to the PAPI and threshold lights; but they remained clearly visible. At no time did the Approach or Tower Controller make any comment about rain or a shower at the runway. The only information we had was the ATIS report of light rain.At approximately 300 feet; a few raindrops began to appear on the windshield. The First Officer said let him know if I wanted wipers. Within a couple of seconds; the rain intensified; and I called for wipers. What happened next was utterly unbelievable. At maybe 120 feet; the rain became a deluge! Water was sheeting up the window; and the wipers were overwhelmed. At maybe 80 feet; I completely lost any depth perception due to the sheets of water rising up the window! I tried to jump back into the HUD guidance; but I was not expecting to need it; as I would in a CAT III situation.There was a total loss of useful visual reference for maybe 4 seconds; but they were; quite literally; the MOST impactful 4 seconds of the flight! We made quite a firm touchdown; had a minor bounce; and then were on the runway and into reverse. It was the worst landing I've ever made in my 3000+ hours on the 73. Being unsure of the status of the auto throttles at this point becomes very consequential. In training; and in the AOM; we discuss the exact scenario where a firm touchdown occurs with the thrust levers not fully at idle; then a bounce; which spins the main wheels up; then retarding the levers to idle; which deploys the ground spoilers; and the classic tail strike occurs. I think that is exactly what happened on this landing - irrespective of the status of the AT engagement; I think the thrust levers did not reach the idle detent in time for the touchdown.During the taxi in; the FO and I discussed whether or not I should make a logbook entry for a hard landing. He said in his previous airline; as a 737 check airman; he had witnessed harder landings than that; and they had always turned out to be; after downloading the FMCS data; well within the limits of the aircraft. I debated with myself about whether or not to make that log entry; but we were on a re-assignment status; with a plane full of passengers and crew already boarded at the next gate over awaiting us pilots. In the subsequent hair-on-fire preparation for that next flight; the consideration of the log entry for that landing was temporarily shuffled to secondary importance.Once we were in the climbout on the next flight; shortly after transition altitude; I looked up the exact verbiage in the AML (Aircraft Maintenance Logbook). It says 'if the pilot believes a hard landing may have occurred; an entry in the AML is required'. Just under that; it discusses thrust need not be added for a 'shallow bounce or skip'. That was our situation on that prior landing; so I felt I had complied appropriately with that guidance. The AML entry; however; I decided needed to be made. I began to compose a message to dispatch requesting the Maintenance team in ZZZ create a logbook deferral sheet item referencing the possible hard landing. Before I completed it however; I checked the routing of the aircraft; and was dismayed to see it was already off the gate and underway on a flight to ZZZ2. I was frankly unsure what to do next. In retrospect; I SHOULD have sent the message to Dispatch; to comply with FOM. Perhaps Maintenance could have arranged for the inspection at ZZZ2. We arrived ZZZ3 45 minutes late; then had an extended wait for ground transportation; and I finally stepped into the hotel room at XA:20; after expecting to be laying over in ZZZ at XR:00 the night before. I was chilled; exhausted; and feeling quite low about my horrible landing; and simply was out of gas for any further action at that point. After arising mid-morning; while getting ready to get on the deadhead flight; I checked the logbook for any issues with the aircraft. None were made; and the it had flown 4 segments; so I assumed all must be OK. I was lulled into the comfort zone of prior discussions about hard landings; both with my current FO and in previous instances of training and conversation; and the fact that most pilot perceived hard landings are; in fact; well within Boeing design limits.After landing from the deadhead segment from ZZZ3 back to ZZZ; I checked the logbook once again; and was sickened to see a logbook deferral sheet item; describing delamination and burn marks forward of the tail skid. I'm pretty certain that is the result of this incident on my flight. At least the aircraft had now been evaluated by Maintenance; and since it has continued operating; it must be within maintenance limits. Nevertheless; I feel absolutely SICK to have been the one to cause ANY level of damage to a company aircraft. I also acknowledge that; due to being well and truly tired; I failed to comply with the FOM reporting requirements.Unforecast and unreported extreme rain shaft at THE worst possible location for our approach.Suggestions: The point I want to reiterate is how completely unexpected the situation was that resulted in this irregular landing. The visual sight picture; the mild ATIS; zero commentary from ATC or other aircraft; all led both of us to believe we were on a completely normal approach. The speed at which the precipitation went from a few drops to overwhelming the wipers and causing total loss of depth perception; at literally a second or two before the flare; was unbelievable. Despite my best efforts to salvage the situation; I ended up with the undesirable aircraft state. The old adage; EVERY approach may end up as a missed approach; certainly is reinforced here. Despite having made thousands of them; the one thousand and first may be the one that bites you; and this one was mine.",,Below 100 ft and just prior to touchdown on Runway XR a sudden water curtain came to us and diminished our visibility even with the with the windshield wipers in high; that caused to lost deep perception of the runway for a few seconds and we touched firmly with a little bounce.Suggestions: Quicker updates on weather by ATC or PIREPS to warn off the last minute adverse conditions.,,B737-800 flight crew reported heavy rain during landing flare resulting in bounced landing and tail strike.
2096377,202403,1201-1800,CHO.Airport,VA,,,,4800,,,,,,,,,Air Carrier,Commercial Fixed Wing,,2,Part 121,IFR,Passenger,,Initial Approach,,Class D CHO,,,,,,,,,,,,,,,,,,,,,,,,,,,,,,,,,,,,,,,,,,,,,,,,,,,,,,,,,,,,,,,Aircraft X,Flight Deck,Air Carrier,First Officer; Pilot Flying,Flight Crew Air Transport Pilot (ATP); Flight Crew Instrument; Flight Crew Multiengine,,,Situational Awareness,,,2096377,Aircraft X,Flight Deck,Air Carrier,First Officer; Pilot Not Flying,Flight Crew Multiengine; Flight Crew Instrument; Flight Crew Air Transport Pilot (ATP),,,Situational Awareness,,,2096384,Deviation / Discrepancy - Procedural Published Material / Policy; Inflight Event / Encounter CFTT / CFIT,,,Automation Aircraft Terrain Warning,In-flight,Flight Crew Became Reoriented; Flight Crew Took Evasive Action; Flight Crew Returned To Clearance,Environment - Non Weather Related; Human Factors,Human Factors,Flying on a 030 heading at 5000 ft.; turning towards the ECEUS we started our shallow descent to meet ECEUS at 3400. The crossing altitude was 4300. At 4800 we were given a RA terrain pull up warning. I hit the TCS (Touch Control Steering); leveled the aircraft. The warning stopped and we continued the approach.Cause: Early descent. Suggestions: Start the descent later.,,RNAV Approach 21 was cleared visual in right downwind at about 4800 ft. MSL Set next altitude to 3400 for ECEUS. That's when terrain alert came up in the base turn.Cause: Early descent. Suggestions: Treat all visuals with approach minimums.,,Air carrier flight crew reported receiving a terrain warning to pull up due to too early of a descent during initial approach.
2107350,202404,1201-1800,ZZZ.Airport,US,,3,,700,,Mixed,Haze / Smoke; 6,,Daylight,1300,,Tower ZZZ,Corporate,Gulfstream G100/G150 (IAI 1125 Astra),,2,Part 91,IFR,Passenger,,Final Approach,Other RNAV Y XX,Class D ZZZ,,,,,,,,,,,,,,,,,,,,,,,,,,,,,,,,,,,,,,,,,,,,,,,,,,,,,,,,,,,,,,,Aircraft X,Flight Deck,Corporate,Pilot Flying; Captain,Flight Crew Air Transport Pilot (ATP); Flight Crew Flight Instructor,Flight Crew Last 90 Days 68; Flight Crew Total 7432; Flight Crew Type 180,,Human-Machine Interface; Situational Awareness; Confusion,,,2107350,Aircraft X,,Corporate,First Officer; Pilot Not Flying,Flight Crew Multiengine; Flight Crew Instrument; Flight Crew Flight Instructor; Flight Crew Air Transport Pilot (ATP),Flight Crew Last 90 Days 71.7; Flight Crew Total 9241.1; Flight Crew Type 2791.1,,Situational Awareness; Human-Machine Interface; Confusion,,,2107331,Deviation - Altitude Excursion From Assigned Altitude; Deviation - Altitude Overshoot; Deviation / Discrepancy - Procedural Clearance; Deviation / Discrepancy - Procedural Published Material / Policy; Inflight Event / Encounter CFTT / CFIT; Inflight Event / Encounter Unstabilized Approach,,,Automation Air Traffic Control; Person Flight Crew,In-flight,Air Traffic Control Issued Advisory / Alert; Flight Crew Executed Go Around / Missed Approach,Human Factors; Weather,Human Factors,On Day 0; I was pilot in command (PIC) and pilot not flying (PNF) flying the first of a 3-leg day; when I experienced a deviation from the expected vertical flight path on final approach to ZZZ on the RNAV Y XX approach. The weather was 1300' ceiling and 6 miles visibility in haze. The approach minimums are an 1100-ft ceiling and 4 miles visibility.The flight was procedurally normal and uneventful until our final vector to join the approach at 2000' MSL a few miles outside of the FAF at ZZZZZ. The controller asked us to maintain 170 kts to the FAF and cleared us for the approach. I elected to keep the Autopilot coupled for the approach.While in HDG and ALT hold modes; the course centerline had been extended from ZZZZZ for vectors to join; and the appropriate modes armed for the approach (LNAV; VNAV; and APCH buttons selected). All appeared normal. VPATH vertical mode became active slightly before the lateral course needle centered; but I did not perceive this as unusual given that we were only a few miles from ZZZZZ with 500 ft to descend before crossing the fix.At 2 miles prior to ZZZZZ; the vertical mode changed to VGP; which is normal for an FMS-based approach. The waypoint flashed on the Primary Flight Display (PFD); indicating we were about to pass over the fix. I called for gear down and the landing checklist; while reducing power to slow from 170 KIAS to my final approach speed of 124 KIAS. Full flaps were set once the gear was down. My attention was focused upon the configuration and speed change; and I did not note the crossing altitude as I passed the FAF; but both pilots did confirm the FMS was in VGP mode for the final approach; and per normal procedure; the initial missed approach altitude was set in the altitude selector.The airplane exited clouds at 1300 MSL; only 200 feet above DA. My PNF was completing the landing checklist; but I wanted to visually sight Runway XX before the avionics called 'Minimums.' When I looked up I recall two things: 1) I had a difficult time seeing the runway through the haze. There is no approach light system to this runway; but I did sight it after a few seconds. 2) Once I found the runway; I realized that the sight picture didn't seem right. I thought to myself this looks low. I immediately looked back at the flight instruments; but I experienced confusion with the vertical path needle showing full scale HIGH deviation; the exact opposite of what I thought I was seeing visually. The Autopilot had not pitched down excessively to 'chase' the needle; but I realized something had gone wrong with the approach. We were about 600-700' MSL and in visual conditions; but too far from the runway threshold for this altitude. Before I could get the words out of my mouth; the Tower Controller advised us; 'Low altitude alert; Go Around.' I immediately pressed the Go Around button on the yoke; and the flight director cycled modes correctly. We executed the go-around normally; and we were vectored back for the same approach. This second attempt was also flown coupled; this time with no issues. We landed uneventfully from the second approach. I am uncertain as to what might have been overlooked in the FMS legs page when we loaded; briefed; and subsequently attempted to fly this approach; but I cannot dismiss the possibility that I may have missed something.,,We were on a flight from ZZZ1 to ZZZ I was the second in command (SIC) and pilot not flying (PNF) for the flight. The flight seemed normal until inside the FAF on the RNAV (GPS) Y XX into ZZZ where we ended up low on the approach and Tower gave us an altitude alert and told us to go around. Prior to top of descent from cruise the pilot in command (PIC) and I decided to get the D-ATIS from ZZZ. The PIC and I were wanting to get everything set up for the approach early du to arriving into busy airspace. The ATIS said the ILS XX was in use; I think the ceiling reported was 700ft. I loaded the ILS XX approach for ZZZ into the FMS and the PIC briefed the approach. The PIC had me accomplish the appropriate checklists on our descent and arrival. which I did. Once we had been told to descend to another step down altitude; ATC advised there was a new ATIS. I received the new D-ATIS at ZZZ; weather had improved to 1300OVC and 6HZ. The RNAV (GPS) Y XX was now in use. The PIC had me load the RNAV (GPS) Y XX into the FMS and had me set into our refs 1100ft for the LNAV/VNAV minimums (we are not WAAS equipped). We then briefed the RNAV (GPS) Y XX approach. Everything seemed to be set up properly. PIC called for; and I accomplished the appropriate checklists for the continued descent and arrival. ATC then began vectoring us for the RNAV approach. The PIC had me extend the centerline off of ZZZZZ (the final approach fix); as we could see we were being vectored to final inside of ZZZZZ1. The PIC said he was planning on flying the approach on Autopilot. The PIC called for Slats/Flaps 12 setting up for the approach. I selected slats and flaps as requested. ATC gave us a turn to intercept final and told us to maintain 2000ft until established; maintain 170kts to ZZZZZ; we were cleared the RNAV (GPS) Y XX approach into ZZZ; and contact Tower. I could see our position seemed to be correct by looking at our moving map on the MFD as well as selecting the approach plate on the MFD and seeing our position. The PIC called for Flaps 20; which I selected and confirmed set. I saw the Autopilot was intercepting the final approach course and the Autopilot was starting us down to 1500ft. I saw 1500ft to the right of my altitude selector showing that that GPS had the correct crossing altitude at ZZZZZ. The PIC asked me to set our minimum of 1100 in the altitude alerter and he had selected approach mode. I contacted Tower and told them we were just outside ZZZZZ inbound on the approach. Tower then cleared us to land. We had intercepted final and crossed ZZZZZ at approximately 1500ft. The PIC advised that VGP was now active; and asked me to set the initial missed approach altitude of 1500ft. The aircraft appeared to be descending normally. I double checked that we were in VGP mode and once confirmed; I set the missed approach altitude to 1500ft. I was starting to see ground directly below and ahead of the aircraft as we were coming out below the cloud bases. The PIC called for gear down and the remainder of the before landing checklist. A couple moments after I called three green and while I was still completing the checklist; ATC advised we appeared to be low; check our altimeters set to 29.91. I checked all 3 altimeters and verified they had in fact been set correctly. I looked out the front and saw the runway; and that we were lower than we should be for the distance. The PIC had already started correcting altitude; then ATC told us to go around; climb to 2000ft; turn right to 270 degrees and contact Departure. PIC called for the Go around checklist which we accomplished. We got vectors around; reloaded the approach and completed the remainder of the flight normally. The PIC stated that after looking for the runway; and getting it in sight; we appeared low; he looked back in and saw the Autopilot was descending us too low for our distance from the runway; he had disconnected the Autopilot and stopped the descent about the time the controller had asked about our altimeter settings. I feel we must have missed something when we originally set up the approach that made the Autopilot think we needed to descend steeper than normal on final.,,G-150 pilots reported an unstabilized approach and altitude warning from ATC while on final approach. The crew also determined they were low on the approach when breaking out from cloud bases; performed a go around; then returned for a safe landing.
2112360,202404,1201-1800,MMTL.Airport,FO,,,,4000,,,,,Daylight,,,Tower MMTL,Air Carrier,Commercial Fixed Wing,,2,Part 121,IFR,Passenger,GPS,Initial Approach,Direct,,,,,,,,,,,,,,,,,,,,,,,,,,,,,,,,,,,,,,,,,,,,,,,,,,,,,,,,,,,,,,,,Aircraft X,Flight Deck,Air Carrier,First Officer; Pilot Not Flying,Flight Crew Air Transport Pilot (ATP); Flight Crew Multiengine; Flight Crew Instrument,,,Distraction; Human-Machine Interface; Situational Awareness; Communication Breakdown,Party1 Flight Crew; Party2 Flight Crew,,2112360,Aircraft X,Flight Deck,Air Carrier,Captain; Pilot Flying,Flight Crew Multiengine; Flight Crew Air Transport Pilot (ATP); Flight Crew Instrument,,,Situational Awareness; Human-Machine Interface; Distraction; Communication Breakdown,Party1 Flight Crew; Party2 Flight Crew,,2112353,Deviation - Altitude Overshoot; Deviation - Altitude Crossing Restriction Not Met; Deviation / Discrepancy - Procedural Weight And Balance; Deviation / Discrepancy - Procedural Published Material / Policy; Deviation / Discrepancy - Procedural Clearance; Inflight Event / Encounter CFTT / CFIT; Inflight Event / Encounter Fuel Issue,,,Person Flight Crew,In-flight,Flight Crew Took Evasive Action,Software and Automation; Human Factors,Human Factors,During descent into MMTL around 15;000 ft. MSL; cleared to 10;000 ft. MSL; the Captain (CA) Pilot Flying (PF) was concerned about landing weight; so they had the aircraft configured; slowed; with gear and speed brakes extended. Vert Speed was selected to shallow the descent to get configured. We were subsequently given direct OTUSO; cleared for the RNP Runway 12. The CA changed the altitude window to approach minimums (600) but did not reengage VNAV. I was distracted with the cabin PA; before landing checks; and frequency changes; and once I looked up from those tasks; I noticed out the window that we were lower than I mentally expected. I commented; we seem low" and looked inside at the PFD. I saw we were below the next fix altitude (OTUSO at 4;000; 15ish miles away) and descending. I said "we need to climb;" and the CA initiated a climb back to 4;000. We landed uneventfully and debriefed. Cause: Channelized attention on the overweight concern; and departure from normal habit patterns to cope with burning weight led to the excursion. Task saturation on my part led me to miss the altitude window change/non-VNAV and delayed noticing the excursion. Additionally; this was the first trip to MMTL for both of us; and communication was challenging; increasing perceived task load. Suggestions: Task prioritization and better crew communication when doing non-standard things.",,During cruise it became obvious that we were going to arrive above max landing weight. Well prior to descent I chose to turn on the APU to start reducing landing weight. During descent we were told to plan for the RNP to Runway 12. We were subsequently cleared the approach. I set up the LNAV/VNAV for the approach and set the MDA for the approach. Still concerned about the landing weight; I selected Vert Speed and shallowed the approach to burn more fuel. Concerned about the weight I allowed the aircraft to descend below the altitude restriction at OTUSO. The First Officer (FO) stated that we were low. I immediately added power and climbed back to 4000 feet and continued the approach and landed without incident. Cause: Distraction due to concern about fuel/landing weight.,,Air carrier crew reported an altitude deviation while on initial approach resulting in descent below the published altitude. The First Officer recognized the low altitude and the Captain initiated a climb and continued to a safe landing.
2115960,202404,0601-1200,ZZZ.Airport,US,,1.5,75,,,Mixed,3,,Daylight,600,,,Commercial Operator (UAS),DJI Mavic Undifferentiated,,2,Part 107,,Photo Shoot / Video,,Hovering (UAS),,,,,,,,,,,,,,N,,,Small,Multi-Rotor,,Y,Manual Control,Natural Disaster; Open Space / Field; Private Property,,Purchased,Number of UAS 1,,,,,,,,,,,,,,,,,,,,,,,,,,,,,,,,,,,,,,,,Outdoor / Field Station (UAS),,Commercial Operator (UAS),Person Manipulating Controls (UAS); Remote PIC (UAS),Flight Crew Commercial; Flight Crew Flight Instructor; Flight Crew Instrument; Flight Crew Remote Pilot (UAS); Flight Crew Multiengine,Flight Crew Last 90 Days (UAS) 10; Flight Crew Total 3500; Flight Crew Total (UAS) 500; Flight Crew Type (UAS) 50,,Situational Awareness,,,2115960,,,,,,,,,,,,Inflight Event / Encounter Weather / Turbulence,,,,In-flight,Flight Crew Landed As Precaution,Weather,Weather,I was operating a UAS for the purpose of news gathering in a weather damaged area. Upon arrival at the location at approximately XA:00; my observation was that the weather was below minimums estimated at less than 1/2 SM visibility in mist with the sky obscured. No nearby METARS were available. I waited approximately 1 1/2 hours when daylight arrived and clearing began to occur. Based on my ground observation and visibility of a nearby tower; and with clear skies directly above I elected to launch the UAS. Law enforcement and at least one other news gathering UAS did the same. At an altitude of ~75 ft. AGL; when panning in all directions and using the live feed from the UAS camera as a guide; I believed that I had met the minimum requirements of cloud clearance and visibility. However the conditions quickly lowered again and I landed the UAS. The other UAS I observed also landed after I did. Later; the weather improved remarkably and further flights were not questionable. With a very limited view of the horizon due to local obstructions; lack of a nearby METAR and PIREPS we are often faced with situations where best judgement on weather estimation is all we can do. In my case; with the weather conditions at the time; I remained within 200 ft. of the launch point and went no higher than 75 ft. AGL. The live camera feed was helpful in determining visibility as I could clearly see the rotating beacon at ZZZ as well as distinguish obstacles in the distance. A ceiling requirement at my altitude of 75 ft. AGL would have been 600 ft. and it was very difficult if not impossible to judge that. From a safety standpoint however; there would not have been any chance of interfering with another aircraft and the visual observer I had with me always had visual contact with the other two UAS.,,,,Part 107 UAS pilot reported they were flying during times of intermittent VFR weather conditions. The UAS crew chose to land and wait for better weather.
2115976,202404,0601-1200,DAL.Airport,TX,,,100,,,IMC,0.25,,Daylight,100,,Tower DAL,Air Carrier,Commercial Fixed Wing,,2,Part 121,IFR,Passenger,,Final Approach,,Class B DAL,,,,,,,,,,,,,,,,,,,,,,,,,,,,,,,,,,,,,,,,,,,,,,,,,,,,,,,,,,,,,,,Aircraft X,Flight Deck,Air Carrier,Captain; Pilot Flying,Flight Crew Instrument; Flight Crew Air Transport Pilot (ATP); Flight Crew Multiengine,Flight Crew Last 90 Days 115; Flight Crew Type 7200,,,,,2115976,,,,,,,,,,,,Deviation / Discrepancy - Procedural Published Material / Policy; Ground Event / Encounter Ground Equipment Issue; Inflight Event / Encounter Weather / Turbulence,,,Person Flight Crew,In-flight,Flight Crew Executed Go Around / Missed Approach,Airport,Airport,Insufficient airport runway lighting system to land from a CAT II SA (Special Authorization) approach. DAL Airport was reporting fog with an RVR of 2200. We were cleared the SA CAT II approach for Runway 13L; mins for this approach are RVR 12/X/3. Briefings and the approach were nominal. Reaching the RA DH of 144 ft. (100 ft. AGL) we couldn't see the runway environment; despite the RVR of 2200; almost twice the mins required for the approach. Executed a go-around and was vectored for another attempt. On the second approach attempt we saw the MALSR lighting at mins and landed. During this time period; several other Company aircraft attempted the approach as well; resulting in go-arounds.This is the second 'real world' ILS CAT II SA approach that I have flown down to mins; the other being at LGA a couple years ago. Both approaches have resulted in uncomfortable landing situations; for the airfield's runway lighting system is not the normal ALSF-II used for such low visibility approaches - hence the SA in the title of the approach. Regular; non-SA CAT II approaches feature an ALSF-II system; which provides the basic means to transition from instrument flight to visual flight for landing. The MALSR lighting system installed at DAL; especially during daylight; did not provide adequate visual cues to safely transition from a CAT II instrument approach to visual landing. One of the principles of risk management is accept no unnecessary risk." Multiple aircraft that morning in DAL executed an approach in IMC down to 100 ft.AGL with inadequate airport runway lighting; thinking they had the mins to safely execute the approach. All of us had to execute a go-around at less than 100 ft. AGL; a high-risk situation. With my experience in our simulators; I don't think the SIM models what we saw in these CAT II SA approaches.Is the CAT II SA approach really worth the risk? I would recommend an in-depth study of these approaches through the lens of risk management. Would a study possibly recommend the elimination of these SA approaches from our OpSpecs? Keep the CAT II approaches to the runways equipped with the appropriate lighting; ALSF-II; which would definitely increase safety and reduce risk?",,,,Air carrier Captain reported the MALSR lighting system at DAL; especially during daylight; does not provide adequate visual cues for SA CAT II instrument approaches. The flight crew; along with other aircraft in the area; had to perform go-arounds for the same approach.
2122424,202405,0601-1200,ZZZZ.ARTCC,FO,,,,7600,,,Haze / Smoke,,,,,Tower ZZZZ,Air Carrier,B737-800,,2,Part 121,IFR,Passenger,,Initial Approach,,,,,,,,,,,,,,,,,,,,,,,,,,ILS/VOR,,X,Malfunctioning,,,,,,,,,,,,,,,,,,,,,,,,,,,,,,,,,,,,Aircraft X,Flight Deck,Air Carrier,Pilot Flying,Flight Crew Multiengine; Flight Crew Instrument; Flight Crew Air Transport Pilot (ATP),,,Time Pressure; Situational Awareness; Other / Unknown; Human-Machine Interface,,,2122424,Aircraft X,Flight Deck,Air Carrier,Pilot Not Flying,Flight Crew Instrument; Flight Crew Multiengine; Flight Crew Air Transport Pilot (ATP),,,Situational Awareness; Distraction; Human-Machine Interface,,,2122824,Aircraft Equipment Problem Less Severe; Deviation - Speed All Types; Deviation / Discrepancy - Procedural Published Material / Policy; Inflight Event / Encounter CFTT / CFIT; Inflight Event / Encounter Unstabilized Approach,,,Automation Aircraft Terrain Warning,In-flight,Flight Crew Took Evasive Action; Flight Crew Returned To Clearance; Flight Crew Became Reoriented,Software and Automation; Human Factors; Aircraft; Weather,Human Factors,After being cleared direct to the IAF for the ILS Z XXR around ZZZZZ (ZZZZZ1 X STAR) I was a little high on the path and selected LVL CHANGE to get back to the path. While slowing and configuring to configure early prior to the IAF; I failed to go back into VNAV. As I crossed ZZZZZ2 (IAF) it looked like I crossed just a bit low which had me scratching my head because the Flight Director (FD) was centered (I did not verify the Flight Mode Annunciator (FMA)... of course it would because I was in VNAV SPD). Somewhere in this area; I assumed I was in VNAV and on the PATH so I selected the approach mins (7600') since I was planning to select the ILS after rolling out on final due to -7 note. Passing ZZZZZ3 as I rolled out on final; I realized I was below the FAF altitude and started to analyze. As I rolled out I got the 1000' call out & GLIDE SLOPE WARNING... I thought I recalled hearing 'ALTITUDE' in the aircraft. I immediately disconnected the Autopilot and brought my nose up to stop the descent and climb back toward the FAF alt. I recaptured the glidepath and made an uneventful landing. Felt like I was stable by 500'. EFB replay showed some deviation below 500 and a long landing. Hindsight... while it didn't feel rushed; a go-around was probably in order.Cause: Desire to expedite back to path and configure early while feeling a bit overconfident how well everything was going at the time; led to a moment of complacency where I failed to return to VNAV. In addition; failure to verify and monitor the FMA resulted in losing track of my Autopilot mode. Trying to find the runway in the haze prior to making the turn to final also played a role in me missing my Autopilot state. BL: No excuse. A touch of complacency had cascading effects.Suggestions: Embarrassingly; it is really about the basics and not getting complacent. Automation management is key. The FMA will tell you what it's doing. Also; when something doesn't seem right; it probably isn't. I should have been more deliberate in monitoring the crossing altitudes. I also should have verified VNAV... VNAV PATH... Cleared for the approach prior to setting the altitude window.,,Flying the RNAV to XXR; we are on the arc to intercept the ILS XXR. Approximately; 10 miles from the runway as we are intercepting centerline; we have no raw data for the ILS which is unusual for ZZZZ. I'm checking our frequency's I look back at my display; the magenta triangle is ~ 340 feet below the RNAV path; I look for ILS raw data (none seen); the I saw we are at 135 kts.; 20 kts. slow for our configuration. I said add power; First Officer (FO) added max power; then I command nose down to increase speed. ILS data came in shortly after. We were stable on glide path 1.5 miles from the final app fixCause: As pilot monitoring (PM); I should have been more concerned about the RNAV arrival and not so much about the ILS raw data.Suggestions: Concentrate on the RNAV; don't worry about the ILS data. If the weather has poor visibility; go around via RNAV approach minimums鈥ith no ILS I should have said.,,B737-800 flight crew reported receiving low altitude and glide slope warnings during approach. Flight crew climbed back to correct altitude and continued approach to landing.
2123322,202405,1801-2400,ZZZ.Airport,US,,,,1500,,VMC,,,Night,,,TRACON ZZZ,Air Carrier,B737 Undifferentiated or Other Model,,2,Part 121,IFR,Passenger,,Final Approach,,Class B ZZZ,,,,,,,,,,,,,,,,,,,,,,,,,,,,,,,,,,,,,,,,,,,,,,,,,,,,,,,,,,,,,,,Aircraft X,Flight Deck,Air Carrier,Captain; Pilot Flying,Flight Crew Instrument; Flight Crew Air Transport Pilot (ATP); Flight Crew Multiengine,Flight Crew Last 90 Days 32.58; Flight Crew Type 522.37,,Human-Machine Interface; Workload,,,2123322,Aircraft X,Flight Deck,Air Carrier,Pilot Not Flying; First Officer,Flight Crew Air Transport Pilot (ATP); Flight Crew Instrument; Flight Crew Multiengine,Flight Crew Last 90 Days 175.2; Flight Crew Type 235.87,,Situational Awareness; Human-Machine Interface,,,2123304,Deviation - Altitude Crossing Restriction Not Met; Deviation / Discrepancy - Procedural Clearance; Deviation / Discrepancy - Procedural Published Material / Policy; Inflight Event / Encounter CFTT / CFIT,,,Person Air Traffic Control,In-flight,Air Traffic Control Issued Advisory / Alert; Flight Crew Became Reoriented; Flight Crew Took Evasive Action,Human Factors,Human Factors,I was pilot flying and we were on the ZZZZZ X arrival ; and set up for the ILS XXL approach into ZZZ. We were on the approach frequency at the time of the occurrence (frequency XXX.XX I think); just passing through ZZZZZ1 level at 3000 ft. After passing through ZZZZZ1 at 3000 ft.; the controller said '4Aircraft X; you're cleared for ILS Runway XXL'. Once we were cleared for the approach; I asked my First Officer to dial in final approach fix altitude (1500 ft.); he then put in 1500 ft. and we both acknowledged the altitude change by saying '1500 feet set'. I then hit Level Change and we descended to 1500 ft.; prior to reaching ZZZZZ2 (3000 ft. restriction) on the approach for Runway XXL. We were also setup for the CAT III approach for this approach because of the ceilings were lower than CAT I mins (OVC002; VIS 1 3/4 mile). The workload at the moment was a bit more than normal; and it was at night. I realized my mistake once the controller came back on the frequency and asked why we were descending below altitude restrictions for that approach. Once he told us of my mistake; we apologized to the controller for it and I realized what I had done wrong immediately; he then suggested that we climb 500 ft.; and I asked my FO to dial the altitude up to 2000 ft.; and we both responded '2000 feet set'; and we climbed to 2000 ft. immediately. Being that the workload was already high; and we were now established on the approach; I decided to level off at 2000 ft. instead of climbing back up to the 3000 ft. restriction that we should have been at initially for that portion of the approach. Although the ceilings were calling for OVC002 over the airport; at that moment in time; from the time we were cleared for the approach; we were in visual conditions and were clear of any terrain/obstacles. We stayed on the approach at 2000 ft. as we intercepted the LOC and until we intercepted the GS. Once we were established on the LOC and GS; we commenced the approach for a CAT III ILS for Runway XXL into ZZZ. Other than my mistake of breaking an altitude restriction on the approach; everything else was safe and conducted as planned and briefed. We then landed safely on Runway XXL and taxied to our gate. I never once felt we were in any harm or I would have chosen to go-around and retry the approach again.,,On approach into ZZZ; at approximately 20 miles; Approach Control cleared the flight for the ILS to Runway XXL. Weather was 200 ft. overcast with 1 3/4 miles visibility so the Captain; who was pilot flying; briefed a cat III approach. The IMC layer was between 200 and approximately 700 ft. When cleared for the approach; the Captain verbalized that he was going to hold off on arming the approach until the aircraft was closer to the field. At approximately 16 miles he verbalized and armed the approach. I acknowledged and armed Autopilot B as the second autopilot which is required for the cat III approach. He then asked me to set final approach altitude and I set 1500 ft. for the final approach fix altitude at ZZZZZ3 when we were between ZZZZZ1 and ZZZZZ2. The Captain verified the altitude. I failed to notice the flight was in level change mode and assumed we were protected in VNAV. At that point my attention shifted to reviewing the autoland procedure in the flight manual to ensure switches were correct for the cat III autoland. The plane started to descend immediately and I did not register the early descent. At 1500 ft. in the vicinity of ZZZZZ2; Air Traffic Control (ATC) asked what altitude we were at; to which I responded '1500 feet' immediately recognizing the altitude restriction of 3000A at ZZZZZ2. ATC recommended we immediately climb at least 500 ft. which the Captain did immediately. Glideslope was intercepted at 2000 ft. at ZZZZZ4 and the rest of the approach was flown without incident.,,B737 flight crew reported descending well below a fix crossing altitude during approach. Flight crew climbed and leveled off until glide slope intercept and continued descent.
2123805,202405,0601-1200,HWD.Airport,CA,,9,,2400,,Mixed,10,,Daylight,2800,,TRACON NCT,Personal,Small Aircraft; Low Wing; 1 Eng; Retractable Gear,,1,Part 91,IFR,Personal,,Final Approach,Vectors,Class D HWD; Class E NCT,,,,,,,,,,,,,,,,,,,,,,,,,,,,,,,,,,,,,,,,,,,,,,,,,,,,,,,,,,,,,,,Aircraft X,Flight Deck,Personal,Pilot Flying; Single Pilot,Flight Crew Commercial; Flight Crew Instrument; Flight Crew Multiengine,Air Traffic Control Supervisory 11; Flight Crew Last 90 Days 135; Flight Crew Total 1985; Flight Crew Type 798,,Situational Awareness,,,2123805,,,,,,,,,,,,Deviation - Altitude Crossing Restriction Not Met; Deviation - Altitude Overshoot; Inflight Event / Encounter CFTT / CFIT,,,Person Air Traffic Control,In-flight,Air Traffic Control Issued Advisory / Alert; Flight Crew Became Reoriented; Flight Crew Returned To Clearance; Flight Crew Took Evasive Action,Human Factors,Human Factors,Before the flight I had thoroughly briefed the weather; approach and the airport. It was MVFR with a thin layer of overcast. Although I had never been to HWD; I fly almost daily from ZZZ (and fly over HWD during my typical approaches to ZZZ.) I was being vectored for the RNAV 28L approach from the NE via a series of right turns from 5000'. After a number of turns to the right; I was instructed to turn to 260 and join the approach course at 4500'. I was then issued a traffic advisory for traffic at 3500'. Shortly thereafter I was instructed to descend and maintain 4000'. At this point - for some reason unbeknownst to me - when I selected the 4000' altitude and commanded VS (Vertical Speed) down in my autopilot; the autopilot began to climb. I verified that all settings and inputs were correct. I decided to disengage the automation and hand fly the approach. However; given the traffic and automation distraction - and the fact that this was the first time I'd flown into this airport - I didn't have full situational awareness of my position relative to the final approach fixes. (Note that I'd never heard a call like 'expect vectors to <fix name>' from ATC). As I tried to determine the altitude that I SHOULD be at I flew through the inbound approach course. I was then issued an instruction to 'turn right to 310 and intercept the approach course.' I was then cleared for the RNAV 28L. Approximately 45 seconds later I was issued a 'low altitude alert' and that 'MVA in my area is 3400'. I was then asked if I was on the RNAV; which I confirmed; and was told to contact Tower. Shortly before the alert; I had broken out of the clouds with the field (and ground) in sight. I did not receive any TAWS warning from my onboard system. I had considered breaking off the approach and asking for vectors to re-sequence; but because I had the airport and ground in sight I felt it was better to continue in what was basically a visual approach. And I was at the proper altitude for the next inbound fix.In retrospect I think there was a variety of factors at play. Had it been worse IFR; I certainly would have immediately abandoned the approach. The 'MVA' call confused me momentarily because I was at a fix that was below the MVA. I did descend below minimums at one of the intermediate fixes. Lastly; and most importantly; next time I'm at an unfamiliar airport/approach; I will ask the controller to which fix I'm being vectored so I can have a 3-dimesional picture in my head and not just rely on the automation.,,,,Light aircraft pilot landed safely at HWD after receiving a low altitude alert from ATC on the approach.
2135509,202406,1801-2400,ZZZ.ARTCC,US,,,,,,IMC,,,,,,Center ZZZ,Air Carrier,EMB ERJ 145 ER/LR,,2,Part 121,IFR,Passenger,,Final Approach,,Class E ZZZ,,,,,,,,,,,,,,,,,,,,,,,,Windshield Wiper System,,X,Malfunctioning,,,,,,,,,,,,,,,,,,,,,,,,,,,,,,,,,,,,Aircraft X,Flight Deck,Air Carrier,First Officer; Pilot Not Flying,Flight Crew Air Transport Pilot (ATP); Flight Crew Instrument; Flight Crew Multiengine,,,Distraction; Confusion; Workload,,,2135509,Aircraft X,Flight Deck,Air Carrier,Captain; Pilot Flying,Flight Crew Multiengine; Flight Crew Air Transport Pilot (ATP); Flight Crew Instrument,,,Confusion; Distraction; Workload,,,2135515,Aircraft Equipment Problem Critical,,,Person Flight Crew,In-flight,Air Traffic Control Issued New Clearance; Flight Crew Overcame Equipment Problem; Flight Crew Diverted; Flight Crew Requested ATC Assistance / Clarification,Aircraft; Weather,Weather,We didn't require an alternate; but dispatcher filed us ZZZ as precautionary alternate." When 100+ NM out the ASOS reported lower than forecast ceiling; but 10SM and acceptable ceiling. Once within 30 NM I checked the ASOS again and it reported 4SM and BKN007. Weather had deteriorated; but was still above approach minimums. Captain was PF. On approach we turned on the windshield wipers because the field reported rain and we were in rain. The captain's side windshield wiper was not making effective contact with the windshield glass and practically useless. My side was working alright. At MDA neither of us saw the runway or runway environment so we went missed and diverted to ZZZ.",,On approach to ZZZ1 we encountered heavy rain on final; actuated pilot and copilot windscreen wipers but the pilot side was making very little if any contact with the glass. Unable to acquire any visual reference; missed approach was performed. We made the decision to divert to ZZZ which was the filed alternate. Contacted maintenance to have wiper checked and fixed; then continued to ZZZ1.,,Air carrier flight crew reported their windshield wipers failed during an approach to an airport in the rain so they diverted to a nearby airport.
2137814,202406,0601-1200,FTY.Airport,GA,260,6,,3000,,IMC,6,,Daylight,500,,TRACON A80,Personal,Small Aircraft; Low Wing; 1 Eng; Retractable Gear,,1,Part 91,IFR,Personal,FMS Or FMC; GPS; Localizer/Glideslope/ILS ILS08,Initial Approach,Vectors,Class B ATL,,,,,,,,,,,,,,,,,,,,,,,,GPS & Other Satellite Navigation,,X,Improperly Operated,,,,,,,,,,,,,,,,,,,,,,,,,,,,,,,,,,,,Aircraft X,Flight Deck,Personal,Single Pilot; Pilot Flying,Flight Crew Private; Flight Crew Instrument,Flight Crew Last 90 Days 22; Flight Crew Total 1680.7; Flight Crew Type 1099.5,,Troubleshooting; Situational Awareness; Human-Machine Interface; Confusion,,,2137814,,,,,,,,,,,,Aircraft Equipment Problem Less Severe; Deviation / Discrepancy - Procedural Published Material / Policy; Inflight Event / Encounter Weather / Turbulence; Inflight Event / Encounter Loss Of Aircraft Control; Inflight Event / Encounter CFTT / CFIT,,,Person Air Traffic Control; Person Flight Crew,In-flight,Air Traffic Control Issued Advisory / Alert; Flight Crew Executed Go Around / Missed Approach,Aircraft; Human Factors; Software and Automation; Weather,Human Factors,I filed an IFR flight plan from ZZZ to FTY. Upon arrival into the Atlanta area; the weather was worse than forecasted; entering IMC upon initial descent from 8;000 ft and being 500 ft above ground level at FTY. Other area airports were below minimums and traffic was being re-routed to FTY.  The controllers were doing a good job of handling all the traffic; but were requesting everyone to keep their speed up; etc.  I was cleared for the ILS08; which I programmed into my GPS. Starting on a westbound course; I was given two left-hand turns to line up with Runway 08 and asked to keep my speed up.  The glide slope indicator on the GPS came on; so I lowered my gear and began to descend. Shortly thereafter; tower came on the frequency and gave me a low altitude warning. I immediately climbed. The GPS was still telling me to descend and I got another low altitude warning from the tower. At this point; I decided to execute the missed approach. My normal standard operating procedure when I am copying a clearance or programming my avionics is to flip on the autopilot first. Unfortunately; I got very focused on trying to figure out why my GPS was not working properly and began to troubleshoot the GPS without first turning on the autopilot while still in IMC. Without realizing it; I got into an unusual attitude while in IMC which I noticed simultaneously with Atlanta approach calling me on the radio to warn me about it. This situation was very concerning. Fortunately; my training kicked in and I leveled the wings; achieved a flat and level attitude; and added full power to climb. Atlanta approach asked me to do the ILS08 again. I requested the RNAV08 because I was not positive that my GPS was going to work properly for the ILS08. The GPS worked flawlessly for the RNAV08 and the approach was flown properly. I have already called my instructor and ask him to provide some additional training to me because of this situation. I have already called the avionics shop and asked to bring the plane in to have the GPS checked. In terms of lessons learned: Pilots should have a means of cross-checking the information that comes out of any one piece of equipment. I was very focused on the illumination of the glide slope icon and lowered the gear and commenced the descent immediately. Pilots should have a means of double checking this; cross referencing the chart or programming the same approach into the second GPS. The synthetic vision that was available on my IPad would have helped with this as well. Pilots should execute the missed approach immediately upon the first sign of a glide slope problem. Pilots should not underestimate how concerning a situation like this is and how that level of concern can affect their future performance in flying the rest of the flight. Pilots who have an autopilot available; as I did; should always turn the autopilot on before attempting to do anything else such as troubleshooting a GPS. Fortunately; I do IPCs (Instrument Proficiency Check) annually and also recently completed a Pilot Proficiency Program; which included an additional IPC  (Instrument Proficiency Check). I am very grateful that I had a lot of recent training in unusual attitudes under the hood; as that enabled me to recover from a very dangerous situation. Pilots should seek additional training such as this above and beyond the requirements for their level of their license; as I am only a private pilot. An unusual attitude in IMC is another event that had a large impact on me and likely will have a large impact on other pilots. Pilots should be aware that; even after the recovery; it can affect pilot performance during the balance of the flight. My goal for the additional training is to develop better aeronautical decision making skills which will prevent me from being in such a dangerous situation in the future. I am certainly still going to practice unusual attitudes under the hood even more; but it is a skill I hope to never need again.,,,,General aviation pilot reported receiving a low altitude warning from ATC while intercepting the initial approach in IMC weather; resulting in an unusual attitude on the missed approach. The pilot recovered and returned to land.
2145703,202407,1801-2400,DCA.Airport,DC,,,,950,,VMC,Rain,,,,,Tower DCA,Air Carrier,Commercial Fixed Wing,,2,Part 121,IFR,Passenger,,Final Approach,,Class B DCA,,,,,,,,,,,,,,,,,,,,,,,,,,,,,,,,,,,,,,,,,,,,,,,,,,,,,,,,,,,,,,,Aircraft X,Flight Deck,Air Carrier,Pilot Not Flying; First Officer,Flight Crew Air Transport Pilot (ATP); Flight Crew Multiengine; Flight Crew Instrument,Flight Crew Last 90 Days 154.62; Flight Crew Type 1793.57,,Situational Awareness; Confusion; Communication Breakdown; Workload,Party1 Flight Crew; Party2 Flight Crew,,2145703,Aircraft X,Flight Deck,Air Carrier,Captain; Pilot Flying,Flight Crew Multiengine; Flight Crew Instrument; Flight Crew Air Transport Pilot (ATP),Flight Crew Last 90 Days 100.32; Flight Crew Type 574.23,,Situational Awareness; Confusion,,,2145709,Deviation - Altitude Overshoot; Deviation - Track / Heading All Types; Deviation / Discrepancy - Procedural Clearance; Deviation / Discrepancy - Procedural Published Material / Policy; Inflight Event / Encounter CFTT / CFIT,,,Person Flight Crew,In-flight,Flight Crew Took Evasive Action; Flight Crew Became Reoriented,Human Factors; Airport,Human Factors,While on approach to LDA Y 19 DCA; the PF misidentified the runway environment of 15 for 19 and descended below DDA of 1150 feet.  At the MDA inbound; the airport was in sight and I was searching for the PAPIs and runway environment for Rwy 19 and I thought the PF was on the 19 PAPIs and I couldn't find them. As such; I was late to call below minimums while this also triggered a momentary obstacle call. At this point I should have called for a go-around but did not due to task saturation and low situational awareness in trying to locate the correct lights; I thought the PF had the PAPIs and runway lights of 19 and was more familiar with the approach than I was. The PF climbed up and located the correct runway lights for 19 and landed.,,While flying LDA 19 Y approach to DCA; I allowed the aircraft to descend below the MDA of 1150' down to approximately 950' while visually searching for the runway. I then misidentified runway 15 for runway 19 and began to turn towards the airport. The FO advised me of the altitude below MDA and I recognized the runway identity error. I then corrected course and altitude; visually identified runway 19 and continued the approach to a safe landing.,,Air carrier flight crew reported turning toward the wrong runway while on approach into DCA. The flight crew was on the LDA 19 Y approach and misidentified the runway environment; resulting in a turn toward Runway 15 and an early descent below minimum altitude. Flight crew became reoriented and corrected course.
2156207,202408,1201-1800,ZZZZ.ARTCC,FO,,,,4000,,,,,,,,Center ZZZZ,Air Carrier,A319,,2,Part 121,IFR,Passenger,FMS Or FMC,Cruise,,,,,,,,,,,,,,,,,,,,,,,,,,FCU (Flight Control Unit),,X,Malfunctioning,,,,,,,,,,,,,,,,,,,,,,,,,,,,,,,,,,,,Aircraft X,Flight Deck,Air Carrier,Pilot Flying,Flight Crew Air Transport Pilot (ATP); Flight Crew Instrument; Flight Crew Multiengine,,,Human-Machine Interface,,,2156207,Aircraft X,Flight Deck,Air Carrier,Pilot Not Flying,Flight Crew Air Transport Pilot (ATP); Flight Crew Instrument; Flight Crew Multiengine,,,Workload,,,2157039,Aircraft Equipment Problem Critical; Deviation / Discrepancy - Procedural Published Material / Policy; Inflight Event / Encounter Weather / Turbulence,,,Person Flight Crew,In-flight,Aircraft Automation Overrode Flight Crew; Flight Crew Overcame Equipment Problem,Procedure; Weather; Aircraft,Aircraft,There was thunderstorms over ZZZZ airport when we arrived on ZZZZZ to land on rwy X. We made a u turn and returned to 'ZZZZZ' intersection and started to hold at 4;000 feet. The hold was in the clear with smooth air. The weather was moving slowly across the field so we held for a while. During the hold the left side ND (Navigation Display) selector on the FCU (Fuel Control Unit) stopped to work in ARC mode. We also received a FCU2 caution message. Non-flying pilot worked a computer reset. During this time the nav displays stop working and froze for a brief time; autopilot disconnected. We were still in a hold; hand flew till FD; autothrust was set up and AP reconnected. At this time the weather had moved off the field. We re-briefed an approach to YY and we landed visually. To mitigate the next time I see a FCU message expect an autopilot disconnect whether it happens or not.,,During cruise; on our way to ZZZZ; we got a FCU (Fuel Control Unit) 2  fault. Following the QRH we reset the circuit breaker and the message went away. As we were on the arrival into ZZZZ; a thunderstorm formed over the airport and the airport went below minimums.  Approach wanted us to hold at Location X but it was underneath a thunderstorm so I asked to hold at ZZZZZ. We were approved to hold at ZZZZZ. In the hold; I contacted dispatch to get an update. They let us know that there was company waiting to takeoff and said the visibility was poor due to heavy rain. We had 3000 lbs of fuel to hold until we needed to divert back to ZZZ and could wait for the slow moving thunderstorm to move away from the field. About 15 minutes later the storm had moved a little and the field was now above minimums. Company was able to take off and we were told to expect RNAV YY. Company came on frequency and told us we should probably wait due to the rain making the runway braking action not good. We elected to wait for the storm to move further south. As we were holding at this time the FCU 2 fault came back on the EICAM. I ran the checklist again and this time it did not clear. At this point; the airplane also entered thrust lock while I was running the checklist. The FO was able to get the airplane out of thrust lock. We then completed another turn in the hold and set up for the RNAV approach. We continued to the airport and landed without further incident and had maintenance meet us at the plane.  Cause: There was a lot going on between weather and the repeat EICAM message for the FCU fault. I focused on the checklist for that and wasn't monitoring the FO's flying as well as I should have. I should have made sure the FO was in a better spot before running the checklist for the fault.,,A319 flight crew reported while holding for weather got an FCU2 fault. They performed a reset; but the fault came back on and it did not clear. The pilot hand flew until FD; Autothrust set up and reconnected the autopilot. The weather cleared and they landed visually.
2158972,202408,1201-1800,ZZZ.Airport,US,,,0,,,VMC,,Temperature - Extreme,Daylight,,,TRACON ZZZ,Air Carrier,EMB ERJ 145 ER/LR,,2,Part 121,IFR,Passenger,,Descent,Vectors,,,,,,,,,,,,,,,,,,,,,,,,,GPWS,,X,Malfunctioning,,,,,,,,,,,,,,,,,,,,,,,,,,,,,,,,,,,,Aircraft X,Flight Deck,Air Carrier,Pilot Flying; Captain,Flight Crew Air Transport Pilot (ATP); Flight Crew Instrument; Flight Crew Multiengine,,,Physiological - Other; Communication Breakdown; Confusion; Situational Awareness; Distraction; Human-Machine Interface; Troubleshooting; Workload,Party1 Flight Crew; Party2 Flight Crew,,2158972,Aircraft X,Flight Deck,Air Carrier,Pilot Not Flying; First Officer,Flight Crew Air Transport Pilot (ATP); Flight Crew Instrument; Flight Crew Multiengine,,,Troubleshooting; Communication Breakdown; Confusion; Situational Awareness; Human-Machine Interface; Distraction,Party1 Flight Crew; Party2 Flight Crew,,2158978,Aircraft Equipment Problem Critical; Deviation / Discrepancy - Procedural Published Material / Policy; Deviation / Discrepancy - Procedural Maintenance; Inflight Event / Encounter Fuel Issue,,,Automation Aircraft Other Automation; Person Flight Crew,In-flight,Air Traffic Control Provided Assistance; Flight Crew Overcame Equipment Problem,Human Factors; Procedure; Software and Automation; Aircraft; Environment - Non Weather Related,Procedure,Day 1 leg 1 on at XA:00 am Aircraft X had 3 existing MEL's for 5G; FDR and CAT II Downgrade. Looking and reviewing the MEL's; CB B5 was pulled and not collared and the gustlock was disengaged. FA notified us that none of the carts in the galley had bins and the carts were also empty and she needed to be fully stocked. After energizing the aircraft I attempted to use COM 2 to contact ops; ops could not hear me on COM 2; COM 2 was inoperative and communicated on COM 1. I had started the APU and when three minutes have passed to energize the packs and condition the aircraft; Pack 1 was not operating. I contacted maintenance and Person A arrived to work on the COM issue and was unable to resolve it. I talked to him about how we approached the aircraft and the circuit breakers; gustlock and how Pack 1 was not working. He said to call in pack 1. I called in Pack 1 and asked maintenance if they could fix it before we depart since the comms were still being worked on and they said no. We were refiled lower to FL240 to accommodate the single pack and decided it should still cool down enough to operate; it was about XA:30 am at this point. The plane was MEL'd for the pack and Com 2 in addition to the other MEL's and we closed the boarding door and went underway. Right after the door closed an overhead panel fell and landed on XX passengers; nobody was injured. We returned to gate for maintenance to secure it and took up dispatches offer for additional fuel since we were opening the door again. Maintenance came to fix the panel and that went smoothly; however we made the call to request 8.0 on the new PFUEL the fueler loaded 8700 lbs onto the aircraft. The flight; went smoothly up until descent into ZZZ; descending through 10;000 aural warnings started with the following and repeating; autopilot; landing gear warning; don't sink; bank angle; and terrain terrain. They were continuous nuisance; distracting; and erroneous warnings. We were unable to hear each other and approach clearly; and focus. I leveled off the aircraft at 8;000; advised Approach what was going on; request block from 7500 to 8500 and we needed delay vectors to run QRH items; but we did NOT [request priority handling]. Once the aircraft was stable holding altitude and heading I transferred the controls over to FO. With no messages on EICAS other than the FDR Fail; I started in the NAP section and completed the RA failure QRH; and also looked for the EGPWS QRH with the terrain and landing gear warnings. Alerts continued; we contacted company via ACARS about the alerts and they were not stopping. They relayed a message about the RA and EGPWS issue and agreed that the problem. We also had a fellow Company X pilot contact us on frequency at ZZZ and reached out and confirmed they had the same issue on another aircraft and to pull the EGPWS circuit breaker. The QRH did not say to pull the EGPWS circuit breaker but a combination of systems knowledge; VFR weather and winds are calm; no windshear threats; agreement in the flight deck about the scenario; and prior experience of LG Warning in training scenarios with EGPWS I pulled the CB exercising PIC Authority per company Manual AOM 1 General section that 'The procedures in this manual; QRC; and the QRH cannot adequately address every possible combination of failures; [priority handling] situations or flight conditions. As always; the Captain is ultimately responsible for the safety of their passengers and crew; and as such will make decisions based on this manual; QRC; and the QRH; as well as their experience and common sense.' It was approximately 95 degrees trying to assess the problem in combination with Aural Warnings coming in non-stop; it made it difficult to concentrate; communicate and assess. We attempted to utilize the LG (landing gear) Warning cut out and it was not operating as expected and we continued to receive the aural warnings. We originally leveled off at 8;000 feet with approximately 3400 lbs of fuel; and approximately 30 minutes later at 2400 lbs of fuel we made the decision to land at the field with only the landing gear aural warning continuing; and while being vectored back to the field we were approaching 2;000 lbs of FOB and I declared min fuel as a precaution. The landing was normal and the LG aural warning stopped once the gear was down. I was also informed by another pilot the day after; that the LG Warning cut out button installed was nonstandard for Company X and standard for a Company Y aircraft. Furthermore we had learned that this was the first day of revenue service for this aircraft from Location A. Also today; the aircraft was back in service with the RA and EGPWS MEL's cleared; I happened to speak to the pilot who flew it and he said the same exact thing happened to them even though they cleared the MEL's in ZZZ1.Suggestion: Proper maintenance; limit number of MEL's allowed; both packs must be operating in the summer and short flights; better fuel quantity communication requests.,,The following occurred on Day 1 on flight XXXX service from ZZZ1 to ZZZ in Aircraft X. I walked into the flight deck to greet my captain to start our trip when I noticed he was on the phone with maintenance. He told me that he was unable to properly communicate with ops to request bins and the carts needed to be restocked. My captain notified maintenance to fix the comm but could not find a solution. Pack 1 was also broken (the cockpit later reached temperatures of 104掳 F; and it was not once below 90掳 inside of the cockpit). We also contacted maintenance regarding the pack 1 issue. My captain MEL'd the Pack and the comm. We closed the cabin door and our flight attendant; FA told us that one of the overhead compartments had fallen down on a passenger; nobody was injured. We had to call for a gate agent to extend the jet bridge so maintenance could come out and secure it. Because pack 1 was broken we would be limited to FL250 (we ended up flying at FL240); our original altitude was 30;000+ feet. This eventually led to us requesting more fuel due to lower cruising altitude. My captain told me to contact ops and request 8;000 pounds of fuel. We noticed they had put 700 pounds of extra fuel than what we had asked for so I confronted the fueler. I told him that we did not request the amount he put in; and in response he showed me on his phone that said 8;700 pounds". He told me his phone must not have updated and that he later got the actual request of 8;000 pounds. He apologized and said that he did not have the proper truck to remove fuel. Now that we are 700 pounds heavy we decide to start both engines and let the APU run.  When we descending through 9;000 or 10;000 feet; we got an alert for the landing gear and the autopilot failed. The associated alerts we got were autopilot; landing gear; don't sink; bank angle and a few terrain warnings. Both Person B and I tried to silence them so we could hear each other talking but that didn't do much. We realized that once we had the n1 set above ~61% the alerts would silence. So Captain transferred the controls to me and I aimed for a higher power setting so we could talk about things. I notified atc about what was happening and we got delayed vectors. I had the airplane at 8;000 feet and at one point reengaged the autopilot which seemed to work fine for the time being. Captain referenced the RA fail QRH procedure. We were in contact with company/maintenance during this as well and they told us that it was likely the RA that had failed. The alerts persisted. While in contact with ATC we had another Company X crew say on the radios that they had a similar experience; and to fix this they pulled the circuit breaker J8 for the EGPWS and suggested that we do the same. My captain did not instantly pull the circuit breaker but after some thought we did end up pulling it. While we were troubleshooting the issue we ended up declaring minimum fuel with roughly 2;000 pounds of fuel remaining. I remembered in training that we utilized the LG cutout button so we did try using that. After receiving a message from company and Captain's decision to make a landing; that's what we did. We contacted approach and told them we were ready to shoot the approach. The landing gear alert was going off until we got the gear down and then we made a safe landing. It was my understanding that this aircraft had just come out of the desert and came with many maintenance issues. In addition; another crew told us that Aircraft X had the respective MELs cleared on Day 2 and they had the same alerts that we did. So this clearly was not fixed.Suggestion: Properly inspected aircraft. Correct amount of fuel. Properly maintaining aircraft (had 5 or more MELs).",,Embraer 145 air carrier crew reported numerous equipment malfunction alerts including landing gear; autopilot; and terrain warnings during descent. The crew performed a procedure outside of Flight Manual guidance to silence the alarms and landed safely.
2177870,202410,0601-1200,ZZZ.ARTCC,US,,,,27000,,,,,,,,Center ZZZ,Air Carrier,B767-300 and 300 ER,,2,Part 121,,,,Cruise,,Class A ZZZ,,,,,,,,,,,,,,,,,,,,,,,,Cargo Compartment Fire/Overheat Warning,,X,Malfunctioning,,,,,,,,,,,,,,,,,,,,,,,,,,,,,,,,,,,,Aircraft X,Flight Deck,Air Carrier,Pilot Not Flying,Flight Crew Air Transport Pilot (ATP); Flight Crew Multiengine; Flight Crew Instrument,Flight Crew Last 90 Days 40; Flight Crew Total 890,,,,,2177870,Aircraft X,Flight Deck,Air Carrier,Pilot Flying,Flight Crew Air Transport Pilot (ATP); Flight Crew Multiengine; Flight Crew Instrument,Flight Crew Last 90 Days 62; Flight Crew Total 10270,,,,,2177871,Aircraft Equipment Problem Critical; Flight Deck / Cabin / Aircraft Event Smoke / Fire / Fumes / Odor,,,Automation Aircraft Other Automation; Person Flight Crew,In-flight,Flight Crew Returned To Departure Airport; Flight Crew Landed in Emergency Condition; Flight Crew Diverted; Flight Crew FLC complied w / Automation / Advisory,Aircraft; MEL,Aircraft,Aircraft X had numerous MELs some limiting; ie NO RNAV. Single Cargo fire loop and no inflight/post flight ACARS to name a couple. We were about an hour delayed for late AC (Aircraft) arrival; MEL dissection; and Deicing for freezing fog. Taxi to a Runway X departure and initial climb out were uneventful. Climbing through approximately FL270 we received intermittent CARGO FIRE indications. Leveling at FL310 we received a steady CARGO fire and began the checklist. We confirmed we were on the lease aircraft check list and began a turn toward the divert. We selected ZZZ as the divert and were unable to reach flight control due to ACARS being INOP. We had O2 masks on; [requested priority handling] and started to descend. We were cleared direct the field and contacted ZZZ Ops to get a hold of the company. We asked for Runway XX as it would be a straight in. After completing the procedures; the light went out when we arrived at 12;000 ft. We completed the check list minus the deferred items and set up for the approach. Briefings completed and started the approach. Approach was uneventful to auto land braking max auto to highspeed exit on Taxiway 1. We had trucks standing by and they met us on Taxiway 1 as we exited. Fire trucks had us stop they scanned the AC with IR (Infrared) and said they saw no hot spots. We elected to taxi back to the Company line off of Taxiway 2 as we did not see or smell any smoke or acrid smell. We shut down normally and the mechanic and Fire Captain came up inspected all the Cargo holds; gave the all clear with no fire identified.,,Late departure due to a late arrival from ZZZ1. Lengthy audit of MELs with Mechanic one of the MELs was for the Main Deck Cargo Compartment smoke detection system and it was configured for single loop operations. Aircraft had numerous inoperative systems to include 1 Radar system; 1 Main Cargo Fire detection Loop; 1 GPS (no RNAV approach capability); no ACARS or CPDLC. Weather was low visibility due to freezing fog.  We coordinated deicing and taxied from 1; 2 Taxiway per the low visibility taxi route. Normal take off and climb out and while leveling at FL310 we noticed EICAS flickered a message several times. It appeared to be Main Cargo Fire; so we immediately referenced the QRH.  I also used my Nav display to look at potential divert fields.  Below us; the entire region was fogged in.  ZZZ2 looked to be as close as ZZZ and ZZZ3 and ZZZ4 were too far away to consider. Shortly thereafter; the Master Warning and Main Cargo Fire EICAS illuminated (locked on). The First Officer initiated the procedure; we donned oxygen masks and established communications. We determined that the safest option was to return to ZZZ and I took the radios as Pilot Flying and [requested priority handling] and coordinated our divert with ZZZ Center. We initiated a descent to 12000 and ran the QRH procedure to completion. During the descent; the Fire indications extinguished and we didn't see any smoke nor smell anything burning. When time permitted; the FO was able to contact ZZZ Ops to relay our return with company since ACARS was inoperative. We performed a high-speed descent and arrival. We requested ILS Runway XX with Approach Control and performed an uneventful auto land due to low visibility (RVR 1000/700/700) and freezing fog.  ARFF (Airport Rescue and Firefighting) requested us to clear onto 3 high speed Taxiway and they would inspect us there. ARFF scanned the aircraft for any heat signatures and didn't see any.  Rescue requested we taxi to [Taxiway] 4 Company ramp and they would follow us.  With no Fire indication; no sign of Fire and no hot brakes; we agreed that emergency egress wasn't the safe option and continuing to the ramp with Fire escort was safe and prudent. Once we had marshaling available; we entered the ramp to park. We already coordinated to have stairs standing by at block in.  As soon as the Stairs were up; the mechanic and fire crew entered the aircraft. Fire crew inspected the cargo bay while we ran shutdown and aircraft securing checklists. We made a log book entry and discussed it with the mechanic. The FO filled out a flight data coupon due to no ACARS. As we left the aircraft; the mechanic came down to inform us that another Main Cargo Fire indication had just occurred. No actual fire; just indication. After inspecting the aircraft ARFF gave it the all clear.,,Air carrier flight crew reported receiving indications of a cargo fire just prior to reaching their cruise altitude. The crew initiated a diversion to an eventual safe landing.
2188643,202411,,ZZZ.Airport,US,,,,,,IMC,,,,,,TRACON ZZZ,Air Carrier,B737 Undifferentiated or Other Model,,2,Part 121,IFR,Passenger,,Final Approach,,Class B ZZZ,,,,,,,,,,,,,,,,,,,,,,,,Autopilot,,X,Failed,,,,,,,,,,,,,,,,,,,,,,,,,,,,,,,,,,,,Aircraft X,Flight Deck,Air Carrier,Captain; Pilot Flying,Flight Crew Air Transport Pilot (ATP); Flight Crew Multiengine; Flight Crew Instrument,Flight Crew Last 90 Days 135.2; Flight Crew Type 208.7,,Fatigue; Workload,,,2188643,,,,,,,,,,,,Aircraft Equipment Problem Critical; Deviation - Track / Heading All Types; Inflight Event / Encounter Loss Of Aircraft Control; Inflight Event / Encounter Weather / Turbulence; Inflight Event / Encounter Unstabilized Approach,,,Person Flight Crew,In-flight,Flight Crew Diverted; Flight Crew Overcame Equipment Problem; Flight Crew Regained Aircraft Control; General Flight Cancelled / Delayed,Aircraft; Weather; Software and Automation; Human Factors,Software and Automation,While working the red eye flight to ZZZ the weather at the destination decreased gradually until CAT III conditions prevailed; necessitating the use of autoland. Conditions were low enough and while fuel was still above the required amount to conduct the approach my FO and I agreed that the prudent decision in the event of a missed approach was to divert. During the attempted approach the aircraft veered off course at approximately 50-70ft AGL and resulted in a rapidly destabilizing flight condition in which the aircraft was banked and heading towards edge of the runway and the grass. I have no doubt that if we had allowed the autoland to continue we would have been in an accident. We conducted an uneventful go-around thanks to excellent CRM and diverted to ZZZ1. In ZZZ1 we debriefed the situation before talking to Operations; Maintenance; Dispatch; and Crew Scheduling. We wrote the up maintenance report on the autoland. When it became apparent that we would be unable to quickly depart again to ZZZ my FO and I decided to both call in fatigued. We agreed that the combination of all-night-flying; failed autoland; and subsequent rapid divert; had significantly tired us to the point where we felt safety would be compromised if we were to depart again.,,,,A B737 flight crew reported auto pilot failed on short final during a CAT III Approach resulting in a temporary loss of control. Flight crew diverted and landed safely.
2189874,202412,0001-0600,ZZZ.ARTCC,US,,,,28000,,,,,,,3500,Center ZZZ,Air Carrier,MD-11,,2,Part 121,,,,Climb,,Class A ZZZ,,,,,,,,,,,,,,,,,,,,,,,,Generator Drive Indicators and Warning System,,X,Malfunctioning,,,,,,,,,,,,,,,,,,,,,,,,,,,,,,,,,,,,Aircraft X,Flight Deck,Air Carrier,Captain; Pilot Flying,Flight Crew Multiengine; Flight Crew Air Transport Pilot (ATP); Flight Crew Instrument,,,,,,2189874,,,,,,,,,,,,Aircraft Equipment Problem Critical,,,Automation Aircraft Other Automation; Person Flight Crew,In-flight,Flight Crew Returned To Departure Airport; Flight Crew Diverted; Flight Crew Landed in Emergency Condition,Aircraft,Aircraft,Climbing through FL280; got level 1 BATT DISCHARGING caution.QRH directs LAND AT NEAREST SUITABLE AIRPORT. [Requested priority handling] with ZZZ Center and diverted back to ZZZ.WX (Weather) was RVR 3500 at ZZZ. Performed Cat II autoland to uneventful landing.Cause: BATT DISCHARGING caution forced landing at nearest suitable airport; which was ZZZ in this case.,,,,Air carrier flight crew reported receiving a battery discharging caution in flight. Flight crew diverted and landed uneventfully.
2192908,202412,,CRQ.Airport,CA,,,,650,,,Fog; 7,,Night,500,,,Personal,Any Unknown or Unlisted Aircraft Manufacturer,,1,Part 91,IFR,Personal,,Final Approach,Vectors,Class D CRQ,,,,,,,,,,,,,,,,,,,,,,,,,,,,,,,,,,,,,,,,,,,,,,,,,,,,,,,,,,,,,,,Aircraft X,Flight Deck,Personal,Pilot Flying; Single Pilot,Flight Crew Private; Flight Crew Instrument,Flight Crew Last 90 Days 30.4; Flight Crew Total 192.7; Flight Crew Type 1,,Situational Awareness; Fatigue; Distraction; Workload,,,2192908,,,,,,,,,,,,Deviation - Altitude Overshoot; Deviation / Discrepancy - Procedural Published Material / Policy; Ground Event / Encounter Ground Equipment Issue; Inflight Event / Encounter Weather / Turbulence; Inflight Event / Encounter CFTT / CFIT,,,Person Flight Crew,In-flight,Air Traffic Control Issued New Clearance; Flight Crew Became Reoriented; Flight Crew Executed Go Around / Missed Approach; Flight Crew Requested ATC Assistance / Clarification; General Flight Cancelled / Delayed,ATC Equipment / Nav Facility / Buildings; Chart Or Publication; Human Factors; Procedure; Weather,Human Factors,I departed from ZZZ with a filed IFR flight plan with the intent of landing at McClellan Palomar airport. I obtained a preflight briefing through ForeFlight before departing towards Palomar Airport; reviewing necessary information. In the briefing; it was apparent that there was a NOTAM regarding an inoperative glideslope. I navigated the flight via ground based navigation systems; which was current with a previous VOR check log which I completed using the Oceanside VOR on my way to ZZZ earlier that day on a VFR flight. As I began to prepare for the approach into CRQ; I obtained an AWOS Automated Weather Report broadcasting 600 foot overcast ceilings and 7 miles of visibility at the field. With this weather information I requested an ILS approach; to which the Approach Controller advised me that the glide slope at Palomar Airport was out of service; confirming with the NOTAM received in my earlier briefing. I then elected to attempt the Localizer 24 Approach and prepared my descent. Although I have been trained and navigated successfully with VOR stations; there is an increased workload in comparison to GPS navigation. I am Instrument current; but I have not performed a Localizer approach using dual VORs in Instrument Meteorological Conditions in recent flights. Once cleared for the localizer approach into palomar; I started my calculated descent once I became established on the final approach course. The approach was attempted in night IMC conditions; leading to disorientation. During the descent I had become disoriented while fixating on my approach course. This led to me being high initially; as I did not descend. I then elected to start a stabilized descent down to my next approach fix; following a dive and drive type approach. Nearing the end of the approach; my fixation on the course led to me descending below MDA; promptly executing the missed approach procedure upon realization of the situation.After going missed on the approach; I climbed towards 3;000 feet; heading 245 and upon reaching VFR conditions I decided to proceed VFR towards the French Valley Airport. I refreshed on the approach again; and decided to re attempt; as I was certain that I could fix the issue that I had on the previous approach. I got vectored and cleared again from SoCal for the localizer approach; and was able to be more precise with my descent rate. I followed the course down to approximately 1;050 feet; making sure to stay above the MDA for the category A approach criteria. I was able to visually identify the runway and its lighting systems before the missed approach point; and I determined that it would be a safer option to circle to land on Runway 6; as the winds were calm. I was confident that I would be able to maintain less than 1.3 nautical miles from the runway; allowing for a safe circle to land scenario; which ultimately was the case.In the moment there was a combination of Get-There-Itis; Fatigue; and Impulsivity which influenced my Aeronautical Decision Making process and I proceeded with the approach. I attempted the approach because under part 91 it is legal to attempt and approach when the weather is broadcasted below minimums; and I had enough fuel to attempt the approach with adequate reserves. This experience has allowed me to learn from my mistakes; and I have determined my weaknesses in my aeronautical ability. This incident has brought to my attention serious issues with my ADM process and Personal minimums.,,,,GA pilot reported they descended below the Minimum Descent Altitude on an approach to CRQ airport and initiated a missed approach.
2193140,202412,1801-2400,ZZZ.Airport,US,,,,2500,,IMC,Rain,,,,,,Air Carrier,B787 Dreamliner Undifferentiated or Other Model,,3,Part 121,IFR,Passenger,,Climb,,,,,,,,,,,,,,,,,,,,,,,,,,,,,,,,,,,,,,,,,,,,,,,,,,,,,,,,,,,,,,,,,Aircraft X,Flight Deck,Air Carrier,First Officer; Pilot Not Flying,Flight Crew Air Transport Pilot (ATP); Flight Crew Instrument; Flight Crew Multiengine,Flight Crew Last 90 Days 63.32; Flight Crew Total 333.53; Flight Crew Type 63.32,,Communication Breakdown; Human-Machine Interface; Situational Awareness; Time Pressure; Troubleshooting; Workload,Party1 Flight Crew; Party2 Flight Crew,,2193140,,,,,,,,,,,,Deviation - Altitude Excursion From Assigned Altitude; Deviation - Altitude Undershoot; Deviation - Speed All Types; Deviation / Discrepancy - Procedural Clearance; Deviation / Discrepancy - Procedural Published Material / Policy; Inflight Event / Encounter Loss Of Aircraft Control,,,Person Flight Crew,In-flight,Flight Crew Overcame Equipment Problem; Flight Crew Regained Aircraft Control,Human Factors; Software and Automation,Human Factors,The crew departed from ZZZ on Runway XXR full-length after a lengthy delay due to weather (4000 RVR; fog; rain) and multiple aircraft going around. The aircraft was a light TOGW at 435K and Flaps 10. The takeoff sequence through rotation; initial climb; and the ZZZX [departure] climbing LEFT and Right turn was uneventful with the pilot flying (PF) hand flying. Upon rolling out on heading 220 and checking on with departure; ATC issued us direct ZZZZZ and climb to 6000 ft. During the climb and turn sequence with a low TOGW and resulting high climb angle; the Autopilot captured the altitude in the climb (relief pilot later stated he believed as early as 1200 ft.) when ATC issued our continue climb instructions. As the pilot monitoring (PM); I spun in 6000 ft.; confirmed with the PF; but did not push the ALT button; not realizing the VNAV had already sequenced to ALT. The following sequence of events occurred in rapid order: I spun the PF requested HDG bug turn; FMS Direct-to sequencing; and confirmations; during which I was focused on the center nav display and heads down in the FMS; and the relief pilot stated 'We are leveling' followed shortly by 'We captured 2;500.' The PF then directed 'Push the button' which I immediately did. This caused the autothrottles to sequence into THR REF. At that moment; the PF and I both realized the aircraft had previously accelerated and reduced thrust at the flap 10 limit speed as it leveled at 2500 ft. PF directed Flaps 1 (skipping 5) which I executed immediately followed by PF calling for Flaps up. This essentially executed a Flaps 10 to Flaps up retraction sequence. This resulted in a combination of high-thrust setting for an intended climb; flaps tracking from 10 to up; and the PF hand flying the aircraft. During this sequence a slight and unnoticed pitch-down caused a rapid acceleration into the barber-pole overspeed tape. The unnoticed downward nose angle I believe aggravated the already occurring acceleration into the barber pole from the THR REF throttle setting and lack of required corresponding nose up climb. This caused the PF to override the throttles with his hand and pull them back toward idle; (likely increasing the downward pitch moment). The relief pilot then stated very definitely 'We are descending' which had the intended effect of focusing all 3 of us on the pitch attitude of the aircraft. I immediately confirmed the relief pilot's statement by repeating 'We are descending' and the PF immediately began to fly the nose up; arresting the descent. The lowest alt we descended to was 2100 ft. and then began a climb up to 6000 ft. ATC confirmed that we understood our climb instructions to 6000 which I replied that we were currently at 2100 and climbing to 6000. After we confirmed as a crew that we were wings-level climbing away and slowing out of the barberpole; the relief pilot suggested that we engage the Autopilot which the PF did a few moments later. We continued the climb and flight uneventfully.,,,,B787 First Officer reported a temporary loss of aircraft control during departure climb in a light aircraft in which CRM miscues resulted in a high workload situation. The crew worked together to regain control safely.
2199454,202412,1801-2400,ZZZ.TRACON,US,,,,6200,,IMC,Thunderstorm,,,,,TRACON ZZZ,Air Carrier,B767 Undifferentiated or Other Model,,2,Part 121,IFR,Passenger,,Climb,,Class B ZZZ,,,,,,,,,,,,,,,,,,,,,,,,Cabin Entertainment,,X,Malfunctioning,,,,,,,,,,,,,,,,,,,,,,,,,,,,,,,,,,,,Aircraft X,Flight Deck,Air Carrier,Pilot Flying; Captain,Flight Crew Instrument; Flight Crew Multiengine; Flight Crew Air Transport Pilot (ATP),Flight Crew Last 90 Days 131.55; Flight Crew Total 3673.98; Flight Crew Type 1866.32,,Troubleshooting,,,2199454,Aircraft X,,Air Carrier,First Officer; Pilot Not Flying,Flight Crew Multiengine; Flight Crew Instrument; Flight Crew Air Transport Pilot (ATP),Flight Crew Last 90 Days 168.85; Flight Crew Total 1192.47; Flight Crew Type 582.00,,Troubleshooting,,,2199656,Aircraft Equipment Problem Critical; Deviation - Track / Heading All Types; Flight Deck / Cabin / Aircraft Event Smoke / Fire / Fumes / Odor; Inflight Event / Encounter Weather / Turbulence,,,Person Flight Crew,In-flight,Flight Crew Diverted; Flight Crew Landed in Emergency Condition,Aircraft; Weather,Weather,Lightning strike during climb out on ZZZ from runway XXR at 6200 feet. We were in a right turn heading 040 per ATC. I was hand flying and looking at my instruments when I noticed some Saint Elmo's fire on my windshield; then saw the lightning bolt in front of me. It was startlingly bright; and we all saw it and felt it. Continued climb and reported incident to ATC. Once out of weather and 10 000 feet; assessed aircraft. All cockpit instrument; readings; gages; indications; EICAS; and status messages were normal but flight attendants were reporting on and off electrical burning smell in front of aircraft. Had FO fly aircraft and handle radio to set up SAT COM call with dispatch & maintenance. Chief Pilot joined call also. Maintenance Control voiced concern about cabin entertainment system. Relief Pilot went into cabin to confirm flight attendant reports. Had flight attendants turn off cabin entertainment as a precaution. My initial plan to continue en route and monitor situation with airports as alternates turned out to be a bad idea after input from dispatch as weather at all possible airports was at or below minimums. Chief Pilot advised to not return to ZZZ if we decided to divert but to fly to ZZZ1. Since flight attendants kept reporting on and off electrical smell in forward galley and front of aircraft; decided to divert to ZZZ1. Advised ATC; were rerouted; started descent; and took on PF duties again. Dispatch [requested priority handling] for us which gave us expedited ATC handling. Subsequent approach and landing uneventful. Once at the gate; while deplaning; some passengers reported seeing lightning impacting the aircraft on left; about mid wing; on the leading edge. Reported all to maintenance who was inspecting aircraft. Maintenance then asked us to test run aircraft engines so they could evaluate for electrical odors which we did after Maintenance Control gave authorization. After all that; it was getting late and we decided against continuing to ZZZZ.,,ZZZ-ZZZZ. At the gate; ZZZ ATIS information was C (I believe) which indicated temperature as 10C; no rain. Looking out the window it was raining and TAT (Total Air Temperature) onboard read 8C. Taxiing out the rain continued as the storm was moving north toward the airport. At time of departure ATIS was over 1.5 old with no new ATIS issued. A new METAR was issued indicated the 8C temperature and rain. The winds indicated a 12 knot tailwind for take off on XXR. We had asked if there would be a swap to XY's and were told no by ATC. While in the performance envelope; as a precaution; XXR full length was requested and received utilizing max thrust takeoff with reduced thrust numbers procedure. During the takeoff roll we could hear tower communicate to another aircraft there would be a few more arrivals to XX before swapping to XYs.Following the take-off roll; we begun the ZZZZZ departure where departure left us low and instructed us to turn to the west. Eventually we received a climb to 10;000 FT MSL and a right turn direct ZZZZZ. Turning through approximately 300 degrees the radar showed some red in the distance on the 40 mile map scale; however; our immediate vicinity was shown in green on the radar. While the turn was kept tight we began to pick up St. Elmo's Fire for a brief moment followed by a lightning bolt developing right off the nose of the aircraft which we as crew believed to have struck the airplane as it shook the aircraft and created a strong after image in our eyes. I informed Departure that we were struck by lighting; to which they asked if all was normal? In the moment all systems appeared to indicate normal. We were passed to Center who was aware of the strike from the last controller. At 10;000 MSL ZZZ [TRACON] asked if we wanted to level and I communicated for higher so we could continue a climb out of the storm.  Relief Pilot rtly after a burning smell developed in the flight deck; all systems still indicated normal and airplane was pressurizing fine. Relief Pilot called back to the flight attendants to check in on them and reported back that they were smelling a burning electrical smell and that the IFE (In-flight Entertainment) was malfunctioning. I took over as PF/radios; while  Relief Pilot  and Captain SATCOM called dispatch/Maintenance Control. One asked if anyone from the flight deck did a cabin walk to confirm the smell. At that time  Relief Pilot  walked back to the cabin to do a walk of the entire aircraft. The Captain and I discussed continuing the climb out of the weather as systems operated normal still. We climbed to FL330 in preparation for our crossing to ensure fuel burn wasn't excessive compared to staying down at a lower altitude. The Relief Pilot  came back to the flight deck to confirm the burning electrical smell was present. Some cabin lights were also malfunctioning. No smoke indications were present in cabin/flight deck but smell persisted. While discussing whether to continue or divert; dispatch mentioned ZZZZ1/ ZZZZ2/ ZZZZ3 were not open for diversions due to weather that evening. In an exercise of extreme caution due to the electrical burning smell still staying strong and non suitable alternates; we elected to divert to ZZZ1. Dispatch [requested priority handling] on our behalf; while I coordinated with Center routing to ZZZ1. The aircraft descended and landed normally. We received progressive taxi to gate XX where maintenance began inspecting the aircraft and the Relief Pilot completed form for the electrical burning smell. I later declared unfit for additional duty with the Chief Pilot and all crew went to the hotel in ZZZ1 for rest.,,B767 flight crew reported lightning strike followed by multiple electrical malfunctions and electrical burning smells resulted in a diversion.
2216233,202502,0001-0600,ZZZ.ARTCC,US,,,,200,,,,,,,,Center ZZZ,Air Carrier,A321,,2,Part 121,IFR,Passenger,,Cruise,,Class A ZZZ,,,,,,,,,,,,,,,,,,,,,,,,Engine,,X,Malfunctioning,,,,,,,,,,,,,,,,,,,,,,,,,,,,,,,,,,,,Aircraft X,Flight Deck,Air Carrier,Pilot Flying; Captain,Flight Crew Air Transport Pilot (ATP); Flight Crew Instrument; Flight Crew Multiengine,,,Troubleshooting; Time Pressure; Confusion; Workload,,,2216233,Aircraft X,Flight Deck,Air Carrier,First Officer; Pilot Not Flying,Flight Crew Multiengine; Flight Crew Air Transport Pilot (ATP); Flight Crew Instrument,,,Workload,,,2216224,Aircraft Equipment Problem Critical; Inflight Event / Encounter Bird / Animal,,,Person Flight Crew,In-flight,Air Traffic Control Issued New Clearance; Flight Crew Requested ATC Assistance / Clarification; Flight Crew Landed in Emergency Condition; Flight Crew Diverted; Flight Crew Overcame Equipment Problem; General Flight Cancelled / Delayed,Aircraft,Aircraft,We were cleared for takeoff on runway XXR with an RVR of 2000 feet. ATC did not report any known bird activity and I do not recall any reference to birds on the ATIS. Shortly after takeoff at approximately 2-300 feet in IMC conditions; we impacted what we believed to be birds. After a quick assessment of the aircraft systems; we reported the bird strike to ATC and informed them that we had no apparent aircraft damage. We continued our climb out while closely monitoring for any signs of malfunction due to the bird strike. We communicated the incident to our dispatcher via ACARS and asked them to coordinate with maintenance to ensure that they did not see any real time maintenance data that would indicate damage occurred. After collaborating with dispatch and the maintenance department we elected to continue the flight to ZZZ because there were no indications of any damage. About 50 minutes into the flight while level at FL350 we felt a violent shutter; loud bang; followed by an ENG 2 STALL ECAM message. The event was very brief and the engine returned to normal parameters after a few seconds. At this point we requested a lower altitude and began discussing a precautionary diversion to have the aircraft assessed by maintenance personnel. I contacted dispatch and coordinated a diversion to ZZZ1. I advised the flight attendants of the situation and addressed the passengers while the first officer began the diversion to ZZZ1. All engine indications remained normal but I elected to [requested assistance] as a precaution. At this point we did not know if the engine malfunction was attributed to the bird strike or not; but we wanted all parties to be prepared in the event of a reoccurrence of the engine hiccup or the emergence of another undiscovered issue linked to the bird strike. We landed normally at ZZZ1 and cancelled the [request] because all systems were functioning properly. After maintenance personnel inspected the aircraft they determined there was no apparent damage associated with the bird strikes on the aircraft or engines. They located signs of several impacts of small birds on the nose of the aircraft; just below the windscreen. There was no indication of any bird strikes on the wings; engines; or any critical areas. It appears that the engine malfunction may have been unrelated to the bird strike strike incident; but with the compounding of bird strikes and an engine irregularity; I felt it was the safest course of action to discontinue the flight to ZZZ and land at the nearest suitable airport for evaluation. Unfortunately bird activity is a persistent threat to aircraft. Due to the low visibility it was impossible for anyone to see the birds involved in this event. The only mitigation I can imagine would involve a detection or mitigation strategy that is beyond see and avoid.,,Struck birds at about 250ft in IMC conditions. Reported to ATC and dispatch and mix all indications were normal. Later in flight [requested assistance] due to compressor stall not sure if related to original incident Birds in area,,Air carrier pilot reported possible bird strike after takeoff and a compressor stall during cruise. Flight diverted to a nearby airport.
2217922,202503,1801-2400,SCEL.Airport,FO,,,0,,,,,,,,,Tower SCEL,Air Carrier,Widebody; Low Wing; 2 Turbojet Eng,,3,Part 121,IFR,Passenger,,Taxi,,,,,,,,,,,,,,,,,,,,,,,,,,Electronic Flt Bag (EFB),,X,Design,Tower SCEL,,Any Unknown or Unlisted Aircraft Manufacturer,,,,IFR,,,Final Approach,Vectors,,,,,,,,,,,,,,,,,,,,,,,,,Aircraft X,Flight Deck,Air Carrier,Captain; Pilot Flying,Flight Crew Air Transport Pilot (ATP); Flight Crew Multiengine; Flight Crew Instrument,,,Situational Awareness; Confusion; Communication Breakdown,Party1 Flight Crew; Party2 ATC,,2217922,Aircraft X,Flight Deck,Air Carrier,Pilot Flying; First Officer,Flight Crew Multiengine; Flight Crew Air Transport Pilot (ATP); Flight Crew Instrument,,,Situational Awareness; Confusion; Communication Breakdown,Party1 Flight Crew; Party2 ATC,,2217913,Aircraft Equipment Problem Less Severe; Conflict Ground Conflict; Critical; Deviation / Discrepancy - Procedural Published Material / Policy; Deviation / Discrepancy - Procedural Clearance; Ground Event / Encounter Other / Unknown; Ground Incursion Runway,,,Automation Air Traffic Control,Taxi,Air Traffic Control Issued Advisory / Alert; Flight Crew Requested ATC Assistance / Clarification,Airport; Chart Or Publication; Human Factors; Procedure; Aircraft; Software and Automation,Ambiguous,We were departing from gate XX and had briefed our taxi route for our expected departure of RW (Runway) 17R; including HS (Hold Short) and company pages.  After calling for taxi we were given instructions to taxi to RW17L.  Before AC movement; we modified the FMC SID; and well as the FMC EO (Engine Out) SID for RW 17L.  Additionally we talked about the HS for our new taxi route; which were similar in nature to those or RW 17R.  Our taxi clearance was essentially to taxi to 17L via P; H; K; T; and A.  After making the turn N onto A; we could see an A/C on final (appx 5-7 miles out) for RW 17L.  Switching to TWR the A/C on final was mentioning that he was being lasered" by someone on the ground.  As we approached RW 17L via A; I did not see the Cat (Category) II HS line prior to making the Right turn to HS of RW 17L.  As I made the turn and approached the large red HS line to RW 17L; it says in VERY large while letters painted within the RED HS line; 17L Cat II/III.  I therefore assumed that there would be another HS line for RW 17L. I was using the AMM (Airport Moving Map) chart for ground navigation and the 17L RW sign on the chart covers up what now appears to be a taxi area that is an extension of RW 17L centerline. The taxi chart has the 17L identifier offset and clearly shows the 17L extended centerline taxi area. While the pages mention faded taxi lines; there is no mention of the nomenclature for the 17L HS line or the fact that the taxi way extends to part of the RW17L extended centerline.  There are "blue" taxi lights extending past the HS line and encompassing part of the extended centerline for RW17L. The RW lights were somewhat dim and several hundred feet to the right of the A/C position.  This all added to my confusion that I was still well short of the RW.  After about half of the A/C had passed the 17L Cat II/III HS line; it became apparent we were much closer to the RW than we thought. The TWR inquired as to whether we were on the RW.  We responded that we were not; but shortly thereafter mentioned that we were in fact over the 17L HS line.  The tower then instructed the A/C on an about 3 mile final to execute a Go Around.  I'm diligent about A/C movement on the ground; including briefing the HS's and company pages to any threats. In my brief; I always mention that we will mitigate many of the threats by going slow and agreeing on a plan first.  I announce a taxi turn as we approach each turn to make sure where we are going agrees with our clearance. At no point did we "rush" our movement to the RW.  The mitigating factors in this event are the different nomenclature on the 17L HS line.  The taxiway extending through the extended centerline or the runway; the 17L marking on the AMM page that covers up most of the taxiway that sits in the extended centerline; nighttime; and finally the somewhat dim 17L RW lights that are not in front of you; but rather several hundred feet to the right of the A/C when approaching the HS line.  My recommendation is to add some verbiage to the pages about the unique nature of the nomenclature and the fact that the taxiway extends to the extended centerline of RW 17L.",,During taxi out to Rwy 17L we followed taxiway A around the corner and saw clearly marked on the pavement 17L Cat (Category) III. We taxied beyond the hold line and realized we were very close to the runway. The captain immediately stopped the aircraft and parked the brakes. The tower called to confirm that we were not on the runway; which we were not. I confirmed that we were beyond the ILS hold line but holding short of the runway. The tower immediately sent the aircraft on approach around and subsequently cleared us into position and then to takeoff. The company page references 'former runway markings on taxiway A are faded; it should more clearly state the correct location of the ILS hold point as well as incorrect nomenclature on the taxiway by the runway hold line.,,Air carrier pilots reported a runway incursion; caused by confusion reading the description of the hold short line; faded hold short line paint and unusual taxiway lighting for runway 17L at SCEL; Arturo Merino Ben铆tez International Airport; Santiago; Chile;
2222642,202503,0001-0600,HPN.Airport,NY,,,0,,,,,,,,,Ground HPN; Tower HPN,Air Carrier,Commercial Fixed Wing,,2,Part 121,IFR,Passenger,,Taxi,,,,,,,,,,,,,,,,,,,,,,,,,,,,,,,,,,,,,,,,,,,,,,,,,,,,,,,,,,,,,,,,,Aircraft X,Flight Deck,Air Carrier,Pilot Not Flying; First Officer,Flight Crew Multiengine; Flight Crew Air Transport Pilot (ATP); Flight Crew Instrument,,,Communication Breakdown; Distraction; Situational Awareness,Party1 Flight Crew; Party2 ATC,,2222642,,,,,,,,,,,,ATC Issue All Types; Deviation / Discrepancy - Procedural Clearance; Ground Incursion Runway; Inflight Event / Encounter Weather / Turbulence,,,Person Flight Crew,Taxi,Air Traffic Control Provided Assistance; Flight Crew Requested ATC Assistance / Clarification,Procedure; Human Factors; Airport,Airport,Landing [Runway] 16 in HPN weather was very low; 2200 RVR. Upon landing we were told to roll to the end; and we did very slowly in the interest of safety. After acquiring the centerline; we notified Tower we were clear of 16. Tower instructed us to contact Ground 121.8;" I read-back "121.8." I then contacted UNICOM for a gate assignment; response was muttered and hard to understand. I then contacted Ground; then called again after no response. I checked the charts and saw the frequency was 121.82. After being heads down for a moment acquiring and dialing the frequency; I look up and start to make out hold-short lines. I say to Captain; "I think that's the hold-short line." I was too late; even with Captain's quick reaction we stopped about 4 feet over the line for [Runway] 11/29. I notified Ground and she instructed us to cross. The rest of the flight continued as normal.Cause: Low visibility; miscommunication with ATC; unlighted holding position markings.Suggestion: While we are at fault for this; I believe some things could have prevented us from making this mistake externally in low visibility. Tower could have corrected my readback; or the holding bars could have been lit for better recognition. For me; I could have notified the Captain that I was heads down. I could have asked Tower for a proper frequency.",,,,Air carrier First Officer reported the flight crew went past the hold short lines due to miscommunication with ATC; poor visibility; and unlit holding position markings at the airport.
2223414,202503,0001-0600,ZZZ.Airport,US,,,,300,,IMC,,,Night,,,TRACON ZZZ; Tower ZZZ,Air Carrier,Commercial Fixed Wing,,2,Part 121,IFR,,GPS,Initial Approach,,Class D ZZZ,,,,,,,,,,,,,,,,,,,,,,,,,,,,,,,,,,,,,,,,,,,,,,,,,,,,,,,,,,,,,,,Aircraft X,Flight Deck,Air Carrier,First Officer; Pilot Not Flying,Flight Crew Multiengine; Flight Crew Air Transport Pilot (ATP); Flight Crew Instrument,,,Confusion; Communication Breakdown,Party1 Flight Crew; Party2 Flight Crew,,2223414,,,,,,,,,,,,Deviation - Altitude Overshoot; Deviation - Altitude Excursion From Assigned Altitude; Deviation - Speed All Types; Deviation / Discrepancy - Procedural Clearance; Inflight Event / Encounter Loss Of Aircraft Control; Inflight Event / Encounter Unstabilized Approach; Inflight Event / Encounter Weather / Turbulence,,,Person Flight Crew,In-flight,Flight Crew Executed Go Around / Missed Approach; Flight Crew Regained Aircraft Control,Human Factors,Human Factors,WX prior to the approach: Vis 5000RVR. 400 OVC.RNAV GPS 2  ZZZ. I was the PM in the right seat. Captain was pilot handling. We were cleared by Approach; direct ZZZZZ cross ZZZZZ at or above 2000. Prior to ZZZZZ we were configured at flaps 5. A point past ZZZZZ  we were told to contact the tower. I contacted the tower; we received the landing clearance. The captain then asked me to call them back and ask for the Vis (prior to FAF). 5000 RVR was the response. Captain then asked me to call tower back and request the ceilings (all between ZZZZZ and ZZZZZ1). The tower came back with 300'. The captain said 'we are not going to get in' (twice). I said; 'what are your intentions?' I then noticed we were approaching ZZZZZ1 rapidly. 'I then said; we are nearly at ZZZZZ1 and we are not fully configured'. Captain asked for gear down and flaps 15. As I put the gear down I said were are passed ZZZZZ1 and you are not configured for landing. Captain then said; 'go around Flaps 15'. I said; 'you're at Flaps 5'. Captain called for flaps 15 again. I said 'you're at flaps 5'. I called 'positive rate' he called gear up. Captain again asked for flaps 15. Again I said you're at flaps 5. I then noticed our pitch was at 22 degrees we were decelerating through 170 knots. The slowest speed I saw was 167 knots with the low speed amber indications in full view and a trend vector decelerating. I called pitch and speed. Pitch down pitch down. During this oscillation I also noticed the aircraft symbol was high above the pitch bar and well to the right of the roll bar. The captain then pitched to the horizon and we started to accelerate. I said follow the command bars. There were PIO (Pilot-Induced Oscillations) in pitch and roll. The Captain began a roll to follow the roll bar command for the missed approach procedure; but rolled in excess of 40 degrees. We received a 'bank angle warning'. I told the captain to roll the wings level. Then follow the flight direct. I was also told to contact approach. We were rapidly approaching 2000 ft and said as much to the Captain; we rocketed up through 2000 ft. I said to the captain I need you at 2000 ft. He stopped the climb at 2500 ft. Descended to I think 2300 ft. Again I said I need you at 2000 ft. I was also trying to sound coherent with ATC. I requested 3000; as the captain was not descending back to 2000. Again we got into a pilot induced oscillation. Again I was trying to get the Captain to follow the command bars. He seemed to be struggling with following the command bars.  We stopped the climb at 3500 ft. At some point I noticed the A/T (autothrottles) were disconnected. I reestablished the a/t gave the captain 200 knots. He descended back to 3000 ft. During all this the captain on numerous occasions kept apologizing. There were definitely G loadings both negative and positive during this event.I remember seeing as much as 3600 FPM climb down to 1200 FPM descents. Roll in excess of 40 degrees.,,,,Air carrier First Officer reported Captain failure to maintain stable control of aircraft on approach and go-around resulted in momentary losses of aircraft control.  First Officer stated captain failed to communicate; maintain proper speeds leading to pilot induced oscillations; exceeded bank angle and overshot altitude.
2228231,202504,0001-0600,ATL.Airport,GA,,,,2400,,IMC,Cloudy,,,2500,,Tower ATL,Air Carrier,Medium Large Transport; Low Wing; 2 Turbojet Eng,,2,Part 121,IFR,Passenger,Localizer/Glideslope/ILS LOC,Initial Approach,,Class B ATL,,,,,,,,,,,,,,,,,,,,,,,,,,,,,,,,,,,,,,,,,,,,,,,,,,,,,,,,,,,,,,,Aircraft X,Flight Deck,Air Carrier,Captain,Flight Crew Air Transport Pilot (ATP); Flight Crew Multiengine; Flight Crew Instrument,Flight Crew Type 1500,,Time Pressure; Workload; Situational Awareness; Training / Qualification,,,2228231,,,,,,,,,,,,Deviation - Altitude Crossing Restriction Not Met; Deviation - Altitude Overshoot; Deviation / Discrepancy - Procedural Published Material / Policy; Inflight Event / Encounter CFTT / CFIT,,,Automation Air Traffic Control; Person Flight Crew,In-flight,Flight Crew FLC complied w / Automation / Advisory; Flight Crew Returned To Clearance,Human Factors,Human Factors,On approach into ATL I was pilot flying when during the final approach the aircraft descended approximately 200-300ft below approach minimums. On the arrival into ATL we were told to expect a visual approach to runway 10 in ATL. ATC cleared us to 3000ft and gave us a left turn heading 360 for a base leg to runway 10. On base we were still in the clouds so we asked for an approach. ATC gave us clearance for the RNAV runway 10. Due to being initially given a visual approach I had the ILS/LOC programed in as a backup and had planned to use the PAPI for vertical guidance and localizer for horizontal. Since I was flying the aircraft I asked the FO to program the RNAV. However due to the lack of time I used the localizer to give course guidance until the FMS was programed. This is where I should have gone around and asked for more time to get properly set up for the approach. I did have the RNAV approach plate up and knew we were safe to descend to 2700ft to the final approach fix so I disconnected the auto pilot and began a decent to 2700ft. After the FO got the approach loaded and we began the approach we were still outside the final approach fix when I realized we had descended below 2700ft to around 2400ft. I immediately began correcting but we were issued a low altitude alert from ATC. They noted in the transmission they saw us climbing; this was my correction. After correcting we returned to 2700ft and we flew the rest of the approach maintaining stable approach criteria from the FAF to landing. Looking back I should not have rushed this approach and should have gone around and asked for more time to get set up for a proper RNAV approach. I believe this was caused by my decision to continue an approach we needed more time to properly prepare for. Additionally having a more common approach (RNAV vs. LOC) ready as a backup could have better prepared us for a last minute switch to an IFR approach rather than a visual.,,,,Captain reported descending below FAF crossing altitude before the FAF and receiving an ATC low altitude alert. Flight crew corrected and continued to landing.
2231943,202504,0001-0600,,,,,0,,,,,,,,,,Air Carrier,EMB ERJ 170/175 ER/LR,,2,Part 121,,Passenger,,Parked,,,,,,,Unscheduled Maintenance,Repair,,,,,,,,,,,,,,,,,,Horizontal Stabilizer Control,,X,Malfunctioning,,,,,,,,,,,,,,,,,,,,,,,,,,,,,,,,,,,,Hangar / Base,,Air Carrier,Other / Unknown,Maintenance Airframe; Maintenance Powerplant,,,Communication Breakdown,Party1 Maintenance; Party2 Maintenance,,2231943,Hangar / Base,,Air Carrier,Other / Unknown,Maintenance Airframe; Maintenance Powerplant,,,Communication Breakdown,Party1 Maintenance; Party2 Flight Crew,,2231944,Aircraft Equipment Problem Critical; Deviation / Discrepancy - Procedural MEL / CDL,,,Person Flight Crew,Aircraft In Service At Gate,General Flight Cancelled / Delayed,Aircraft; Human Factors,Human Factors,Just after morning turnover I was asked by an experienced night shift controller about Aircraft X that had an AP (Autopilot) pushbutton not working and asked what we wanted to do. I instructed said Controller to defer it. It wasnt until later in the day we found out it was the for trim disconnect button.,,I received a call from the captain on Aircraft X in ZZZ around XA:20. I had a very hard time understanding what the capt was saying as the conversation was cutting in and out while I was talking to him. Finally heard him say the FO AP (Autopilot) button was not working. I spent a little time looking for a MEL specific to the AP button. There is not one so I MEL'd the whole AP system and removed the aircraft from CAT II operations and RVSM compliance. Upon returning to work I was informed that the actual problem was the pitch trim switch not the AP switch. I was also informed that the recording of the conversation was crystal clear but that I had stated during the call that his phone was breaking up and when I could understand him he did say AP switch. While looking for the MEL I never heard him say anything about the pitch trim switches nor anything about a pitch runaway issue; and I had him look at the MEL s that I was putting on to verify that they met what he was reporting . It was apparently reported later in the day what the actual issue was. This resulted in the aircraft being grounded in ZZZ1 with a pitch runaway test issue with the FO's AP disconnect switch that was eventually fixed by replacing the AIOP (Actuator Input Output Processor) 2 and two separate road trips. The issue is that while the aircraft did not have a runaway pitch event if it had the FO's AP switch would not have stopped it. The capt side would have as his switch was working properly.,,Air carrier maintenance controllers reported they applied the incorrect MEL. They were informed later the problem was for the First Officer pitch trim switches and not the autopilot button.
2239105,202505,1801-2400,ZZZ.TRACON,US,,,,8000,,,,,,,,TRACON ZZZ,Air Carrier,B737-800,,2,Part 121,IFR,Passenger,,Climb; Initial Climb,,Class E ZZZ,,,,,,,,,,,,,,,,,,,,,,,,Oil Pressure Indication,,X,Malfunctioning,,,,,,,,,,,,,,,,,,,,,,,,,,,,,,,,,,,,Aircraft X,Flight Deck,Air Carrier,Captain; Pilot Flying,Flight Crew Instrument; Flight Crew Air Transport Pilot (ATP); Flight Crew Multiengine,,,Troubleshooting; Workload,,,2239105,,,,,,,,,,,,Aircraft Equipment Problem Critical,,,Automation Aircraft Other Automation,In-flight,Air Traffic Control Provided Assistance; Flight Crew Requested ATC Assistance / Clarification; Flight Crew Landed in Emergency Condition; Flight Crew Inflight Shutdown; Flight Crew Returned To Departure Airport; General Flight Cancelled / Delayed,Aircraft,Aircraft,I was the pilot flying on the ZZZZZ departure passing 8;000 for 16;000 ft. when the FO(pilot monitoring) noticed an amber No. 2 ENG pressure alert.  We then saw the No. 2 ENG pressure decreasing quickly and turning to a red alert. We received clearance to level off at 10;000 ft. to run the QRH checklist.  The FO now became the pilot flying as I ran the ENGINE LOW OIL PRESSURE Checklist.  This checklist then took us to the Engine Failure or Shutdown checklist which had us shutdown the No. 2 Engine.  The FO [requested priority handling] with ATC and flew vectors west of the airport descending down to 5;000 ft.  I finished that checklist; and then the One Engine Inoperative Landing checklist and additional checklist.  I briefed the approach to runway XX and then swapped back to the pilot flying.  We set up for a 15 nm final and landed overweight around 168;000 lbs. The landing was smooth; and we rolled out to the taxiway 1 clearing the runway there.  ARFF (Airport Rescue and Firefighting) was waiting and we asked for and received a 360 degree inspection.  The inspection was good; and they followed us to the gate uneventfully. The post flight inspection showed oil around the engine nacelle and a small puddle on the ground. The FO did a great job as we had solid teamwork to get through the checklists and be ready for the approach. This was my first flight since recurrent the week before.  After shooting what felt like a dozen Cat III single engine approaches in the simulator this event in the aircraft was almost second nature.,,,,B737 Captain reported engine low oil pressure indication during departure climb. Flight crew performed an in flight engine shutdown and return to departure airport.
2247728,202505,0001-0600,ZZZ.Airport,US,,,,,,,,,,,,,Air Carrier,B767-300 and 300 ER,,3,Part 121,IFR,,,Initial Approach,,,,,,,,,,,,,,,,,,,,,,,,,,Flap Control (Trailing & Leading Edge),,X,Malfunctioning,,,,,,,,,,,,,,,,,,,,,,,,,,,,,,,,,,,,Aircraft X,Flight Deck,Air Carrier,Captain; Pilot Not Flying,Flight Crew Air Transport Pilot (ATP),,,,,,2247728,,,,,,,,,,,,Aircraft Equipment Problem Critical; Deviation / Discrepancy - Procedural Maintenance; Deviation / Discrepancy - Procedural Published Material / Policy; Inflight Event / Encounter Fuel Issue; Inflight Event / Encounter Weather / Turbulence,,,Automation Aircraft Other Automation; Person Flight Crew,In-flight,Air Traffic Control Provided Assistance; Flight Crew Overcame Equipment Problem,Aircraft,Aircraft,The flight to ZZZ was mostly normal other than we had discussed with dispatch a diversion strategy to ZZZ1 due to degrading weather in ZZZ. As we started descent we noted that the weather was just slightly above minimums for the approach; 1000 meters RVR and 200 feet broken. The approach required 800 RVR and 200 feet. We elected to make one attempt before heading to ZZZ1 which was nearly 3 hours away. This alternate was chosen because ZZZ is fairly remote and the company felt that ZZZ1 would be able to provide the best handling services. We were vectored onto the approach all was normal until roughly 30 seconds after flaps 30 was selected; TE EDGE FLAP ASYM master caution message displayed. I elected to discontinue the approach and run the checklist to resolve the issue to the best of our abilities. We conducted a high altitude missed approach and quickly realized we were unable to retract the flaps. The gear horn was sounding and was extremely distracting; there is no way to silence this other than extending the gear; I elected to do so as we were in non mountainous terrain and at a low enough weight that performance for now was assured. The pilot monitoring in the 1st observers seat ran the TE FLAP ASYM non normal checklist while the first officer manually flew the aircraft. I felt that due to aircraft configuration that the autopilot may not be the best choice. I managed the situation requested a vector from ATC and trouble shot with the pilot observing. I quickly realized that due to increased approach speed and the checklist being unsure of what flaps were actually extended that there were very few alternate airport options if we were unable to land at ZZZ. Continuing to ZZZ1 with the flaps at 30 and gear down was not an option. We likely had an hour and a half of fuel at 165 kts maximum airspeed due to configuration giving us an absolute maximum range of 247.5 miles. We also required more than 6000 feet of runway. We started the approach to ZZZ one more time; at minimums I saw approach lights we continued 50 feet and just barely saw the runway threshold lights. We were able to land but it was possibly the lowest category 1 approach I have ever conducted. The aircraft was limited to category 1 and that was the only available approach at ZZZ. We noted that the weather looked improved about 1 hour after landing so we may have been able to hold and wait it out. Maintenance gave us no answer as to how he resolved the flap issue he seemed unsure of why it happened. We reluctantly continued on to ZZZ2 which we had major concerns about the issue repeating itself now at a high altitude airport but after running numbers with the fleet captain I was assured that at the low weight I was arriving into ZZZ2 with I would have the performance to land or divert to another low altitude airport. Enroute to ZZZ2 we learned that TE FLAP ASYM was a repeat write up from maintenance. Sadly repeat maintenance items are not uncommon it seems the norm to do the bare minimum to resolve most maintenance issues here. I cannot emphasize enough how few options we would have had if we were unable to land at ZZZ. Also this specific 2 leg day was incredibly fatiguing; there are no rest facilities on the aircraft. There is no where to sleep; augmented crews on late night departures with extended duty days are not safe.Cause: Poor maintenance; poor planning; remoteness of ZZZ; lack of good alternates.Suggestions: We need a closer alternate than ZZZ1 although it is useful to the customer although given the aircraft state there is no way we could have made it there.,,,,B767 Captain reported TE EDGE FLAP ASYM master caution message on approach to their destination resulting in the flight crew executing a go-around and setting up for an approach at the airport.  The aircraft landed safely at their destination airport.
2256996,202506,1801-2400,LTFM.Airport,FO,,,0,,,,,,,,,,Air Carrier,Commercial Fixed Wing,,,Part 121,IFR,Cargo / Freight / Delivery,,Initial Climb; Takeoff / Launch; Parked; Cruise; Climb; Taxi,,,,,,,,,,,,,,,,,,,,,,,,,,GPS & Other Satellite Navigation,,X,Malfunctioning,,,,,,,,,,,,,,,,,,,,,,,,,,,,,,,,,,,,Aircraft X,Flight Deck,Air Carrier,Captain; Pilot Not Flying,Flight Crew Instrument; Flight Crew Multiengine; Flight Crew Air Transport Pilot (ATP),,,Situational Awareness; Communication Breakdown,Party1 Flight Crew; Party2 ATC,,2256996,,,,,,,,,,,,ATC Issue All Types; Aircraft Equipment Problem Less Severe; Inflight Event / Encounter Other / Unknown,,,Person Flight Crew,Taxi; Aircraft In Service At Gate; In-flight,Flight Crew Overcame Equipment Problem,Aircraft; Environment - Non Weather Related; Human Factors,Environment - Non Weather Related,During preflight we were having issues with our GPS position. Ground and Dispatch confirmed it was a common problem in Turkish airspace. We elected to push pack and update the GPS as we were told that's usually when it would come back. When it did not we discussed and decided to continue as long as the FMC position updated on takeoff; which it did. In the air we tried to acquire the GPS updating again. We advised dispatch we still had no GPS signal from either receiver. About an hour or 2 in flight the L GPS appeared to be working again. We advised Dispatch and let them know the R GPS was still out. After passing our coast out point ATC advised us they were not receiving ADSB reports. I told them we had encountered GPS spoofing in Turkish airspace and were single GPS. They asked if we were still RNP4 capable (2 GPS per the manual limitations) which I replied unable and told them we were filed RNP10. Or so I thought since we had looked up the CNS requirements at the gate and referenced the oceanic supplemental procedures which labeled A1 as flight plan Item 18 RNP10. Which confusingly we discovered on the flight plan later also had L1 (RNP4). ATC pointed out we were filed for RNP4 and we should have advised them of degraded performance. They climbed us to FL330 and we continued with voice reports. Cause: I had been more focused and occupied on verifying that our position was continuously accurate throughout the flight and that we were never drifting off course. Our ANP/RNP was 4.00/0.06 during most of the flight. I kept dispatch informed but didnt think to inform oceanic ATC. Suggestions: In hindsight I should have asked dispatch to verify our equipment requirements instead of simply giving them status updates. Also having a more centralized pilot friendly equipment failure/CNS requirement reference for just such an occasion would be beneficial. Much like the Cat II/III equipment chart.,,,,Air carrier Captain reported encountering GPS jamming that was first noticed at the departure gate in LTFM; and they later regained functionality with one GPS but not the other. GPS abnormality continued throughout flight.
2265382,202507,1201-1800,,,,,,31000,,,,,Daylight,,,,Air Carrier,A321,,2,Part 121,IFR,Passenger,,Climb,,,,,,,,,,,,,,,,,,,,,,,,,,Autoflight System,,X,Malfunctioning,,,,,,,,,,,,,,,,,,,,,,,,,,,,,,,,,,,,Aircraft X,Flight Deck,Air Carrier,Captain; Pilot Not Flying,Flight Crew Instrument; Flight Crew Multiengine; Flight Crew Air Transport Pilot (ATP),,,Troubleshooting; Human-Machine Interface; Situational Awareness; Communication Breakdown; Confusion,Party1 Flight Crew; Party2 Flight Crew,,2265382,,,,,,,,,,,,Aircraft Equipment Problem Critical; Deviation - Altitude Undershoot; Deviation - Speed All Types; Deviation / Discrepancy - Procedural Maintenance; Deviation / Discrepancy - Procedural Published Material / Policy; Deviation / Discrepancy - Procedural Clearance,,,Automation Aircraft Other Automation; Person Flight Crew,In-flight,Flight Crew Overcame Equipment Problem; General Maintenance Action,Aircraft; Software and Automation; Human Factors,Aircraft,Previous write up for Captain AOA vain fault had been cleared twice on this day. Multi-Mode Receiver (MMR) 2 issues were caused; noted; and cleared by Maintenance during AOA repair. Unknown if those are relevant issues as there were no indications at the time of the incident. Uneventful preflight and takeoff after Maintenance sign off. After an initial level off at FL270; the Captain started a climb to FL330 using open climb. Initial indications looked good and the Flight Mode Annunciator (FMA) was set correctly. The aircraft pitched and started to climb at around 1400 ft per minute. Even though the FMA showed it was in open climb; the aircraft held approximately 1400 VVI. The airspeed slowly decayed from 318 KIAS to 268 KIAS. The crew was busy considering a deviation for a building storm approximately 100 miles ahead and the radios were busy with aircraft requesting deviations. First Officer (FO) noticed when aircraft was initially approximately 5-8 kts. slow but thought the aircraft was still accelerating after the level off and dismissed the observation without saying anything. After more deviation discussion and radio calls; the FO's scan returned to the airspeed and noticed it was significantly closer to VLS and still decaying. A quick scan of the FMA and Autopilot/auto throttles did not give a good reason and the FO asked Why is our airspeed slow?". This was around 270 kts. and the Captain recovered the aircraft by manually leveling off and eventually descending back down to FL310. The crew noted the Autopilot disconnect warning light and sound when the Captain recovered. There was no warning or status message prior to that time. After stabilizing the aircraft; the crew attempted to re-engage the Autopilot. The crew had a Autopilot 1+2 INOP and CAT II INOP messages on the status page. These cleared themselves and then the crew was able to reconnect the Autopilot. The crew ran the unreliable airspeed checklist as a precaution and found all indications to be in line with what was expected. The crew continued to ZZZ being extra vigilant in monitoring the Autopilot. Later in The flight; the crew got indications of a MMR 2 failure as well as indications of the Captain AOA failure. The crew landed uneventfully. The crew wrote up the incidents in the logbook and the Captain provided an extensive debrief to Maintenance personnel at the aircraft and a Maintenance supervisor via phone. The data can be seen and corroborated in the safety software. It appears Maintenance signed off this write up by performing an ILS CATIII test; which would not appear on the surface to address the situation. The unknown nature of why the Autopilot did not perform as intended is what gives the crew member hesitation and a desire for further investigation.Cause: Unknown cause of the event. FO could have spoken up when deviation was approaching 10 kts. from target airspeed without an explanation. This would have made for a less stressful recovery with a higher airspeed margin.",,,,A321 Captain reported an air data malfunction resulting in a low airspeed indication during a cruise climb. The Captain leveled the aircraft and descending to a lower altitude and continued to the destination.
2277591,202508,0601-1200,ZZZ.Airport,US,,,200,,,,10,,,2000,,CTAF ZZZ,,PA-28 Cherokee/Archer/Dakota/Pillan/Warrior,,2,Part 91,IFR,Training,,Final Approach,Visual Approach,Class G ZZZ,,,,,,,,,,,,,,,,,,,,,,,,,,,,,,Any Unknown or Unlisted Aircraft Manufacturer,,1,,VFR,,,,,Class G ZZZ,,,,,,,,,,,,,,,,,,,,,,,,Aircraft X,Flight Deck,FBO,Instructor,Flight Crew Commercial; Flight Crew Flight Instructor; Flight Crew Instrument; Flight Crew Multiengine,Flight Crew Last 90 Days 104; Flight Crew Total 893,,Time Pressure; Workload,,,2277591,,,,,,,,,,,,Conflict Airborne Conflict; Conflict Ground Conflict; Critical; Deviation / Discrepancy - Procedural Published Material / Policy; Ground Incursion Runway,Vertical 200,,Person Flight Crew,In-flight,Flight Crew Executed Go Around / Missed Approach; Flight Crew Took Evasive Action,Airport; Human Factors; Procedure,Human Factors,We were on the RNAV XX into ZZZ we were making positions calls. At 3.5 miles out the other plane decided turn base to final. He landed in the grass to the right and decided to taxi to the taxiway via the grass. By the time we were just below minimums we went around because he was not on the other side of the hold short,,,,PA-28 Flight Instructor reported they executed a go-around at a non-towered airport when they observed an aircraft turn final in front of them land in the grass and taxi across the runway.
2288259,202509,1201-1800,ZZZ.TRACON,US,,,,,,,,,,,,TRACON ZZZ,Air Carrier,EMB ERJ 170/175 ER/LR,,2,Part 121,IFR,Passenger,,Initial Approach,,,,,,,,,,,,,,,,,,,,,,,,,,Autopilot,,X,Malfunctioning,,,,,,,,,,,,,,,,,,,,,,,,,,,,,,,,,,,,Aircraft X,Flight Deck,Air Carrier,Pilot Flying; Captain,Flight Crew Instrument; Flight Crew Air Transport Pilot (ATP); Flight Crew Multiengine,,,Situational Awareness; Troubleshooting,,,2288259,Aircraft X,Flight Deck,Air Carrier,Pilot Not Flying; First Officer,Flight Crew Instrument; Flight Crew Multiengine; Flight Crew Air Transport Pilot (ATP),,,,,,2288271,Aircraft Equipment Problem Less Severe; Deviation - Altitude Overshoot; Deviation / Discrepancy - Procedural FAR; Deviation / Discrepancy - Procedural Published Material / Policy; Inflight Event / Encounter Unstabilized Approach; Inflight Event / Encounter Weather / Turbulence,,,Person Flight Crew,In-flight,Flight Crew Overcame Equipment Problem,Aircraft,Aircraft,During arrival we set up for the approach as usual. When we began the descent with the Autopilot for the approach the Autopilot randomly disconnected. We ran the QRH procedure and the Autopilot came back. It disconnected again and at this point we were on the final approach. I was thinking as to why the aircraft disconnected the Autopilot while I was now hand flying. Because of that we slightly descended below minimums and as soon as I was about to execute the go around I heard 'approach lights' and then 'runway in sight'. Then landed the aircraft. In hindsight a go-around should've been executed and tried again.,,During our final descent the Autopilot disconnected randomly while being vectored for the approach. We ran the QRH procedure and the Autopilot came back briefly. On final approach the autopilot disconnected again. The Autopilot disconnecting caused me to tunnel vision causing us to go slightly below minimums. Once I realized what happened; I saw the approach lights and called out approach lights and runway in sight. After the flight during the debrief; we agreed we should have initiated a go-around and tried the approach again.,,EMB-170 flight crew reported the autopilot randomly disconnected twice during the approach phase.
2289818,202509,,ZZZ.Airport,US,,,0,,,,Rain,,,,,Tower ZZZ,Air Taxi,Fairchild Swearingen Undifferentiated or Other Model,,1,Part 135,IFR,Cargo / Freight / Delivery,,Takeoff / Launch,,,,,,,,,,,,,,,,,,,,,,,,,,,,,,,,,,,,,,,,,,,,,,,,,,,,,,,,,,,,,,,,,Aircraft X,Flight Deck,Air Taxi,Captain,Flight Crew Air Transport Pilot (ATP),Flight Crew Last 90 Days 100; Flight Crew Total 3600; Flight Crew Type 100,,Situational Awareness,,,2289818,,,,,,,,,,,,Deviation / Discrepancy - Procedural Published Material / Policy; Ground Event / Encounter Loss Of Aircraft Control,,,Person Flight Crew,Taxi,Flight Crew Regained Aircraft Control,Human Factors,Human Factors,After loading at the cargo ramp; weather at destination dropped below minimums causing me to initiate a weather delay.  My chief pilot asked me to taxi to our ramp instead of waiting on the cargo ramp.  I did this single engine to conserve fuel since I knew weather was going to be an issue.  During the reposition; I received a report that weather was now above minimums at destination; followed by a call from the boss telling me to go.  I proceeded to our ramp; started the other engine; and called for a departure clearance.  In getting out of routine; I failed to take the left engine off the start locks.  On takeoff roll; left hand torque did not rise.  I immediately recognized the propeller had not come off the start locks so I slowed down and applied reverse to release the start locks.  During this maneuver my hand slipped off the nose wheel steering button allowing the nose wheel to caster freely resulting in a sharp left hand turn which caused the aircraft to depart centerline. I regained directional control; returned to runway centerline; ensured normal engine acceleration; and continued the takeoff with no further incident.,,,,Air Carrier Captain reported during takeoff roll left engine torque did not rise resulting in the aircraft making a sharp left turn; the captain was able to regain control of the aircraft and departed safely.
2293409,202510,0601-1200,ZZZ.Airport,US,,,0,,,IMC,,,Daylight,,,UNICOM ZZZ,Air Carrier,Regional Jet 200 ER/LR (CRJ200),,2,Part 121,IFR,Passenger,,Landing,,Class E ZZZ,,,,,,,,,,,,,,,,,,,,,,,,,,,,,,,,,,,,,,,,,,,,,,,,,,,,,,,,,,,,,,,Aircraft X,Flight Deck,Air Carrier,Pilot Not Flying; First Officer,Flight Crew Multiengine; Flight Crew Air Transport Pilot (ATP); Flight Crew Instrument,,,Communication Breakdown; Fatigue; Situational Awareness,Party1 Flight Crew; Party2 Flight Crew,,2293409,,,,,,,,,,,,Deviation / Discrepancy - Procedural Published Material / Policy; Inflight Event / Encounter CFTT / CFIT; Inflight Event / Encounter Unstabilized Approach; Inflight Event / Encounter Weather / Turbulence,,,Automation Aircraft Terrain Warning,In-flight,General None Reported / Taken,Human Factors; Weather,Human Factors,Prior to departing ZZZ1 to ZZZ the Captain and I were discussing the current weather conditions at ZZZ. The weather at ZZZ was below minimums for all the runways expect the ILS to Runway XX. We looked at the winds at ZZZ and they we out of the N at 12kts Gusting 19. Knowing this we knew Runway XX would have a tail wind when we got to ZZZ and knew that it would be a possibility that we could exceed our 10kts tail wind limitation. The Captain contacted Dispatch with our concerns of possibility of not being able to complete the flight once we got there. After further discussion with Dispatch we agreed to depart and attempt the flight to ZZZ with the plan to divert back to ZZZ1 if we could not get in due to the weather. We ended up departing and once we got the current weather for ZZZ weather did not improve. We began a hold over ZZZ VOR and waited for the wind to be within limitations to land Runway XX. The Captain said he will monitor the winds while on the approach to make sure we still within the tailwind limitation. Once the winds improved we attempted the ILS XX. While over the FAF winds picked up and we commenced a miss approach. We diverted back to ZZZ1 as planned with no issues.Once we were back in ZZZ1 the company wanted us to make another attempt at making the flight to ZZZ. While looking at the new government TAF for ZZZ there was no change in the weather conditions. Both the Captain and I had the same concerns from our first attempt. Dispatch then provided us with a TAF from WSI that showed the weather improving just enough to attempt the RNAV XY into ZZZ which would allow us to land with a headwind and complete the flight. Both the Captain and I were still concerned on the the completion of the flight because we were provide two different TAFs. We did not know which one was going to be accurate. Dispatch upped our fuel reserves which would allow us multiple attempts into ZZZ and also enough fuel to divert back to ZZZ1. We departed ZZZ1 with the plan of attempting the RNAV XY first. We arrive at ZZZ and two prior planes we able to get in on the RNAV XY. We attempted the RNAV XY and made visual sight with the ground; but could not get visual on the runway. We proceeded to go missed and flew in the hold. While in the hold we discussed were going to attempt the ILS XX again if the winds were below our tailwind limitation of 10kts. We listened to the weather and verified that the winds were within our limitations. We exited the hold and began the ILS XX. Everything was standard about the approach except once we broke out of the clouds at minims. I called 'runway in sight' and the Captain said 'Landing'. After our callouts the captain communicated to me he was higher than he expected once breaking out of the clouds. To correct he increased his descent rate after that we were below glide slope and herd the EGPWS aural 'Glide Slope' followed by'Pull Up'. As Pilot monitoring I verified we were were still with in all the stable approach criteria and since we had visual contact with the runway on very short final with no obstacles I elected to allow him to complete the landing. The landing was firm and the plane touched down by the 1000ft markings. During our the debrief the Captain and I discussed what happened and both of us determined that the maneuver made seem to be erratic; but was not out of standards. After a couple of days after the event; even though it was within our company standards I was not satisfied with my actions. I should of called for a Go Around.  I believe the multiple missed approaches at ZZZ made me reluctant to call for a go around once we had the runway insight.I justified the Captains actions in the moment to increase his descent rate on short final. Due to the knowledge of tailwind and wet runways to limit float and long landing.I also believe fatigue was also a contributing factor. We were coming off a minimum rest period from the night night before. Even thought at the time I felt fit tofly looking back I think fatigue affected my decision making. To avoid this in the future I will call for a go around even if the approach is stable.,,,,CRJ200 First Officer reported receiving EGPWS warnings during approach. Flight crew continued to landing.
