 ,Time,Time,Place,Place,Place,Place,Place,Place,Place,Environment,Environment,Environment,Environment,Environment,Environment,Aircraft 1,Aircraft 1,Aircraft 1,Aircraft 1,Aircraft 1,Aircraft 1,Aircraft 1,Aircraft 1,Aircraft 1,Aircraft 1,Aircraft 1,Aircraft 1,Aircraft 1,Aircraft 1,Aircraft 1,Aircraft 1,Aircraft 1,Aircraft 1,Aircraft 1,Aircraft 1,Aircraft 1,Aircraft 1,Aircraft 1,Aircraft 1,Aircraft 1,Aircraft 1,Aircraft 1,Aircraft 1,Aircraft 1,Aircraft 1,Aircraft 1,Aircraft 1,Aircraft 1,Aircraft 1,Aircraft 1,Component,Component,Component,Component,Aircraft 2,Aircraft 2,Aircraft 2,Aircraft 2,Aircraft 2,Aircraft 2,Aircraft 2,Aircraft 2,Aircraft 2,Aircraft 2,Aircraft 2,Aircraft 2,Aircraft 2,Aircraft 2,Aircraft 2,Aircraft 2,Aircraft 2,Aircraft 2,Aircraft 2,Aircraft 2,Aircraft 2,Aircraft 2,Aircraft 2,Aircraft 2,Aircraft 2,Aircraft 2,Aircraft 2,Aircraft 2,Aircraft 2,Aircraft 2,Aircraft 2,Aircraft 2,Aircraft 2,Aircraft 2,Aircraft 2,Person 1,Person 1,Person 1,Person 1,Person 1,Person 1,Person 1,Person 1,Person 1,Person 1,Person 1,Person 2,Person 2,Person 2,Person 2,Person 2,Person 2,Person 2,Person 2,Person 2,Person 2,Person 2,Events,Events,Events,Events,Events,Events,Assessments,Assessments,Report 1,Report 1,Report 2,Report 2,Report 1,
ACN,Date,Local Time Of Day,Locale Reference,State Reference,Relative Position.Angle.Radial,Relative Position.Distance.Nautical Miles,Altitude.AGL.Single Value,Altitude.MSL.Single Value,Latitude / Longitude (UAS),Flight Conditions,Weather Elements / Visibility,Work Environment Factor,Light,Ceiling,RVR.Single Value,ATC / Advisory,Aircraft Operator,Make Model Name,Aircraft Zone,Crew Size,Operating Under FAR Part,Flight Plan,Mission,Nav In Use,Flight Phase,Route In Use,Airspace,Maintenance Status.Maintenance Deferred,Maintenance Status.Records Complete,Maintenance Status.Released For Service,Maintenance Status.Required / Correct Doc On Board,Maintenance Status.Maintenance Type,Maintenance Status.Maintenance Items Involved,Cabin Lighting,Number Of Seats.Number,Passengers On Board.Number,Crew Size Flight Attendant.Number Of Crew,Airspace Authorization Provider (UAS),Operating Under Waivers / Exemptions / Authorizations (UAS),Waivers / Exemptions / Authorizations (UAS),Airworthiness Certification (UAS),Weight Category (UAS),Configuration (UAS),Flight Operated As (UAS),Flight Operated with Visual Observer (UAS),Control Mode (UAS),Flying In / Near / Over (UAS),Passenger Capable (UAS),Type (UAS),Number of UAS Being Controlled (UAS),Aircraft Component,Manufacturer,Aircraft Reference,Problem,ATC / Advisory,Aircraft Operator,Make Model Name,Aircraft Zone,Crew Size,Operating Under FAR Part,Flight Plan,Mission,Nav In Use,Flight Phase,Route In Use,Airspace,Maintenance Status.Maintenance Deferred,Maintenance Status.Records Complete,Maintenance Status.Released For Service,Maintenance Status.Required / Correct Doc On Board,Maintenance Status.Maintenance Type,Maintenance Status.Maintenance Items Involved,Cabin Lighting,Number Of Seats.Number,Passengers On Board.Number,Crew Size Flight Attendant.Number Of Crew,Airspace Authorization Provider (UAS),Operating Under Waivers / Exemptions / Authorizations (UAS),Waivers / Exemptions / Authorizations (UAS),Airworthiness Certification (UAS),Weight Category (UAS),Configuration (UAS),Flight Operated As (UAS),Flight Operated with Visual Observer (UAS),Control Mode (UAS),Flying In / Near / Over (UAS),Passenger Capable (UAS),Type (UAS),Number of UAS Being Controlled (UAS),Location Of Person,Location In Aircraft,Reporter Organization,Function,Qualification,Experience,Cabin Activity,Human Factors,Communication Breakdown,UAS Communication Breakdown,ASRS Report Number.Accession Number,Location Of Person,Location In Aircraft,Reporter Organization,Function,Qualification,Experience,Cabin Activity,Human Factors,Communication Breakdown,UAS Communication Breakdown,ASRS Report Number.Accession Number,Anomaly,Miss Distance,Were Passengers Involved In Event,Detector,When Detected,Result,Contributing Factors / Situations,Primary Problem,Narrative,Callback,Narrative,Callback,Synopsis,

123561,198909,0601-1200,SJT,TX,,0,0,,,VMC,,,Daylight,,,Tower SJT,Military,Military Trainer,,1,,,,,Landing; Landing,,,,,,,,,,,,,,,,,,,,,,,,,,,,,,,Personal,Small Aircraft; High Wing; 1 Eng; Fixed Gear,,1,,VFR,,,Landing; Landing,,,,,,,,,,,,,,,,,,,,,,,,,,,,Government,Local,Air Traffic Control Fully Certified,,,,,,123561,,,Military,Single Pilot; Pilot Flying,,,,,,,,ATC Issue All Types; Deviation / Discrepancy - Procedural Clearance; Deviation / Discrepancy - Procedural Landing Without Clearance,Horizontal 500,,Person Air Traffic Control,,General None Reported / Taken,,Human Factors,"MTR X WAS THE THIRD IN A FLT OF 3 MTR'S. I WAS WORKING LCL CTL AND GND COMBINED ON LCL. TFC WAS MODERATE AND I WAS SEQUENCING MTR X #2 IN SEQUENCE TO FOLLOW SMA Y; WHO WAS ON ABOUT 1 1/2-2 MI FINAL TO RWY 18. MTR X MADE A RIGHT 360 DEGS THROUGH FINAL APCH TO PROVIDE SPACING BEHIND THE SMA. MTR X HAD THE SMA IN SIGHT AND WAS TOLD #2 TO FOLLOW THAT TFC; CLRED FOR THE OPTION. THE SMA X SEEMED TO STOP DEAD ON FINAL AND MTR X WAS RAPIDLY CLOSING ON HIM. I WAVED MTR X OFF DUE TO INSUFFICIENT RWY SEP AND TOLD HIM TO PARALLEL LEFT SIDE. MTR X REPLIED THAT HE COULD NOT AND WOULD LAND DUE TO FUEL OR LACK OF--AND HE DID. THERE WAS; I WOULD ESTIMATE; LESS THAN 500' RWY SEP. HAD MTR X TOLD ME HE WAS LOW ON GAS; I WOULD HAVE MADE HIM #1 TO LAND. MTR X NEVER TOLD ME OF ANY MINIMUM FUEL STATUS OR THAT HE NEEDED TO LAND IN A BAD WAY. HE CALLED THE TWR UP ON THE PHONE SHORTLY AFTER LNDG AND APOLOGIZED; AND SAID THAT HE JUST HAD TO LAND THEN AND HE FIGURED IT WAS SAFE (FROM HIS PERSPECTIVE) TO DO SO.",,,,"MTR X LANDED WITHOUT CLRNC. PLT DEVIATION.",
147850,199006,1201-1800,IRW,OK,,20,,6000,,VMC,,,Daylight,,,TRACON OKC,Air Carrier,Medium Large Transport; Low Wing; 2 Turbojet Eng,,2,,IFR,Passenger,,Cruise; Cruise,Vectors,Class E OKC,,,,,,,,,,,,,,,,,,,,,,,,,,,,,Air Carrier,Medium Large Transport; Low Wing; 2 Turbojet Eng,,2,,IFR,Passenger,,Cruise; Cruise,Vectors,,,,,,,,,,,,,,,,,,,,,,,,,,,Government,Approach,Air Traffic Control Fully Certified,Air Traffic Control Military 4; Air Traffic Control Non Radar 2; Air Traffic Control Radar 7,,,,,147850,,,Air Carrier,Pilot Flying; Captain,Flight Crew Air Transport Pilot (ATP),Flight Crew Last 90 Days 185; Flight Crew Total 4900; Flight Crew Type 1800,,,,,148336,ATC Issue All Types; Conflict Airborne Conflict; Deviation / Discrepancy - Procedural Clearance,Horizontal 12000; Vertical 300,,Person Air Traffic Control,,Flight Crew Took Evasive Action,,Human Factors,"ACR X WAS LEVEL AT 6000'. TURNED ON A BASE LEG (RIGHT). ACR Y AT 6000' ON MODIFIED BASE TO FINAL (LEFT). ACR X ON RIGHT BASE WAS DSNDED TO 5000' WITH THE TURN TO BASE. ACR X ACKNOWLEDGED XMISSION. 1 MIN; 10 SECS LATER ACR X WAS STILL LEVEL AT 6000'. SITUATION WOULD NOT HAVE OCCURRED IF PLT HAD COMPLIED WITH INSTRUCTIONS PROMPTLY. SUPPLEMENTAL INFO FROM ACN 148336: ACR X INBND TO OKC FOR LNDG IN AN MLG ACFT. WE WERE ORIGINALLY ON THE INITIAL APCH CTL FREQ AND ON AN APPROX HDG TO THE OM FROM THE W. WE WERE DSNDING TO 6000'. WE HEARD ANOTHER ACFT SAY THAT HE WAS RUNNING OUT OF TIME AND NEEDED 1 MORE ILS APCH TO COMPLETE. WE WERE THEN TURNED TO A HDG OF N; GIVEN DSNT TO 5000'; SENT TO THE FINAL CTLR AND TOLD THAT WE WERE FOURTH. (AFTER WE LANDED WE WERE TOLD THAT THE CHANGE WAS DUE TO AN ACFT DECLARING MINIMUM FUEL. WE BOTH HAD THE FEELING THAT THE INCIDENT BEGAN WITH AN FAA LTT TRYING TO GET IN 1 MORE APCH AND MESSING UP THE SEQUENCE ALREADY ESTABLISHED.) AFTER FLYING ABOUT 15 DME N OF THE OKC VOR WE WERE GIVEN A TURN TO THE NE AND THEN TO 090 DEGS. WE HAD BEEN DSNDING. AT 6000' WE CALLED THE TFC IN SIGHT AND WERE TOLD TO TURN SE AND FOLLOW THE TFC TO THE RWY. AT THE TIME OF SIGHTING MLG WAS ABOUT 1-2 MI AWAY ON A DIRECT COLLISION COURSE AT ESSENTIALLY THE SAME ALT. THE DIRECTION TO FOLLOW THE MLG FLT TO THE RWY WAS IMPOSSIBLE BECAUSE OF THE POS AND PROX OF THE 2 ACFT. WE PUSHED OVER MODERATELY TO GET DOWN TO 5000' AND TURNED SE. ACFT Z TURNED NW AND FLEW WITHIN 100-200' HORIZ AND 300-600' VERT. AFTER PASSING THERE STILL WAS CONFUSION WITH THE CTLR'S COMMANDS BECAUSE HE APPARENTLY THOUGHT WE WERE ACR Z AND VISE VERSE. AFTER THAT; WE RECEIVED CLRNC FOR A VIS APCH WITH AN UNEVENTFUL LNDG.",,,,"ACR X HAD LESS THAN STANDARD SEPARATION FROM ACR Y. SYSTEM ERROR. ACR X FAILED TO COMPLY WITH ACT CLRNC. OPERATIONAL DEVIATION.",
230241,199301,1201-1800,SLC,UT,,,0,,,IMC,.38,,Dusk,,1800,Tower SLC,Air Carrier,Large Transport; Low Wing; 3 Turbojet Eng,,3,,IFR,Passenger,,Initial Approach; Landing,,Class D SLC,,,,,,,,,,,,,,,,,,,,,,,,,,,,,,Small Aircraft; Low Wing; 1 Eng; Fixed Gear,,1,,IFR,,,Taxi; Landing; Landing; Parked,,,,,,,,,,,,,,,,,,,,,,,,,,,,Air Carrier,Pilot Flying; Captain,Flight Crew Air Transport Pilot (ATP),Flight Crew Last 90 Days 200; Flight Crew Total 10000; Flight Crew Type 200,,,,,230241,,,Air Carrier,First Officer,Flight Crew Commercial; Flight Crew Instrument,,,,,,,ATC Issue All Types; Conflict Ground Conflict; Less Severe; Deviation / Discrepancy - Procedural Other / Unknown; Inflight Event / Encounter Weather / Turbulence,,,Person Flight Crew; Person Air Traffic Control,,Air Traffic Control Issued New Clearance; Flight Crew Executed Go Around / Missed Approach,,Human Factors,"FLEW TO FFU VOR AND ENTERED HOLDING AT 17000 FT FOR AN EXPECTED CLRNC TIME OF XX20L WHILE SNOW WAS REMOVED. GJT WAS THE ALTERNATE AND WAS 150 BROKEN; 100 VISIBILITY. WE FIGURED IF WE LEFT HOLDING WITH 15000 LBS FUEL WE COULD SHOOT THE APCH; GO MISSED; FLY TO GJT AND LAND WITH OVER 6000 FT RESERVE. WE STARTED THE APCH WITH 16500 LBS FUEL. INSIDE THE MARKER WE CALLED TWR AND WERE TOLD TO CONTINUE. AN SMA WAS CLRED TO LAND AHEAD OF US. WE HAD THE RWY END IN SIGHT AT APPROX 1 MI. TWR ASKED THE SMA IF HE WAS CLR. HIS RESPONSE WAS; 'YES; I THINK SO.' DUE TO THE CONFUSION; WE INITIATED A GAR SIMULTANEOUSLY WITH THE TWR DIRECTING 'GAR.' WE HAD 15500 LBS FUEL AND WE TOLD TWR OR APCH THAT WE WOULD LIKE TO LAND WITH LITTLE DELAY AND WE CALLED 'MINIMUM FUEL.' WE WERE VECTORED TO AN 8 MI FINAL AND LANDED UNEVENTFULLY. AFTER A TELEPHONE CALL TO TWR; IT BECAME KNOWN TO ME THAT THE SMA WAS CLR OF THE RWY BUT WAS STUCK IN THE SNOW JUST OUTSIDE OF THE RWY LIGHTS. TWR HAD DETERMINED THAT THE RWY WAS CLR AND SAFE TO LAND EVEN THOUGH THE SMA WAS WITHIN THE RWY LIMITS. TWR DECLARED THE EMER AND ALLOWED US TO LAND. WE SHUT DOWN WITH 13500 LBS FUEL. TAXI MARKINGS AND LIGHTS WERE HARD TO READ DUE TO THE SNOW. THE SMA APPARENTLY JUST TAXIED INTO THE SNOW. TWR DID AN EXCELLENT JOB!",,,,"TWR DECLARED AN EMER AND PROVIDED EXPEDITIOUS HANDLING WHEN LGT DECLARED 'MINIMUM FUEL.'",
233301,199302,1201-1800,ORF,VA,,,,29000,,VMC,,,Daylight,,,Center ZDC,Air Taxi,Light Transport; Low Wing; 2 Turbojet Eng,,2,,IFR,Passenger,,Cruise; Cruise; Descent; Descent,,Class A ZDC,,,,,,,,,,,,,,,,,,,,,,,,,,,,,,,,,,,,,,,,,,,,,,,,,,,,,,,,,,,,,,,,,Air Taxi,Pilot Flying; First Officer,Flight Crew Air Transport Pilot (ATP); Flight Crew Flight Instructor,Flight Crew Last 90 Days 160; Flight Crew Total 3800; Flight Crew Type 50,,,,,233301,,,Air Taxi,Captain,Flight Crew Air Transport Pilot (ATP),,,,,,,ATC Issue All Types; Conflict Airborne Conflict; Deviation / Discrepancy - Procedural Clearance; Other Unspecified,,,Person Air Traffic Control,,General None Reported / Taken,,Human Factors,"ON A FLT FROM MIA TO PHL WHILE AT FL410 WE WERE TOLD TO DSND AND MAINTAIN FL370. MY CAPT; WHO WAS OPERATING THE RADIOS FROM THE R SEAT AT THE TIME; REPLIED THAT WE WOULD LIKE TO STAY AT FL410 FOR AS LONG AS POSSIBLE SINCE WE WERE 330 NM FROM OUR DEST. ZJX REPLIED THAT WE WOULD HAVE TO DSND TO FL370 AT THIS TIME AND THAT THEY WOULD RELAY OUR REQUEST TO STAY AT FL370 FOR AS LONG AS POSSIBLE. WE DID NOT HURRY OUR DSCNT; BUT KEPT A 500 FPM DSCNT RATE. APPROX 260 NM FROM PHL; ZDC TOLD US TO DSND TO FL330. WE RESTATED OUR REQUEST TO STAY AT FL370 FOR AS LONG AS POSSIBLE FOR FUEL BURN CONSIDERATIONS. WE WERE DENIED OUR REQUEST AND TOLD TO DSND TO FL330. SHORTLY THEREAFTER; ZDC TOLD US TO DSND TO FL290. WE REQUESTED PLT'S DISCRETION AND INFORMED ZDC THAT WE WOULD NOT MAKE IT TO OUR DEST IF WE DSNDED ANY FURTHER AT THIS TIME. WE WERE AGAIN DENIED; SO WE KEPT OUR 500 FPM RATE OF DSCNT. SHORTLY AFTER PASSING NORFOLK VOR; NAVING TO SEA ISLE VOR; ZDC TOLD US TO DSND FURTHER TO FL240 AND EXPEDITE THROUGH FL290; AND TURN TO HDG 360 DEGS. WE WERE CURRENTLY DSNDING THROUGH FL310. WE INCREASED OUR RATE OF DSCNT TO BTWN 1500 AND 2000 FPM UNTIL PASSING THROUGH FL290; AT WHICH POINT WE RPTED 'OUT OF 290' TO CTR. WE THEN REESTABLISHED OUR 500 FPM DSCNT RATE. AT THIS POINT A DIFFERENT CTLR TOLD US TO CONTINUE OUR TURN TO HDG 340 DEGS. AS WE WERE ALREADY IN A TURN; WE INCREASED OUR RATE OF TURN. NEITHER I NOR MY CAPT HEARD THE WORD 'IMMEDIATE' OR 'EXPEDITE' DURING THE XMISSION. BEFORE REACHING 340 DEG HDG; WE WERE TOLD TO CALL ZDC WHEN ON THE GND BECAUSE OF INSUFFICIENT SEPARATION CONFLICT. AT NO POINT DID WE NOT COMPLY WITH ATC'S CLRNCS. I HAVE NEVER IN MY CAREER OF FLYING LTT BEEN TAKEN OUT OF THE HIGHER FLT LEVELS THIS FAR FROM DEST ARPT. NEEDLESS TO SAY; WE DO NOT PLAN ON THE KIND OF FUEL BURN WE EXPERIENCE AT THE LOWER FLT LEVELS. IF WE DID; AN X SERIES LTT WOULD NOT BE VERY EFFICIENT. UNDER NORMAL CIRCUMSTANCES; ATC LEAVES US AT FL390 OR FL410 UNTIL WE ARE 100-150 NM FROM OUR DEST. THE TRIP FROM MIA TO PHL WAS PLANNED FOR 2.5 HRS WITH 1250 LBS OF FUEL IN RESERVE. INSTEAD; WE HAD TO LAND IN ACY; SHORT OF OUR DEST; AFTER 3 HRS OF FLT WITH MINIMUM FUEL. WHY? BECAUSE WE WERE BROUGHT INTO LOWER ALTS 200 NM SOONER THAN ANTICIPATED WHICH RESULTED IN HIGHER FUEL BURN. TO REDUCE OR MINIMIZE THE INCREASED FUEL BURN; WE REDUCED THE PWR SETTING AND THEREBY SLOWED DOWN. IT SEEMED THAT THE ATC CTLR WAS NOT FAMILIAR WITH AN X SERIES LTT FUEL BURN AT LOWER ALTS AND WAS 'BUGGED' BY US TRYING TO MAKE IT TO OUR DEST WITH REQUESTS ABOUT STAYING IN THE HIGHER FLT LEVELS. I THINK THIS COULD HAVE BEEN AVOIDED IF ATC WAS MORE FAMILIAR WITH DIFFERENT ACFT TYPES AND ASSOCIATED FUEL BURNS. THE PROB ATC HAD WITH US IS THAT WE DID NOT DSND OR TURN FAST ENOUGH FOR THEM.",,,,"AN LTT JET WAS FORCED BY ARTCC TO FLY AT A LOWER THAN OPTIMUM ALT AND THEN LAND SHORT OF ITS DEST BECAUSE OF LOW FUEL.",
304236,199505,0001-0600,BPR; DFW,TX,,6,,2300,,Mixed,,,Dawn,2300,,TRACON DFW,Air Carrier,MD-80 Series (DC-9-80) Undifferentiated or Other Model,,2,Part 121,IFR,Passenger,,Initial Approach,Visual Approach,Class B DFW,,,,,,,,,,,,,,,,,,,,,,,,,,,,,,,,,,,,,,,,,,,,,,,,,,,,,,,,,,,,,,,,,Air Carrier,Pilot Flying; Captain,Flight Crew Air Transport Pilot (ATP),,,,,,304236,,,Air Carrier,First Officer,Flight Crew Instrument; Flight Crew Commercial,,,,,,,ATC Issue All Types; Deviation / Discrepancy - Procedural Clearance; Other Unspecified,,,Person Air Traffic Control,,Air Traffic Control Issued New Clearance,,Weather,"IN SUM: ALL NIGHT TRIPS. I PICKED UP FLT ON RESERVE AS THE RESULT OF A BROKEN SEQUENCE FOR A DFW CREW. IT CONSISTED OF 1 LEG TO DFW ARRIVING AT ABOUT XE30 LCL TIME AND A DEADHEAD HOME. I WAS ABLE TO SLEEP IN; NAP; AND THE TRIP WENT QUITE WELL FOR THE MOST PART. WE EVEN OBTAINED DIRECT ROUTING FROM ATC WHICH SAVED 300 LBS AND 5 MINS OR SO. WE WERE FUNCTIONING WELL THROUGHOUT THE FLT. UPON ARR IN DFW; HOWEVER; THE FATIGUE PROB WAS GRAPHICALLY DISPLAYED. INBOUND FROM BRIDGEPORT; WE EXPECTED A LNDG ON RWY 18R; WITH LOW S WINDS. ABOUT 20 MI OUT APCH CTL ADVISED US WINDS WERE NOW 340 DEGS AT 22 KTS AND ASKED ALL OF US INBOUND ACFT WHAT RWY WE WANTED. THE ENSUING QUOTE TURNING THE ARPT AROUND UNQUOTE BECAME A MESS. I PRESUME MOST ACFT HAD DFW CREWS RETURNING FROM DOUBLE ALL-NIGHTERS OR THE HNL NON-STOP. (ACR Y) DECLARED MINIMUM FUEL. AT THAT TIME I STARTED ASSUMING THAT THE CTLR HAD BEEN UP ALL NIGHT TOO; FOR THINGS GOT MORE MUDDLED. WE WERE ULTIMATELY TOLD TO CALL THE ARPT IN SIGHT (IT WAS IN OUR 6 O'CLOCK POS) AND THEN VECTORED INTO A 2 MI TRAIL SIT. WE FOOLISHLY ACCEPTED THE VISUAL AND LATER I REALIZED WE WERE MAKING POOR DECISIONS AS WELL AS THE OTHER PEOPLE INVOLVED. WE TRIED TO 'MAKE OUR APCH WORK;' BY SLOWING IMMEDIATELY; BUT AN UNUSUAL LOW STRATUS 'BAND' SURPRISINGLY OBSCURED OUR VIEW. WE WAITED TOO LONG TO RPT WE HAD LOST TFC; AND WHEN WE DID; ATC TURNED US OUT OF THE PATTERN AT ABOUT 2300 FT; SORT OF A HIGH ALT GAR. I DIDN'T ACCOMPLISH THAT AS WELL AS I WOULD HAVE LIKED; BUT WE CAME BACK AND LANDED A FEW MINS LATER; AFTER BOUTS WITH MODERATE TURB AND A NO SHIFT WIND SHEAR SCENARIO ON FINAL. THROTTLES AT IDLE; GEAR AND FULL FLAPS; THE PLANE WOULD NOT DECELERATE PARENS (SHOWED) WE WERE DSNDING AT ABOUT 900 FPM; BUT AT 180 KTS; DECELERATION SHOULD HAVE OCCURRED END PARENS. I NOTED THE PROB TO THE FO AND WE ADDED 20 KTS TO THE APCH SPD AND WERE VIGILANT. ON THIS SUPPOSEDLY AND FORECAST CAVU NIGHT; WE LOST THOSE 20 KTS AT ABOUT 1000 FT. WE LANDED UNEVENTFULLY; BUT I WRITE ALL OF THIS BECAUSE I THOUGHT WE DID ONLY OKAY; NOT UP TO MY STANDARDS. BUT IT WAS ONLY XC30 BODY TIME FOR ME AND I WONDERED HOW THE DFW CREWS; HAVING BEEN UP ALL NIGHT AND AT THE WORST TIME FOR THEM; COPED.....ALL NIGHT FLTS SCHEDULING NEEDS A CLOSE LOOK.",,,,"FLC OF AN MLG FAILED TO RPT THAT THE VISUAL TFC SIGHTING WAS LOST RESULTING IN ATC SENDING ACFT AROUND.",
378583,199708,1801-2400,ATL,GA,,,,5000,,Mixed,5,,Daylight,,,TRACON ATL,Air Carrier,B767 Undifferentiated or Other Model,,2,Part 121,IFR,Passenger,,Descent; Descent; Cruise,Vectors; Other Arrival,Class B ATL,,,,,,,,,,,,,,,,,,,,,,,,,,,,,Air Carrier,Widebody; Low Wing; 3 Turbojet Eng,,2,,IFR,Passenger,,Cruise; Cruise,,,,,,,,,,,,,,,,,,,,,,,,,,,,Air Carrier,Pilot Flying; First Officer,Flight Crew Commercial; Flight Crew Instrument; Flight Crew Air Transport Pilot (ATP),Flight Crew Last 90 Days 180; Flight Crew Total 7500; Flight Crew Type 2200,,,,,378583,,,Air Carrier,Captain,Flight Crew Instrument; Flight Crew Commercial; Flight Crew Air Transport Pilot (ATP),Flight Crew Last 90 Days 180; Flight Crew Total 15000; Flight Crew Type 1000,,,,,378582,ATC Issue All Types; Conflict Airborne Conflict; Deviation - Track / Heading All Types; Deviation / Discrepancy - Procedural Clearance; Deviation / Discrepancy - Procedural Other / Unknown; Other Unspecified,Horizontal 1000; Vertical 0,,Automation Aircraft Other Automation; Person Air Traffic Control; Person Flight Crew,,Air Traffic Control Issued New Clearance; Flight Crew Took Evasive Action,,Human Factors,"WHILE BEING RADAR VECTORED FOR AN ILS TO ATL RWY 27L AND DSNDING TO 5000 FT; WE WERE TOLD TO LEVEL OFF AT 6000 FT AND TURN TO '270 DEGS (L TURN); INTERCEPT RWY 27L LOC.' IN THE L TURN AROUND 330 DEGS ACFT HDG; WE WERE ISSUED A R TURN 270 DEGS; DSND TO 5000 FT; EXPEDITE; TURN L 270 DEGS -- ALL IN SHORT ORDER. DURING THESE CTLR ISSUED CLRNCS WE RECEIVED A 'CLB RA.' AS I WAS IN A R TURN BACK THROUGH ABOUT 030 DEGS AND IN A DSCNT TO 5000 FT; I COULD NOT SEE TO THE L OF THE ACFT. THE CAPT IMMEDIATELY PICKED THE CONFLICTING ACFT UP VISUALLY AND INFORMED ATC WE COULD NOT TURN L AND THAT WE WOULD CONTINUE THE TURN R TO 270 DEGS. THE CAPT ALSO CONCLUDED IT TO BE SAFEST TO CONTINUE THE DSCNT TO 5000 FT AS PREVIOUSLY CLRED INSTEAD OF FOLLOWING THE RA CLB. WE REMAINED S OF THE RWY 27L LOC AT ALL TIMES. THE CONFLICTING MD11 WAS NOT ON OUR FREQ. THERE WAS SEVERE WX IN THE AREA BUT NOT AT THE ARPT. WE HEARD ONE ACFT (IDENT UNKNOWN) DECLARE MINIMUM FUEL JUST MOMENTS BEFORE THE INCIDENT. UNEVENTFUL APCH AND LNDG. SUPPLEMENTAL INFO FROM ACN 378582: DSNDING TO 5000 FT; WE WERE TOLD TO LEVEL OFF AT 6000 FT; HDG ABOUT 330 DEGS. ATC EXCITEDLY TOLD US TO TURN E. I THEN SAW AN MD11 IN A SHARP BANK TO THE W; AT OUR ALT. TCASII ADVISED US TO TURN L (INTO THE MD11). I HAD THE MD11 IN SIGHT UNTIL WE HEADED OPPOSITE DIRECTIONS.",,,,"POTENTIAL CONFLICT BTWN A B767 ON A VECTORED APCH AND AN MD11 IN A TURN; SAME ALT. QUICK REACTIONARY CLRNC GIVEN BY APCH CTLR TO B767 WITH TURN AND FURTHER DSCNT TO 5000 FT. TCASII RA GIVES CLB WHICH B767 FLC IGNORES. BOTH ACFT IN A TURN WITH B767 PIC HAVING A VISUAL ON THE MD11.",
517860,200107,0601-1200,MSP.Airport,MN,,0,400,,,VMC,10,,Daylight,,,Tower MSP.Tower,Air Carrier,B727 Undifferentiated or Other Model,,3,Part 121,IFR,Passenger,,Landing,Visual Approach,Class B MSP.B,,,,,,,,,,,,,,,,,,,,,,,,,,,,Tower MSP.Tower,Other UNK,Any Unknown or Unlisted Aircraft Manufacturer,,1,Other UNK,,Other UNK,,Taxi,,,,,,,,,,,,,,,,,,,,,,,,,,Aircraft X,,Air Carrier,Captain; Pilot Flying,Flight Crew Air Transport Pilot (ATP); Flight Crew Instrument,Flight Crew Last 90 Days 200; Flight Crew Total 18000; Flight Crew Type 12000,,,,,517860,Aircraft X,,Air Carrier,Pilot Not Flying; First Officer,,,,,,,,ATC Issue All Types; Conflict Ground Conflict; Less Severe; Deviation / Discrepancy - Procedural Published Material / Policy; Ground Event / Encounter Vehicle,,,Person Air Traffic Control; Person Flight Crew,,Air Traffic Control Separated Traffic; Air Traffic Control Issued New Clearance; Flight Crew Executed Go Around / Missed Approach; Flight Crew Rejected Takeoff,Human Factors; Airport; Procedure,Human Factors,"TWO GAR'S FROM BELOW 1000 FT AGL. MSP RWY 12R. BECAUSE OF THE REDUCED INTERVALS BTWN ARRIVING AND DEPARTING ACFT (TOO ACCOMMODATE MORE TFC); WE HAD A TWR DIRECTED GAR FROM 400 FT AGL. THE DEPARTING ACFT WAS DELAYED ON TKOF ROLL BECAUSE OF AN ARR TRYING TO CLR THE RWY. DURING THE SUBSEQUENT VISUAL APCH TO 12R; AN EMER ACFT (DC-9) WAS EXECUTING AN APCH TO RWY 4. IT LANDED AHEAD OF US; AND WAS WELL THROUGH THE INTXN OF RWYS 4 AND 12R; BUT ONE OF THE GND VEHICLES ATTENDING THE EMER HAD NOT CROSSED THE INTXN. AN ACFT IN POS ON 12R WAS CLRED FOR TKOF; BUT THE CREW QUESTIONED THE TWR ABOUT THAT VEHICLE. BY THE TIME THE ACFT WAS ROLLING FOR TKOF; THE INTERNAL WAS QUESTIONABLE AND A SEC GAR WAS DICTATED BY THE TWR. WE ADVISED APCH CTL THAT ANOTHER GAR WOULD CAUSE US TO BE MINIMUM FUEL; WE LANDED WITH 7800 LBS OF FUEL REMAINING. IN ORDER TO ACCOMMODATE MORE DEPARTURES AND ARRIVALS; THE INTERVALS BTWN ACFT HAVE BEEN DECREASED AT THE MSP ARPT. POTENTIAL GAR SITS HAVE BECOME MORE NUMEROUS OVER THE LAST SEVERAL YRS. THE FOURTH RWY (UNDER CONSTRUCTION) SHOULD HELP. CALLBACK CONVERSATION WITH RPTR REVEALED THE FOLLOWING INFO: RPTR STATED THAT HE HAS INCURRED AND WITNESSED MORE GAR'S WITHIN THE LAST COUPLE MONTHS THAN IN THE PAST YR. THE PLT BELIEVES THIS IS IN DIRECT PROPORTION TO INCREASED AIR TRAFFIC ACTIVITY AT MSP. THE ACR PLT'S ARE REFERRING TO THIS TYPE OF AIR TRAFFIC OPERATION AS 'SHOEHORNING'. HE BELIEVES THAT CTLRS ARE NOT ALLOWING FOR THE ADDITIONAL TIME FOR AN ACFT NEEDS TO DEPART-DUE TO TEMP AND HUMIDITY.",,,,"B727 REQUIRED TO EXECUTE TWO GAR'S DUE TO TFC ON THE RWY; AND EMER VEHICLE XING ON AN INTERSECTING RWY.",
532379,200112,0601-1200,ZZZ.Airport,US,,,0,,,IMC,Fog,,Daylight,100,3000,Tower ZZZ.Tower,Air Taxi,Any Unknown or Unlisted Aircraft Manufacturer,,2,Part 135,IFR,Other LIFEGUARD FLT,,Landing,,,,,,,,,,,,,,,,,,,,,,,,,,,,,,Tower ZZZ.Tower,Air Carrier,Regional Jet 200 ER/LR (CRJ200),,2,Part 121,IFR,Passenger,,Landing,,,,,,,,,,,,,,,,,,,,,,,,,,Facility ZZZ.Tower,,Government,Supervisor / CIC; Local,Air Traffic Control Fully Certified,Air Traffic Control Military 4; Air Traffic Control Radar 12; Air Traffic Control Time Certified In Pos 1 (mon) 6; Air Traffic Control Time Certified In Pos 1 (yrs) 12; Flight Crew Total 58,,,,,532379,Facility ZZZ.TRACON,,Government,Approach,,,,,,,,ATC Issue All Types; Conflict Airborne Conflict; Conflict Ground Conflict; Less Severe; Deviation / Discrepancy - Procedural Published Material / Policy; Ground Incursion Runway; Inflight Event / Encounter Weather / Turbulence,Horizontal 6000; Vertical 500,,Automation Air Traffic Control; Person Air Traffic Control,,General None Reported / Taken,Human Factors; Weather,Human Factors,"WHILE WORKING LCL CTL AND CIC IN THE TWR; WITH THE WX VERY IFR (1 OVCST 1/2 MI IN FOG; RVR 3000 FT); I WAS PLACED IN A VERY UNWORKABLE SIT WITH 2 ACFT ON CONVERGING ILS APCHS. THE FIRST ONE WAS AN ACFT X (LIFEGUARD FLT) ON THE ILS FOR ONE RWY AND ACFT Y AND A REGIONAL JET ON THE ILS FOR ANOTHER RWY. THE RJ HAD JUST BEEN SENT AROUND ON HIS PREVIOUS APCH DUE TO INSUFFICIENT SEPARATION ON FINAL WITH A C172. ON HIS GAR; I TOLD THE RJ PLT WE WOULD GET HIM RIGHT BACK AROUND. HE REPLIED TO THE EFFECT; 'GOOD; BECAUSE WE CAN'T DO THAT AGAIN.' HE HAD BEEN HOLDING FOR ABOUT 1 HR WAITING FOR THE FOG TO BREAK. 2 OTHER ACFT LANDED AFTER THE RJ'S GAR -- A B757 AND ANOTHER RJ. NEXT; ACFT X CALLED ME ON ABOUT A 7 OR 8 MI FINAL FOR RWY. I TOLD HIM TO GIVE ME HIS BEST FORWARD SPD ON FINAL DUE TO APCH VECTORING THE RJ IN TIGHT ON THE ILS. HE TOLD ME HE COULD GIVE ME 115 KTS. ON INITIAL CONTACT WITH THE RJ; I TOLD HIM TO REDUCE TO HIS FINAL APCH SPD SO I WOULDN'T HAVE TO SEND HIM AROUND AGAIN. I ASKED ACFT X IF IT WAS POSSIBLE TO SEND HIM AROUND IF I HAD TO; OR DID HE NEED TO GET ON THE GND?  HE SAID HE NEEDED TO GET ON THE GND. EVEN THOUGH HE DIDN'T SAY IT; I ASSUMED THE RJ WAS EITHER AT MINIMUM FUEL OR VERY CLOSE TO IT DUE TO HIS EARLIER COMMENT. AT THIS POINT; THE ACFT WERE BOTH WITHIN 5 MI OF THE RWYS. WITHIN 30-45 SECONDS OF THE TIME I BEGAN TALKING TO THE RJ; THEY HAD LOST THE REQUIRED SEPARATION. I WAS PLACED IN A POS TO HAVE TO SEND A MINIMUM FUEL ACFT AROUND OR A LIFEGUARD ACFT -- NEITHER OF WHICH WAS A GOOD CHOICE. I LET THE SIT CONTINUE; WORKING WITH BOTH PLTS TO ACHIEVE A SUITABLE OUTCOME. I HAD THE PLT OF THE LIFEGUARD FLT (ACFT X) TELL ME WHEN HE HAD THE RWY IN SIGHT; THEN EXPEDITE THROUGH THE INTXN. HE WAS TURNING OFF THE END OF THE RWY WHEN THE RJ WENT THROUGH THE INTXN. WHILE THEY WOULD NOT HAVE HIT; IT WAS A BAD SIT ALL AROUND. I DIDN'T FORWARD THE PLT'S COMMENTS FROM THE RJ TO THE RADAR ROOM BECAUSE I FELT SURE THEY WOULD GET HIM BACK AROUND SAFELY. AFTER TALKING TO THE APCH CTLR; HE SAID HE THOUGHT HE HAD ENOUGH SEPARATION WHEN HE SWITCHED THEM TO ME AND NEVER PAID ANY MORE ATTN TO THEM. HE WAS MODERATELY BUSY AND WORKING ALL RADAR POS COMBINED. IN THE FUTURE; I WILL ENSURE EVERYONE IS AWARE OF ANY COMMENTS PLTS MAKE ABOUT BEING UNABLE TO DO CERTAIN THINGS; AND WILL TALK TO APCH EARLIER TO AVOID THE CONFLICT I WAS PUT INTO. BY THE WAY; I HAD ACTUALLY CALLED IN SICK FOR THIS SHIFT; BUT DECIDED TO COME IN ANYWAY BECAUSE I DIDN'T WANT THE REST OF THE PEOPLE TO HAVE TO WORK SHORT. IN THE FUTURE; I WILL KEEP MY SICK LEAVE AND STAY HOME WHEN I DON'T FEEL 100% CAPABLE OF PERFORMING MY DUTIES. I INFORMALLY DISCUSSED THIS WITH THE SUPVR ON DUTY THAT DAY.",,,,"ZZZ LCL CTLR ALLOWS DEVELOPING OPERROR DUE TO LACK OF APPROPRIATE CTL ACTIONS AND LACK OF INTERFAC COORD ABOUT POTENTIAL LOW FUEL SIT.",
692715,200603,1201-1800,SBI.VOR,TX,,30,,22700,,,Thunderstorm,,Daylight,,,Center ZHU.ARTCC,Air Carrier,Commercial Fixed Wing,,2,Part 121,IFR,Passenger,,Descent,STAR N/S,Class A ZHU.A,,,,,,,,,,,,,,,,,,,,,,,,,,,,Center ZHU.ARTCC,Air Carrier,Commercial Fixed Wing,,2,Part 121,IFR,Passenger,,Cruise,Vectors,Class A ZHU.A,,,,,,,,,,,,,,,,,,,,,,,,Facility ZHU.ARTCC,,Government,Enroute,Air Traffic Control Fully Certified,Air Traffic Control Military 4; Air Traffic Control Radar 6,,,,,692715,Aircraft X,,Air Carrier,Captain; Pilot Flying,,,,,,,,ATC Issue All Types; Conflict Airborne Conflict,Horizontal 20700; Vertical 700,,Automation Air Traffic Control; Person Air Traffic Control,,Air Traffic Control Issued Advisory / Alert; Air Traffic Control Issued New Clearance,Human Factors; Weather,Human Factors,"WX WAS A FACTOR. WE HAD BEEN IN AND OUT OF HOLDING FOR IAH DUE TO TSTMS ON THE FIELD. I WAS WORKING THE LOW ALT (8000 FT - FL230) ARR SECTOR AT ZHU. THERE WAS SOME CONFUSION AS TO WHETHER WE WERE SUPPOSED TO GIVE HOUSTON APCH EXTENDED MI IN TRAIL OF 'FREE FLOW.' I WAS TOLD 20 MI IN TRAIL OVER THE INBOUND FIX AND THE HIGH ALT CTLR WAS FEEDING 1 FREE FLOW THUS INCREASING MY WORKLOAD AND NECESSITATING COORD BTWN OURSELVES AND OUR SUPVRS TO STRAIGHTEN OUT THE SITUATION. THE DISTR OF THIS PLUS THE ACFT NEEDING TO DEVIATE TO ALTERNATE ARPTS. THE COMPUTER ENTRIES NEEDED FOR THEIR FLT PLANS TO PROCESS CORRECTLY TO RECEIVING FACILITIES WITHOUT THE HELP OF A RADAR ASSOCIATE 'D-SIDE.' I VECTORED AN ACFT FL220 TO NE HDG 040 DEGS. ANOTHER ACFT APPROX 30 MI N OF HIM SBOUND AT FL230 APCHING MINIMUM FUEL. I DSNDED THE SBOUND ACFT TO FL200 THEN TURNED HIM TO NW DIRECT STROS INTXN TO JOIN ARR. LOST SEPARATION ON NW QUADRANT OF TFC AT FL220 AS DSNDING ACFT WAS MAKING TURN TO THE NW.",,,,"ZHU CTLR EXPERIENCED OPERROR AT APPROX FL220 DURING BUSY COMPLEX TFC PERIOD WHILE TRYING TO VECTOR ONE ACFT BELOW ANOTHER.",
692726,200603,1801-2400,SBI.VOR,TX,140,35,,29000,,Mixed,Thunderstorm; Turbulence,,Daylight,,,Center ZHU.ARTCC,Air Carrier,B737-800,,2,Part 121,IFR,Passenger,,Cruise,Vectors,Class A ZHU.A,,,,,,,,,,,,,,,,,,,,,,,,,,,,Center ZHU.ARTCC,Air Carrier,B757-200,,2,Part 121,IFR,Passenger,,Cruise,Vectors,Class A ZHU.A,,,,,,,,,,,,,,,,,,,,,,,,Facility ZHU.ARTCC,,Government,Enroute,Air Traffic Control Fully Certified,Air Traffic Control Time Certified In Pos 1 (yrs) 20,,,,,692726,Aircraft X,,Air Carrier,Captain; Pilot Flying,,,,,,,,ATC Issue All Types; Conflict Airborne Conflict,Horizontal 20700; Vertical 800,,Automation Air Traffic Control,,Air Traffic Control Issued New Clearance,Human Factors,Human Factors,"WX WAS IMPACTING HOUSTON TERMINAL AREA. STROS; GLAND; AND LISSE ARRS WERE CLOSED. ACFT FROM PSX WERE ASSIGNED HDGS FROM CRP HI. IN ADDITION TO THE WX AT HOUSTON; THERE WAS WX S OF SBI. THE ARR RTE TO HOUSTON WAS DIRECT MHF DIRECT THE ARPT. I WAS SEQUENCING PSX; OAC; AND NORMAL ARRS FROM THE E. ACR X WAS ASSIGNED; WHEN ABLE; FLY HDG 030 DEGS; MAINTAIN 280 KTS. ACR Y (BEHIND ACR X) DECLARED MINIMUM FUEL AND WAS ASSIGNED A 030 DEG HDG. ACR X WAS THEN ASSIGNED A 345 DEG HDG. I NOTICED THE 2 ACFT CONVERGING. I CLRED ACR X TO DSND AND MAINTAIN FL270; EXPEDITE THROUGH FL280. I THEN CLRED ACR Y TO FLY HDG 100 DEGS. AFTER RE-ESTABLISHING SEPARATION; I CONTINUED TO SEQUENCE ARRS AND DEPS UNTIL I WAS RELIEVED. I CLRLY DID NOT TAKE ACTION IN TIME; ALTHOUGH OUR DATA SHOWS THAT ACR X DID NOT COMMENCE HIS DSCNT FOR 20 SECONDS.",,,,"ZHU CTLR EXPERIENCED OPERROR AT FL290 DURING SEQUENCING VECTORS TO IAH.",
698857,200606,0001-0600,SFO.Airport,CA,,,,1800,,Marginal,,,,,,TRACON NCT.TRACON,,B777-200,,2,Part 121,IFR,Passenger,Localizer/Glideslope/ILS 28R,Initial Approach,Other Instrument Precision,Class B SFO.B,,,,,,,,,,,,,,,,,,,,,,,,,,,,TRACON NCT.TRACON,,Any Unknown or Unlisted Aircraft Manufacturer,,2,Part 91,IFR,,,Initial Approach,,Class B SFO.B,,,,,,,,,,,,,,,,,,,,,,,,Aircraft X,,Air Carrier,First Officer; Pilot Flying,,Flight Crew Last 90 Days 160; Flight Crew Total 11000; Flight Crew Type 2800,,,,,698857,Aircraft X,,Air Carrier,Pilot Not Flying; Captain,,,,,,,,ATC Issue All Types; Conflict Airborne Conflict,,,Person Flight Crew,,Air Traffic Control Issued New Clearance; Flight Crew Executed Go Around / Missed Approach,Human Factors,Human Factors,"WE WERE CLRED FOR THE ILS RWY 28R APCH TO SFO. WE WERE ASKED IF WE HAD TFC IN SIGHT ON APCH TO RWY 28L; WE RESPONDED AFFIRMATIVELY. AT APPROX 1800 FT MSL NEAR THE FAF; THE CTLR ASKED IF WE STILL HAD THE TFC IN SIGHT FOR RWY 28L. AT ABOUT THE SAME TIME THAT ACFT WENT BEHIND OR INTO CLOUDS; WE RPTED THAT THE TFC WAS NO LONGER IN SIGHT. WE WERE INSTRUCTED TO MAINTAIN 2000 FT; SO WE CLBED TO 2000 FT. SECONDS LATER; WE WERE TOLD TO RE-INTERCEPT THE GS AND WERE RECLRED FOR THE APCH. WE ADVISED THAT WE WERE UNABLE DUE TO WX AND POSITIONING IT WOULD HAVE CREATED AN UNSTABLE APCH AND WERE INSTRUCTED TO GO AROUND; CLB TO 5000 FT RADAR HDG. AT THAT TIME WE ADVISED NORCAL OF MINIMUM FUEL. ON THE GAR; WE RECEIVED LOW FUEL WARNING ON THE L ENG. FUEL WAS AT 13.7. VECTORED FOR LENGTHY DOWNWIND AND LANDED UNEVENTFULLY ON RWY 28R WITH FUEL AT 10.4. THERE APPEARED TO BE AN UNUSUAL LACK OF COMS BTWN NORCAL SECTORS REGARDING HDGS AND AIRSPDS DURING APCH AND CHANGING WX CONDITIONS DURING THE APCH CONTRIBUTED TO THE GAR AND LOW FUEL SITUATION. IN MY OPINION; BECAUSE OF THE INCREASING LOW STRATUS; PARALLEL APCHS SHOULD HAVE BEEN DISCONTINUED SOONER.",,,,"B777 FLT CREW EXECUTES A GAR DUE TO TFC AND VISIBILITY AT SFO.",
837849,200906,0601-1200,ZZZ.Airport,US,,,,10000,,VMC,,,,,,TRACON ZZZ,Air Carrier,Large Transport; Low Wing; 2 Turbojet Eng,,2,Part 121,IFR,Passenger,,Descent,,Class E ZZZ,,,,,,,,,,,,,,,,,,,,,,,,,,,,,,,,,,,,,,,,,,,,,,,,,,,,,,,,,,,,,,,Aircraft X,Flight Deck,Air Carrier,Captain; Pilot Flying,,Flight Crew Last 90 Days 260; Flight Crew Total 17400; Flight Crew Type 7030,,Time Pressure; Situational Awareness; Communication Breakdown,Party1 ATC; Party1 Dispatch; Party2 Flight Crew,,837849,,,,,,,,,,,,ATC Issue All Types; Inflight Event / Encounter Fuel Issue,,N,Automation Aircraft Other Automation; Person Flight Crew,In-flight,General Declared Emergency,ATC Equipment / Nav Facility / Buildings; Airport; Environment - Non Weather Related; Procedure,Ambiguous,"Release 2 showed landing with 5.6. I bumped it .4 to land with 6.0.  Received Release 3 that showed arriving with 6.1 and felt good with that figure; as our destination was VMC.  At enroute VOR we received a holding clearance.  After figuring our alternates and destination fuel we told ATC we could only take a couple laps in holding.  They indicated that this was all right. We were released after one lap in holding and given some vectors. Fuel was getting tight landing with 4.4; then after vectors 3.9.  We declared minimum fuel.  We kept the speed slow and descended at the most efficient way we could.  Dispatch gave us two alternate destination fuel burns but we felt good landing at our destination with 3.9. Near ZZZ1 VOR we were told ATC needed four minutes and we gave it to them. We were making a little fuel in the descent. We got multiple vectors and finally told them we needed direct. By this time we were committed.  We started getting vectors. Abeam Runway XXR at our destination our fuel was 3.8 and we ask how long the downwind leg was. We were told 20 miles. This would have us landing under my minimum of 3.0 and we declared an emergency. We landed with 3.6. Landing and taxi in were uneventful.  Weather was no factor.  One runway was shutdown.  I felt mishandled by ATC.  The trucks were rolled by the Tower which I feel just scares people for no reason.",,,,"An air carrier aircraft was given holding instructions on arrival. No preflight additional fuel was added because the airport had no expected delays; a fuel emergency was eventually declared.",
839758,200906,0001-0600,C90.TRACON,IL,,,,4000,,VMC,,,,,,TRACON C90,Air Carrier,Medium Large Transport; Low Wing; 2 Turbojet Eng,,2,Part 121,IFR,Passenger,,Initial Approach,Vectors,Class B ORD; Class E ZAU,,,,,,,,,,,,,,,,,,,,,,,,,,,,,,,,,,,,,,,,,,,,,,,,,,,,,,,,,,,,,,,Aircraft X,Flight Deck,Air Carrier,Pilot Not Flying; Captain,,Flight Crew Last 90 Days 130; Flight Crew Total 17500; Flight Crew Type 7000,,,,,839758,,,,,,,,,,,,ATC Issue All Types; Inflight Event / Encounter Fuel Issue,,,Person Flight Crew,In-flight,General None Reported / Taken,Company Policy; Procedure; Airport; Airspace Structure,Ambiguous,"Prolonged vector at slow speed; ATC saturation; low landing fuel.  We received an inordinate number of speed changes and odd; unusual vectors getting to ORD; and once in TRACON's hands; we expected that we would be sequenced efficiently. Instead; a B757 and an RJ were stuck in front of us; and we were held back at 170 KTS from the eastbound turn off the arrival until SIBLY on the inbound approach.  The vectoring took us well outside Class B airspace; and we used an additional 1400 LBS of fuel getting from roughly the airspace over Rolling Meadows up to the airspace over south Park Ridge.  I'm putting in this report not because of anything special but because it is so easy for our minimum fuel that dispatch provides us to get burned up by C90 TRACON and ZAU Center.  We blocked in with 4300 LBS - much lower than the FAT of 6000 LBS expected. There were no other delays and we were ahead on fuel number over Mason City VORTAC (MCW).  From that point on; Center began using the 'speed up; slow down; vector off course' technique of separating aircraft.  There was no weather to speak of; just a cloud layer over ORD.  All three west landing runways were in use; and it was peak arrival time.",,,,"Air carrier Captain laments the delays and wasted fuel on a clear day at ORD at peak arrival time.",
841000,200906,0601-1200,ZZZ.Airport,FO,,,,33000,,,Thunderstorm,,,,,Center ZZZ,Air Carrier,Widebody; Low Wing; 2 Turbojet Eng,,2,Part 121,IFR,Passenger,,Cruise,,Class A ZZZ,,,,,,,,,,,,,,,,,,,,,,,,,,,,,,,,,,,,,,,,,,,,,,,,,,,,,,,,,,,,,,,Aircraft X,Flight Deck,Air Carrier,Pilot Flying,,Flight Crew Last 90 Days 250; Flight Crew Total 16000; Flight Crew Type 4500,,,,,841000,,,,,,,,,,,,ATC Issue All Types; Inflight Event / Encounter Fuel Issue; Inflight Event / Encounter Weather / Turbulence,,,Person Flight Crew,In-flight,General None Reported / Taken,Company Policy; Human Factors; Procedure; Weather,Weather,"Forecast showed chance of thunderstorms in vicinity. Captain and crew decided to increase fuel at takeoff to 24K. We got to a high altitude for crossing FL380 vs FL340. Severe thunderstorms and windshear; we got holding and vectors all over the place. We told ATC we cannot take delay. They had no plan! After again stating we cannot take delay; Captain declared minimum fuel. Very poor reaction from ATC. We are east of the airport and are asked to go direct another VOR. We advised ATC we cannot go to that VOR and then to the airport. ATC asks if we are declaring an Emergency? We say if you are insisting on sending us to that VOR we will! We finally get a vector to the south and break out in the clear. We landed with 13.5K. If ATC does not have a plan; they need to get one. Next time we will declare an emergency. The tense situation could have been eliminated by ATC having a plan and telling us what it is. They actually told us; I don't know what their plan is. Due to experienced crewmembers and excellent CRM this event did not become a statistic event",,,,"Air carrier described minimum fuel event due to weather and a reported less than precise ATC plan regarding vectors and probable delays.",
841158,200906,1801-2400,ZZZ.Airport,US,,,,,,,Thunderstorm,,,,,,Air Carrier,Commercial Fixed Wing,,2,Part 121,,Passenger,,Descent,,,,,,,,,,,,,,,,,,,,,,,,,,,,,,,,,,,,,,,,,,,,,,,,,,,,,,,,,,,,,,,,,Company,,Air Carrier,Dispatcher,Dispatch Dispatcher,,,,,,841158,,,,,,,,,,,,ATC Issue All Types; Inflight Event / Encounter Fuel Issue; Inflight Event / Encounter Weather / Turbulence,,N,Person Dispatch,,General None Reported / Taken,Company Policy; Procedure; Weather,Weather,"ZZZ1 got hit with thunderstorms and we had numerous flights holding for ZZZ1 in particular I had 4 flights holding. Alternates for these flights were ZZZ2/ZZZ3 ZZZ2/ZZZ4 or ZZZ2/ZZZ5 after flights were in hold and due to fact ZZZ2/ZZZ6 were thunderstorms free we looked at shortening up to ZZZ2. Then Captain on one of the flights called me and advised ATC told him that ZZZ2 was closed and we couldn't go there either. I was looking at flights land ZZZ2 the entire time. This it the 2nd time ATC has refused to allow my flights to divert to an airport with perfectly good weather. About a month ago I had 2 flights holding ZZZ7 area...shortened up to ZZZ6 because weather was good there only to have ATC refuse to accept the flights to ZZZ6. I had to scramble and change alternates again to ZZZ8/ZZZ5 and we ended up landing there with thunderstorms around the airports with what I consider minimum fuel good weather. I came real close to having to declare a minimum fuel emergency that night. This situation is completely unacceptable and could result in having flights land with critical fuel into stations with less than optimum weather conditions. The only solution I see is to have Captain or myself declare and emergency and go to the alternate we need within fuel range of aircraft. We ended up having to divert flights to ZZZ4/ZZZ9 due to ATC's refusal to allow us near ZZZ6 or ZZZ2.",,,,"Dispatcher expressed concern regarding ATC's refusal to allow several company fuel critical aircraft to divert to selected alternates; claiming several prior like events; reporting indicating emergency declarations as future probable solution.",
844067,200907,1801-2400,N90.TRACON,NY,,,,11000,,,,,,CLR,,TRACON N90,Air Carrier,Medium Large Transport; Low Wing; 2 Turbojet Eng,,2,Part 121,IFR,Passenger,,Descent; Initial Approach,Vectors,Class A ZNY,,,,,,,,,,,,,,,,,,,,,,,,,,,,,,,,,,,,,,,,,,,,,,,,,,,,,,,,,,,,,,,Aircraft X,Flight Deck,Air Carrier,Captain; Pilot Not Flying,,,,Distraction; Communication Breakdown; Situational Awareness; Workload; Time Pressure,Party1 Flight Crew; Party2 ATC,,844067,Aircraft X,Flight Deck,Air Carrier,First Officer; Pilot Flying,,,,Workload; Distraction; Time Pressure; Communication Breakdown; Situational Awareness,,,844066,ATC Issue All Types; Inflight Event / Encounter Weather / Turbulence,,,Person Flight Crew,In-flight,Air Traffic Control Issued New Clearance; Air Traffic Control Provided Assistance; Flight Crew Became Reoriented,Human Factors; Weather; Procedure,Ambiguous,"We ground held for 20 minutes due to weather on northern departure routes -- shut one engine down to save fuel. After takeoff we were given detouring vectors for weather then sequencing vectors for JFK enroute. We approached the terminal area down 1;200 LBS of fuel. JFK weather VFR; no alternate required. At 50-60 miles from landing; we got holding instructions for CAMRN intersection with an EFC of XB:00Z. We enter the hold at XA:32 with 6;200 LBS of fuel. On the outbound leg we determine that holding until the EFC is not an option and check LGA; EWR and PHL weather. All are VFR but New York is closer so we plan to land at JFK or divert to LGA or EWR. I declare minimum fuel on the inbound leg and contact dispatch about a possible divert. When I return to the frequency; we were cleared towards JFK on abut a 35 mile base leg for Runway 31R. At about 10 miles out on final; the Controller gives us vectors out of the pattern for an inbound emergency aircraft. I re-state minimum fuel and the Controller wants to know how much fuel we have onboard and if we are able to divert to our alternate. I state unable to divert; and 42 minutes of fuel remaining. He re-clears us for the visual approach to Runway 31R; we land uneventfully; and we block in with 4;300 LBS of fuel. Although prepared to; at no time did we declare an emergency; nor did ATC request one. Perhaps I should have declared an emergency at CAMRN to avoid confusion on short final.",,"After discussion with Captain; it was decided that we had fuel for only 2 turns in hold. We advised NY Approach of impending fuel situation. Coordinating with dispatch; a diversion to PHL or EWR was discussed. Upon beginning our second turn in holding; we declared 'minimum fuel.' At that time we had 6.2 LBS onboard. NY Approach shortly cleared us to JFK. At 3000 FT AGL and on 8 MI final for Runway 31R; NY Approach issued us a turn off the localizer to 'spin' us due to an emergency aircraft behind us. At this point we advised them that we would need to turn around immediately for a landing at JFK. NY Approach asked if we were 'beyond the point of diverting to an alternate.' We said; 'yes.'",,"An air carrier aircraft was given holding and some delaying vectors while on the descent to JFK. An emergency was not declared because an expedited clearance was given after a minimum fuel declaration was stated.",
850120,200909,1201-1800,IAD.Airport,DC,,,,,,VMC,,,Daylight,,,TRACON PCT,Air Carrier,Commercial Fixed Wing,,2,Part 121,IFR,,,Initial Approach,Vectors,Class B IAD,,,,,,,,,,,,,,,,,,,,,,,,,,,,,,,,,,,,,,,,,,,,,,,,,,,,,,,,,,,,,,,Aircraft X,Flight Deck,Air Carrier,Captain; Pilot Flying,Flight Crew Air Transport Pilot (ATP),,,Situational Awareness; Communication Breakdown,Party1 ATC; Party2 Flight Crew,,850120,Aircraft X,Flight Deck,Air Carrier,Pilot Not Flying; First Officer,Flight Crew Air Transport Pilot (ATP),,,Communication Breakdown,Party1 ATC; Party2 Flight Crew,,850453,ATC Issue All Types; Deviation - Track / Heading All Types; Deviation / Discrepancy - Procedural Clearance; Inflight Event / Encounter Fuel Issue,,,Person Air Traffic Control,In-flight,Air Traffic Control Issued New Clearance; Flight Crew Returned To Clearance,Company Policy; Human Factors,Human Factors,"After having received delay vectors twice enroute; and while my First Officer (pilot not flying) was calling inrange; I declared minimum fuel about twenty minutes from destination when the FMS indicated we'd land with 2100 pounds of fuel; 200 pounds above reserve.  Upon checking in with the Approach Controller; we were advised by the controller that he'd turn our base in about two minutes.  The approach environment was very busy; with instructions being issued about every three to five seconds.  On frequency were Company ABCD; ABCE; and ABCF and many others.  Less than two minutes after that (perhaps one to two minutes); the Approach Controller instructed us to turn right to 270 degrees.  We complied; and though it was less than the two minutes previously indicated; it made sense in light of our previous minimum fuel declaration.  A moment later; the Approach Controller urgently advised that he'd not instructed us to turn base and issued an immediate left turn; while calling out traffic on final.  I pickled the autopilot and quickly rolled left to the assigned heading; then taking the radio for a moment; advised that we'd heard the instruction and read it back.  Shortly afterward the Approach Controller turned us to our base heading; pointed out traffic to follow; and cleared us for the visual to Runway 1R.  He also apologized for not catching our readback.  I responded with 'no worries; we're over to Tower. Well; of course stressing due diligence on the radio is important; but taking measures to minimize similar call signs arriving in the same bank would help; though that might be impractical.  A possible factor here could be controller experience.  We don't know what the individual controller's task load or experience might have been; though as previously mentioned it was a very busy environment.  We believe we heard our call sign; but only listening to the tape will bear that out.  We think it's likely that he used our call sign intending to turn someone else; though it's possible that we BOTH misunderstood the callsign.  In any case; the Approach Controller did a great job catching our being out of place; no matter who goofed and all I can think of to prevent recurrences is for us all to stress proper radio discipline.",,,,"Air carrier inbound to IAD; low on fuel and with three other company aircraft on the frequency with similar flight numbers; initiated a turn to the final; was corrected by ATC; controller stating turn was for company aircraft.",
854054,200909,1201-1800,MSP.Airport,MN,,,,5000,,,,,,CLR,,TRACON M98,Air Carrier,A320,,2,Part 121,IFR,Passenger,,Final Approach; Initial Approach,Vectors; Visual Approach,Class B MSP,,,,,,,,,,,,,,,,,,,,,,,,,,,,,,,,,,,,,,,,,,,,,,,,,,,,,,,,,,,,,,,Aircraft X,Flight Deck,Air Carrier,Captain; Pilot Flying,,Flight Crew Last 90 Days 220; Flight Crew Total 12000; Flight Crew Type 4000,,Communication Breakdown; Distraction; Situational Awareness; Time Pressure,Party1 Flight Crew; Party2 ATC,,854054,Aircraft X,Flight Deck,Air Carrier,Pilot Not Flying; First Officer,,Flight Crew Last 90 Days 200; Flight Crew Total 7000; Flight Crew Type 2000,,Distraction; Situational Awareness; Time Pressure; Communication Breakdown,Party1 Flight Crew; Party2 ATC,,854007,ATC Issue All Types; Deviation / Discrepancy - Procedural Other / Unknown; Inflight Event / Encounter Fuel Issue,,,Automation Aircraft Other Automation; Person Flight Crew,In-flight,Air Traffic Control Separated Traffic; Flight Crew Landed in Emergency Condition; General Declared Emergency,Aircraft; Airport; Company Policy; Human Factors; Procedure,Airport,"Dispatch had added fuel for potential delays due to construction at MSP. I added an additional 900 pounds. Flight departed after a slight ATC delay for MSP's ground delay program which was lifted. Approaching MSP we had to hold due to traffic. We held approximately 25-35 minutes. The arrival had us fly towards the airport for Runway 17 but then had an extended downwind of approximately 30 miles. We also had to configure with flaps due to speeds assigned as low as 150 knots. The turn to final and approach were normal. Now projected to land with 4200 lbs. On short final we were told to go around due to some other aircraft that was minimum fuel landing on the crossing runway.  The go around was normal. After stabilized in level flight the First Officer and I agreed that we would be landing with less than 3000 lbs of fuel which is a number I use to predict 30 minutes of flight time left. We declared emergency fuel with ATC. They said they would fit us in the pattern for a 10 mile base. Although I felt they were handling us a minimum fuel situation I was still O.K. with the extension at this time. We now are getting ECAM warnings about our fuel with the message to land ASAP. Turn to final and approach were normal until inside 5 miles when ATC pushed us to keep our speed up for another plane which I believe he said was minimum fuel as well and they did not want him to go around. Then; right after touchdown; they tried to get us to take an early turnoff I didn't plan for and could not make; so we expedited to the next one which was past the crossing runway. Fuel was 2800 lbs and we blocked in at 2400 lbs.I think ATC needs to do more metering of traffic into MSP during their construction delays. There were several planes in the pattern that were low or minimum fuel. 30 mile extension with flaps at slow speeds increased our fuel burn. I'm not sure if ATC understood we were emergency and not minimum fuel.  If they had ASKED if we could accept a 10 mile final I would then believe they understood the difference.  On final having us fly fast and potentially pushing us to be not in stabilized approach parameters because of other low fuel aircraft wasn't right. If we would have had to go around then; there could definitely have been a truly dangerous situation. Shame on me for allowing it. Lesson learned. Trying to get us to stop abruptly to clear the runway after touching down isn't cool either. I might have been able to accommodate but I need to be told on final before landing so I can plan. Controllers at MSP; I believe; are doing their best. But when the overall system allows them to get overwhelmed it is creating problems and pressures for the handlers and issues for the pilots.",,"We were given holding at SKETR (about 60 miles from MSP). After about 30 minutes of holding; we departed SKETR with 6.1 FOB. The vectors to final were very long (30 miles) and at a very slow airspeed (170KIAS). We got to the Runway 17 final fix with about 4.0 FOB. Approaching the runway we were told to go around. I think it was for landing traffic (who was min fuel) on a crossing runway. Based on our first pattern experience; we immediately declared Emergency Fuel when we were handed back to approach. We touched down with 2.8 FOB.",,"Delays associated with airport construction at MSP cause an A320 flight crew to declare a fuel emergency.  ATC may have misunderstood the seriousness of their situation.",
872102,201001,0601-1200,ZZZ.ARTCC,US,,,,,,VMC,,,Daylight,,,Center ZZZ,Air Carrier,B737 Undifferentiated or Other Model,,2,Part 121,IFR,Passenger,,Initial Approach,,Class B ZZZ,,,,,,,,,,,,,,,,,,,,,,,,,,,,,,,,,,,,,,,,,,,,,,,,,,,,,,,,,,,,,,,Aircraft X,Flight Deck,Air Carrier,Captain,Flight Crew Air Transport Pilot (ATP),Flight Crew Last 90 Days 250; Flight Crew Total 10000; Flight Crew Type 2000,,Situational Awareness; Time Pressure,,,872102,,,,,,,,,,,,ATC Issue All Types; Inflight Event / Encounter Fuel Issue; Inflight Event / Encounter Weather / Turbulence,,,Person Flight Crew,In-flight,Flight Crew Landed in Emergency Condition; Flight Crew Requested ATC Assistance / Clarification; General Declared Emergency,Airspace Structure; Procedure; Weather,Ambiguous,"Declared minimum fuel; followed by emergency fuel. Appeared that current fuel consumption would require use of reserve fuel. Landed without need to use reserve fuel. Long taxi out; ATC vectoring; plus higher than expected winds near destination were contributing factors. Landed without incident and within allowable fuel onboard.",,,,"A B737 Captain declared a fuel emergency nearing his destination because it appeared reserve fuel would be utilized prior to landing. An extended taxi; ATC vectoring and enroute winds contributed to the increased fuel consumption.",
878802,201002,1801-2400,PHL.TRACON,PA,,,,,,IMC,Icing,,Night,,,TRACON PHL,Air Carrier,Commercial Fixed Wing,,2,Part 121,IFR,,,Descent,,Class B PHL,,,,,,,,,,,,,,,,,,,,,,,,,,,,,,,,,,,,,,,,,,,,,,,,,,,,,,,,,,,,,,,Aircraft X,Flight Deck,Air Carrier,Captain; Pilot Not Flying,Flight Crew Air Transport Pilot (ATP),,,Communication Breakdown; Situational Awareness; Time Pressure,Party1 Flight Crew; Party2 ATC,,878802,,,,,,,,,,,,ATC Issue All Types; Inflight Event / Encounter Fuel Issue,,N,Person Flight Crew,In-flight,Air Traffic Control Issued New Clearance,Company Policy; Human Factors,Company Policy,"Our flight was placed in a minimum fuel position after experiencing delay vectoring.  ATC was notified on three separate occasions of this fact and until the third time when I told Approach we needed to go to our alternate.  He replied by saying there was a 25 mile final and would that be acceptable?  This would have required us to fly an additional 50 to 60 miles as we were mid field downwind at this point.  I told him no; and he then asked what do you need to get in?  I said NOW!  ATC ignored my request to go to the alternate; and instead pulled another aircraft off the approach and turned us in around 8 miles out side the FAF.  I talked to the Approach Control Supervisor after getting on the ground and what was relayed to me was that ATC did not consider an additional 50 to 75 miles on an extended vector at low altitude an undue delay.  Not considering that a Jet aircraft have its highest fuel consumption rates at these approach altitudes.  Additionally the ATC Supervisor stated that 'you pilots declare minimum fuel all the time' and that if I had declared a fuel emergency I would have gotten in immediately.  This statement scared me to my core!  This ATC facility appears to have a cavalier attitude towards potential fuel issues and will only act when it becomes a dire situation.Policy of minimum fueling of aircraft and the apparently new policy of zero contingency fuel being allowed even into airports with long histories of traffic delays or congestion issues.  Captains fuel not being authorized in this situation as it would have necessitated the removal of revenue; ATC not taking a minimum fuel report as a serious condition; ATC ignoring the request to depart the downwind after an extended up-wind vector for the alternate airport.",,,,"A regional airline Captain took exception to approach control's 'cavalier' attitude regarding his declaration of 'minimum fuel'.",
879197,201003,0001-0600,ZZZ.ARTCC,US,,,,10000,,,,,,,,Center ZZZ,Air Taxi,Light Transport; Low Wing; 2 Turbojet Eng,,2,Part 135,IFR,Ambulance,,Cruise,,Class A ZZZ,,,,,,,,,,,,,,,,,,,,,,,,,,,,,,,,,,,,,,,,,,,,,,,,,,,,,,,,,,,,,,,Facility ZZZ.ARTCC,,Government,,Air Traffic Control Fully Certified,,,Other / Unknown,,,879197,Aircraft X,Flight Deck,Air Taxi,Pilot Flying; Captain,Flight Crew Air Transport Pilot (ATP); Flight Crew Multiengine; Flight Crew Instrument,Flight Crew Last 90 Days 120; Flight Crew Total 4500; Flight Crew Type 800,,,,,879884,ATC Issue All Types; Inflight Event / Encounter Fuel Issue,,,Person Air Traffic Control,,General None Reported / Taken,Weather; Aircraft; Procedure,Procedure,"A lifeguard aircraft was en route from ZZZZ. ZZZ1 Approach manually passed the flight plan to me that was ZZZZ2-ZZZ.....at 10000. Aircraft checked on twenty south of ZZZ1 requesting direct to destination. I told him I needed him to stay on the flight plan route. Aircraft informed me that they were minimum fuel. I called ZZZ1 who coordinates ZZZZ2 Airspace since we don't have a direct line to ZZZZ2 Approach even though airspace is directly adjacent to us. ZZZ1 told me that he is in uncontrolled airspace and they cannot give me control for the aircraft. I called the lifeguard aircraft and told him ZZZ1 Approach told me unable and if the only way they could go to the airport would be to declare emergency fuel. Aircraft declared emergency fuel at which point I cleared them direct to his destination. Coordinated with aircraft Destination Approach and aircraft landed safely. There was no way to prevent occurrence without redesign of the foreign country's Airspace. Ability for direct coordination with ZZZZ2 would have been very helpful. Tone of pilot's voice sounded like they very much needed direct the airport and the only way I could do that would be emergency fuel; not minimum fuel. That's why I gave the pilot that option and he declared emergency fuel.",,"Flight planning a trip from ZZZZ with the forecast winds when 70 mile from ZZZZ2 we asked for direct to destination due to an early let down and unforecast winds we burned an excess of fuel. ATC declined our request for direct and cleared us ZZZZ2-ZZZ......that would add another 100 miles to the flight and 867 LBS of fuel burn. I told them we were a Lifeguard flight and minimum fuel they said we could not go direct unless we declared an emergency. After a quick fuel calculation we decided to declare the emergency got direct to the airport and landed without incident. Prior to landing the final controller asked if we would need any further assistance and I declined.",,"An ARTCC Controller described an emergency fuel event involving a Lifeguard flight arriving from Mexican airspace. The reporter informed the aircraft an emergency fuel declaration was the only way a direct routing could be issued.",
883348,201004,1801-2400,DEN.Airport,CO,,,,,,,,,Dusk,,,,Air Carrier,EMB ERJ 170/175 ER/LR,,2,Part 121,IFR,,,Landing,,,,,,,,,,,,,,,,,,,,,,,,,,,,,,,,,,,,,,,,,,,,,,,,,,,,,,,,,,,,,,,,,Company,,Air Carrier,Dispatcher,Dispatch Dispatcher,,,Training / Qualification; Distraction; Workload; Situational Awareness; Confusion,,,883348,Aircraft X,Flight Deck,Air Carrier,Captain; Pilot Flying,Flight Crew Air Transport Pilot (ATP),,,,,,883347,ATC Issue All Types; Inflight Event / Encounter Fuel Issue; Inflight Event / Encounter Weather / Turbulence,,N,Person Flight Crew,In-flight,General None Reported / Taken,Human Factors; Procedure; Weather,Weather,"While planning this flight I looked to see what flights were departing towards ZZZ. I saw another carrier's flight that was going to this same destination. I took their route and built a route to avoid weather. The Captain called and stated that ATC was going to reroute the flight a little south out over HCT; then direct ONL. I got a call about 10 minutes later saying that they got 'as filed'. Then when the flight got off the gate they sent an ACARS message to state that there was a long line for departure. I asked them to keep me updated as to their FOB. At one point I asked how hard it would be to return to the gate and I was told 30 minutes wait. Fourteen minutes later they were airborne with 8.6. DEN ATC had both arrivals and departures crossing through the same airspace. Over GLD I asked what their FOB was and got 5.6. I tried to run numbers and got 'unusable route' from the dispatch monitor. A few minutes later I got an ACARS that said that ATC wouldn't let them climb. When they got to their destination the Captain called to add that ATC kept vectoring them even though they had declared minimum; fuel eating into their reserve. Flight landed with 1.9 and arrived at the gate with 1.8.The issues with ATC; I don't have objections to; but the dispatch monitor needs to have the bugs worked out so any request for numbers will yield results.",,"[The weather was bad and we had been rerouted from our canned route.]  We did not have the time to deliberate over taking on extra gas.  We were planned with only 1600 LBS of tanker fuel which did not seem like much; considering the conditions. During taxi; we relayed as much info to Dispatch as possible.  We think at one point the Dispatcher was considering sending us back to the gate for more fuel and a much different routing; but we were all discouraged by our 45+ minute taxi out. High winds in DEN had reduced the airport to only 2 runways. There were also high winds in our arrival city; and severe weather along our route. We departed Denver with the planned amount of fuel; 8600 LBS. Once airborne; we did not get cleared to climb to our cruise altitude for about 30 minutes. We were not able to safely navigate our way through the line of developing storms at a much lower altitude and deviated south to avoid a direct encounter with the weather. The radio frequency was so busy we were unable to receive clearance to turn back toward our course in a reasonable amount of time or climb to our cruise altitude. Finally we were able to get through the line and received direct to the first fix of the arrival SID. Upon receiving the direct clearance; we realized we would be landing at our destination right at MIN fuel. We did everything we could to conserve fuel; but due to the windy conditions we were told to expect delay vectors into our arrival city due to the windy conditions there. We declared MIN fuel when we received delay vectors and airspeed restrictions. These delays caused us to consume additional fuel. When we checked on with Approach; we reminded the Controller we were MIN fuel and their response was for us to expect vectors to join the downwind leg for a 20 mile final. We then were vectored onto approximately a 30 mile final. We landed with about 2000 LBS less than planned and had consumed some of our reserve fuel. The company should not try to cut so much fuel out of our flight planning. The airspace near our departure airport seemed over saturated. The reduction in our ability to communicate effectively led us too far from our planned course which consumed much more fuel than planned. Controllers should not plan to vector aircraft for long final approaches when MIN fuel is declared. Pilots should not accept excessive vectors when they are tight on fuel. So many factors led to this event. Having a more liberal fuel load would have fixed this issue instantly.",,"A flight crew arrived at their destination with minimum fuel but failed to declare a fuel emergency.  Inclement weather and associated ATC delays enroute contributed to a landing with less than FAR reserve fuel.",
883860,201004,1801-2400,FLL.Airport,FL,,,,6000,,VMC,,,Daylight,,,TRACON MIA,Air Carrier,Large Transport; Low Wing; 2 Turbojet Eng,,2,Part 121,IFR,Passenger,,Initial Approach,Vectors,Class B MIA,,,,,,,,,,,,,,,,,,,,,,,,,,,,,,,,,,,,,,,,,,,,,,,,,,,,,,,,,,,,,,,Aircraft X,Flight Deck,Air Carrier,Pilot Flying; Captain,Flight Crew Air Transport Pilot (ATP),,,Distraction; Time Pressure; Situational Awareness; Workload,,,883860,,,,,,,,,,,,ATC Issue All Types; Deviation / Discrepancy - Procedural Published Material / Policy; Inflight Event / Encounter Fuel Issue,,,Automation Aircraft Other Automation; Person Flight Crew,In-flight,Flight Crew Requested ATC Assistance / Clarification; Flight Crew Landed As Precaution,Human Factors; Procedure; Company Policy,Ambiguous,"During descent just after entering US airspace after URSUS intersection; ATC began vectoring and slowing us for spacing into the Miami area.  Eventually we ended up just north of FLL at 6000 FT and 190 KIAS with slats out.  At this point we determined landing fuel to be about 4300 LBS.  After a 25 MI downwind in this configuration we determined that we would burn into our reserve fuel.  We notified ATC that we were at minimum fuel.  After another 5-7 MI ATC started turning us back toward the airport.  During the last 7 MI of the approach we started to get ECAMs for low level fuel in the right wing.  As we started to comply with ECAM action; warning would disappear.  This happened 3-4 times.  We decided to open the crossfeed valve and continue toward airport with the intent of landing Runway 09L or if there was a problem with 09L landing 13.  Landed FLL 3000 LBS fuel; planned fuel for landing had been 5000 LBS.  Improper fuel planning by Dispatch; [they had] no consistency in fuel planning between city pairs.  I had two other flights that day and was dispatched with not only extra fuel to bring planned landing fuel up to the company minimum; but also contingency fuel ranging from 1200 LBS to 1500 LBS.  Both times even with this 'added weight' on the airplane we were able to arrive below total fuel burn for the trip effectively carrying the fuel weight for free.  This dismisses the argument that it costs fuel to carry fuel.  With proper knowledge and pilot technique this is an invalid point.  Dispatch not taking into account flow issues for time of day or time of year.  Pilots have no idea of flows into a given airport and this information is always available to Dispatch and the Company.  ATC stringing out flights to undetermined lengths without informing crews to the extent of the delay; it would actually be better to hold airplanes for flow into an airport and give standard approach vectoring to a runway.  Holding will at least give us a fixed point at which to make accurate calculations for the safe continuing the flight or diverting.  The company is intimidating the dispatchers and pilots to put on as little fuel as possible.  This is evidenced by the fact that when I tell Dispatch I want to increase my fuel load for what I perceive as a valid reason; I am told by Dispatch the company is maintaining a log of those pilots taking more fuel than planned and also they will be notifying the chief pilot.  My response to this is; 'would you like me to call him right now?'  How can this not be perceived as intimidation.  Operation of the flight in what the pilots or dispatchers perceive as SAFE operation should never be questioned when within reason.  As evidenced by the above paragraph; the extra fuel is really of no added cost to the company; it will just go toward the uplift on the next leg.  Pilots; who feel they will somehow be disciplined for their safe actions could result in an impaired judgment of any situation; not just fuel; resulting in an irrational action causing further complications or incidents.  This ignorant attempt at bullying must not continue and the pilots need to reacquaint themselves with the fact that they are the FINAL say on the safe operation of our airline.  Safety is; as pilots; our number one concern; why is it not the Company's number one concern.",,,,"An Air Carrier Captain arriving into the MIA area was vectored and delayed so that minimum fuel was declared and fuel alert messages were displayed on approach. The reporter described his carrier's threats to pilots about uploading extra contingency fuel.",
890695,201005,1201-1800,D01.TRACON,CO,,,,19000,,IMC,,,,,,TRACON D01,Air Carrier,Commercial Fixed Wing,,2,Part 121,IFR,Passenger,,Descent,,Class A ZDV,,,,,,,,,,,,,,,,,,,,,,,,,,,,,,,,,,,,,,,,,,,,,,,,,,,,,,,,,,,,,,,Aircraft X,Flight Deck,Air Carrier,Pilot Flying; Captain,Flight Crew Air Transport Pilot (ATP),Flight Crew Last 90 Days 90; Flight Crew Total 10000; Flight Crew Type 5000,,Communication Breakdown; Distraction; Workload,Party1 Flight Crew; Party2 ATC,,890695,,,,,,,,,,,,ATC Issue All Types; Deviation / Discrepancy - Procedural Published Material / Policy; Inflight Event / Encounter Weather / Turbulence; Inflight Event / Encounter Fuel Issue,,N,Person Flight Crew,In-flight,Air Traffic Control Separated Traffic; Air Traffic Control Issued New Clearance; Air Traffic Control Issued Advisory / Alert; Flight Crew Requested ATC Assistance / Clarification,Weather; Human Factors,Weather,"Very intense and busy end of flight and difficult dealings with Denver Approach led to late change in altimeter setting to local from standard. Heavy thunderstorms moving slowly with hail reported over DIA caused us to hold at FROGS Intersection after a reroute north and west of original route to avoid weather. First alternate of CYS also had a large thunderstorm next to field and then ran out of gas for refueling. 2nd alternate of COS had a large developing thunderstorm just north of field. We decided COS was best option and diverted there. Enroute to COS from hold the thunderstorm north of COS was in our way so we asked to deviate west. Originally that was approved then we were given vectors around traffic to the east. We were handed of to the second Denver approach controller who only added to the cockpit workload and stress. We asked him what they were landing in COS and he replied he had no idea he was Denver Approach not Springs. He then gave us a descent and a heading of 130 degrees which was right into the large thunderstorm cell. I told him we couldn't accept that due to the weather and he said that was the only way to get into COS. With the hail reported I wasn't going to fly right into or next to the large cell. He said something to the effect of then we need another plan. I don't know what that meant. I told him I wasn't going to fly that heading. He said to turn left than to 060 and climb to FL210. I told him if we did that we would be minimum fuel. Again he said we need to come up with another plan. He asked if we wanted to go to DIA that they were landing Runway 8 now. At the same time the First Officer was on the radio with COS tower and heard that there was heavy rain and hail on final. We then decided to go to DIA and land. All this caused us to delay the approach descent checklist until downwind where we discovered we had to change to the local altimeter.",,,,"An air carrier Captain reported difficulties communicating with ATC when his destination and alternate airports were impacted by thunderstorms and hail.  The distractions resulted in considerable time below FL180 with the altimeters still set to QNE.",
892412,201006,0001-0600,SFO.Airport,CA,,,,,,VMC,Rain; Windshear,,Night,,,TRACON NCT,Air Carrier,A320,,2,Part 121,IFR,Passenger,,Initial Approach,Vectors,Class B SFO,,,,,,,,,,,,,,,,,,,,,,,,,,,,,,,,,,,,,,,,,,,,,,,,,,,,,,,,,,,,,,,Aircraft X,Flight Deck,Air Carrier,First Officer; Pilot Flying,Flight Crew Air Transport Pilot (ATP),,,Situational Awareness; Confusion; Communication Breakdown; Time Pressure,Party1 Flight Crew; Party2 ATC,,892412,,,,,,,,,,,,ATC Issue All Types; Inflight Event / Encounter Fuel Issue; Inflight Event / Encounter Weather / Turbulence,,,Person Flight Crew,In-flight,Air Traffic Control Provided Assistance; Flight Crew Requested ATC Assistance / Clarification,Airport; Procedure; Weather,Procedure,"On approach to SFO Runway 28L we were expecting to land with 5500lbs of fuel. On initial approach ATC gave us a 'box' pattern vector which put us at 4400lbs of fuel. We asked to not delay us any more due to fuel constraints and they replied that no more delays were anticipated. We began the approach with 3300lbs of fuel. On a ten mile final we were given go around instructions due to the aircraft in front of us going too slow. We began an immediate turn to SJC; but they told us to keep the turn going and would get us in immediately after we declared minimum fuel. We turned around and landed on Runway 28L. As we were in the turn back to the Runway the low fuel ECAM came on. This event did occur; as with most incidents; because of a multiple chain of events. The winds were higher than planned; and then we had to contend with weather that was heavy to extreme precipitation. We went around it to the south which took more time and fuel. As a crew we decided to continue and talked about our plans along each step of the way. The more we got into the SFO approach area; we told the controllers that we could not accept any delays; never saying MIN FUEL. They told us not to worry and would not have any issues. As we got vectored around we discussed that we would only attempt one approach and then on to SJC. We declared minimum fuel after the aircraft was under control as we were pulled off the approach. They gave us a 270 back to final. At that time the low fuel light came on and land ASAP annunciated. We discussed quickly that we would land this time since we did not have any other options left. After being able to sit back and replay our situation in our minds the Captain and I came to an agreement. In the future we would not hesitate to declare an emergency to get us to airport and on the ground. We were keeping up with our fuel burn; winds; and had asked Dispatch to run the new numbers for us with the route change etc. We asked Approach if we would have any issues on final and that we could not take any delays. I have made a set of guidelines for me in the future... For example: less than forty five minutes of fuel remaining must declare 'min fuel' and less than thirty minutes you must declare an emergency as per our Operating Manual. We were aware of our situation along the entire route of the flight and the information we were given led us to believe we would not have any fuel issues; but as it played out and changes popped up at us; we dealt with it as a team.",,,,"An A320 First Officer reported that after arriving in the SFO area after an excessive transcontinental fuel burn they were given delaying vectors and a go around. As they entered the final approach the LOW FUEL LAND ASAP ECAM annunciated. They did not declare an emergency.",
896239,201006,1201-1800,JFK.Airport,NY,,,,37000,,VMC,,,Daylight,CLR,,Center ZNY,Air Carrier,Commercial Fixed Wing,,2,Part 121,,,,Descent,,Class A ZNY,,,,,,,,,,,,,,,,,,,,,,,,,,,,,,,,,,,,,,,,,,,,,,,,,,,,,,,,,,,,,,,Aircraft X,Flight Deck,Air Carrier,Pilot Not Flying; Captain,Flight Crew Air Transport Pilot (ATP),,,Communication Breakdown; Situational Awareness,Party1 Flight Crew; Party2 ATC,,896239,,,,,,,,,,,,ATC Issue All Types; Inflight Event / Encounter Fuel Issue,,,Person Flight Crew,In-flight,Air Traffic Control Issued New Clearance,Human Factors; Airport; Company Policy,Company Policy,"Approaching HOXIE; given delay vectors. Informed ATC of limited fuel for such delays. Eventually; they tried to give us holding instructions. We told them we were minimum fuel and could not hold. They gave us some more vectors and asked our intentions. Dispatch gave us a fuel burn to our alternate but it was not based on actual fuel. Eventually they gave us clearance for the STAR into JFK. After LENDY; ATC gave us a 170 heading for a long pattern to Runway 22L. We reminded them we were minimum fuel. ATC asked how many minutes until fuel exhaustion. I told him 36 minutes. He said that was an EMERGENCY and he vectored us to VOR Runway 13L which we then accomplished and landed without incident. Stop dispatching flights to JFK with so little fuel when JFK clearly cannot handle scheduled traffic on a CAVOK day. Dispatch fuel was not adequate.",,,,"Air Carrier Captain experienced delays arriving JFK on a VFR day which resulted in a declaration of minimum fuel. Reporter believes that his company does not provide adequate fuel for normal delays into New York area airports.",
896476,201007,1801-2400,DEN.Airport,CO,,,,,,,,,,,,Tower DEN,Air Carrier,B737 Undifferentiated or Other Model,,2,Part 121,IFR,,,Landing,,Class B DEN,,,,,,,,,,,,,,,,,,,,,,,,,,,,,,,,,,,,,,,,,,,,,,,,,,,,,,,,,,,,,,,Facility DEN.Tower,,Government,Local,Air Traffic Control Fully Certified,,,,,,896476,,,,,,,,,,,,ATC Issue All Types; Deviation / Discrepancy - Procedural Published Material / Policy; Inflight Event / Encounter Weather / Turbulence,,,Person Air Traffic Control,,General None Reported / Taken,Procedure; Weather,Procedure,"I was on Local Control 4 and we were landing south on Runway 16R/L and Runway 17R.  The wind shifted and was consistent at 320 and 25 knots or so; I could also see a wind shear or micro burst because of the dust blowing that our equipment was not picking up on short final.  I don't know the exact time; but I would say close to 30 minutes landing in this configuration with that wind.  The whole time aircraft were going around; very few landed.  There are many problems with this scenario; as well as how it was handled while it was going on.  The first problem is that it happens way too often.  One hour before this took place; the FLM (Front Line Manager) and TMC (Traffic Management Control) were looking at the weather RADAR and knew that wind shifts and wind shears were coming.  They did not know how it would affect the airport winds; which I understand; as they were coming from all areas.  They took a guess and set up for a south configuration.  They were wrong; resulting in putting 30 or so aircraft in a very dangerous situation that were trying to land with a 30 knot tail wind with; a wind shear and flying through a micro burst.  This happens too often and the TRACON will not put the aircraft in a holding pattern.  They claim they have too much going on and it will take 15 to 20 minutes to get into a north configuration.  When we become aware of these winds on RADAR; the simple answer to this whole thing is to set the airport up in a north and south configuration.  This gives TRACON four runways to land on; and gives Tower the ability to issue multiple runway landings.  When aircraft started going around; my only option was to give them back to the TRACON and set up for the same runway.  I did and they went around again and then we were dealing with adding in a minimum fuel situation.  If we were in a north and south configuration; TRACON could be set up for both; and the second that they know how the wind shifts affected the airport; start putting everyone on that final.  Another problem with this situation is help for the Local Controller during these busy times.  Denver has had many issues lately; as a result; we have been notified that the Coordinator Position will be open more often and during times of busy traffic.  The problem is that it is not.  When we have good staffing; the FLM's like to open it during very slow times.  This is not a help; this is a distraction.  Conversations then take place; it gets very noisy and it is hard to hear the aircraft.  This also adds to the number of positions open and adds the number of Controllers needing to be switched out on break.  Controllers start going near 2 hours on position with no relief and then the FLM has no choice but to close the position.  Then when traffic does pick up; there are no Controllers available for these positions.  This was the case in this instance; I was very busy and had no help when I needed it.  I was shouting; 'somebody coordinate that' when pilots needed to divert out side of my airspace because they did not want to fly through the micro burst.  Please take a look at how Denver Tower and TRACON run there operation during these times of weather.  Too often we are setting the pilots up to fail; vectoring pilots to land and fly through level 5 and 6 thunderstorms or right into micro bursts and 30 knot quartering tail winds.  Recommendation; we always see the weather coming; we have great equipment for that; and we just don't act until it is too late.  For this situation; we saw it coming 30-40 minutes before it occurred; we should have set up for north and south configuration.  That would have lessened the impact; as we could have immediately given the pilots another option other than a 30 tailwind with micro burst.  Some may argue that we would then have only two departure runways; but when aircraft start going around TRACON stops all departures anyway.",,,,"DEN Tower Controller described multiple go arounds during a thirty minute period; claiming the initial landing runway configuration decision by the TMU and FLM was flawed. The reporter further lamented on the existing runway arrival/departure procedure needing revision and more timely runway use decisions made to prevent future like instances.",
908917,201009,1801-2400,ZZZ.Airport,US,,,0,,,,,,Daylight,,,Tower ZZZ,FBO,Skyhawk 172/Cutlass 172,,1,Part 91,VFR,Training,,Landing,None,Class D ZZZ,,,,,,,,,,,,,,,,,,,,,,,,,,,,,,,,,,,,,,,,,,,,,,,,,,,,,,,,,,,,,,,Facility ZZZ.Tower,,Government,Flight Data / Clearance Delivery; Local,Air Traffic Control Fully Certified,,,Training / Qualification,,,908917,Hangar / Base,,FBO,Instructor,Flight Crew Multiengine; Flight Crew Instrument; Flight Crew Commercial; Flight Crew Flight Instructor,Flight Crew Last 90 Days 69.1; Flight Crew Total 725; Flight Crew Type 200,,,,,909009,ATC Issue All Types,,,Person Air Traffic Control,In-flight,Flight Crew Regained Aircraft Control,Human Factors,Human Factors,"We received a GI message from ZZZ1 Tower regarding a C172. He had departed ZZZ on a VFR cross country flight from ZZZ-ZZZ1. While at ZZZ1 he was to land; re-fuel and depart back to ZZZ. The GI message stated he had made 4 unsuccessful landing attempts at ZZZ1; all 4 were very scary in the ZZZ1 Tower's words. The C172 elected to abandon his attempt at ZZZ1 and return to ZZZ without refueling. The C172 entered the traffic pattern at ZZZ for a full stop landing. The C172 first attempt at landing was 3 unstable porpoise landings; and a scary go-around maneuver. On his upwind leg he called minimum fuel and we declared an Alert One. The C172's second attempt was more of the same with a right wing 45 degree down angle go-around. As CIC I called requested a flight instructor to assist in getting the aircraft down safely. The C172 was on final approach for his 3rd attempt as the flight instructor entered the cab. We set up the frequency for him and he began to talk the aircraft and student down. The C172; with the help of the instructor's calm voice; then landed safely and the rescue vehicles were able to approach the aircraft. Upon landing his left brake appeared to be stuck as a considerable amount of smoke came from the left main tire. Recommendation; It is my feeling if we had more people on shift the situation could have been handled better and with less chaos. Perhaps we would have then been able to ask for assistance in more timely manner.",,"On one of my student's recent cross country flights he experienced some difficulty landing the aircraft at his planned destination airport. After several go arounds; he decided to return to his home airport without refueling. On the way back; his power setting was higher than originally planned resulting in a greater fuel burn than anticipated. When he arrived at his home airport; he again had some difficulty landing the aircraft; and conducted several go arounds. He became worried that he was running low on fuel; and declared an emergency with the Control Tower. Our flight school was notified by the Tower Controller; and was able to help talk the student down. The student then landed without incident.",,"Multiple reports from a controller; instructor pilot; and the student pilot describe an emergency event that included failed landing attempts and low fuel issues.",
911016,201009,1801-2400,A80.TRACON,GA,,,,12000,,,,,,,,TRACON A80,Air Carrier,MD-88,,2,Part 121,IFR,,,Descent,,Class E A80,,,,,,,,,,,,,,,,,,,,,,,,,,,,,,,,,,,,,,,,,,,,,,,,,,,,,,,,,,,,,,,Facility A80.TRACON,,Government,Approach,,,,Confusion; Communication Breakdown; Situational Awareness,Party1 ATC; Party2 Flight Crew,,911016,,,,,,,,,,,,ATC Issue All Types; Inflight Event / Encounter Fuel Issue,,,Person Air Traffic Control,,Air Traffic Control Issued New Clearance,Company Policy; Human Factors; Procedure; Aircraft,Ambiguous,"Atlanta Center advised me that Air Carrier X was minimum fuel upon hand off. Based upon traffic and other operational conditions at the time; I anticipated no 'undue' delay in Air Carrier X's arrival. Even with weather prominent in the Atlanta Terminal Area; and the Southeast United States for that matter; I expected Air Carrier X to fly at 250 KTS to midfield downwind; then reduce to 210; turn base and reduce to 180 and be cleared for approach and land; just like the previous 300 arrivals during the evening shift so far. What I did not expect was that when abeam the airport; Air Carrier X declared that he could fly no farther than a fifteen mile final or else would have to divert. Atlanta Approach; during triple ILS operations; routinely; turns final no closer than twenty miles and more typically 22-25 NM. It would have been unsafe to pull three or four aircraft off a triple parallel operation for an MD88 who could have flown an additional twenty two miles and landed normally; with everyone else. I was moderately busy at the time and the insane amount of coordination which had to be done; placed the ten arrivals behind him and the five departures under him all at risk for an operational error. Approach positions; FLM; TMC; DR N; DR S; P; HO P would be affected. The flightplan had to be amended; coordination had to be done to turn Air Carrier X out of the downwind and opposite direction to the arrivals and departures; clear him to AGS and accomplish point outs to two departures and a hand off to the Center. I understand the IFR rules about fuel requirements; however; instead of flying twenty two miles farther (total) than a fifteen mile final caused an aircraft to fly an additional 140 NM and land at a location other than where they wanted to be. The amount of workload placed upon the system by this flight crew action increased the risk and potential for incidents in a highly congested and complex environment. The rules and regulations should permit the PIC to make an educated and informed decision based upon actual conditions and probability to continue and make a safe landing at the original airport of destination when they are already in the terminal area of the destination.",,,,"A Controller described a confused and unanticipated fuel shortage declaration that led to confusion and a significant increase in workload. The reporter suggested the rules governing fuel issues need revision.",
921248,201009,0601-1200,CLT.Airport,NC,,,,,,IMC,1,,,200,,Tower CLT,Air Carrier,Regional Jet 200 ER/LR (CRJ200),,2,Part 121,IFR,Passenger,Localizer/Glideslope/ILS 36R,Final Approach,,Class B CLT,,,,,,,,,,,,,,,,,,,,,,,,,,,,,,,,,,,,,,,,,,,,,,,,,,,,,,,,,,,,,,,Aircraft X,Flight Deck,Air Carrier,Pilot Flying,,,,Other / Unknown; Situational Awareness,,,921248,,,,,,,,,,,,ATC Issue All Types; Deviation - Track / Heading All Types; Inflight Event / Encounter Fuel Issue; Inflight Event / Encounter Weather / Turbulence,,,Person Flight Crew,In-flight,General None Reported / Taken,Procedure; Human Factors,Procedure,"Right after calling for taxi; CLT went into a ground stop; so we held at the gate for just over an hour before continuing to push. Ground stop lifted and we departed still with more than takeoff fuel on board. Enroute to CLT we were slowed the entire route by ATC. We were told to expect hold; but it was never assigned. Instead; we were given several delaying vectors. We were monitoring weather; and visibility was going up and down. ATC informed us that CLT was only accepting CAT I approaches to Runway 36R; so there would be delays. We were continually monitoring fuel status and were fine for conditions. Upon arrival at CLT; we were in a long line for 36R. We flew the ILS but had no contact at minimums and executed a missed approach; even though other aircraft were landing. What can I say; we hit minimums and had nothing in sight. At this point; we calculated that we had the fuel to make one more approach; execute a missed approach; and reach our first alternate; as long as we had no delays (even considering flap AD). We informed Approach that we were minimum fuel and could not accept a lengthy approach. It did not appear to me that they gave us any special treatment; but we kept up with our fuel status and were OK. Upon the second approach; weather still reported as 002 overcast and 1/8 mile; with 1 mile surface visibility. ATC was reporting RVR ranging from 1;600 up to 3;600 and back. It was above minimums when we began the approach. On final; we heard the Tower tell the aircraft two ahead of us that there was an aircraft holding on and departing the runway; and to expect landing clearance at 2 miles. We were incredulous that this was taking place under the conditions. I do not remember whether the aircraft ahead of us got a similar instruction; but we did. I am not positive we got the expect landing clearance at 2 miles; but there was a hold/departure right ahead of us. We were well inside the marker when this instruction was given; and we received landing clearance very close in. Upon reaching minimums; I got 'lights in sight' and announced 'continuing' then '100 FT; runway in sight' I pulled the power and looked up . . . at grass; the runway was a full wingspan to our left. Rather than executing a balked landing on a grass surface and possibly touching down; I made a very flat; wings-nearly-level side-step to the runway and just got the wings level at touchdown. The localizer was dead on throughout both approaches. I flew the approaches fully coupled until the go-around/runway in sight calls. I have no doubt that the preceding aircraft interfered with the localizer and caused the deviation. I do not recall that runway having an ILS critical safety area; and there may be a reason for it; but something caused this large error. I cannot believe that CLT is allowed to/is allowing departures with weather this poor and with aircraft inside the marker; especially considering we were fuel critical at this time. I cannot imagine the result if there had been a stuck mike on the frequency with one aircraft waiting to depart and us on a 2 mile final; breaking out at 100 FT. This is a horrendous practice that should be stopped immediately. I know my narrative sounded more like it was going to be a fuel issue; but I included it because fuel was a consideration throughout. At the instant I had to decide whether to balk or side-step; I had the momentary flash whether fuel would be an issue if I went around; but was more concerned with the chance of touching down on grass. Suggestions; in my experience over the last few months; the ATC services at CLT have been very poor. I have heard supervisors jump in many; many times to correct instructions. We are regularly flown through the localizer with parallel traffic nearby; and we are also frequently not cleared for the approach until we are above the glide slope. This newest wrinkle seems to be a very; very dangerous practice and I cannot believe that it is an approved practice. Departing aircraft off of a runway under low-visibility with arriving aircraft inside the marker is just plain dumb and should be discontinued immediately.",,,,"Air Carrier landing at CLT expressed concern regarding ATC handling; noting landing clearance was withheld until inside the marker with minimal weather conditions; adding concerns regarding general ATC practices at CLT.",
922101,201012,1201-1800,ZZZ.Airport,US,,,,,,IMC,Icing,Temperature - Extreme,Night,,,TRACON ZZZ1,Air Carrier,Regional Jet 200 ER/LR (CRJ200),,2,Part 121,IFR,Passenger,,Initial Approach,,Class B ZZZ,,,,,,,,,,,,,,,,,,,,,,,,,,,,,,,,,,,,,,,,,,,,,,,,,,,,,,,,,,,,,,,Aircraft X,Flight Deck,Air Carrier,Pilot Flying; First Officer,Flight Crew Commercial,Flight Crew Last 90 Days 55; Flight Crew Total 4000; Flight Crew Type 2000,,Situational Awareness,,,922101,,,,,,,,,,,,ATC Issue All Types; Inflight Event / Encounter Weather / Turbulence; Inflight Event / Encounter Fuel Issue,,,Person Flight Crew,In-flight,Flight Crew Diverted; Flight Crew Executed Go Around / Missed Approach; General Declared Emergency,Airport; Human Factors; Weather,Ambiguous,"We single engine taxied to the de-ice pad after a discussion that since we knew weather in ZZZ was degraded and since there was no issue with takeoff weight; the more fuel we had the better.  Departure was normal and so was the enroute section of the flight.  ATC asked us to speed up a little bit in flight that did increase our fuel consumption.  At that time we were not aware that there was any type of holding in ZZZ.  Periodically in flight we checked the weather in ZZZ and it never got worse than light snow.  As we approached ZZZ2; we heard other aircraft begin to get holding instructions.  Nobody was given more than 10 minutes in the hold.  When ATC gave us our hold instructions we were still 10 minutes from ZZZ2.  Along with our holding instructions; they informed us that airspeed was our discretion.  I reduced speed to 250 KTS in order to save fuel and also because our EFC we only expected to hold for 10 minutes.  When we entered the hold over ZZZ2 I slowed to 210; which was approximately the minimum drag speed off the chart in the QRH.  We turned outbound and as we were abeam ZZZ2; ATC told us to continue our outbound leg and they would call our turn in.  During this time we briefed a CAT II ILS for 12L as the weather was right at 1/2 mile visibility; but with no RVR reports on the ATIS; we assumed that the RVR was still pretty good.  As we approached ZZZ we were told to expect 12L.  At this time we did discuss options if we had to go around; where we would go and how many approaches we may be able to do.  The final for 12L was out past ZZZZZ.  The approach went well until we got to the final approach fix.  The aircraft landing in front of us missed the first taxiway they were assigned.  During that time the Tower Controller asked another aircraft to line up and wait.  On a 3 mile final the separation got too close and the Tower Controller canceled our approach clearance and gave a turn to the north and a climb to 4;000 FT.  Our missed approach instructions took us to the north and away from our alternate.The missed went as well as unplanned missed approaches go.  After taking care of the aircraft the Captain contacted Dispatch and started to talk to them about where we should go.  I informed ATC that we were looking at fuel issues and that if they could get us in any sooner; that would be better than going out past ZZZZZ again.  At the time we decided that we would try one more approach we had 2;900 LBS of fuel on board.  Planned ALT fuel was 998 LBS.  We did our best to fly clean and conserve as much fuel as we could.  The second approach was briefed as a CAT I because we were worried that with only one thrust reverser operative and braking action being reported as fair; that it would be better off without the limitations imposed by a CAT II.  Approaching the final approach fix; ATC started giving missed approach instructions to aircraft that were in front of us.  Then they gave us a turnout to the north and and told us to climb to 5;000.  At that time we informed them that we were going to our alternate.  We had 2;400 LBS of fuel on board at that time.  ATC had us fly north and east during our initial climbout.  We then told them that we were in a minimum fuel situation and needed to start heading in the direction of our alternate.  I flew at 210 KTS which was roughly the minimum drag speed and we asked for 17;000 for the flight down to our alternate.  We knew that the winds would be at our tail roughly 20 KTS up there as opposed to 8 KTS at our current altitude.  Once we had less than 2;000 LBS of fuel we decided that we should declare a fuel emergency with ATC.  I kept the aircraft high going in to our alternate and we setup for the ILS 18.  Weather in our alternate had gone from 9 SM visibility and 9;000 broken to light snow and I can't remember the visibility; but it was coming down.  We landed without further incident.  Fuel on landing was 1;200 LBS.  We taxied onto the ramp and called Operations on the radio.  They were unaware that we were coming and had to get everything together in order to accommodate us.  After about 45 minutes on the ramp and multiple calls to Dispatch; Duty Managers; and Scheduling; we decided that it would be best if we did not try and continue on to ZZZ.The weather; ATC and our own fatigue all contributed to this situation.  ZZZ Tower always tries to put airplanes too close together.  Our schedule made it very difficult to operate with any type of delays.  We ended up flying 9:03 that day.  Too much for the last day of 5 in a row.  Fatigue was definitely an issue.",,,,"CRJ200 First Officer reports holding due to weather arriving ZZZ. Then a missed approach due to aircraft on the runway. A second missed approach ensues at Tower direction; and the crew diverts to their alternate after declaring a fuel emergency.",
926923,201101,0001-0600,ZZZ.ARTCC,US,,,,36000,,VMC,,,,CLR,,Center ZZZ,Air Carrier,B757-200,,2,Part 121,IFR,Passenger,,Initial Approach; Final Approach; Cruise; Parked,,Class A ZZZ; Class B ZZZ,,,,,,,,,,,,,,,,,,,,,,,,Powerplant Lubrication System,,X,Malfunctioning,,,,,,,,,,,,,,,,,,,,,,,,,,,,,,,,,,,,Aircraft X,Flight Deck,Air Carrier,Captain; Pilot Not Flying,Flight Crew Air Transport Pilot (ATP),Flight Crew Last 90 Days 200; Flight Crew Total 23000; Flight Crew Type 6000,,Confusion; Communication Breakdown; Distraction; Workload,Party1 Flight Crew; Party2 Dispatch; Party2 ATC; Party2 Ground Personnel,,926923,Aircraft X,Flight Deck,Air Carrier,First Officer; Pilot Flying,,Flight Crew Last 90 Days 227; Flight Crew Total 16100; Flight Crew Type 7100,,Training / Qualification; Confusion; Communication Breakdown; Distraction; Workload,Party1 Flight Crew; Party2 ATC; Party2 Ground Personnel,,926907,ATC Issue All Types; Aircraft Equipment Problem Critical; Deviation / Discrepancy - Procedural Published Material / Policy,,,Automation Aircraft Other Automation; Person Flight Crew,In-flight; Pre-flight,Flight Crew Became Reoriented; Flight Crew Landed in Emergency Condition; General Declared Emergency,Aircraft; Company Policy; Human Factors; Weather,Ambiguous,"I will describe a few systemic problems; including an emergency arrival. We arrived in operations to print flightplan and discovered we had a deferral for anti-skid inoperative (a 28;000 LB penalty) so fuel stop was planned intermediate. Flightplan included about 9;000 LBS fuel 'economic.' Called Dispatcher; he said fuel was to speed up upload at the intermediate. I said this was crazy if we had an abort we would grind all tires to the rims. Airplane had history of engine oil leaks with a divert just a few days earlier and hydraulic pressure light; so after discussing with First Officer we wanted minimum fuel. [We] called Operations to let the fueler know. Got to aircraft almost all Economic fuel had been uploaded. I know the issues in de-fueling; so we decided to not delay any further and accept fuel. First Officer noticed fuel load was incorrect as our main tanks were not full and we had around 8;000 center tank fuel; which is prohibited per FOM. Got that corrected in the mean time our weight was now too heavy to depart any runway. One runway was closed with 1 hour prior permission; so called the Airport Manager to request. Had discussion with Dispatcher as he had planned for Runway XX; but they were landing YY so he thought the closed runway as best bet also. After 45 minutes the airport landing turned around and we departed XX uneventfully. Issues: 1) - Would be nice to be informed ahead of time as this required some planning which I had little time to do.2) - Would like the option of reviewing fuel; especially Economic as I felt forced to take more than I wanted; before it is loaded onto aircraft. The time to de-fuel was quoted as one to two hour delay.3) - This airplane should not have been used on a long haul flight.A technical intermediate stop was completed in 30 minutes; thorough inspection of all tires revealed tires and rims were cold to touch and in good shape despite anti-skid inoperative. [We] had to wait 30 minutes at end of runway for weights due to 'technical issues' and were running out of explanations to the passengers. Enroute to our destination about 80 miles from Top of Descent the 'Left Engine Oil Pressure' light started to flicker and we noticed oil quantity was at '0.' No EICAS message was displayed. Oil pressure was fluctuating 120 PSI +/- 20 PSI. We thought this inconsistent; oil temp was normal. This was same scenario as happened last week. With this in mind we decided to descend early to our single engine max altitude of FL270 while monitoring engine closely. Adding or reducing power seemed to have no effect. Quick check of nearest airports reveled no good choices. Sent message to Dispatch; declared emergency; notified flight attendants (no cabin advisory given at this time). Reviewed Low Oil Pressure Abnormal which leads to Inflight Engine Shutdown which we completed to 'Engine Fuel Control to Off.' We discussed situation and watched oil pressure closely; and with engine at idle if oil pressure went into red and stayed there; we would immediately shut down engine. Oil pressure was slowly decreasing but still fluctuating +/- 20 PSI. Once below 15;000 FT; oil pressure remained more stable and stayed in the white range (normal). Dispatch came back with our destination as best airport (weather very clear); and we concurred at this point in time. Because of the airplanes history we actually had reviewed landing distance needed in abnormal configurations i.e. Anti-Skid Inoperative before leaving and knew there are no numbers for Anti-skid Inoperative and Single Engine; so asked Dispatch for landing distance needed. They came back with 9;800 FT which made our planned destination the best choice. Single engine approach went well with the exception of ATC adding speed and altitude constraints on us; which single engine is tougher to comply with which just added to the workload. Landing was uneventful with a subsequent taxi to gate as brakes were used very gently. We did a post flight inspection of engine (dripping oil) and landing gear (cool to the touch).",,,,"A B757 with the antiskid MEL'ed was over fueled departing the expected contaminated runway. The departure runway was changed and enroute the engine oil quantity indicated zero; but pressure was normal; so an emergency was declared and the flight continued with the engine at idle.",
928811,201101,1801-2400,ZOB.ARTCC,OH,,,,41000,,,,,Night,,,Center ZOB,,Falcon 20FJF/20C/20D/20E/20F,,2,,IFR,,,Cruise; Descent,,Class A ZOB,,,,,,,,,,,,,,,,,,,,,,,,,,,,,,,,,,,,,,,,,,,,,,,,,,,,,,,,,,,,,,,Facility ZOB.ARTCC,,Government,Enroute,Air Traffic Control Fully Certified,,,Communication Breakdown; Other / Unknown,Party1 ATC; Party2 Flight Crew,,928811,,,,,,,,,,,,ATC Issue All Types; Deviation / Discrepancy - Procedural Published Material / Policy; Inflight Event / Encounter Fuel Issue,,,Person Air Traffic Control,,General None Reported / Taken,Human Factors; Procedure,Human Factors,"I was present in Area 7 having just been relieved from the Area 7 Low Sectors. The Controller working the Area 7 High Sectors was handling a FA20 landing HPN; direct to DNY at FL410. The pilot was requesting for something more direct on his current route of flight because he was concerned with his fuel 'situation'. The Area 7 High Controller called ZNY Elmira Sector to see if he could get the aircraft more of a shortcut; the ZNY Elmira Controller approved direct IGN but gave a restriction to cross the ZNY boundary at FL330. The Area 7 High Controller at ZOB acknowledged and then relayed to the FA20 that he could expect to cross 150 miles from IGN at FL330. After a brief period of time the pilot relayed to ZOB that if he was to comply with the restriction he was going to be 'tight' on his fuel and it may not be possible. The ZOB Controller called the ZNY Elmira Controller back and explained the situation with what the FA20 relayed. The ZNY Controller stated; 'Unless he's declaring minimum or emergency fuel have him at the boundary at FL330'. The Area 7 High Controller relayed the message to me and immediately went down to the OMIC desk to advise them of the developing safety situation. I gave the OMIC the aircraft's flight strip and asked him if he could call the OMIC at ZNY to see if we can coordinate the aircraft at FL410 because of his fuel situation. The OMIC acknowledged me and said he would get back to me in a little bit. I went back down to the area to see if situation with ZNY had changed at all or if any compromise was found. Unfortunately; the ZNY Controller was still demanding the aircraft to be level at FL330 at the boundary. I waited approximately 5 minutes and then returned to the OMIC desk to see if there was any headway made. Upon arriving at the OMIC desk; I asked the manager where we were at with ZNY. He responded that ZNY 'took note' of the situation and said nothing else. I reiterated to the OMIC the urgency of the situation because of the phrases that the pilot was stating on the frequency. I stated that there was still time to get something done because the aircraft was still at FL410 in ZOB's airspace. The OMIC maintained a look of confusion stating that he thought the aircraft was already handed off to ZNY and in ZNY's airspace. I urged the OMIC to make another attempt at communicating with ZNY and try to convince them of the seriousness of the safety situation. The OMIC called the ZNY OMIC again but was unsuccessful at getting the aircraft anything higher. As the phone conversation was taking place; I observed the aircraft via the 'see all' function from the OMIC RADAR display and watched the aircraft descend to FL330. Recommendation; a new safety culture is attempting to rise above previous and outdated methods. However; it is still hindered because of lack of participation; awareness and plain old stubbornness. We are still showing that the system is reactive instead of being proactive. What should have been done differently? What could we do to prevent this from happening the next time? Well before I give the obvious answer of having the ZNY Controller accept the hand off on an aircraft at FL410 because of his fuel situation I have to recognize the ZNY Sector at the time of the incident. Shortly after the incident I asked the OMIC for a snap shot of the sector and asked for a paper print out of it. I have the printout; but do not have the resources of attaching it to this report. The Controller at ZNY (Sector 34) had three aircraft in his sector according to the FALCON snap shot and they were all at FL230 or below. So why couldn't the ZNY Controller accommodate the pilot's request? Was it the next sector (ZBW) on the aircraft's route of flight not willing to take the aircraft at a higher than normal altitude? The ZNY Controller's airspace extended 100+ miles to the east of ZOB but he still refused to accept the aircraft at anything but FL330. There was no traffic at FL340 or above; there was no traffic conflicting with the FA20 at all. So why was the altitude necessary? It has been my experience from working with this particular ZNY area that certain controllers are set in their ways; period. The book says this; the LOA says that; I've never taken an aircraft that high before; he can't go direct to that fix; etc. Sometimes the above statements are warranted due to traffic volume; complexity and other situations affecting the sector. However this does not appear to be the case; the aircraft stated that he had a fuel 'situation'; he stated again that the restriction was going to make him 'tight' on fuel. While it is true that the pilot did not declare minimum or emergency fuel on the frequency; does he really have to state these words to receive priority assistance from the air traffic system? Recommendations- Interview the ZNY Controller and find out why he thought it was good judgment to force the pilot in more hazardous situation with his fuel. Why was it necessary to have the pilot actually declare minimum or emergency fuel instead of providing assistance to the pilot? Personally; a pilot mentions anything about their fuel and I will immediately notify the supervisor and try to get the aircraft any type of direct that will help them out. I'm not going to wait and see what happens and then react; that's not being safe. Being safe is doing something before the situation gets out of hand; being safe is not forcing the pilot into an unsafe situation just because the book states they have to say some key words.",,,,"ZOB Controller described a fuel 'situation' event claiming a ZNY Controller refused to provide an amended altitude crossing clearance because the aircraft in question did not use published low fuel phraseology.",
929266,201101,1801-2400,RSW.Airport,FL,,,,,,Marginal,Cloudy; Fog; 7,,Night,CLR,,Center ZMA,Air Carrier,Medium Large Transport; Low Wing; 2 Turbojet Eng,,2,Part 121,IFR,Passenger,GPS,Initial Approach,STAR TYNEE ONE,Class E ZMA,,,,,,,,,,,,,,,,,,,,,,,,,,,,,,,,,,,,,,,,,,,,,,,,,,,,,,,,,,,,,,,Aircraft X,Flight Deck,Air Carrier,Captain,Flight Crew Air Transport Pilot (ATP),,,Other / Unknown,,,929266,Aircraft X,Flight Deck,Air Carrier,First Officer,,,,,,,929279,ATC Issue All Types; Inflight Event / Encounter Weather / Turbulence; Inflight Event / Encounter Fuel Issue,,,Person Flight Crew,,General Declared Emergency,Weather; Procedure; Human Factors; Aircraft,Weather,"Flight description: Preflight telephone coordination and briefing with Dispatch was standard with departure; enroute and arrival considerations discussed. Dispatch shared that RSW had experienced changing visibility conditions for the midnight arrivals on previous nights but based on forecast and current conditions the lower visibilities and ceilings were forecasted for later in the period. Flight was released with no alternate and arrival fuel of 8.2 which upon review appeared more than adequate. Enroute conditions required cruise at FL310 vs. flight planned FL330 because of moderate chop and slight deviation for weather north of Tampa but arrived in the terminal area with approximately 9.0 fuel. Inbound we obtained arrival ATIS and contacted RSW airport operations IAW RSW page 20-7W Tower Closed Special Procedures. RSW was reporting clear and 7 miles visibility and winds favored a Runway 24 operation. Winds were out of the west at 5 KTS. This is where things start to get interesting. Entering the RSW terminal area Miami Center was handling numerous aircraft consisting of airline and general aviation aircraft inbound to RSW. We were on vectors to Runway 24 and set up for the night visual approach using RNAV (GPS) Runway 24 approach for course and vertical guidance. The Controller was very busy and at times testy with various requests from us and other aircraft. We originally requested the ILS Runway 6 approach but because of the volume of traffic funneled in from central Florida and winds; the flow worked for Runway 24 and the Controller was already in a Runway 24 operation. Because Miami Center loses RADAR coverage below 3;000 FT the Controller must wait for that aircraft to report on the ground before clearing another aircraft to commence their approach. What ensued is the Controller setting up an arrival holding stack of 3-4 aircraft. Aircraft on the approaches both RNAV and VOR were landing. In the holding pattern we could see the lights of the airport through the thin cloud layer that was starting to form. Numerous radio contacts with RSW airport operations ensured the ceiling and visibility conditions on the airport were good; visibility was reported better than 5 miles. I was concerned with the lowering weather conditions and advised the controller that clouds were forming east of the airport and he offered us vectors to the ILS Runway 6. Since previous aircraft were getting in and weather reports on the field remained good and further vectoring would take more time and fuel we elected to fly the RNAV (GPS) Runway 24. Prior to the approach I advised the Controller in the event of a missed approach we would be minimum fuel and would plan to fly the ILS 6 approach. Approach was started with approximate 6.2 on the fuel. Approach was flawless and at MDA we had no visual references with the runway and executed the missed approach. I immediately declared emergency fuel and requested vectors to Runway 6. Vectors to Runway 6 were excellent as the Controller did his best to keep us in close. On the final I noticed fuel was 4.2. ILS approach was routine and broke out at about 500 FT with visibility 5 plus miles. Touchdown fuel was 3.9; fuel at the gate was 3.7. Lessons learned; weather can change fast and forecast can be blown. Going from VFR conditions to IFR conditions can set you up in a box with no alternate plans. We are not the only airplane in the sky. ATC can be overloaded; rude and have diminished RADAR capabilities. Tower out operations and limited RADAR does not allow for a smooth flow of in-trail sequencing into the airport. Holding delays will always be longer than you expect. Pick the lowest ceiling and approach you can. RNAV 24 MDA was 600 FT; VOR 24 MDA was 400 FT; could have made a big difference. Runway lighting in reduced visibility makes a huge difference. Runway 24 had HIRL; CL lights; REIL and PAPI; no approach lights. When given the opportunity for an ILS with approach lights and lower minimums; take it. Always consider an alternate for night single runway operation. Always have a plan and a back up to that plan and continue to fly conservatively.",,,,"Air Carrier inbound to RSW declared fuel emergency during a vector for a second approach after an initial approach attempt that resulted in a missed approach.",
929571,201101,0001-0600,ZAB.ARTCC,NM,,,,38000,,,,,,,,Center ZAB,Air Carrier,B737 Undifferentiated or Other Model,,2,Part 121,IFR,,,Cruise,,Class A ZAB,,,,,,,,,,,,,,,,,,,,,,,,,,,,Center ZAB,Air Carrier,,,2,Part 121,IFR,,,Cruise,,Class A ZAB,,,,,,,,,,,,,,,,,,,,,,,,Facility ZAB.ARTCC,,Government,Enroute,Air Traffic Control Fully Certified,,,Other / Unknown; Communication Breakdown,Party1 ATC; Party2 Flight Crew,,929571,,,,,,,,,,,,ATC Issue All Types; Deviation - Speed All Types; Deviation / Discrepancy - Procedural Published Material / Policy; Deviation / Discrepancy - Procedural Clearance; Inflight Event / Encounter Fuel Issue,,,Person Air Traffic Control,,Air Traffic Control Issued New Clearance,Procedure; Human Factors,Human Factors,"I was working Sector 70 and got a hand off on a B737 who had been given a reroute by the previous sector. The B737 checked in and complained about the reroute and so I checked on the reasoning and gave the B737 an explanation. The B737 made no statement of 'minimum fuel' or 'emergency fuel' whatsoever. I had been watching the B737 and another Air Carrier from 8 minutes and determined that they were fine; at 8 minutes I showed 7.2 miles. At 4 minutes I showed 6.5 miles with the B737 slowed some. I assumed it was our normal target jump/speed flux areas. At 2 minutes I showed 6.1 miles with the B737 slowing more approximately 30 KTS; but it was still good. At approximately 100 seconds out; the B737 called and said 'we have slowed to .76 for fuel.' I told him I needed him to maintain normal speed; because another Air Carrier was going 6 miles behind him in 2 minutes. The B737 said 'unable' so I immediately descended the B737 to FL360. The B737 said unable to the descent to FL360 due to fuel. Out of time; I turned the other Air Carrier 20 right to assure separation with the slowed B737. I also was able to get the B737 to speed back up to his 'normal' speed of .79 mach for a short amount of time after this and re-assigned FL380. I later gave the B737 the local phone and he called our supervisor. The issue is the B737 slowed considerably with out approval. Recommendation; the 7110.65 doesn't say pilots can change their speed with out telling us; nor do the FARs; or the pilot/controller glossary. According the supervisor who took the call from the B737; the pilot thought he could change speeds. The only thing I have found is in the AIM; 4-4-12 says on and adjusted speed; pilots are expected to maintain a speed within 10 KTS or .02 mach. I believe this range is clearly for pilot skill level; and aircraft performance. This in no way allows pilots to fly speed within 10 KTS or .02 mach at their discretion that would be ridiculous.",,,,"ZAB Controller described a near loss of separation event between two enroute aircraft at FL380 when one aircraft elected to reduce speed for fuel concerns failing to notify ATC.",
934498,201102,1801-2400,ZZZ.Airport,US,,,0,,,,,,Night,,,Tower ZZZ,Air Carrier,DC-10 Undifferentiated or Other Model,,2,Part 121,IFR,,,Final Approach,Visual Approach,Class B ZZZ,,,,,,,,,,,,,,,,,,,,,,,,,,,,Tower ZZZ,,Mooney Aircraft Undifferentiated or Other Model,,1,Part 91,,,,Taxi,,,,,,,,,,,,,,,,,,,,,,,,,,Facility ZZZ.Tower,,Government,Local,Air Traffic Control Fully Certified,,,Situational Awareness,,,934498,Facility ZZZ.Tower,,Government,Supervisor / CIC,Air Traffic Control Fully Certified,,,,,,934502,ATC Issue All Types; Conflict Ground Conflict; Less Severe; Deviation / Discrepancy - Procedural Published Material / Policy,,,Person Flight Crew,Taxi,Air Traffic Control Issued New Clearance; Flight Crew Executed Go Around / Missed Approach,Airport; Human Factors,Human Factors,"I had a Mooney aircraft that was put in front of a heavy DC10 by Final. I saw that the DC10 was catching up to the Mooney; so I told the Mooney after landing to turn left on Taxiway Y; because it looked really tight for him to continue a few feet more to join Alpha 2 on the right side where they normally get off. He was going slow enough to make Y; but did not do it for whatever reason. It was almost as if he wasn't paying me any attention. So then I told him to hurry up and turn right onto Alpha 2 and I told him about the traffic on short final so that he could see the urgency. He took his time; but from what I could see out the window it appeared that the Mooney was off the runway. Next thing I know the DC10 said he was going around; so I sent him around and put him back on Approach Control. Next time I will send the heavy DC10 around sooner; or offer him a different runway to land on.",,"I was working CIC while the FLM stepped out of the Tower for a meal break for approximately 10 minutes when the event occurred. I had just received a release time for an aircraft taxiing for departure; then the telephone rang (outside line) and it was another FLM (off-duty) that was calling for the FLM that was on duty. I was paging the on-duty FLM for the phone call when LCW said they had a go-around. I turned and saw H/DC10 airborne approaching [taxiway] J; going around; and didn't see anything on the runway. The ASDE-X did not alarm. The sun was very low in the west sky and both sets of shades were pulled down so visibility looking towards that direction was hampered. I did see a Baron holding short at E on the east side of [the runway]; but could not see the Mooney. I asked LCW what happened. Local said that she told the Mooney to exit [the runway] at Y; a left turn off [the runway]; (for information purposes; the general aviation ramp; and the turn he would want is to the right); he missed Y (the left turn) and went down to A2 which is the next right turn exit toward the general aviation ramp and is approximately 6000 FT from the approach end. I asked her if he was clear of the runway when H/DC10 crossed the threshold and she said yes. Again; the ASDE-X did not alarm. When the FLM answered the page; I told him to come up as I wasn't sure exactly what had happened and this was prior to asking the Controller about the incident. After the FLM came up; I told him what I thought had happened and I didn't think that there was an error. The FLM again left the Tower to finish his meal. The DC10 declared minimum fuel with the TRACON and then landed without incident. I had GC advise the pilot of the DC10 to call the Tower; which he did. I asked him why he went around; and he said that the previous aircraft still had his tail over the runway and they thought it was safer to go-around. He said that he felt that the Mooney pilot was not helping the situation by taking his time getting off the runway. I was not monitoring the LCW position at the time of the incident.",,"Tower Controller reported that when a Mooney did not exit the runway as instructed; but went to the next taxiway; the DC10 that was on approach went around. Reporter believed the Mooney was clear of the Runway and the ASDE-X did not alarm.",
934868,201102,1201-1800,ORD.Airport,IL,,,,4000,,,,,,,,TRACON ZZZ,Air Carrier,B737 Undifferentiated or Other Model,,2,Part 121,IFR,Passenger,,,,,,,,,,,,,,,,,,,,,,,,,,,,,,,,,,,,,,,,,,,,,,,,,,,,,,,,,,,,,,,,,,,Aircraft X,Flight Deck,Air Carrier,Captain,Flight Crew Air Transport Pilot (ATP),,,Time Pressure; Training / Qualification; Communication Breakdown; Situational Awareness,Party1 Flight Crew; Party2 ATC,,934868,,,,,,,,,,,,ATC Issue All Types; Inflight Event / Encounter Fuel Issue; Inflight Event / Encounter Weather / Turbulence,,N,Person Flight Crew,In-flight,Flight Crew Diverted; General Declared Emergency,Procedure; Aircraft; Human Factors; Weather,Procedure,"We arrived in the ZZZ area with some holding fuel and weather/runway conditions adequate for landing; then received extensive vectoring for XXR. Runway conditions deteriorated making landing attempt that runway unavailable; declared minimum fuel and requested Runway XXR; which was active and above minimums based on reported weather with braking action good. We restated minimum fuel but still received lengthy vectors for XXR. While on final XXR two preceding aircraft executed missed approaches due to weather although ATIS was still reporting well above minimums. We finally declared an emergency and requested immediate divert to to our planned alternate which had VMC weather and no precipitation. Planned on arriving there with 4000 lbs but due to greater than planned burn during second approach and enroute to the alternate we landed with about 3000. At no time while maneuvering for the two approaches at ZZZ did ATIS or ATC provide any information that weather had deteriorated. Declaring minimum fuel seemed to have no effect on our sequencing; even after declaring an emergency for fuel we had to request more direct routings to alternate. Accurate weather info during rapidly changing conditions would have resulted in a much earlier divert and improved safety margin.",,,,"An air carrier Flight Crew declared an emergency and diverted to their alternate with barely adequate fuel following their failure to obtain expedited handling at their destination airport despite having declared 'minimum fuel'.",
943382,201104,0001-0600,ZZZ.TRACON,US,,,,3000,,,,,,,,TRACON ZZZ,,PA-28 Cherokee/Archer/Dakota/Pillan/Warrior,,1,,IFR,,,Initial Climb,,Class E ZZZ,,,,,,,,,,,,,,,,,,,,,,,,,,,,TRACON ZZZ,Military,Talon (T38),,1,Part 91,,Training,,Descent,,Class E ZZZ,,,,,,,,,,,,,,,,,,,,,,,,Facility ZZZ.TRACON,,Government,Supervisor / CIC,,,,Situational Awareness; Communication Breakdown; Confusion,Party1 ATC; Party2 ATC; Party2 Flight Crew,,943382,Aircraft X,Flight Deck,Personal,Passenger,,,,,,,943906,ATC Issue All Types; Deviation / Discrepancy - Procedural Published Material / Policy,,,Person Air Traffic Control,,General None Reported / Taken,Airport; Airspace Structure; Human Factors; Procedure,Human Factors,"A PA28 was issued a clearance to depart by Flight Data after departure instructions were coordinated with the sector. I was watching this develop as I could tell the sector would get busy with aircraft recovering to the Air Force Base and because there was training on the position. I walked over to see the 'release window' for the aircraft. Because of the proximity/location of the smaller airport; i.e.; directly under the approach corridor for the Air Force Base; timing was of the essence to ensure the aircraft was able to launch. I noted the void time and a narrow time frame in which the aircraft could depart; i.e.; about three minutes. This seemed acceptable. As time ticked on; the recoveries began to return from the MOA's. In one case the trainee turned a T38 for a base leg which made me uncomfortable because it was in the general direction of the smaller airport. The instructor stepped in and corrected the mistake by turning the T38 back for a downwind. In the meantime; two other T6s had been extended on downwind due to the impending departure. One T6 declared minimum fuel once while on the extended downwind. Several vectors were given to the two T6 aircraft; the T38 and another T38 to keep aircraft clear of the smaller airport. A T6 aircraft declared minimum fuel two more times as he was vectored to base and final. I was noticing the time and at this point understood the clearance for the PA28 was void. A T38 declared minimum fuel. The instructor called to me without looking at me and said; 'Hey; do I bring these guys in; or what?' I stalled for approximately another minute and then I told him to bring the arrivals into the Air Force Base as I expected we would not be seeing the departure. Nonetheless; I turned to the computer to research the UNICOM frequency for the smaller airport as I was going to have a less-busy sector attempt to have another aircraft relay to find the whereabouts and intentions of the PA28. As I did this; the instructor on Approach 1 said the aircraft was off the ground. I redirected my attention to the sector as the instructor scrambled to keep everyone safe. As he vectored a T38 yet one more time; the T38 said he was requesting immediate vectors to base. The instructor quickly explained to the T38 that the traffic would no longer be a factor and the pilot said something to the effect of; 'Well this is the last turn we can take.' I scrambled to coordinate with Approach 2 as the PA28 was turned westbound then directed the Approach 1 Controllers to transfer his communications to Approach 2. At this point everyone was pulling away from each other or appropriately on their final approach course. It should be advertised or caution for pilots in the Airport Flight Directory that this airport may be significantly affected upon departure and arrival because of the proximity of this airport to the Air Force Base; i.e.; directly under the approach path. In addition; direct communication with aircraft on the ground at these airports would facilitate immediate concern and minimize the possibility of this occurring again.",,,,"A TRACON front line manager described a confused release and potential conflict between an IFR release from an airport under the final approach course for a military base. The event included missed communications and emergency fuel concerns.",
944748,201104,1201-1800,ZSE.ARTCC,WA,,,,,,,,,,,,Center ZSE,Military,Fighting Falcon F16,,1,Part 91,IFR,,,,,,,,,,,,,,,,,,,,,,,,,,,,,,,,,,,,,,,,,,,,,,,,,,,,,,,,,,,,,,,,,,,,Facility ZSE.ARTCC,,Government,Enroute,Air Traffic Control Fully Certified,,,Other / Unknown; Workload,,,944748,,,,,,,,,,,,ATC Issue All Types,,,Person Air Traffic Control,In-flight,General None Reported / Taken,Airspace Structure; Human Factors; Procedure,Procedure,"I was working Sector 04/34 and assigned a D-Side because it was known that the military airspace was about to go active with 14 fighters. The military airspace abuts about 7 different sectors (04/06/02/36/42/03/15). I worked the PDX fighters into the airspace. Sector 2 tried to hand the TCM fighters off to me to clear into the airspace but I would not take them; they would never touch my airspace before entering the military airspace.  The fighters would eventually leave the airspace and go back directly into Sector 02's airspace; I thought initially; they should keep the Data Blocks and clear them out of the airspace. After an argument between areas; controllers and supervisors; we found a procedure that stated 02 should work them in and 04 should work them out; and that was how it was worked. I believe this procedure created an incredibly unsafe situation. I cannot begin to tell you how unsafe I felt of the situation; the enormous workload factor; complexity factor and disservice to the flying user. All of this because we have a procedure that puts all the workload on one sector instead of each sector doing there own job! There were four people watching the sector; myself; the R-Side; the D-Side; an ERAM SME and the supervisor. When it was time to exit the airspace; I had 14 fighters in 8 groups calling to return to PDX and/or TCM within about 7 minutes; while still working aircraft that needed to be delayed to PDX. One of the fighters didn't even have a flight plan on file to go back to TCM. The rest of the aircraft needed to be RADAR identified and cleared/rerouted to PDX and/or TCM.  Some aircraft required delay vectors to meet meter times.  The last two groups declared minimum fuel; adding to the complexity. I have no idea if any of this was coordinated as I was to busy to find out. I just know that the D-Side was constantly on the line with both the TMU and PDX. During this period I still had Sector 34 to watch over with up to 5 aircraft on the BONVL arrival to PDX requiring delays and meter times to meet. A couple of the delays times needed vectors and a 360 to achieve.  I noticed all four of us had become tunnel visioned when the Air Carrier aircraft that departed PDX had leveled at FL230 and still had no hand off to high altitude. Recommend [we] change the supplement allowing each sector to work their airplanes into their airspace and have each sector notify the mission desk as to who they have cleared out.",,,,"ZSE Controller described a complex and very high workload environment when current procedures required the recovery of 14 military aircraft from a military airspace mission along with normal traffic; the reporter claiming the subject procedure unsafe and a disservice to the user aircraft.",
950083,201105,1201-1800,ZZZ.Airport,US,,,,5000,,,,,Daylight,,,TRACON ZZZ,Air Carrier,A319,,2,Part 121,IFR,Passenger,,Initial Approach,,Class B ZZZ,,,,,,,,,,,,,,,,,,,,,,,,,,,,,,,,,,,,,,,,,,,,,,,,,,,,,,,,,,,,,,,Aircraft X,Flight Deck,Air Carrier,Captain; Pilot Flying,Flight Crew Air Transport Pilot (ATP),,,Other / Unknown,,,950083,,,,,,,,,,,,ATC Issue All Types; Inflight Event / Encounter Fuel Issue,,,Person Flight Crew,In-flight,Air Traffic Control Issued New Clearance; General Declared Emergency,Procedure,Procedure,"[We] deviated to our alternate after breaking off two approaches at our planned destination due to hazardous weather on the field. Enroute to our alternate we declared minimum fuel with all ATC facilities. I expected to receive priority handling from approach. I requested a visual to the runway. Instead ATC gave me a heading away from the field. I reminded him that we were minimum fuel and that we needed to go directly to the field. ATC told me that I could only get priority handling if I declared emergency fuel. I then declared [emergency] fuel and we were given clearance to the marker for the runway [where] we landed with our reserve fuel exactly. ATC failed to recognize the significance of our minimum fuel declaration. I feel that they were trying to intimidate me into taking delaying vectors. ATC should try to do everything that they can in order to prevent crews from having to declare an emergency in order to land with adequate reserve fuel.",,,,"Air Carrier on a diversion from another airport declared minimum fuel but was not afforded any priority by ATC; the reporter subsequently declared emergency fuel but questioned ATC's action/s regarding the fuel issue.",
951354,201105,1201-1800,ZZZ.ARTCC,US,,,,,,,Thunderstorm; Turbulence,,Daylight,,,Center ZZZ; TRACON ZZZ,Air Carrier,B747-400,,4,Part 121,IFR,Passenger,FMS Or FMC,Cruise; Descent,Oceanic,Class A ZZZ; Class B ZZZ,,,,,,,,,,,,,,,,,,,,,,,,,,,,,,,,,,,,,,,,,,,,,,,,,,,,,,,,,,,,,,,Aircraft X,Flight Deck,Air Carrier,Pilot Flying; Captain,Flight Crew Air Transport Pilot (ATP),Flight Crew Last 90 Days 100; Flight Crew Total 15000; Flight Crew Type 1000,,Communication Breakdown; Workload; Situational Awareness; Physiological - Other,Party1 Flight Crew; Party2 ATC; Party2 Dispatch,,951354,,,,,,,,,,,,ATC Issue All Types; Deviation / Discrepancy - Procedural Other / Unknown; Inflight Event / Encounter Fuel Issue,,,Person Flight Crew,In-flight,General None Reported / Taken,Company Policy; Procedure,Company Policy,"1. Flight plan offered direct. No destination airport arrival and path in outbound flow that never works. Questioned Dispatcher; he knew nothing of the 6.9 burn on the arrival descent being deficient per many of my experiences and north to south routing normally being declined by the TRACON. One is normally sent to north for arrival out of departure path northbound. 2. Told Dispatcher it looked like 18-21K fuel at destination possibly; not computer flight plan lies of 26K. Incorrect arrival fuel and turbulence deviations in foreign airspace will eat gas. Accepted dispatch computer flight plan and payload with reservations of likely divert due to arrival TRACON ATC ignoring all precautions on dispatch trying to put the computer flight plan Jeanie back into the bottle again. Declared we will accept zero turns; reroutes or delays; we likely will declare minimum fuel and will have no time for round-table hand holding meeting on this matter as it will happen in the destination inbound segment in the high pilot workload. Dispatcher does a nice dispatch job; but is given poor tools to work with and obviously no data on past descent operations. 3. Hours of turbulence in foreign airspace yield additional fuel burn from deviations and wing reactions with higher thrust levels required to address turbulence loading; all ignored in flight planning from dispatch. ATC denied computer flight plan altitudes; notified Dispatch of denials; additional burn and turbulence; typical operations in foreign airspace when we do not go oceanic.  4. Dispatcher did massive workload job of advising enroute domestic ATC centers of fuel issues; all ignored. After he had to redo it again; all ignored by TRACON ATC; as always; tactical Consumer Advocate; Shift Managers; Sector Controllers et all;  all ignored my Dispatcher as the ATC always does in this matter while exposing pilot and Dispatcher licenses to enforcement action and inflight stress of fuel going away far above flight plan. 5. Well below computer flight plan FOB at one re-dispatch point about 5K; accepted lower fuel at 95.0 re dispatch fuel vs. computer flight plan 99+ and discussed with crew landing 18-21K fuel after weather review. 6. Overhead the arrival start point we were given turn to the north; refused; declare minimum fuel; altitude far below computer flight plan; approach sent us to Runway 28 on a vector at about  11;000 FT. 7. Fun with arrival TRACON ATC begins; burn near 7K from start of the arrival to destination vs. computer flight plan about 6.9 from north of much further out on the flight plan. Simply following the ATC instructions that should be built into the computer flight plan. 8. After 32 years of keeping track of descent fuel use to monitor ATC there is absolutely no improvement in FAA and ATC performance. Computer flight plan is ignoring this and imposing stress on the crew and Dispatcher who are the certificate holders for safety and subject to violations.  People in the company pay for this fuel and ATC does zero; even on a Saturday with reduced traffic we get bad information at our destination after being told 'all is well.' 9. Massive dispatch manpower wasted; company fuel wasted; my stress increased; reduced sleep as I need to be on flight deck early; 3 hours sleep for the night. 10. Next time the divert starts early in a center further out; not waiting until the destination TRACON and ATC Center lies put the stress back on me after a 14 + hour trip and 3 hours sleep overnight trying to haul the goods home and fulfill FAA assigned duties. 11. Computer flight plan solves nothing in about 20 areas of past multi-decade safety problems identified in previous report; notes to management and discussion with FAA and Pacific region officials; a real garbage product presented to the crew and dispatcher. 12. All issues discussed with an FAA representative and company Manager. 13. Landed 17.0 fuel; flight plan said 26;015; just following ATC instructions; typical. Related all issues to my Dispatch for distribution to the previous Dispatcher; both good dispatchers working with trash computer flight plan products like me.",,,,"A Captain reported that his company continues to employ a new computer flight planning software package which does not accurately predict trip fuel burns or the need for inflight turbulence deviations and causes excess stress on pilots and dispatchers responsible for each flight's safely.",
951980,201106,1201-1800,ZNY.ARTCC,NY,,,,17000,,,,,,,,,Air Carrier,B757-200,,2,Part 121,IFR,Passenger,,Taxi,,,,,,,,,,,,,,,,,,,,,,,,,,,,,,,,,,,,,,,,,,,,,,,,,,,,,,,,,,,,,,,,,Aircraft X,Flight Deck,Air Carrier,Captain; Pilot Flying,Flight Crew Air Transport Pilot (ATP),Flight Crew Last 90 Days 210; Flight Crew Total 21000; Flight Crew Type 3000,,,,,951980,,,,,,,,,,,,ATC Issue All Types; Inflight Event / Encounter Fuel Issue; Inflight Event / Encounter Weather / Turbulence,,,Person Flight Crew,In-flight,General None Reported / Taken,Weather; Procedure,Ambiguous,"Immediately after being released by the push man ATC told us to hold our position. I noticed a long line of aircraft waiting to depart so I had the First Officer shut down the right engine. After waiting for 10 minutes we were finally told to call clearance for a reroute. We did and then waited another ten minutes to taxi. While enroute to our runway we were told to call clearance to get yet another reroute. We did and got our position in the long line for takeoff. We put the new flight plan in the FMC with just a few winds and it told us that we would land with about 10K of fuel. This made sense as our original flight had us landing with 10.9. The reroute was due to a ground stop over RBV due to thunderstorms. We then told Dispatch of our new route and told them to give us a new fuel burn and a new flight plan with current winds. After a long time they finally got back to us showing landing with 6.1 in LAX. We were confused about the big hit but were satisfied that landing with over an hour of fuel in LA with the current forecast was a safe decision. Also we thought once we got in the air the FMC would adjust to a figure somewhere in between the 6.1 and the FMC 10.0. We decided to accept this route with this fuel if takeoff was imminent. It was and we were airborne 5 minutes later. Sure enough when we were on our route the FMC adjusted to having us land with 6.5 in LA. On climbout however ATC kept us level at 17;000 FT for almost twenty minutes. I asked for higher but was ignored. I did not want to use any of our reserves for excessive delays in case we needed to deviate for weather or for wind busts. They finally gave us a slow climb to 24;000 FT where they kept us for another twenty minutes. Also; they gave us 3 severe vectors. Sure enough later we had a wind bust of 25 KTS at one altitude and about 40 KTS for another sector later on. We deviated one time for weather. We ended up landing with about 50 minutes of fuel which was not the plan and was caused by excessive delays by ATC.My point is that I should have been able to say 'minimum fuel' no matter where it is in the phase of flight. Yes we always had the option of landing short in LAS or someplace and we kept that option open after ATC used up all our reserves but that is always a last resort for obvious reasons. Please change the procedure to allow us to say 'unable' for excessive ATC problems. Minimal Fuel should have another vehicle for safe planning so we can refuse ATC spending our reserve fuel that we need for contingencies.",,,,"B757 Captain describes a transcontinental flight that is delayed on the airport due to enroute weather then rerouted. Enroute altitude restrictions and severe vectors result in landing with less than 5;000 LBS of fuel. Reporter believes that declaring minimum fuel early in a flight should be an option for flight crews.",
962190,201107,1801-2400,ZJX.ARTCC,FL,,,,34000,,,,,,,,Center ZJX,Air Carrier,MD-80 Series (DC-9-80) Undifferentiated or Other Model,,2,Part 121,IFR,Passenger,,Descent,Vectors,Class A ZJX,,,,,,,,,,,,,,,,,,,,,,,,,,,,,,,,,,,,,,,,,,,,,,,,,,,,,,,,,,,,,,,,,Government,Enroute,Air Traffic Control Fully Certified,,,Other / Unknown,,,962190,,,,,,,,,,,,ATC Issue All Types; Deviation / Discrepancy - Procedural Published Material / Policy,,,Person Air Traffic Control,,General None Reported / Taken,Weather; Human Factors; Company Policy; Procedure,Human Factors,"The BUGGZ arrival had been shut down in the GULF area due to developing thunderstorms. We received a PVD on ACR X from the R50 Sector telling us that they did not want to take a turn to the East at that time due to being low on fuel. ACR X came over to our frequency and stated that they wanted to deviate south of course to cut the corner on the arrival to MCO and we advised that we would be unable to do that due to the traffic departing off MCO. We asked the pilot about their fuel situation and said if they weren't emergency fuel and they stated to 'show us on the record as minimum fuel'. My trainee acknowledged and we passed that information onto the supervisor. A few minutes later when asked to turn out to the east to allow further descent and and avoiding traffic departing and deviating off MCO; the pilot said something along the lines of 'we have no choice' when asked about his ability to make the turn. I then over-keyed the student and told the pilot that he had only declared minimum fuel with us and that if he declared an emergency; we could handle the situation differently. The pilot only stated that it was 'going to be close' but did not declare an emergency on our frequency. We switched the aircraft to the next sector; and within 5 minutes of being there; the aircraft declared a fuel emergency. Recommendation; the pilot should have declared the emergency sooner if the fuel situation was that tight because he was told all along that he was not going to be able to be routed short on the arrival due to the current traffic flow. If the emergency had been declared earlier; the departures off of MCO could have been stopped sooner and the aircraft could have been routed directly in earlier.",,,,"ZJX Controller expressed frustration with a MCO Air Carrier arrival experiencing fuel problems but was reluctant to declare emergency fuel; a declaration that would have simplified ATC handling.",
975097,201110,0001-0600,ZZZ.ARTCC,US,,,,15000,,,,,,,,Center ZZZ,Military,Hornet (F-18),,1,,IFR,,,Descent,,Class E ZZZ,,,,,,,,,,,,,,,,,,,,,,,,,,,,,,,,,,,,,,,,,,,,,,,,,,,,,,,,,,,,,,,Facility ZZZ.ARTCC,,Government,Enroute,Air Traffic Control Fully Certified,,,,,,975097,,,,,,,,,,,,ATC Issue All Types; Airspace Violation All Types; Inflight Event / Encounter Fuel Issue; Inflight Event / Encounter Weather / Turbulence,,,Person Air Traffic Control,,General Declared Emergency,Aircraft; Airspace Structure; Human Factors; Procedure,Aircraft,"Area airports weather was poor which caused me to have to hold numerous aircraft. An F18 came over to me because he could not land at his home base because of weather; when I got him he was minimum fuel. In the midst of bringing in the holding aircraft for area airports and sequencing arrivals; the F18 declared emergency fuel said he was proceeding direct to a near by military airport. This route would put him within 3 miles of a restricted area. After I received the fuel on board remaining and souls on board; I issued the aircraft a discretionary descent which put him within a mile or so of the hot restricted area. I don't have any recommendations. I know the error I made; but at the time the risk of the aircraft crashing because I was trying to force a emergency aircraft to fly a vector away from the restricted area and go through the procedure of explaining to the aircraft that I could not allow him to fly direct the airport because it would put him within 3 miles of the restricted area was less than the risk of an aircraft operating in the restricted area spilling out and conflicting with the emergency aircraft.",,,,"Enroute Controller permitted a military aircraft with emergency fuel to fly within 3 miles of a restricted area approving a direct routing to the landing airport.",
977493,201110,0001-0600,N90.TRACON,NY,,,,5000,,,Windshear; Fog; Icing; Rain,,Daylight,,,TRACON N90,Air Carrier,Widebody; Low Wing; 2 Turbojet Eng,,2,Part 121,IFR,Passenger,,Initial Approach,Vectors,Class B JFK,,,,,,,,,,,,,,,,,,,,,,,,,,,,,,,,,,,,,,,,,,,,,,,,,,,,,,,,,,,,,,,Aircraft X,Flight Deck,Air Carrier,Pilot Not Flying; First Officer,,,,Workload; Time Pressure; Situational Awareness; Communication Breakdown,Party1 Flight Crew; Party2 ATC,,977493,,,,,,,,,,,,ATC Issue All Types; Inflight Event / Encounter Fuel Issue; Inflight Event / Encounter Weather / Turbulence,,,Person Flight Crew,In-flight,Air Traffic Control Issued New Clearance; Flight Crew Requested ATC Assistance / Clarification; Flight Crew Diverted; General Declared Emergency,Airport; Environment - Non Weather Related; Procedure; Weather,Ambiguous,"I was the First Officer (pilot not flying) on a flight to JFK. As we approached JFK we were told to expect holding at CAMRN. The ATIS showed that JFK was landing ILS 13 L/R with winds about 030 gusting up to 26 KTS. Apparently the LOC for 4L was out of service and the RVR for 4R was inoperative. The Captain [pilot flying] and I noted that for landing on 13L/R would be a left quartering tailwind and crosswind component right near 29 KTS which was maximum for our 767. We held at CAMRN at altitudes between 12;000 and 9;000 [moderate turbulence] with an EFC which was 45 minutes after our entry. We had two alternates; one north and the other south. Because the storm system was moving northeast we decided that the southern alternate would be our best place to go if we diverted. We decided that we would leave holding to divert at 17;100 LBS to allow us to land at our alternate with 8;000 LBS. ATC turned airport around to land on ILS 31L/R and we were cleared to exit holding for vectors to ILS 31R and then changed to 31L. We were just outside FAF for 31L when an aircraft landing ahead of us announced braking was poor and he had trouble staying on runway. ATC told us to go around and I noted that we were at our divert fuel load of 17.1 so I requested to divert. ATC turned us left with an eventual climb to 5;000. We proceeded to be vectored just south of JFK at low altitude for a long time of course burning up precious fuel. We made multiple requests for higher altitude and a turn toward our filed alternate but the controllers told us they could not release us from their sector because they had to wait for an open route. The Captain declared 'minimum fuel' to ATC but this didn't get us what we needed either. As I continued to monitor the dwindling fuel I checked weather for airports closer than our southern alternate but every place had low ceilings/ice pellets/strong crosswinds on ATIS including PHL. We eventually received a clearance and routing that would take us northwest of the airport and then direct. When we plugged the new routing into the FMC it showed we would land on fumes. The Captain and I agreed we were fuel critical and he declared emergency fuel to ATC. We then were cleared direct to our alternate and given a climb to 17;000 but it took too long to get another climb to FL310. As we proceeded toward our alternate we decided that [another airport] was closer and the weather was acceptable to land almost straight-in. We landed uneventfully at [the divert airport] with just over 6;000 LBS of gas. I know that ATC had other aircraft to deal with but our divert was due to fuel and being vectored at low altitude without a turn toward our planned alternate even after stating 'minimum fuel' really put us in an unsafe bind. Timelier; more expeditious handling on a fuel divert in the future would prevent having to declare emergency fuel.",,,,"A heavy jet crew declared a fuel emergency and requested routing to the filed alternate after a go around at JFK; but a delayed clearance forced a landing at a divert airport closer than the alternate.",
979563,201111,0601-1200,ZZZ.ARTCC,US,,,,21000,,,Turbulence,,,CLR,,Center ZZZ,Air Carrier,A320,,2,Part 121,IFR,Passenger,,Cruise,,Class A ZZZ,,,,,,,,,,,,,,,,,,,,,,,,,,,,,,,,,,,,,,,,,,,,,,,,,,,,,,,,,,,,,,,Aircraft X,Flight Deck,Air Carrier,Captain; Pilot Flying,Flight Crew Air Transport Pilot (ATP),Flight Crew Last 90 Days 200; Flight Crew Total 17500; Flight Crew Type 2500,,,,,979563,,,,,,,,,,,,ATC Issue All Types; Inflight Event / Encounter Weather / Turbulence,,,Person Flight Crew,In-flight; Pre-flight,Air Traffic Control Issued New Clearance; Flight Crew Landed As Precaution; Flight Crew Took Evasive Action; Flight Crew Diverted,Airport; Weather,Ambiguous,"West coast to ZZZ at max gross weight; added 1;100 LBS of extra fuel for altitude flexibility for turbulence.  Forecast for moderate turbulence at all higher altitudes in southwest US.  First 1.5 hours of flight at FL230.  Turbulence became moderate at that altitude; descended to FL210 for a better ride.  Fairly smooth until approaching the Rocky Mountain area.  Severe clear air turbulence for 30-45 seconds; mountain wave also +/- 50 KTS.  VMO/MMO not exceeded.  All passengers and flight attendants were seated and briefed before event and seat belt sign was on.  No injuries reported by flight attendants.  Reported event to ATC and Dispatch.  Unable to climb higher than FL290 due to turbulence.  Weather at destination looked good and no delays expected.  Informed Dispatch of lower than planned fuel state.  At top of descent Center informed crew of holding.  Declared minimum fuel; holding still required by ATC.  Communicated with Dispatch; diverted for fuel.  Conferred with Dispatch and Maintenance about severe turbulence log item.  No 'load 15' report was in AIDS (Aircraft Integrated Data System).  No parameters exceeded.  Aircraft inspected for any visible damage; none noted.  Continued to original destination.",,,,"An A319 departed at maximum weight with 1;100 LBS of extra fuel for forecast turbulence avoidance.  Approaching destination holding instructions are issued and minimum fuel declared; but ATC can offer no relief.  Flight diverted for fuel before continuing.",
981973,201111,1201-1800,RDU.Airport,NC,,,,15000,,VMC,,,Daylight,,,TRACON RDU,Air Carrier,Large Transport; Low Wing; 2 Turbojet Eng,,2,Part 121,IFR,Passenger,,Initial Approach,Vectors,Class C RDU,,,,,,,,,,,,,,,,,,,,,,,,,,,,,,,,,,,,,,,,,,,,,,,,,,,,,,,,,,,,,,,Aircraft X,Flight Deck,Air Carrier,Captain,Flight Crew Air Transport Pilot (ATP),Flight Crew Last 90 Days 228; Flight Crew Type 16500,,Situational Awareness; Communication Breakdown,Party1 Flight Crew; Party2 ATC,,981973,,,,,,,,,,,,ATC Issue All Types; Inflight Event / Encounter Fuel Issue,,,Person Flight Crew,In-flight,Air Traffic Control Issued Advisory / Alert; Air Traffic Control Issued New Clearance; Flight Crew Requested ATC Assistance / Clarification,Procedure; Weather,Ambiguous,"ATIS winds were [from] 280 versus 340 at 11 gusting 19 KTS and Runway 5 was in use. I entered the worst case winds for Runway 5 (280/11G19) in the performance chart and saw that the winds for Runway 5 were beyond our maximum tailwind limit. On initial contact with RDU Approach; I told him we had ATIS and would require Runway 23 because of the surface winds. Approach Control said that the winds were 330 at 11 KTS and told us to expect Runway 5L. I asked if that was a new observation and asked him to confirm that the winds were no longer 280 versus 340. He said that the winds he reported were not yet the official observation; but they were cutting a new ATIS at that time; which would remove the variability in the wind direction. We continued on the arrival. A few minutes later; we pulled up information the new ATIS and the winds were still 280 versus 340 at 11 gusting 19 KTS. I informed the Controller that information the newest ATIS winds had not changed and we would require Runway 23. At this point; I was anticipating an arrival fuel of 5;000 LBS. The Controller vectored us to a base leg and said there would be another ATIS out in just a couple of minutes; but if we didn't have it by the time we were on a five mile final; he would break us off the approach. We were vectored onto final and still had no new weather observation with acceptable winds. About ten miles out; the Controller asked if we could accept the approach; and we said we could not unless we could get some assurance that the winds were no longer variable between 280 and 340. The Controller again reported the current winds; but could not say if the direction was variable; so he broke us off the approach. At this point I had about 5;200 LBS of fuel on board. We were vectored for an extended downwind and the Controller told me that they were cutting a new ATIS again that would hopefully do the trick. My plan was to declare minimum fuel when we reached the point where our arrival fuel would be 4;000 LBS. If that declaration did not generate a runway change (or if the winds did not become acceptable) within a few minutes; I planned to declare an emergency and land on [Runway] 23. About 15 miles southwest of the airport; ATIS 'Z' became current with winds of 320 at 14 KTS. We accepted a clearance for the visual approach and landed on Runway 5R. We blocked in with 4;200 LBS of fuel. My question is this: Do winds within limits reported by an Air Traffic Controller negate winds reported on a very current ATIS that are out of limits; or is a new weather observation required (like it is for determining visibility minimums for an approach)?",,,,"A Captain refused an approach because aircraft crosswind limitations were exceeded with the current ATIS reported winds while TRACON reported that a new ATIS was being processed with acceptable winds.",
982745,201112,0001-0600,ZZZ.Airport,US,,3,,2000,,IMC,Rain; 8,,Night,1100,,TRACON ZZZ,Fractional,Learjet 31,,2,Part 91,IFR,Passenger,Localizer/Glideslope/ILS Runway 2R,Final Approach,,Class C ZZZ,,,,,,,,,,,,,,,,,,,,,,,,,,,,,,,,,,,,,,,,,,,,,,,,,,,,,,,,,,,,,,,Facility ZZZ.TRACON,,Government,Departure; Approach,Air Traffic Control Fully Certified,,,Communication Breakdown,Party1 ATC; Party2 Flight Crew; Party2 ATC,,982745,Aircraft X,Flight Deck,Fractional,First Officer; Pilot Not Flying,Flight Crew Air Transport Pilot (ATP); Flight Crew Instrument; Flight Crew Multiengine,Flight Crew Last 90 Days 100; Flight Crew Total 5000; Flight Crew Type 3000,,Distraction; Communication Breakdown,Party1 Flight Crew; Party2 ATC,,983619,ATC Issue All Types; Inflight Event / Encounter Fuel Issue,,,Person Air Traffic Control,,General None Reported / Taken,Human Factors; Procedure,Human Factors,"A Learjet 31 was on the ILS Approach for Runway 2R with IFR traffic landing Runway 2C preceding. When issued approach clearance the Learjet 31 was issued a speed restriction by the Arrival Controller that he never complied with. As the 2 aircraft began to compress on final; I issued another speed restriction; it was not going to be enough to maintain separation; so I canceled the Learjet 31's approach clearance and issued control instructions to ensure separation was maintained. The Learjet 31 replied to my cancellation of his approach with 'unable.' After trying to verify that this was actually his response I was told he declared minimum fuel with Center. This information was never relayed to approach or myself prior to this point. We were able to see the aircraft just after the unable response and provide visual separation; but that was not a given in our weather conditions at the time and it was unacceptable that there was no communication of any fuel issues prior to that point. The pilot needs to be responsible for relaying any fuel issues as he changes facilities. There is to much room for this to slip between the cracks.",,"Because of the possibility of weather the Captain filed an alternate. Approximately 275 NM from our destination we were given a descent clearance and asked for discretion because of fuel concerns. We asked for Minimum Fuel or to go to our alternate. We continued our approach to our planned destination. On the ILS the Captain was flying at approximately 2;000 MSL and 3 miles Tower told us to go around. The Captain said he was unable because of Minimum Fuel and the Tower cleared the aircraft to land. After clearing the runway Tower gave us a phone number to call and the Captain made the phone calls.",,"Approach Controller was surprised when an aircraft on final refused to comply with an approach clearance cancellation; only to discover a minimum fuel status that was not relayed properly.",
985259,201112,1801-2400,ZZZ.Airport,US,,,,3000,,,,,,,,TRACON ZZZ,Air Carrier,B737 Undifferentiated or Other Model,,2,Part 121,IFR,,,Final Approach,Visual Approach,Class C ZZZ,,,,,,,,,,,,,,,,,,,,,,,,,,,,TRACON ZZZ,,Cessna 310/T310C,,1,,IFR,,,Final Approach,,Class C ZZZ,,,,,,,,,,,,,,,,,,,,,,,,Facility ZZZ.TRACON,,Government,Departure; Approach,Air Traffic Control Fully Certified,,,Distraction; Situational Awareness; Communication Breakdown,Party1 ATC; Party2 Flight Crew,,985259,,,,,,,,,,,,ATC Issue All Types; Deviation / Discrepancy - Procedural Clearance,,,Person Air Traffic Control,In-flight,General None Reported / Taken,Aircraft; Environment - Non Weather Related; Equipment / Tooling; Human Factors,Human Factors,"A B737 was a divert. He had declared minimum fuel and was based approximately 18 miles northeast of the airport. I was having him follow a C310 that was on final approximately 10 miles ahead of him. Pilot stated he had his traffic he was following in sight. I pointed out traffic to him and told him to follow him and cleared him for a Visual Approach to 17L. The pilot turned the B737 in sharply and I reiterated the traffic and told him there was a 40 KT overtake. Pilot said he was slowing. I became concerned when another Air Carrier was paralleling the final northeast of the C310. I questioned the pilot and he responded he thought he was following the Heavy. The only Heavy I had on final at that time was on very short final for 17R. I wanted to save the approach if possible because aircraft was at minimum fuel and I did not want to him to go around. I asked pilot if he could make an S-turn to the left. He did and when C310 landed there was five mile separation. I think pilot was hearing the numerous communications I was having with the Heavy aircraft and this combined with his minimum fuel had given him a mindset that caused a possible miscommunication. When pilot said he had aircraft in sight ahead of him; I think he unconsciously was thinking the Heavy and 17R. This preconceived idea on his part led him to disregard the C310 he had as traffic and focus on the Heavy that was on short final. I think that in this situation I should have recognized that the pilot might be nervous and making assumptions and gone to more lengths to make sure he was on the same page as me.",,,,"Tower Controller described a minimum fuel event involving a Visual Approach with the aircraft seeing and following the wrong aircraft; the reporter listing miscommunication and cockpit workload as contributing factors.",
999682,201203,1201-1800,ZAU.ARTCC,IL,,,,10000,,,,,,,,Center ZAU,Air Carrier,EMB ERJ 145 ER/LR,,2,Part 121,IFR,,,Climb,,Class E ZAU,,,,,,,,,,,,,,,,,,,,,,,,,,,,,,,,,,,,,,,,,,,,,,,,,,,,,,,,,,,,,,,Facility ZAU.ARTCC,,Government,Enroute,Air Traffic Control Fully Certified,,,Communication Breakdown,Party1 ATC; Party2 ATC,,999682,,,,,,,,,,,,ATC Issue All Types; Inflight Event / Encounter Fuel Issue,,,Person Air Traffic Control,,Air Traffic Control Issued New Clearance,Human Factors,Human Factors,"[I] was working a combined sector; normal configuration. An E145 departed; the routing was not the normal STAR; but did not have blue routing on the ERIDS. Aircraft was climbing to 10;000 requesting 13;000 as the final. There was slow moving traffic at 11;000 so a lot of additional coordination was required from me to the approaches in the vicinity of GRR because I couldn't keep the E145 climbing. While I was on the VSCS working my way around the approaches I was going to call Lansing Sector at ZOB; Lansing Sector at ZOB called me over the line very abrasively and asked me what the E145 was doing. I said something to the effect of I have him right at 10;000 to go around the slow moving 11;000. He asked about the routing; I said I didn't know. He said I can't take the aircraft and to give him a 360 and the right routing. I turned the aircraft out to a 270 heading and then made the correct coordination's and gave him the right routing. When I turned him out he seemed very confused and then asked if he could slow down. I said speed his discretion. I called ZOB back for a manual hand off because it would not hand off on HOST. I told the supervisor about it and the supervisor did some investigation into this flight. Prior to me getting this aircraft there was a history. This was an interesting situation. This particular aircraft diverted for fuel from his original destination. During his/her landing attempt the aircraft in front of them had a take off issue and the E145 had to do a go around. During the go around the E145 had to declare minimum fuel and returned immediately to the airport. This is a very hairy location for us ZOB; GRR Approach and LAN Approach. This is one re-occurring situation where Air Traffic Control has to be more of a scientific are than black and white rules and LOA'S. This was a situation where professionalism and common sense should have taken precedence over LOA'S and correct routing. There were two other arrivals within 100 miles at that time. Yelling and turning airplanes when there is not a critical situation happening is not acceptable in my mind. I feel the only way to change the re-occurrence of this is to change the attitudes of people. How best to do that I am not sure; but an unsafe situation was caused when he told me to spin someone for no real safety related or sequencing reason. The Controller could have gone out of his way to help but instead went out of his way to cause chaos. That is what we have to change. I know on my end I could have called GRR Approach and asked about the routing but again there was no blue on the route in ERIDS so I thought it was acceptable. Furthermore; there is no restriction on our chart that shows off of GRR there is a requirement to have aircraft on specific routes. Again; attitudes need to change. How that gets accomplished is something to look at.",,,,"ZAU Controller described a confused and unsafe event when coordination between Centers was confused and not in the best interest of the user; the reporter noting that procedures should be flexible with coordination during some instances.",
1009642,201204,1801-2400,ZGZU,FO,,,,,,,Thunderstorm,,Night,,,Center ZGZU,Air Carrier,A310,,2,Part 121,,,,Cruise,,,,,Y,,,,,,,,,,,,,,,,,,,,,,,,,,,,,,,,,,,,,,,,,,,,,,,,,,,,,,,,,,,,Aircraft X,Flight Deck,Air Carrier,First Officer; Pilot Not Flying,Flight Crew Air Transport Pilot (ATP),,,Communication Breakdown,Party1 Flight Crew; Party2 ATC,,1009642,Aircraft X,Flight Deck,Air Carrier,Pilot Flying; Captain,Flight Crew Air Transport Pilot (ATP),,,Communication Breakdown,Party1 Flight Crew; Party2 ATC,,1009643,ATC Issue All Types; Inflight Event / Encounter Fuel Issue; Inflight Event / Encounter Weather / Turbulence,,,Person Flight Crew,In-flight,Air Traffic Control Issued New Clearance; Flight Crew Requested ATC Assistance / Clarification,Procedure; Weather; Human Factors; Airspace Structure,Ambiguous,"We advised Guangzhou Control that we had reached minimum fuel state while 'orbiting' inbound to ZGGG. We were filed for FL370 and upon takeoff were given FL330 as a final by ATC. After persistent requests; we were finally able to get FL350; but the initial hold-down and significant time spent at a cruise altitude below optimum was not helpful to our situation. Shortly after checking in with Kunming Control (700 miles from ZGGG); we were told to slow to minimum clean speed or advised to cross MEPAN at 32 minutes past the hour; which caused us to slow to minimum clean and we were still going to be 6 minutes early. Shortly after checking in with Guangzhou Control (500 miles from ZGGG); we were directed to 'make right orbit.' We reported completion of one turn and were told to continue another turn without an EFC. At this point; with significant TS activity in the ZGGG/ZGSZ vicinity; and fuel predict for ZSPD (most distant alternate) approaching 9;000 LBS; I informed the Controller that we were 'minimum fuel.' The Captain then had to repeat the advisory slowly and clearly at least four times so as to avoid misunderstanding. The Controller then advised us to proceed direct to BSE and resume normal speed. We proceeded to ZGGG without further undue delay. Chinese ATC/Military could open more routes so not everyone has to use the only route through this corridor.",,"We advised Guangzhou Control that we had reached minimum fuel state while 'orbiting' 500 miles from ZGGG. The Controller then advised us to proceed direct to BSE (I believe) and resume normal speed. We proceeded to ZGGG without further undue delay. While the company routinely adds some contingency fuel for ZGGG terminal delays; consideration might be given to increasing this contingency fuel; especially on nights when significant weather is in the terminal area. Guangzhou ATC regularly assigns significant delay vectors and random 'orbiting' without clear EFC's assigned. Of note; on a flight in the month previous to this one; after significant delay vectoring from Guangzhou Approach Control; we attempted to advise them of a 'minimum fuel' state and they had no idea to what we were referring. We never did get an acknowledgment of that advisory call on that one; and it appears the same advisory call may have been misinterpreted given the follow-up interest given to this flight by the CAAC. It might be helpful during future liaison meetings with the CAAC; for us to review some common English ATC terms for clarification.",,"Air Carrier flight crew enroute to ZGGG describes ATC delays due to weather and traffic; resulting in a declaration of minimum fuel. This information is difficult to convey to the Controller; but eventually results in a clearance direct.",
1010325,201205,1201-1800,BOS.Airport,MA,,,,,,IMC,,,Daylight,,,TRACON A90,Air Carrier,Regional Jet 200 ER/LR (CRJ200),,2,Part 121,IFR,Passenger,,Descent,Vectors,Class B BOS,,,,,,,,,,,,,,,,,,,,,,,,,,,,,,,,,,,,,,,,,,,,,,,,,,,,,,,,,,,,,,,Aircraft X,Flight Deck,Air Carrier,First Officer; Pilot Flying,Flight Crew Commercial,,,Workload; Time Pressure; Situational Awareness,,,1010325,,,,,,,,,,,,ATC Issue All Types; Inflight Event / Encounter Fuel Issue,,,Person Flight Crew,In-flight,Air Traffic Control Issued New Clearance; Flight Crew Requested ATC Assistance / Clarification; Flight Crew Landed As Precaution; Flight Crew Took Evasive Action,Weather; Procedure; Airport; Environment - Non Weather Related,Ambiguous,"This event was a minimum fuel declaration to ATC on descent into BOS. At the gate before departure; our fuel required for takeoff was 3;980; ramp fuel was 4;930; and the actual fuel on board was about 5;200 LBS. The FMS showed we were going to land at a little over 2;600 LBS. It was a no alternate/no tanker flight. Weather in BOS at the time was not predicting low ceilings until later in the evening. We were filed for the QUABN1 arrival and BOS was using ILS 4R. Once in flight we were issued holding instructions at GDM VOR and I immediately slowed to our holding speed and the Captain and I discussed what our bingo fuel would be. I can't remember our exact fuel load at that time but it was somewhere around 3;000 LBS. We decided on a bingo fuel of 2;500 LBS with BDL as an alternate; it was just about 40 miles to our right. We entered holding at XA:37Z with an EFC of XA:45Z; which was later pushed back to XA:54Z. At some point during holding we got a response back from Dispatch which; after some discussion over ACARS; we all agreed on 2;500 LBS and BDL as an alternate. We were released from holding at about XA:50Z. We had not declared min fuel at this time. The whole time we were discussing fuel and our alternate options. Once on with Boston Approach; we were given a delay vector off of the arrival. I was the pilot flying but the Captain (the pilot not flying) was off the frequency saying goodbye to the passengers; so I didn't declare minimum fuel because I wanted concurrence with the Captain. I did query Boston Approach about the vector and let him know that fuel might be an issue. Once the Captain came back we had a quick discussion about our fuel. At that time we were put back onto the arrival but it was showing we would land with approximately 1;900 LBS. We decided to declare minimum fuel at this time due to the fact that we felt we could not accept any more delay vectors. At the time we declared min fuel we had just under 2;300 LBS on board. We were given an immediate turn toward the airport; Boston Approach said we were on a left downwind for the runway to be put in front of some other aircraft (the arrival crossed over the airport with a right downwind for the runway). We were given a shortcut of about 5 or 6 aircraft and landed uneventfully with approximately 2;150 LBS. I understand that this could be construed as an unanticipated holding event and that it's not a real problem. However; we operate in the busiest airspace in the country and this is where the airports are that we do this no alt/no tanker 2;400 LBS thing. There are always going to be 'unexpected' delays into PHL; LGA; BOS; and DCA just due to the nature of the airspace. My Captain and I have learned a valuable lesson from this event. Even though the weather was supposed to be good until late that night and everything else was supposed to be go according to plan; we should have asked for additional fuel just due to the fact that we were going into BOS. I am concerned because there doesn't seem to be any room for error. Next time I'll make sure I do have room for error; and I hope others might be able to do the same without learning the hard way.",,,,"A CRJ200 crew was given unexpected delays on a BOS arrival and declared minimum fuel because their dispatch fuel did not include an alternate or additional fuel.",
1025622,201207,1801-2400,ZZZ.Airport,US,,,,4000,,,Thunderstorm; Windshear,,,,,Tower ZZZ,Air Carrier,EMB ERJ 145 ER/LR,,2,Part 121,IFR,Passenger,,Final Approach,Vectors,Class B ZZZ,,,,,,,,,,,,,,,,,,,,,,,,,,,,Tower ZZZ,Air Carrier,EMB ERJ 145 ER/LR,,2,Part 121,IFR,Passenger,,Final Approach,Vectors,Class B ZZZ,,,,,,,,,,,,,,,,,,,,,,,,Facility ZZZ.Tower,,Government,Instructor; Local,Air Traffic Control Fully Certified,,,Workload; Communication Breakdown; Confusion; Training / Qualification,Party1 ATC; Party2 ATC,,1025622,,,,,,,,,,,,ATC Issue All Types; Deviation / Discrepancy - Procedural Published Material / Policy; Inflight Event / Encounter Weather / Turbulence,,,Person Air Traffic Control,In-flight,Air Traffic Control Separated Traffic; Flight Crew Executed Go Around / Missed Approach; Flight Crew Took Evasive Action,Weather; Procedure; Human Factors,Weather,"I was training a Developmental on Local Control. Two aircraft were on final with level 4 and 5 weather just northwest of the field and rapidly approaching the airport. The first aircraft (Air Carrier X) was on an ILS approach landing Runway XXR he asked for the side step to XXL; trying to avoid the weather that was fast approaching. As this was happening; the windshear alert equipment went off and warned of a fifteen knot loss one mile off departure Runway XXR. I instructed the trainee to issue the warning even though we had no departures because we were probably going to have a go around. The trainee issued the warning. Air Carrier X was about to touch down when he decided to go around and he wanted a left turn out. The trainee gave the aircraft go around instructions and instructed it to climb and maintain 4;000 FT and fly heading 180. The trainee had to be prompted to do all the necessary steps to complete the go around. As this was going on; Air Carrier Y; who was 4 [miles] in trail of the other aircraft; asked the reason for the go around. At this point I keyed up and asked Air Carrier X reason for go around. He promptly responded 'wind shear.' I relayed this information to Air Carrier Y and about 5 seconds later he said he would need to go around also. While this was happening; the trainee was struggling with inputs in the ETVS to print a strip for departure and neglected to give the first go around departure frequency change. When Air Carrier Y asked for go around he also needed a left turn out. The trainee gave him a 210 heading but this go around was on a three mile final instead of short final so the heading was basically inside of the first go around. As Air Carrier Y was going around he keyed up and said with; what I felt a little bit of panic; that he needed to 'deviate.' At this point I decided I needed to take over the frequency. The pilot asked for a deviation I took that as meaning a deviation around the inclement weather. So; I made the decision to turn him left to 180. I knew this turn would most likely put him in a position closer than three miles from Air Carrier X; but at that moment I felt it was the safest thing to do. While this was happening our first go around had still not been switched to Departure and even when I gave him the appropriate frequency he came back and asked for a different one because no one was answering. I then gave him another frequency. As this was happening; Air Carrier Y said that he needed to deviate to another airport because he was minimum fuel. I told him that he could land ZZZ1 and gave him a 60 heading so start him going there. As I was talking to the pilot about this the CIC spoke up and said that ZZZ1 had similar weather to ZZZ; so I offered the pilot ZZZ2; which was about 10 miles further northwest. When this was happening; I forgot and neglected to give Air Carrier Y clearance to ZZZ2; although I did tell him that the 60 heading would be a vector for the Visual Approach to Runway XX. He accepted and I coordinated with the appropriate RADAR controllers and handed him of to satellite to be worked. In conclusion; the separation went below three miles between Air Carrier X and Air Carrier Y on the initial part of go around once Air Carrier Y was on the 60 degree heading divergence was accomplished. I was talking to at least one of the aircraft until divergence was insured and; technically; was able to provide Visual Separation between the two aircraft because the weather southeast of the field was still VFR. Right after I got off position I went to the supervisor and said that I had probably lost separation forgetting that I could provide visual between the two aircraft. I think the CIC could have been more helpful with handling the numerous pieces of coordination that had to occur in a very brief moment. I feel I should have taken over the position sooner than I did. I am a fairly new trainer and am still learning how far I should let a trainee go before taking over.",,,,"Tower Controller providing OJT described a conflict event when an aircraft executing a go-around due to windshear followed immediately by a second windshear go-around. The Controller noted that the trainee issued a 'cut off vector' to the second aircraft leading to the conflict.",
1037370,201209,1201-1800,LAX.Airport,CA,,,,1000,,,,,,,,Tower LAX,Air Carrier,B737-800,,2,Part 121,IFR,Passenger,,Landing,,Class B LAX,,,,,,,,,,,,,,,,,,,,,,,,,,,,,,,,,,,,,,,,,,,,,,,,,,,,,,,,,,,,,,,Aircraft X,Flight Deck,Air Carrier,Instructor; Pilot Not Flying; Captain; Check Pilot,Flight Crew Air Transport Pilot (ATP),,,Other / Unknown,,,1037370,,,,,,,,,,,,ATC Issue All Types; Conflict Ground Conflict; Critical; Inflight Event / Encounter Fuel Issue,,,Automation Aircraft Other Automation; Person Flight Crew,In-flight,Air Traffic Control Separated Traffic; Air Traffic Control Issued New Clearance; Flight Crew Executed Go Around / Missed Approach,Human Factors; Procedure; Airport,Ambiguous,"[We] departed on the 3rd leg of transition Captain Initial Operating Experience (IOE). Flight progressed normally until 90 minutes from LAX. At this time we received an abnormal amount of vectors and speed reductions. We questioned ATC and were told due to LAX runway closure LAX wants 30 NM in trail. Sent free text message to Dispatcher and informed him of this. No response from Dispatch. Rechecked our fuel several times and determined we would land LAX with over 6.0 of fuel. As I recall; reserve fuel was about 6.7 with an alternate of ONT. We re-discussed the LAX weather and alternate plans with 45 minutes remaining. Weather was 800 broken and 8 miles visibility at the time. Descent and approach was normal. [We] extended gear early to comply with ATC speed and altitude restrictions. This probably burned a little more fuel; but is not an unusual practice on the 737 fleet. Prior to 1;000 FT; with landing checklist completed; we received landing clearance from LAX Tower for Runway 25R. They were also using 25R for takeoff during this time. We had; at some point; heard an aircraft receiving line up and wait on 25R. At 800 FT we were in the clear and I could see the aircraft clearly on the runway threshold. At 600 FT I queried the Tower if our landing clearance was still valid. There was a slight pause and under 400 FT it was clear the other aircraft would not be off the runway prior to our landing. At this point the Controller told us to 'go around and offset left; maintain 2;000 FT.' We initiated a go-around and were told to fly heading 235; maintain 2;000 and contact SCT Departure. Upon contact with Departure I re-verified our heading and altitude and told Departure we had the other aircraft in sight visually. We were then vectored for the approach at 5;000 FT on downwind. The IOE Captain made a PA and checked with the flight attendants. We briefly discussed our fuel and options and concurred landing LAX was best. During the initial go-around our user defined FMS 'using reserve fuel' warning indicated we would land with less than 4;000 LBS at our alternate. I was aware this could happen in the event of a go around. The IOE Captain suggested we declare minimum fuel during the downwind. We did so; and we're advised we would be landing 25R at LAX; 12 mile final. During final approach inside of 5 miles; fuel low warning came on in number 2 tank.....1.95 on gauge. Landed uneventfully; and taxied to gate. [We] shutdown with 4.0 thousand LBS of fuel; slight imbalance of less than 300 LBS.",,,,"B737-800 Check Captain describes a low fuel situation arriving LAX due to delays for a runway closure and a go-around caused by an aircraft departure on the landing runway. Gate arrival fuel is 4;000 LBS.",
1047261,201211,1201-1800,ATL.Airport,GA,,,,14000,,,,,Daylight,,,TRACON A80,Air Carrier,Regional Jet 200 ER/LR (CRJ200),,2,Part 121,IFR,,,Descent,,Class E A80,,,,,,,,,,,,,,,,,,,,,,,,,,,,,,,,,,,,,,,,,,,,,,,,,,,,,,,,,,,,,,,Aircraft X,Flight Deck,Air Carrier,Pilot Flying; First Officer,Flight Crew Air Transport Pilot (ATP),,,Distraction; Time Pressure; Situational Awareness; Communication Breakdown,Party1 Flight Crew; Party2 Dispatch,,1047261,Aircraft X,Flight Deck,Air Carrier,Captain; Pilot Not Flying,Flight Crew Air Transport Pilot (ATP),,,,,,1047266,ATC Issue All Types; Deviation - Speed All Types; Inflight Event / Encounter Fuel Issue,,N,Person Flight Crew,In-flight,Flight Crew Landed in Emergency Condition; Flight Crew Requested ATC Assistance / Clarification,Company Policy; Procedure; Airport,Company Policy,"Our flight encountered stronger than forecast winds. We had been dispatched with zero contingency fuel and only 33 LBS of 'extra fuel' for a total of 5;700 LBS. At brake release for takeoff the total was 5;650 LBS. At Top of Climb; fuel was plus 35 LBS from planned with 4;100 LBS as we approached JOINN.The flight was flown 250 KIAS to 10;000 MSL and profile cost index speed of 263 KTS to FL300. Over AVERY with 70 KT headwinds; fuel was 100 LBS less than planned due to the greater headwinds. On arrival the downwind fixes were not flight planned for fuel and burn off from WORFF to ATL planned at only 300 LBS required 450. Atlanta Center cleared us to FL240; we requested discretion for fuel but they were unable. Additionally we were asked to maintain 290 KTS and later increased to 310 KTS in the descent as we were number two in the pack.Fuel on landing was forecast to be 2;000 LBS (and; predictably; lower with a 20 NM final into ATL. We asked Center for relief on the airspeed which helped but were then given DIRTY at 14;000 and 320 KTS. Approach first assigned Runway 8L then subsequently changed it to Runway 10 from a north transition. We were now forecast to land with reserve fuel or less. We declared minimum fuel and requested 8R. They did not seem to understand minimum fuel and stated; 'We'll see what we can do.' We landed with 1;940 LBS at touchdown; 300 LBS below planned arrival fuel.The company is flight planning on razor thin fuel margins; particularly into large airports. I have seen planned landing fuels as low as 1;900 LBS into major hubs. This is becoming the norm with both of our 'mother' airlines. If the company plans razor thin margins; flight planning MUST be more accurate. An increase in forecast headwinds and a change in runways should NOT cause minimum fuel situations. Captain had been on property for 14 1/2 years and First Officer for 6 1/2. Furthermore; downwind fixes were not added to the furthest fix of WOTBA. Carrying fuel costs money; but the ATC system is dynamic and with only 33 extra LBS of fuel; there is no room for any contingency; no flexibility in the system. We're flying into the biggest; busiest airports and flight planning like we're landing in Podunk. Had this not been an experienced crew; perhaps the minimum fuel call would not have been made.",,"The planned en route wind was -55. Actual wind in cruise was -80. If we hadn't taken off with 200 LBS above our minimum fuel our fuel would have been a source of concern much sooner. I agreed to the increased en route speed because of the 200 LBS at takeoff along with the Center's indication that we were second in line going into Atlanta.About a minute later Approach called back and assigned us Runway 10. I quickly plugged it into the FMS which then indicated that we would land below [FAA] reserves. Based on the fact that Atlanta frequently runs beyond 20 miles and the possibility of needing to go around I did not feel that continuing to Runway 10 would leave enough fuel to guarantee a safe outcome. When [the company] began operating with cost indexes; 250 LBS of contingency fuel was regularly added for exactly this reason. Now there is no such contingency addition. If this becomes the new normal; where company flight crews have to refuse speeds assignments because of fuel concerns it will cause delays for our mainline partners and/or we will be vectored out of the sequence. We NEED to have enough fuel to complete our mission in line with what is expected by ALL parties. The customer expects to arrive safely. Our mainline partner expects us to arrive on time. Air Traffic Control expects that we be able to accept assigned speeds and that we be able to accept any suitable runway at our destination. A 15 KT change in wind and/or having a speed assigned by ATC should never put an aircraft near a minimum fuel state.",,"A CRJ-200 flight crew used their flight--compromised on arrival by less than required remaining fuel on board--as an example to address concerns about their company's penurious standards with respect to fuel required at departure; planning only for best case scenarios and making little or no allowance for routine and/or predictable contingencies.",
1068713,201302,0001-0600,ZZZ.Airport,US,,38,,4000,,,4,,Night,2500,,TRACON ZZZ,Air Carrier,Widebody; Low Wing; 3 Turbojet Eng,,3,Part 121,IFR,Cargo / Freight / Delivery,,Initial Approach,Vectors,Class C ZZZ,,,,,,,,,,,,,,,,,,,,,,,,,,,,,,,,,,,,,,,,,,,,,,,,,,,,,,,,,,,,,,,Aircraft X,Flight Deck,Air Carrier,Pilot Flying,,Flight Crew Last 90 Days 33,,,,,1068713,Aircraft X,Flight Deck,Air Carrier,Captain; Pilot Not Flying,Flight Crew Air Transport Pilot (ATP),,,,,,1068714,ATC Issue All Types; Inflight Event / Encounter Fuel Issue,,,Person Flight Crew,In-flight,Flight Crew Landed in Emergency Condition; Flight Crew Requested ATC Assistance / Clarification; General Declared Emergency,Procedure; Environment - Non Weather Related,Environment - Non Weather Related,"Minimum Fuel Declared to ATC requesting Priority Handling: Weather enroute and in destination was planned for with an additional 12;200 LBS of fuel. Enroute we experienced no deviations and arrived at TOD with slightly less than 1;000 LBS below planned fuel. We were given descent to cross XXXXX Intersection at 9;000 FT. At XXXXX we were slowed to 210 KTS which required slats extend. Then we were told to expect a track 40 NM south of the airport and a 30 NM final for landing south. At that time we had 36;000 LBS Fuel On Board.I calculated bingo fuel and timing; we had plenty of fuel to make the 200 mile track for landing. ATC continued to descend and slow us. We were given 170 KTS about 120 NM track to landing which we refused so we didn't have to add flaps. 10 minutes prior to our Bingo Fuel we advised ATC of Minimum Fuel State. They made no changes in our placement (about 7th for landing) or track. During this time we started getting tank pump low pressure warnings (all 3 tanks by landing); we had a 2;400 LBS imbalance in tanks 1 and 3; and we had 800 LBS not accessible in tail and auxiliary (due deck angle); and communication with company flight control.We continued on final; past our 'padded' bingo fuel; and landed. We cleared the runway with approximately 20;000 LBS and parked with 19;500 LBS after burning 16;000 LBS of fuel on arrival.",,"[Narrative 2 contained no additional information.]",,"During arrival crew received low fuel warnings and declared a minimum fuel emergency.",
1083592,201304,0001-0600,ORD.Airport,IL,,,,,,,Icing; Turbulence,,Night,,,Tower ORD,Air Carrier,DC-10 Undifferentiated or Other Model,,2,Part 121,IFR,,,Landing,,Class B ORD,,,,,,,,,,,,,,,,,,,,,,,,,,,,,,,,,,,,,,,,,,,,,,,,,,,,,,,,,,,,,,,Aircraft X,Flight Deck,Air Carrier,Pilot Flying; Captain,Flight Crew Air Transport Pilot (ATP),,,,,,1083592,Aircraft X,Flight Deck,Air Carrier,First Officer; Pilot Not Flying,,,,,,,1083586,ATC Issue All Types; Aircraft Equipment Problem Critical; Inflight Event / Encounter Fuel Issue; Inflight Event / Encounter Loss Of Aircraft Control; Inflight Event / Encounter Weather / Turbulence,,N,Person Flight Crew,In-flight,Flight Crew Requested ATC Assistance / Clarification; Flight Crew Executed Go Around / Missed Approach; Flight Crew Regained Aircraft Control,Procedure; Human Factors; Weather,Procedure,"We encountered downdraft/[windshear] on short final to Runway 32R and initiated a go-around after touchdown occurred. Winds were 240/24G31 and 32R was only runway open. After the go-around; as fuel remaining was becoming a factor; Runway 27L was opened.We were vectored to [Runway] 27L and on a four mile final an airspeed difference of 18 KTS was noted between the Captain's and First Officer's ASIs. The standby ASI indicated the First Officer's was correct; an analysis confirmed by the AOA indicator in the HUD. Then the SEL EL FEEL MAN and FLAP LIM OVRD lights illuminated at 300 AGL. Fuel remaining indicated 16.8. We elected to continue the approach with airspeed call outs due to critical fuel state and less than ideal conditions at our alternate; MKE. Uneventful landing Runway 27L; during conditions like we encountered; (high crosswinds and visibility restricted due to rain) the airport should be using an active runway more aligned with the wind when one is available. The opening of [Runway] 27L within 10 minutes suggests to me that it was available.Just a quick note on duty status: The First Officer was pilot flying on first approach and the Captain flew the second.",,"We were stable and configured at gear down; 35 flaps. We got a severe downdraft below 50 FT; the aircraft touched down and bounced slightly which is when a go-around was executed. We checked our fuel required to get to our alternate; and saw the winds were gusting there also. We then declared minimum fuel and determined we were better off attempting a landing on Runway 27L in ORD.We did not have the fuel to go-around and troubleshoot; so we continued the approach with First Officer backing up Captain on airspeed; stable approach and uneventful landing.",,"When they had to reject their landing on Runway 32L due to gusty crosswinds and windshear the flight crew of an DC-10 declared minimum fuel and requested a runway into the wind for their second; and successful approach.",
1091569,201305,1801-2400,ZZZ.Airport,US,,,,,,IMC,Rain; 3,,Dusk,600,,TRACON ZZZ,Corporate,Golden Eagle 421,,1,Part 91,IFR,Passenger,,Initial Approach,Vectors,Class B ZZZ,,,,,,,,,,,,,,,,,,,,,,,,ILS/VOR,,X,Malfunctioning,,,,,,,,,,,,,,,,,,,,,,,,,,,,,,,,,,,,Aircraft X,Flight Deck,Corporate,Pilot Flying,Flight Crew Instrument; Flight Crew Multiengine; Flight Crew Air Transport Pilot (ATP); Flight Crew Flight Instructor,Flight Crew Last 90 Days 75; Flight Crew Total 7300; Flight Crew Type 175,,Situational Awareness; Time Pressure; Human-Machine Interface,,,1091569,,,,,,,,,,,,ATC Issue All Types; Aircraft Equipment Problem Critical; Inflight Event / Encounter Weather / Turbulence; Inflight Event / Encounter Fuel Issue,,N,Person Flight Crew,In-flight,Air Traffic Control Provided Assistance; Flight Crew Requested ATC Assistance / Clarification; General Declared Emergency,Procedure; Aircraft,Ambiguous,"Total on board-6 fuel onboard- 140 gallons burn time 50 gallons the first hour then 42 each hour after. Fuel on board met criteria of destination plus alternate plus 45 minutes for the flight. We arrived at our destination and could not complete approach due to the failure of the glideslope on HSI. We went missed and requested clearance to another airprot. Weather was the factor in requesting rather than going to the alternate. The weather was adequate for landing without the glideslope. At my first call to our new destination; I told the ATC that I would be low on fuel and that we had had the equipment failure. ATC said that they were trying to work us into a slot. They offered an ILS approach; which I could not take. ATC asked me to go to a different airport. I again told them that I did not have a working glideslope and needed the better weather. I asked for a RNAV overlay approach to the same runway. This was granted. The ATC then flew me through the final approach course line and had not yet cleared me for the final approach. I told the ATC yet again; that I was fuel critical and was informed that they were 'working on it' and it would be a 'few more minutes' They did not indicate how long that 'few more minutes' would be. At this point I was flying away from the runway; not towards it. I felt that I was not given adequate 'assistance in a minimum fuel situation' with declared equipment failure; and that I was put into an unsafe situation of 'undue delay' (U.S. Department of Transportation; Federal Aviation Administration; Air Traffic Organization Policy; Order JO 7110.65U; date of issue 02/09/2012). My priority being the safety of the six souls on board; I felt that I had no choice but to declare an emergency fuel situation.",,,,"When a failed glideslope indicator prevented landing at their destination the pilot of a CE421 elected to divert to an airport other than the planned alternate because it had ceilings that would not require a glideslope. The longer diversion made the fuel situation critical and ATC wasn't sufficiently responsive to their needs. An emergency was then declared.",
1100467,201307,1801-2400,ZZZ.Airport,US,,,0,,,VMC,,,,,,Center ZZZ,Air Taxi,Beechjet 400,,2,Part 135,IFR,,,Cruise,,,,,,,,,,,,,,,,,,,,,,,,,,,,,,,,,,,,,,,,,,,,,,,,,,,,,,,,,,,,,,,,,Aircraft X,Flight Deck,Air Taxi,Captain; Pilot Flying,Flight Crew Air Transport Pilot (ATP),,,Time Pressure; Communication Breakdown; Confusion; Situational Awareness,Party1 Flight Crew; Party2 ATC,,1100467,,,,,,,,,,,,ATC Issue All Types; Inflight Event / Encounter Fuel Issue,,Y,Person Flight Crew,In-flight,Flight Crew Diverted; Flight Crew Landed in Emergency Condition; General Declared Emergency,Airport; Human Factors; Weather; Procedure,Ambiguous,"ATC required us to hold over intersection for 40 minutes. After our EFC we were told [our destination airport] was closed indefinitely due to weather. When we checked weather it was VFR. We asked how MMU was and ZZZ1. We were told MMU wasn't an option but ZZZ1 was fine. We were cleared to ZZZ1. When we got to [VOR] we were told to expect holding. We notified ATC that we wouldn't be able to hold the entire time they gave us and that we will need to declare minimum fuel if held for much time. We were then given the hold. [I] and the copilot agreed that when we got to 1200 pounds we would declare min fuel. After one lap in the hold we were at 1;200 pounds of fuel and I declared minimum fuel. We were given a radar vector for the approach into ZZZ1 and we were number two for the airport. Shortly after the radar vector was issued we were told ZZZ1 was closed indefinitely. At this point [all airports in close proximity] were supposedly shut down. We quickly tried to find another option and decided to ask ATC which he told us to divert to ZZZ2. The copilot plugged ZZZ2 into the FMS and it came back saying we would land with twenty pounds of fuel. At this point I also noticed we were at 1;000 pounds of fuel and asked ATC if there was anyway to get into ZZZ1. Answer was no at which point I declared a fuel emergency and need an airport closer than ZZZ2. ATC recommended ZZZ 25 miles away. We agreed that would work and was cleared direct ZZZ. We were given a frequency change at which point we were cleared to another waypoint and then ZZZ. We reminded ATC we had a fuel emergency and that we had the airport in sight. ATC then cleared us for the visual. We landed with no further problems with 700 pounds of fuel on board. Weather at ZZZ1 at XA56Z was reporting winds variable at four knots; 10 SM visibility; clear; 31 degrees C; dew point 22 C; [and] altimeter 29.95. The flight planned time was 2:17 and the actual time was 3:36.",,,,"A BE-400XP flight crew had to declare a fuel emergency to obtain a timely approach and landing clearance at their second diversion airport. Both their destination and first diversion airport closed prior to their approach clearance although both were reporting VMC weather.",
1104879,201307,1801-2400,ZZZ.TRACON,US,,,,3000,,,,,,,,TRACON ZZZ,Personal,PA-46 Malibu Meridian,,,Part 91,IFR,Personal,,Final Approach,Visual Approach,,,,,,,,,,,,,,,,,,,,,,,,,,,,,TRACON ZZZ,,Gulfstream V / G500 / G550,,,,,,,Final Approach,Visual Approach,,,,,,,,,,,,,,,,,,,,,,,,,Facility ZZZ.TRACON,,Government,Approach,Air Traffic Control Fully Certified,,,Other / Unknown,,,1104879,,,,,,,,,,,,ATC Issue All Types; Deviation / Discrepancy - Procedural Published Material / Policy,,,Person Air Traffic Control,,Air Traffic Control Issued New Clearance,Human Factors; Procedure,Human Factors,"What follows is a chronic problem that hangs over the system like hot lava from a volcano. I was working RADAR South with light traffic. I had two aircraft inbound; #1 - a Piper 46T 30 South requesting Runway X. #2 - a Gulfstream 550 40 South requested Runway XX. Our procedure is to get the sequence from the North RADAR Controller. This is what I did and he said run them both. I advised the P46 to maintain max forward speed as long as practical; he was #1. I then noticed a CRJ-700 tag up and North takes; the handoff 30 West at 370 knots ground speed. I advised North RADAR I would like to follow the CRJ-700 with the G550 since he wants Runway XX. North RADAR agreed. Important note; the OSCIC/FLM was 3 feet away; plugged in listening and monitoring the operation. The P46 reaches 7 mile final to Runway X and started reducing to FAP speed. He had already been cleared for VA and is talking to the Tower. I widened the G550 from a 5 mile base to an 8 mile base vector. I did this when the G550 was 12 SW ZZZ and I issued the traffic he was to follow. He reported him on TCAS not visual. At this point no need for speed reduction because the CRJ-700 was 12 mile final descending out of 5;000 feet with a ground speed of 300 knots. The P46 was now 5 mile final to runway; GS 120 knots; and the CRJ-700 was 7 mile final to Runway X- on zig zag vectors still high and fast. For a second time; I said this is not going to work. North RADAR initiated what happened next and it was ugly. The CRJ-700 landed first; then the G550; then the P46. The P46 declared minimum fuel. I've been doing this a long time and it was very easy to see that the CRJ-700 should have been broke out of final and re-sequenced for a stable approach to follow the G550. This type of event and others happen at ZZZ on a weekly basis most are not reported because controllers think there is no loss of separation and they don't want to admit their poor performance. So the bad service continues with only the occasional NMAC being reported. The one constant in the majority of these events is the lack of FLM's doing their jobs. At ZZZ FLM's are nothing more than highly paid babysitters. They watch events unfold and do nothing and then bitch about having to do paperwork. I got a recommendation; how about FLM's do their jobs; i.e. stay on top of traffic situations; make on the spot corrections; and correct situations before they become an event. In the previous described event the FLM should have told North RADAR to break out the CRJ-700; but he/she didn't. All three ZZZ FLM's; for different reasons; fail to get into game until it's too late. The experience level in the FAA at the facility level is dropping rapidly. Come on Management; get in the game before the hot lava consumes us.",,,,"TRACON Controller described a go-around event claiming that supervisory oversight at his facility is lacking and could have prevented this occurrence.",
1119269,201309,1201-1800,ZZZZ.ARTCC,FO,,,,22000,,,,,Daylight,,,Center ZZZZ,Air Carrier,B747-400,,2,Part 121,IFR,Cargo / Freight / Delivery,,Descent,STAR ZZZZZ,,,,,,,,,,,,,,,,,,,,,,,,,,,,,,,,,,,,,,,,,,,,,,,,,,,,,,,,,,,,,,,,Aircraft X,Flight Deck,Air Carrier,Captain; Pilot Flying,Flight Crew Air Transport Pilot (ATP),Flight Crew Last 90 Days 150; Flight Crew Total 22000; Flight Crew Type 1800,,Situational Awareness; Communication Breakdown,Party1 Flight Crew; Party2 ATC,,1119269,Aircraft X,Flight Deck,Air Carrier,Other / Unknown,,,,,,,1119272,ATC Issue All Types; Inflight Event / Encounter Fuel Issue,,N,Person Flight Crew,In-flight,Air Traffic Control Issued New Clearance; General Declared Emergency,Procedure; Human Factors; Weather,Ambiguous,"We were given hold along with an EFC.  After calculations and considerations of weather and traffic flow; I declared minimum fuel.  Controller advised expect landing in 30 minutes (or later).  I offered to hold for 10 minutes.  Controller said unable.  I declared minimum fuel again.  Controller advised that we must declare a fuel emergency to get priority.  On entering hold I again offered to hold for 10 minutes.  Controller advised we must declare a fuel emergency; which I did.  Approach and landing were uneventful with approximately 33;000 fuel remaining.",,"[Narrative #2 contain no additional information.]",,"A B747-400 Captain felt compelled to declare a fuel emergency in order to get priority handling when he deemed ATC holding to be excessive.",
1127811,201311,0001-0600,AMA.TRACON,TX,,,,5000,,,,,,,,TRACON AMA,Military,Talon (T38),,,,VFR,,,Final Approach,Visual Approach,,,,,,,,,,,,,,,,,,,,,,,,,,,,,TRACON AMA,Military,Talon (T38),,,,VFR,,,Other VFR Traffic Pattern,None,,,,,,,,,,,,,,,,,,,,,,,,,Facility AMA.TRACON,,Government,,Air Traffic Control Fully Certified,,,Communication Breakdown,Party1 ATC; Party2 Flight Crew,,1127811,,,,,,,,,,,,ATC Issue All Types; Conflict Airborne Conflict,,,Person Air Traffic Control,,Air Traffic Control Issued New Clearance,Human Factors,Human Factors,"Aircraft X was given clearance for an initial to AMA at 055 by Approach Control. Aircraft X readback the altitude correctly. Approach Control told Aircraft X to switch to Tower and report 5 mile initial. Before Aircraft X called Tower; he descended to 050 on his own. Aircraft X called Tower approximately 5 miles from the runway and reported the 5 mile initial. Aircraft X became a direct conflict with Aircraft Y who was turning right base to Runway 22 also at 050. Tower advised Aircraft X that initial altitude was 055 and to climb immediately to avoid Aircraft Y. Aircraft X passed over the top of Aircraft Y. Aircraft X was given the left break at the departure end of the runway. Aircraft Y did a touch and go then proceeded into the right closed traffic pattern. Aircraft Z was given the visual approach to Runway 22 and shipped to Tower approximately 8 miles out. Aircraft Z was given a landing clearance by Tower for Runway 22. Aircraft X entered the left downwind for Runway 22 left closed traffic pattern at 055. Tower advised Aircraft X that the traffic pattern is 050 and descended him to that altitude. Tower issued traffic to Aircraft X about Aircraft Z and vise versa. Aircraft Z reported the T38 in sight and was is told to maintain visual with the traffic. Tower then told Aircraft X to turn right to 090 degrees and maintain 050 for the Aircraft Z traffic. Aircraft X declined the vector and declared minimum fuel. Tower tells Aircraft X another two times to turn right to 090 degrees and maintain 050 for the traffic but Aircraft X declines both vectors & says he is turning left to 220 degrees to land. Tower declared emergency fuel for Aircraft X; told Aircraft Z to turn right to 270 degrees to avoid Aircraft X. Aircraft Z was now heading 270 degrees at 050. Aircraft Y was in the right downwind approaching Aircraft Z also at 050. Tower advised Aircraft Y to climb immediately to 060 for traffic and issued a traffic alert. Tower advised Aircraft Y twice to climb because his data block read that he was at 051. Aircraft Y stated after the traffic alert that he is level at 060 even through the data block still read 051. All three aircraft landed without incident.",,,,"AMA Controller described a VFR pattern conflict when an inbound military aircraft failed to comply with published/assigned 'initial procedure' altitudes resulting in a conflict with traffic on base.",
1141150,201401,1801-2400,ZZZ.Airport,US,,,0,,,IMC,,,Night,,,Tower ZZZ,Air Carrier,EMB ERJ 145 ER/LR,,2,Part 121,IFR,Passenger,,Final Approach,,Class B ZZZ,,,,,,,,,,,,,,,,,,,,,,,,,,,,Tower ZZZ,Air Carrier,EMB ERJ 170/175 ER/LR,,2,Part 121,IFR,,,Final Approach,,Class B ZZZ,,,,,,,,,,,,,,,,,,,,,,,,Facility ZZZ.Tower,,Government,Local,Air Traffic Control Fully Certified,,,Time Pressure; Communication Breakdown; Situational Awareness,Party1 ATC; Party2 ATC,,1141150,,,,,,,,,,,,ATC Issue All Types; Deviation / Discrepancy - Procedural Published Material / Policy; Inflight Event / Encounter Fuel Issue; Inflight Event / Encounter Weather / Turbulence,,,Person Air Traffic Control,,General None Reported / Taken,Weather; Human Factors; Procedure; Airport,Human Factors,"I was working Local Control at night; and the weather had been degrading from VFR to MVFR to IFR throughout the evening. However; fog developed at a rate nobody in the facility anticipated; and while landing Runway 23R the RVR's decreased below the ILS minimums. Three aircraft on approach were unable to land; and then the process of switching the arrival runway to Runway 5L began (Runway 5L is capable of ILS CAT II/III operations). This resulted in nearly a dozen aircraft within close proximity to the airport expecting to land; and the Arrival Controller held each one via RADAR vectors. Also; aircraft were unable to land at satellite airports and diverted to ZZZ. Procedures for verifying the capability of the ILS system and runway environment require an Airport Ops vehicle to visually inspect the approach lights and entire length of the runway. My Tower CIC called downstairs to the TRACON Supervisor and coordinated that no arrivals were to be switched to the Tower until after the airfield vehicle completed the inspection and I explicitly authorized arrivals to Runway 5L. Due to the fog; the airfield vehicle took a long time (at least 10 minutes; I'd guess) to reach the distant runway threshold to begin the inspection. While waiting; the FLM/TRACON Supervisor called the Tower cab repeatedly; either to the CIC or myself on Local Control for an update. I made it clear that the airport vehicle was limited by the weather and doing her best to complete the inspection. When I observed one aircraft tracking the localizer inbound and saw a second aircraft turning towards the airport; I quickly hit the 'monitor' button to listen to the Final Controller. He was issuing approach instructions; so I called him and reminded him that I could accept no arrivals until the situation was verified as compliant with CAT II/III approaches. The TRACON Supervisor continued to call for updates; and stated that many aircraft were complaining about the amount of fuel on board. I may have talked to the Final Controller; too; but I can't remember which individual indicated that airplanes would be cleared for approaches to the runway; despite the lack of a safety inspection. I believe the TRACON Supervisor ordered the Final Controller to resume arrivals. After 5 aircraft successfully landed; reported clear of the runway; and safely made it to the gate; I again coordinated with the Final Controller for spacing/time to complete the runway light inspection. Foremost; a timely runway change would have been helpful. The degradation of the weather below CAT I minimums was a surprise. Better planning/anticipation by all parties would have allowed this event to be anticipated. Related to that; timely coordination between Tower; TRACON; and airport authority could have been effected better as well. Also; the RADAR Controller issuing approach clearances seemed premature; despite its apparent urgency. I was never told by another controller that any of the aircraft involved reported 'minimum fuel' or 'emergency fuel.' To my knowledge; none of the aircraft HAD to land without incurring a further 5-10 minute delay.",,,,"Local Controller described an unsafe condition when an untimely runway change; necessitated by weather; resulted in traffic landing prior to the completion of the required runway lighting checks.",
1150377,201402,0601-1200,ZZZ.Airport,US,,,,,,IMC,Rain; 2,,Daylight,1400,,Tower ZZZ,Air Carrier,Brasilia EMB-120 All Series,,2,Part 121,IFR,,,Initial Approach,,Class D ZZZ,,,,,,,,,,,,,,,,,,,,,,,,,,,,,,,,,,,,,,,,,,,,,,,,,,,,,,,,,,,,,,,Aircraft X,Flight Deck,Air Carrier,Captain; Pilot Not Flying,Flight Crew Air Transport Pilot (ATP),,,Situational Awareness,,,1150377,,,,,,,,,,,,ATC Issue All Types; Inflight Event / Encounter Fuel Issue; Inflight Event / Encounter Weather / Turbulence,,,Person Flight Crew,In-flight,Air Traffic Control Issued New Clearance; Flight Crew Diverted; Flight Crew Executed Go Around / Missed Approach; General Declared Emergency,Human Factors; Weather; Procedure,Ambiguous,"Flight was scheduled to fly [an airport where the] ILS glide path [was] out of services; so we planned on doing the LOC approach. When we arrived at [our planned destination]; weather was reporting 2 SM RA BR; F04; ceiling 14 OVC. Center told us to hold at an intersection for about 20-25 minutes. The First Officer and I talked about BINGO fuel and determined that we would not have enough fuel; with sufficient reserves to do the hold; shoot the approach and then go to [our alternate]. We calculated that we could hold; shoot the approach; go missed and then proceed to [a non-planned alternate] and land with about 1;000 LBS. I contacted [our destination's] Operations and had them relay to Dispatch that I wanted to change alternate that we had [the other airport's] weather and it was good for an alternate. When [our destination's] Operations' called back; they advised that [the other airport] would be a good alternate and expect no station personnel there to meet us as they were off until later in the day. FBO fuel would be able to fuel us though. The First Officer said we should consider just going to an alternate; but I said I was confident that we could make it in and if we didn't; we would be able to go to [the other airport]. We stayed in the HOLD closer to 30 minutes and then started the approach. We had to go MISSED and I advised Center that we would have to divert and that we were minimum fuel at this time. We were given direct to [the other airport] and headed there. After leveling off at 11;000 FT we determined that we would land with less than 1;000 LBS. When we were finally handed off to Center for vectors to final; I restated that we were minimum fuel and would like to get vectors on to the final ILS localizer to shoot the approach. We were over the hills to the west of [the airport] and it seemed that we were on a vector that would take us too long to arrive at [the airport] so I finally went from minimum fuel to declaring a FUEL EMERGENCY and advised Center that we were turning direct to the final approach fix for the approach. We landed with about 700 LBS total fuel.I thought as a crew we did a good job monitoring the fuel situation up to the point of starting the approach. We could have asked for a point closer to [our destination] airport so that we wouldn't have used as much fuel in approach or a different approach that we would have been closer to airport. With Center I should have asked him his intention on where he was going to vector us to; and then maybe I would have been able to communicate if I thought it would work without declaring an Emergency.",,,,"EMB120 Captain reports holding for 30 minutes prior to being cleared for a localizer approach at the destination airport. The approach is missed and the flight diverts to an alternate airport 90 NM away; landing with 700 LBS of fuel.",
1153619,201402,1201-1800,ZZZ.Airport,US,,,,,,VMC,,,Daylight,,,Center ZZZ; TRACON ZZZ,Air Carrier,Regional Jet 200 ER/LR (CRJ200),,2,Part 121,IFR,Passenger,FMS Or FMC,Landing,,Class A ZZZ; Class B ZZZ,,,,,,,,,,,,,,,,,,,,,,,,,,,,,,,,,,,,,,,,,,,,,,,,,,,,,,,,,,,,,,,Aircraft X,Flight Deck,Air Carrier,Captain; Pilot Flying,Flight Crew Air Transport Pilot (ATP),,,Workload; Communication Breakdown; Situational Awareness,Party1 Flight Crew; Party2 ATC,,1153619,,,,,,,,,,,,ATC Issue All Types; Deviation / Discrepancy - Procedural Published Material / Policy; Inflight Event / Encounter Fuel Issue,,,Person Flight Crew,In-flight,Flight Crew Landed in Emergency Condition; General Declared Emergency,Procedure; Environment - Non Weather Related; Company Policy; Weather,Ambiguous,"We had left the gate with Ramp fuel of 5;200 LBS. The ramp fuel on the paperwork was 5;040 LBS and take off fuel was 4;390 LBS. Our landing fuel at the time of pushback was 2;360 LBS. We taxied out on one engine to the runway. We had a maintenance issue with starting the left engine so we pulled off of the taxiway and contacted Maintenance. After solving the problem we continued to taxi to the end of the runway for departure. When we took off we had 5;100 LBS of fuel on the fuel gauges. Our landing fuel for [arrival] was 2;160 LBS. We started flying toward our destination and flying the cost index speeds and we had a 135 KT tailwind so our speeds were really slow. Halfway through our flight ATC told us that we needed to be vectored off course so they could get three Airbuses in front of us that had a ground speed of 535 KTS. So we started vectoring on headings given to us from ATC. I would say we were not [vectored for] more than 10 minutes. I then asked Center if we were going to continue vectoring off course any longer then we may run into a fuel issue later on down the road. ATC told us that we have two choices and either we can continue taking the vectors at a lower airspeed which we are flying now or get on course and have to speed up to like 290 KTS. We elected to fly at the slower airspeed knowing we had 135 KT tailwind. ATC finally put us on course. When we were coming upon the arrival our fuel was starting to get low. We talked about when we would consider declaring min fuel and my First Officer and I decided that we would declare minimum fuel at 1;800 LBS. When 1;800 LBS came up we declared minimum fuel to ATC which was [on] approach. My First Officer and I then talked about when we would have to declare an emergency with the fuel issue we where having. We decided that we would declare an emergency when our fuel was going to be 1;700 LBS or less. We where on an extended downwind for Runway 27 and we decided to land on 27R because the winds where 290 at 15 gusting to 29 KTS. We were at flaps 20 degrees on downwind and airspeed at 170 KTS. We turned base to final and because of the pitch of the aircraft at flaps 20 degrees and glideslope captured our fuel gauges where indicating 1;500 LBS of fuel on board. We decided to declare an emergency at that point on final to Runway 27. There where a lot of factors that where running through our minds at that time we decided on declaring an emergency with the fuel gauges indicating 1;500 LBS. Those thoughts where [because] I know the fuel indications are not accurate due to the pitch of the aircraft so I could have less fuel in the tanks than 1;500 LBS and there is an aircraft that is landing before us and whether they will clear the runway in time for us to land and what if we have a flap failure greater than 30 degrees and if we had to go-around for any reason. [Would] we have enough fuel to do a tight traffic pattern and come back? These thoughts that we where thinking helped us decide when we thought it would be safe to declare an emergency. We landed the aircraft safely with no injuries and we taxied into the gate with 1;400 LBS on board. One of the gauges [was] reading less than 1;500 LBS of fuel with the pitch nose down of the aircraft was correct in that sense. I do realize it is the Company's policy to have to declare an emergency at 1;000 LBS of fuel remaining. However; that makes me feel uncomfortable having fuel that low and waiting to declare an emergency that late. I believe; and my past experience is that if you feel like you need to declare an emergency do it. If you can declare it a little bit earlier than 1;000 LBS of fuel remaining ATC can have some more time to help you out and give you some options in helping you fly the aircraft and getting to the runway safely. At a low fuel situation my main concern is getting that plane on the runway as soon as possible and safely as possible and allowing a little more time for us to use all of our CRM to get ushome safely. We really need to look at this fuel issue. I have talked and heard from many pilots both new and experienced  about this fuel issue our airline has been dealing with. Believe me I love to save fuel and money and keeping our airline competitive in the industry but I think we are really bypassing our look on safety here. Many pilots are not comfortable with this fuel issue. When flight crews are scared of coming into airports with 1;350 LBS of fuel remaining or even more than 1;400 LBS that is not a good thing to be putting on our pilots shoulders. I know it works out on paperwork and graphs and computers but our main objective is not just getting passengers to their destination but to do it safely and being able to have enough fuel for ANY situation that can come up. That's what we stand for is SAFETY. Not putting the fact of saving dollars in front of safety. The pilot group is all saying nothing is going to happen to improve this until an airplane goes down because of this fuel savings that we are doing. It hurts me to hear this from everyone but that's how everyone feels. We are now unable to run a Flap Failure Checklist if flaps fail greater than 30 degrees in time with 1;700 LBS of fuel remaining. We are being told in training that at flaps failed at 45 degrees and 1;700 LBS of fuel remaining we only have 14 minutes to get the aircraft on the ground. We have seen from real situations like this that it takes a crew 20 minutes to 23 minutes to run the QRH for a flap failure. Look; we are unable to complete the QRH within 14 minutes and fly the aircraft and land it safely. We have to correct this. We have to have more fuel on board so we do not have to rush through a checklist and be able to complete it. This is a major safety issue that we needs to [be] corrected soon. We need to get back to focusing on safety and I believe we are loosing that.",,,,"A CRJ-200 received delaying vectors enroute to allow faster aircraft into the destination airport and so the crew declared an emergency with Approach Control because at 1;500 LBS any further delay could be disastrous.",
1155850,201403,1201-1800,ZMP.ARTCC,MN,,,,,,,,,Daylight,,,Center ZMP,Air Carrier,Medium Transport; Low Wing; 2 Turbojet Eng,,2,Part 121,IFR,Passenger,FMS Or FMC,Taxi,None,,,,,,,,,,,,,,,,,,,,,,,,,,,,,,,,,,,,,,,,,,,,,,,,,,,,,,,,,,,,,,,,Facility ZMP.ARTCC,,Government,Enroute,Air Traffic Control Fully Certified,Air Traffic Control Time Certified In Pos 1 (yrs) 8,,Time Pressure; Distraction,,,1155850,,,,,,,,,,,,ATC Issue All Types; Deviation / Discrepancy - Procedural Published Material / Policy; Deviation / Discrepancy - Procedural FAR; Inflight Event / Encounter Fuel Issue,,,Person Air Traffic Control; Person Flight Crew,Aircraft In Service At Gate; In-flight,Air Traffic Control Provided Assistance; Flight Crew Requested ATC Assistance / Clarification,Procedure; Company Policy,Company Policy,"While working ESP position in TMU; RST Tower called for release of an air carrier from RST to large capacity airport for enroute spacing. I gave RST Tower a 17 minute delay on this aircraft due to volume in the overhead stream already in line for the large capacity airport. Five minutes later; RST Tower calls back stating that air carrier needed to leave as soon as possible to prevent a minimum fuel situation. I told RST that the air carrier was released as soon as necessary; and attempted to make room in the overhead stream. This involved calling the operations area working the overhead stream and asking them to make a gap very close to ZAU boundary. We ended up not being able to make an appropriate gap; and called ZAU TMU to tell them the situation. They were okay with what we had done; and subsequently slowed the air carrier down significantly to accomplish their required spacing. ZAU called back about 12 minutes later and stated that the air carrier declared minimum fuel with a sector in ZAU. This situation caused a great deal of work to remedy the situation; and could have led to errors in an attempt to accommodate an aircraft declaring minimum fuel. I request that this report be shared with the air carrier's Safety program; if in existence. An aircraft that has not even left their departure airport should not be considering minimum fuel before they have even left the ground. Especially with a flight scheduled into a busy terminal such as this large capacity airport; the airline should be planning ahead; and be better prepared to accept delays. I believe the flight crew also needs to prepare better; and review the fuel load a bit more carefully. On future occurrences; I believe I will tell RST Tower; or any other Tower that may call with a similar request; the release time is firm; and if the aircraft is minimum fuel before even leaving the departure airport; then the crew needs to return to the gate to add fuel. There is no valid excuse for leaving an airport with barely enough fuel to safely arrive at their destination; especially into a busy airport that frequently sees a great deal of volume and delays may be expected. I believe this is becoming a systemic problem with some airlines; as this is not the first time this similar event has happened.",,,,"Air carrier advised ATC that they needed to depart ASAP to prevent minimum fuel upon arrival at their destination. TMU released the aircraft and coordinated the arrival to the destination where flight declared minimum fuel.",
1160126,201403,1201-1800,ZZZ.TRACON,US,,,,2000,,,,,,,,TRACON ZZZ,,Cessna Stationair/Turbo Stationair 6,,,,IFR,,,Descent,Vectors,Class C ZZZ,,,,,,,,,,,,,,,,,,,,,,,,,,,,,,,,,,,,,,,,,,,,,,,,,,,,,,,,,,,,,,,Facility ZZZ.TRACON,,Government,Approach,Air Traffic Control Fully Certified,,,Other / Unknown,,,1160126,,,,,,,,,,,,ATC Issue All Types; Deviation / Discrepancy - Procedural Published Material / Policy; Inflight Event / Encounter Fuel Issue,,,Person Air Traffic Control; Person Flight Crew,In-flight,Air Traffic Control Provided Assistance; Air Traffic Control Issued New Clearance; Flight Crew Requested ATC Assistance / Clarification,Airspace Structure; Procedure; Human Factors; Airport; ATC Equipment / Nav Facility / Buildings,Ambiguous,"The C206 was a ZZZ arrival from the south.  During this time our primary runway was out of service.  The only runway we had intersected with ZZZ1 final.  During the time leading up to the C206 arriving we were extremely busy trying to interweave the final between ZZZ1 and ZZZ and as a result many aircraft were holding both in ZZZ2's airspace as well as our airspace.  As soon as I had control of the C206 from the previous sector I vectored him to the northeast to join the downwind and he acknowledged and told me he had 13 minutes of fuel left.  This was his first mention of low fuel.  At this time we currently had at least two other minimum fuel; possibly emergency fuel aircraft at the time already and from his point it was likely he would not have enough fuel to make it to ZZZ. I explained to him I was going to vector him to ZZZ3 and asked if he had the approach plates.  Both of his responses were vague; I believe due to language barrier; but he complied with the vector so I just read him the approach plate information slowly to him.  At one point I resorted to giving him the localizer frequency in Spanish to which he finally read the frequency back correctly.  He initially went through the localizer and was not stabilized but at this point he only had approximately 5 minutes of fuel and I elected to continue vectoring him as close to the localizer final as possible. I descended him to the MVA and once he was on the localizer he continued to descend below his assigned altitude.  As the low altitude alarm went off I looked at the approach plate to see what altitude he needed to be at but almost immediately he reported the field in sight.  I cleared him for a visual approach; cleared him to land; and switched him to ZZZ3 Tower.  He landed safely with from what I can only assume; less than 3 minutes of fuel based on the information he initially gave me. This whole operation could have been handled better; and more safely if we had known the aircraft was low on fuel; at the point he told me he had 13 minutes of fuel I declared him an emergency myself and did everything I could to get him pointed at the closest usable runway to give him a fighting chance of making an airport. Unfortunately aircraft dangerously low on fuel has been normal for aircraft arriving ZZZ airspace in the last two weeks due to our primary runway being out of service.  Mostly due to the wind favored runway intersecting with another busy airport's final creating a VERY complex situation.  This could be mitigated if we at least could use the ILS to the closed runway and then sidestep to our smaller parallel runway and then circle others to the primary runway.  This would prevent the finals from mixing with ZZZ1.  The 7110.65 specifically states we can still use an approach to a closed runway if not having it would adversely affect the operation.  I believe I speak on behalf of the entire facility; not having that ILS has created an adverse affect on not only us; but all of the users as well.  Tech Ops turned off that ILS when the runway was closed and claim it's mandatory to be turned off for the closure and thus far have not turned it back on.",,,,"ZZZ Approach Controller describes a low fuel emergency caused by delays due to runway construction and the inability to use the localizer to the closed runway with a side step maneuver to the right runway due to interpretation of 7110.65 rules.",
1168896,201405,1201-1800,ZJX.ARTCC,FL,,,,20000,,,,,,,,Center ZJX,Military,Fighter,,1,Part 91,,,,Cruise,,Class A ZJX,,,,,,,,,,,,,,,,,,,,,,,,,,,,Center ZJX,Military,Fighter,,1,Part 91,IFR,,,Cruise,,Class A ZJX,,,,,,,,,,,,,,,,,,,,,,,,Facility ZJX.ARTCC,,Government,Enroute,Air Traffic Control Developmental,,,Confusion; Communication Breakdown,Party1 ATC; Party2 ATC; Party2 Flight Crew,,1168896,,,,,,,,,,,,ATC Issue All Types; Conflict Airborne Conflict; Deviation / Discrepancy - Procedural Clearance; Deviation / Discrepancy - Procedural Published Material / Policy,,,Person Flight Crew,In-flight,Air Traffic Control Provided Assistance; Air Traffic Control Separated Traffic; Flight Crew Requested ATC Assistance / Clarification; Flight Crew Returned To Clearance,Procedure; Airspace Structure; Human Factors,Procedure,"Two groups of fighters were returning from SSC Approach after working in Double-Shot airspace (w177).  The first was Aircraft X; a group of 2 fighters; and the second was Aircraft Y; another group of 2 fighters; though their flight plan reflected 4.  Double Shot called me upon flashing them to me to inform me that Aircraft X and Aircraft Y were joining up as one flight; and that Aircraft X was the new lead; and they were a combined flight of 4; climbing to FL200.  I was also told they were minimum fuel.  Not wanting to give a minimum fuel aircraft an undue delay; I called them Radar Contact; and took the data blocks.  When they checked on; however; they informed us that they had not been cleared as a single flight; with them only having approximately 3.5 miles of lateral separation at the same altitude on the same heading.  They also informed us they were two separate flights of 2.  We proceeded to treat them as separate flights; re-established separation; and worked them in as two separate flights from that point on.  All of this happened with relatively high volume; and quite high complexity traffic situations were developing elsewhere; and served as an unnecessary distraction for our sector integrity that could have been easily avoided if Double Shot had completed formation join up prior to handing us the aircraft.Have military controllers understand that we cannot accept aircraft that have not been given a clearance to join up as a formation or declared MARSA with less than standard separation; and to ensure that what their coordination accurately reflects the aircraft in question's status.",,,,"ZJX Controller describes situation where coordination between ATC facilities is not correct and finds this out from the pilot while exiting a warning area.",
1188425,201407,1201-1800,ZMA.ARTCC,FL,,,,,,,,,Daylight,,,Center ZMA,Air Carrier,Medium Transport; Low Wing; 2 Turbojet Eng,,2,Part 121,IFR,Passenger,,Cruise,,Class A ZMA,,,,,,,,,,,,,,,,,,,,,,,,,,,,Center ZMA,Air Carrier,Medium Transport; Low Wing; 2 Turbojet Eng,,2,Part 121,IFR,Passenger,,Cruise,,Class A ZMA,,,,,,,,,,,,,,,,,,,,,,,,Facility ZMA.ARTCC,,Government,Handoff / Assist; Enroute,Air Traffic Control Fully Certified,Air Traffic Control Time Certified In Pos 1 (yrs) 15,,Workload; Communication Breakdown; Confusion; Distraction,Party1 ATC; Party2 ATC,,1188425,Facility ZMA.ARTCC,,Government,Enroute; Handoff / Assist,Air Traffic Control Fully Certified,Air Traffic Control Time Certified In Pos 1 (yrs) 4,,Workload; Distraction; Confusion; Communication Breakdown,Party1 ATC; Party2 ATC,,1188476,ATC Issue All Types; Airspace Violation All Types; Conflict Airborne Conflict; Deviation - Track / Heading All Types; Deviation / Discrepancy - Procedural Published Material / Policy; Inflight Event / Encounter Weather / Turbulence,,,Person Air Traffic Control,In-flight,Air Traffic Control Separated Traffic; Air Traffic Control Provided Assistance,Weather; Procedure; Airspace Structure; ATC Equipment / Nav Facility / Buildings,Weather,"I was assigned D62.  The Controller that I relieved was extremely busy.  The sector was RED (approximately 30 aircraft).  There was numerous TMI's in place and the normal high weekend volume.  The strip processing was just unmanageable.  Since ZMA turned on ERAM the strip printing; in most ocean sectors; has doubled or tripled in the amount of strips that all personnel are required to sort through and eliminate unnecessary strips.  This process created a real problem for the safe operation of the sector.My time was spent going through strips and answering that line with MDSD to take estimates.  There were so many strips and landline calls that there were periods where I could not monitor the frequencies for 5 minutes of more.  The R62 Controller was basically left to do his own manual radar handoffs; coordinate any amendments; and work the traffic in a RED sector.  The sector could not be split.  Later I had to ask for an A-side to pull strips.This issue; along with other Ocean Area issues; was brought up to the facility ERAM team over 3 years ago.  Also an email was sent to the ATM within the last two weeks describing the problem and asking why there is a problem.  If ERAM was to have mirrored NAS than our mirror is broken.  We are getting more strips than we ever need.  Over certain fixes we sometimes get anywhere from 8 to 20 strips on the same aircraft.  ERAM needs to be fixed before we have a serious situation.  Fix ERAM.",,"I was assigned tracker position at Sector 60.  We had 15 miles in trail to Miami; weather deviations; and the sector was red due to volume.  When I first came to the sector; the Controller just wanted an extra set of eyes and so I did not take any control functions and let him work.  I watched for traffic and assisted with some coordination.  The Controller had assigned speeds to several aircraft proceeding to Miami in attempt to get the 15 miles in trail.  As a group of aircraft were getting closer to the Sector 40 boundary; the Controller attempted to issue headings to fan out the aircraft and get the 15 miles in trail necessary. At this point the aircraft were unable to fly the assigned headings and were all proceeding through the same break in the weather. The previous aircraft had been able to proceed on the same route with minor deviations so this development was unexpected.  This set of aircraft was approaching the boundary without the necessary spacing as the aircraft were unable to fly the assigned headings for weather. The controller assigned northerly headings to the aircraft as the broke through the line of weather; but the aircraft were approaching the boundary to Sector 40.  The controller then attempted to clear two aircraft over ZFP to relieve some volume; but both aircraft said if they flew to ZFP they would be minimum fuel.  These two aircraft were Aircraft X and Aircraft Y.  The Controller cleared those two aircraft back to FLIPR and we were going to take other aircraft over ZFP.  Aircraft X never was handed off to Sector 40 and communications were never transferred.  They had received a point out of all the aircraft on their boundary that were flying north towards ZFP.  Additionally Sector 40 shut down at this point due to saturation and was unable to accept any more aircraft.  All aircraft had to be routed north through Sector 59. I would recommend set procedures for tracking.  I feel it would have helped if the Controller was just talking to aircraft while the tracker is handling hand offs and coordination instead of just being an extra set of eyes.  I would also recommend flow on aircraft in similar situations to be over ZFP or MTH to alleviate some of the workload to get all the in trail at Sector 60.  It was not feasible to get 15 miles in trail when 6 aircraft were within 40 miles; and weather would not allow the aircraft to accept turns for spacing.  If flow would have been established earlier it would have taken at least 3 or 4 aircraft out of the equation and the situation would have been much less complex.",,"Multiple reports from ZMA that discuss an overabundance of aircraft; weather; and not enough airspace.  ERAM Computer continually sends out updated information that burdens one Controller while they should have been helping the Radar Controller with traffic.  Reporters describe conflicts and airspace violations within the multiple reports.",
1200366,201409,1801-2400,ZAU.ARTCC,IL,,,,,,,,,Daylight,,,Center ZAU,,Light Transport; Low Wing; 2 Turbojet Eng,,2,,IFR,,,Cruise,,Class A ZAU,,,,,,,,,,,,,,,,,,,,,,,,,,,,,,,,,,,,,,,,,,,,,,,,,,,,,,,,,,,,,,,Aircraft X,,,Pilot Not Flying; Captain,Flight Crew Air Transport Pilot (ATP),,,Situational Awareness; Troubleshooting; Communication Breakdown; Confusion,Party1 ATC; Party2 Flight Crew,,1200366,,,,,,,,,,,,ATC Issue All Types; Aircraft Equipment Problem Less Severe; Deviation / Discrepancy - Procedural Published Material / Policy; Inflight Event / Encounter Fuel Issue,,,Person Flight Crew,In-flight,Air Traffic Control Provided Assistance; Flight Crew Returned To Clearance,Aircraft; Human Factors,Aircraft,"During our climb to cruise altitude from KSAT we received a 'Bleed Duct' warning message; we complied with the QRH procedure; recalculated the fuel for the new cruise altitude and relayed the information to our dispatcher; we informed Houston Center of the problem and requested to stop climb at FL250 for our final altitude per the QRH.  KDTW weather was good VFR; however our dispatcher included some hold fuel and extra fuel which helped with the higher fuel burn rate at FL250.  We were flying ECON SPEED the whole way and monitoring our fuel; RSV fuel on the release was 2274; the MFD's FRMNG at destination indicated landing with 2830.  When we entered the Chicago Center Sector near FWA the controller assigned a speed of 300 kts; I told him the best I can give him was 280 kts; he asked 'Why?' so I explained briefly our situation without congesting the frequency; he asked us if we were declaring Minimum Fuel to which I replied no.  He insisted on 300 kts and again I tried to explain that I can give him 280 kts; at this point he gave us a phone number to contact after we land. We switched to the next Chicago Center Controller Frequency 119.85 he assigned us 300 kts again; I requested to maintain 280 kts to which he replied '300 kts or 360 degree turns'.  We increased our speed to 300 kts; having flown through this sector regularly I knew I will be switching to Cleveland Center in less than 5 minutes.  As soon as we switched to Cleveland Center we were assigned 280 kts; traffic was light in KDTW we were assigned a short approach and landed with 3000 lbs of fuel.  After landing I spoke with the Chicago Center Manager.  I explained to him in detail our situation and expressed my concerns about the controller working 119.85; he stated that he had already briefed him about not handling the situation in a professional manner before I called.   Bleed Air problem that caused us to fly at a lower altitude and burn much more fuel than initially planned.  A center controller that did not understand our fuel situation; and why we needed to fly slower to conserve fuel.We always try to accommodate ATC requests; speed adjustments or otherwise; however in this case conserving fuel to the extent possible was a safety priority.  We closely monitored our fuel en-route and flew ECON SPEED while assessing any changes to conserve fuel and stay as close to fuel schedule as possible.  If we didn't monitor our fuel closely we would have needed to stop somewhere short of destination for fuel or burn into our reserve fuel; while it is not illegal to declare min fuel and continue to destination; it is safer and a better practice to monitor and conserve fuel to stay on planned fuel schedule.",,,,"Pilot reports of a fuel problem and the need to fly at a slower speed than normal.  ZAU Controller tells pilot to increase speed; pilot does as requested.",
1228037,201412,0601-1200,ZMA.ARTCC,FL,,,,24000,,IMC,,,Daylight,,,Center ZMA; TRACON PBI,Fractional,Medium Transport; Low Wing; 2 Turbojet Eng,,2,Part 135,IFR,,FMS Or FMC,Descent,STAR FRWAY5,Class A ZMA,,,,,,,,,,,,,,,,,,,,,,,,,,,,,,,,,,,,,,,,,,,,,,,,,,,,,,,,,,,,,,,Aircraft X,Flight Deck,Fractional,Pilot Not Flying; Captain,Flight Crew Air Transport Pilot (ATP),,,Workload; Situational Awareness; Distraction; Communication Breakdown; Confusion,Party1 ATC; Party2 Flight Crew,,1228037,,,,,,,,,,,,ATC Issue All Types; Inflight Event / Encounter Fuel Issue,,,Person Flight Crew,In-flight,Air Traffic Control Provided Assistance; Flight Crew Returned To Clearance,Human Factors; Procedure,Human Factors,"We departed for PBI after a one hour ground delay due to an EDCT because of traffic saturation in the south Florida area.  The incident occurred during descent into the PBI area while on the Freeway 5 Arrival.  We were on Miami Center frequency when given a descent to FL240 and we complied.  This controller then handed us off to the next Miami Center controller and also the final Center controller on the FRWAY5 (STAR).  This controller was completely task saturated and overwhelmed by the number aircraft on the frequency.  We tried numerous times to check in and when communications were finally established we asked for a lower altitude because we were approaching the CHADO intersection which has an expected crossing altitude of 10;000 feet.  I continually asked for lower with no avail until we reached our clearance limit of PBI.  I announced we were at our clearance limit and this controller turned us back to previous frequency.  We were clearly lost in the volume of traffic this controller was handling. I checked back in with previous frequency and that controller told us to turn right to TRV VOR and hold as published until he could work us back into the line to PBI. I then informed the controller that our fuel situation was approaching critical and no delay to PBI was needed.  The controller then worked it out to get us to PBI with no delay and began to descend us in.  The controller on this frequency then handed us back off to the saturated controller where again he/she did not have an idea of our destination until we informed him/her that we were going to PBI.  He/She gave us a descent instruction and handed us off to PBI approach.  PBI approach thought we were a diversion or emergency aircraft but I informed him that the center kept us high.  Approach then gave us a vector and told us we were going to end of the line and that is when myself and my SIC decided that our fuel situation would preclude this and declared minimum fuel.  We were then vectored in for the ILS 10L and landed without incident or questioning. The one controller was completely task saturated and no other aircraft should have been sent into that sector until he/she was able to safely and effectively handle them.  We established communications but the crowding of the frequency and high volume of airplanes caused this controller to lose track.  He/She sent us to the previous controller who was tasked with handling us and he was saturated adding to his workload.  At the very least there should have been holding or an extension of the ground delay program. As for myself I could have been more proactive by calling Center frequency on COMM 2 and alerting him that the controller on previous frequency was not responding.  I did not do this because I had established communications with Center frequency.  This situation really comes down to an area of overcrowded airspace and the need for a better plan during times of such volume.",,,,"Pilot reports of being handed off to a Controller that was task saturated and overwhelmed by the number of aircraft they had. Pilot was returned to previous frequency; then shipped to task saturated Controller a little later. Pilot had to declare minimum fuel to get into the arrival sequence.",
1235511,201501,0601-1200,ZZZ.ARTCC,US,,,,,,VMC,,Temperature - Extreme,Daylight,,,Center ZZZ,Air Carrier,EMB ERJ 140 ER/LR,,2,Part 91,IFR,Ferry / Re-Positioning,,Cruise,,Class A ZZZ,,,,,,,,,,,,,,,,,,,,,,,,,,,,,,,,,,,,,,,,,,,,,,,,,,,,,,,,,,,,,,,Aircraft X,Flight Deck,Air Carrier,Captain; Pilot Flying,Flight Crew Air Transport Pilot (ATP),,,Workload; Situational Awareness; Communication Breakdown,Party1 Flight Crew; Party2 Dispatch,,1235511,,,,,,,,,,,,ATC Issue All Types; Deviation / Discrepancy - Procedural Published Material / Policy; Inflight Event / Encounter Fuel Issue,,,Person Flight Crew,In-flight,Flight Crew Landed in Emergency Condition; Flight Crew Requested ATC Assistance / Clarification,Weather; Company Policy; Procedure,Company Policy,"We were asked to reposition an aircraft. There were many events leading up to a Minimum Fuel Emergency. My original First Officer (FO) called off sick. After a second FO was assigned to the trip we needed to make our way from the terminal to the maintenance hangar. When we arrived at the hangar the aircraft was not ready to fly. During the preflight we found multiple discrepancies. Cracked taxi lights; zero fuel in the left tank; 500 LBS fuel in the right tank. Our oxygen bottle had 130 PSI. The plane was covered with snow and ice. Our original flight plan called for release fuel 7200 with min takeoff fuel 6700. That would allow us 2100 planned arrival fuel. The above discrepancies and the late arrival of fuel put us three hours behind schedule. During this period of time dispatch did an amendment to the release; but failed to inform us of the change. We deiced the plane and departed with 6800 LBS fuel on board. We were calculating fuel throughout the flight. Over our midpoint we calculated we would have enough fuel to land in our destination. To ensure we did not encounter any delays to the airport we [advised low fuel] with Center. However; Center did not pass on to Approach our [situation]. They only informed Approach control we were minimum fuel. There was a military C130 in the pattern. We were given a vector for traffic which we denied and again informed Approach control of [our fuel situation]. At that time the aircraft was vectored away from the runway. We landed with approximately 650 LBS per side. The aircraft was undamaged and no crew members were hurt.Amended release with an increased fuel load was not communicated to the crew. We need better communication between dispatch and aircrew.",,,,"Dispatch did not inform an EMB-145 crew about decreased fuel requirement during an extended preflight and the crew had to advise low fuel with ATC because total landing fuel was about 1;300 LBS.",
1247654,201503,1201-1800,ZZZ.Airport,US,,,700,,,VMC,,,,,,,Air Carrier,Large Transport,,,Part 121,IFR,,,,,,,,,,,,,,,,,,,,,,,,,,,,,,,,,,,,,,,,,,,,,,,,,,,,,,,,,,,,,,,,,,,,Aircraft X,Flight Deck,Air Carrier,Pilot Not Flying; First Officer,,Flight Crew Last 90 Days 210; Flight Crew Total 9400; Flight Crew Type 860,,,,,1247654,Aircraft X,Flight Deck,Air Carrier,Pilot Flying; Captain,,Flight Crew Last 90 Days 260; Flight Crew Total 26000; Flight Crew Type 600,,Situational Awareness; Communication Breakdown,Party1 Flight Crew,,1247684,ATC Issue All Types; Deviation / Discrepancy - Procedural Published Material / Policy; Inflight Event / Encounter Fuel Issue; Inflight Event / Encounter Weather / Turbulence,,,Person Flight Crew,In-flight,Flight Crew Executed Go Around / Missed Approach,Airport; Weather; Procedure,Procedure,"On our first approach; we conducted the visual approach to runway XX; while we are on the base portion about to turn final; Tower told us to turn left and enter a 4 mile final; and we queried to make sure that they wanted us to turn left. They confirmed. We were hearing tower talk to a truck (ops) on the runway asking them how long it was going to take to remove the debris from the runway. We then heard them tell two aircraft in front of us to go around. We turned final and then talked about expecting a go around. When we were approximately 800 feet we were told to go around. We executed a go around and noticed we had 6;000 lbs of fuel on board. Captain and I agreed that we were minimum fuel and I told approach. We then got a few vectors around and then vectored for the visual approach again. As we were vectoring towards ZZZ; I messaged Dispatch and told them we went around and are trying again; 6;000 lbs of fuel on board and where did they want us to go if it didn't work out a second time. Dispatch replied back with ZZZ1 1;200 lb burn or ZZZ2 1;400 lb burn. The Captain and I agreed that ZZZ1 will be the better choice due to the winds and less Burn. We decided ahead of time that if we go around again; we will be at [low] fuel to make it to ZZZ1 and probably have to land under 3;000 lbs by the time we got to ZZZ1. I did a quick call to the Flight Attendant (FA) and told them we were still going to [intended destination]. We conducted another full visual approach; and as we were turning final approach; tower told us to go back out and join a 4 mile final. We decided that we were unable to do that safely because we were almost on final course and it would have caused us to do a big 360 at a thousand feet in that tight area. So we said unable.  After I said 'unable'; tower said 'roger'; and cleared an aircraft to take off.  I then saw an aircraft rolling down the runway; then when we were about 700 ft; Tower cleared Aircraft X to takeoff and they began pulling onto the runway. This is when we got frustrated because if they had just let us land the Aircraft X could have taken off right after we pulled off the runway. For some reason it was more important to get them to take off than it was for us to land in a min fuel situation; after a go around. I asked the tower 'are you really going to clear someone to take off right now?' and tower then cancelled the Aircraft X's takeoff roll and told us to go around. As we were going around I said roger we are now [low] fuel. After we climbed to 2;000 feet; I said we are [low] fuel; then tower started vectoring other aircraft around and clearing someone to take off. I felt that our point was not getting through to the tower; so we decided to get their attention and say what the First Officer Monitoring (FOM) ([low] fuel) communication of mayday mayday mayday; aircraft X is [low] fuel and we need to land at ZZZ1 or ZZZ immediately. (Thinking that we may have to go to ZZZ1. ) Then we got priority handling and were told they were going to get us on the ground immediately in ZZZ. We decided that that would work; and they gave us a immediate downwind visual to Runway XX. We landed and taxied to the gate. As soon as the main cabin door opened up; we got a visit from two management pilots to talk about what happened.",,"Enroute ATIS showed very strong winds. We asked Dispatch if we could expect delay vectors and/or holding and he said it was possible. We evaluated our fuel and decided that ZZZ provided the closest opportunity and its Runway 31 aligned with the strong winds. After contacting Approach we were vectored with minor delays and felt that a divert wasn't likely. We planned and briefed the Visual landing with all considerations.During the first approach ATC requested that we turn east bound prior to final in an attempt to extend final for a vehicle on the runway. We complied. At approximately 500 Feet AGL on final ATC directed a go around. During the go-around I instructed my First Officer (FO) to declare [low] fuel and ask when we could expect that the runway would open. Tower stated that he wasn't sure and we told him we would be diverting and would get back with him momentarily with a divert airport. Tower shortly came back to us informing us that the runway was open. My FO pointed out a small aircraft at the midway point of the runway and stated that Takeoff should be ok. We both then realized that Aircraft X was taking the runway and we would most likely have to go around. At approximately 500 feet AGL Tower cancelled takeoff clearance for Aircraft X and directed us to go around.During the go around I directed my FO to request immediate vectors to ZZZ. He did so and received no response. He made the same request a second time with no response. He followed the lack of response with a 'Mayday' call and they finally responded. Tower stated that we could land on Runway XY if we wanted but we said we were unable due to winds. He then said he had the pattern clear and we could fly a visual pattern for landing [Runway XX]. I discussed the options of Runway XX with my FO and we both agreed that the winds during the previous attempts were acceptable and safe and we accepted a visual for Runway XX. Our third attempt was uneventful and we taxied to the gate.Our first approach was initiated with an FMC landing fuel estimate of approximately 6;500lbs. Our second attempt had an FMC landing fuel estimate of approximately 5;000lbs. We realized a second go around would have resulted in a landing at ZZZ of approximately 3;500lbs and the reason for the '[low] Fuel' declaration during the second go around.",,"Air Carrier flight crew and the Dispatcher involved report two go-arounds from the visual approach with the airport landing a single westbound runway due to strong gusty winds. Minimum fuel is declared after the first go-around due an airport vehicle on the runway clearing FOD and low fuel is declared after the second due to the Tower clearing Aircraft X to takeoff with insufficient spacing. A visual pattern is flown for the third attempt successfully.",
1252377,201504,1201-1800,ZZZ.Airport,us,,,,,,IMC,0.25,,Daylight,200,,Center ZZZ,Air Carrier,B737-700,,2,Part 121,IFR,Passenger,,Final Approach; Initial Approach,,Class B ZZZ,,,,,,,,,,,,,,,,,,,,,,,,,,,,,,,,,,,,,,,,,,,,,,,,,,,,,,,,,,,,,,,Aircraft X,Flight Deck,Air Carrier,Captain; Pilot Not Flying,Flight Crew Air Transport Pilot (ATP),Flight Crew Last 90 Days 233,,Communication Breakdown; Confusion; Situational Awareness; Workload,Party1 Flight Crew; Party2 Dispatch,,1252377,Aircraft X,Flight Deck,Air Carrier,First Officer; Pilot Flying,,Flight Crew Last 90 Days 217,,Workload; Communication Breakdown; Confusion; Distraction,Party1 Flight Crew; Party2 Dispatch,,1252401,ATC Issue All Types; Deviation / Discrepancy - Procedural Published Material / Policy; Inflight Event / Encounter Fuel Issue; Inflight Event / Encounter Weather / Turbulence,,,Person Flight Crew; Person Dispatch,In-flight,Air Traffic Control Issued New Clearance; Flight Crew Diverted; Flight Crew Became Reoriented; Flight Crew Took Evasive Action; Flight Crew Executed Go Around / Missed Approach,Weather; Procedure; Company Policy,Ambiguous,"During descent to Airport ZZZ; weather was reported as 200 OVC 1/4 mile visibility. NOTAMS indicated TDZ RVR OTS. Crew discussed CAT I minimums and the fact that there was no mid RVR but rollout RVR was reporting between 1800-2200 RVR at various checks. Captain was Pilot Monitoring (PM)/ First Officer was Pilot Flying (PF).  Late in descent; Dispatch sent a message that other aircraft had not gotten in; but were trying again. They also changed our alternate from ZZZ1 to ZZZ2 and we did not receive fuel plan of 3;700 pounds burn until below 5000 feet. We had sufficient fuel to fly the approach; missed approach and divert and arrive at ZZZ2 with 5;000 pounds. Approach was stable; the missed was well flown and ATC coordinated divert. Low altitude easterly profile awaiting climb clearance; strong headwinds enroute; along with cruise altitude hold down due to moderate turbulence all contributed to higher than planned fuel burn. Plus ZZZ2 was in single runway operations to Runway XY. Enroute we requested ATC shortcuts; and advised Center that we would be minimum fuel by the time we got to Approach. Our projected on deck fuel was now 4;300 pounds. When [Approach] asked us to descend to 3000 feet; vector off course and slow to 170 knots while we were still 22 miles from the field; I [notified ATC of our low] fuel to expedite handling. They cleared us to land and we were on deck with 4;300 pounds.Forecast visibility would have been suitable for the approach but with TDZ RVR OTS; Crews were left few options.  The late change in alternate compounded late arrival flight deck tasks. Dispatch comments regarding other Company aircraft attempting the approach gave Crew mixed signals. A review of airport configuration when no mid RVR is available.",,"Weather was forecast to be IFR but not near minimums. Alternate on release was Airport ZZZ1. At cruise we received word that weather was down to CAT I minimums. RVR 2800 V 4000. We elected to continue and to monitor the weather as it was above minimums and forecast to be better upon our arrival. Prior to descent the weather was now '' mile and RVR 2000; still above minimums of 1800. The ILS to Runway XY was planned and briefed based on similar weather. During descent we were informed by Dispatch that a Company aircraft had gone around at ZZZ and was going to try the approach again. This gave us the indication that they must have felt it was borderline to try another approach. We never heard back from Dispatch as to whether that aircraft diverted or not (they did). Dispatch did ask us to change our divert destination to ZZZ2. They gave us a fuel burn to ZZZ2 of 3;700 (vs 2;500 for ZZZ1). Our fuel state had us projected to be at the FAF with approximately 9;000 pounds of fuel. We accepted the new divert based on the 3;700. Also during the approach we were informed that the TDZ RVR at ZZZ was not working and that the Rollout RVR was the only available RVR for reporting. It was reporting 2000 RVR. Since ZZZ does not have a mid RVR we assumed that this would be adequate to shoot the approach; however; the FOM does not address this issue. Only that the mid can be substituted for TDZ for CAT I Approaches. It is not clear what to do if the airport does not have a mid to substitute. The resulting approach was uneventful and stable and we went missed approach at the DH as we never broke out. The go-around and re-filing with ATC were fairly uneventful; however; the standard routing to the southwest was used which has you climb due east and cruise at 8000 feet to 10;000 feet MSL for approximately 20 miles before turning towards the destination. As we climbed up we were capped at FL300 due to traffic. Our fuel projection showed 4;700 at ZZZ2. Despite our best efforts to shorten the distance flown and stress our lower than normal fuel state we were continuing to drive our fuel state at ZZZ2 down to the low 4;000 range (from 4;100 to 4;300). There was a 50-60 knot headwind on the arrival even down as low as 10;000 feet MSL and were not sure if Dispatch's 3;700 fuel estimate took that into account. During approach maneuvering with Approach we explained our fuel state and were told we were number one for the runway at approximately 30 miles out and sent direct to the field. When asked how much fuel we had in minutes we answered 'one hour' as at the time we had approximately 5;000 pounds of fuel on board. Soon thereafter (at approximately 20 miles out) we were then vectored off the direct course and told to descend and slow. At this point our fuel projection dropped below 4;000 at which time we [notified ATC of our low] fuel and were given priority handling and sent directly to the runway. We landed with 4;300 pounds of fuel and were asked to call Approach after we blocked in. The Captain called and talked to a Supervisor. I was not privy to the conversation other than that the 'one hour' estimate was confusing to them. Apparently they were satisfied with our explanation as to what happened.Better coordination with Dispatch on divert information and planning; we might have been able to make a quicker divert decision; had the projection for fuel burn been more accurate. We were never sent a divert plan ACARS from Dispatch. Just two messages one saying 'want to change divert to ZZZ1'; and; another a few minutes later saying 'fuel to ZZZ1 3;700.' Divert plan information should also include routing used and attitude we should plan for (conservative estimates of course). Also; if FOM prohibits shooting approach without the TDZ RVR at ZZZ; then this should be clearly stated somewhere so that both Dispatch and the Crew are aware and can plan accordingly.",,"A B737 crew executed a missed approach because of lowering visibility. Dispatch revised the alternate airport to further away but with sufficient fuel the crew headed toward it. Enroute higher than forecasted winds made alternate arrival fuel lower than forecasted.",
1252783,201504,1201-1800,ORD.Airport,IL,,,,,,VMC,,,,,,TRACON C90; Tower ORD,Air Carrier,Large Transport; Low Wing; 2 Turbojet Eng,,2,Part 121,IFR,Passenger,FMS Or FMC; Localizer/Glideslope/ILS Runway 28C,Initial Approach,,Class B ORD,,,,,,,,,,,,,,,,,,,,,,,,,,,,,,,,,,,,,,,,,,,,,,,,,,,,,,,,,,,,,,,Aircraft X,Flight Deck,Air Carrier,Captain; Pilot Not Flying,Flight Crew Air Transport Pilot (ATP),,,,,,1252783,,,,,,,,,,,,ATC Issue All Types; Deviation / Discrepancy - Procedural Published Material / Policy; Inflight Event / Encounter Weather / Turbulence; Inflight Event / Encounter Fuel Issue,,,Person Flight Crew,In-flight,General None Reported / Taken,Procedure,Procedure,"I had a situation with ORD ATC and felt compelled to share it as I believe it affects safety; specifically fuel planning and operational safety versus operational convenience. Normal flight; good weather - planned to arrive in ORD with 6350 LBS of fuel.  Actual arrival fuel would have been closer to 7000 LBS.  Forecast was for winds out of the east for most of the day.  On arrival winds were out of the east approaching a 10 KT tailwind for the west operation which was in effect.  Upon checking in with tower and receiving a landing clearance; the wind given by ATC was 070/12 which equates to an 11 KT tailwind.  With the winds exceeding the aircraft limitations I advised ATC that we would not be able to accept 28C for landing.  I was directed to go-around and contact approach.  After completing the go-around and a short exchange with approach I was advised the ORD was not going to 'turn the airport around' for me and that I should proceed to my alternate.  I advised ATC I had no alternate as none was required then or at the time of dispatch. At this time I was looking at about 5500 LBS of fuel and a destination airport off my left wing that would not allow me to land unless I was willing to exceed the aircraft limitations.  After unsuccessfully trying to reach dispatch through VHF over ORD dispatch frequency I obtained another wind report from ORD and the wind was 060/10 which is just below our limit and requested immediate vectors for 28C.  The rest of the flight was uneventful.  I declared minimum fuel during my second approach.  We arrived at the gate with 4300 LBS of fuel. 4300 LBS is about 30 minutes of fuel in the approach area.  Sometime shortly after my arrival; ORD 'turned the airport around' to an east flow.Although I believe the concerns require no explanation; I can't help but comment.  I understand the desire for a west operation in ORD.  I don't; however; understand how that is allowed to compromise safety and why ORD won't 'turn the airport around' until the pilots refuse to operate when I'm sure they are aware of our 10 KT limitation.  Is ATC there to enhance safety or to act as another obstacle?  When they continue a west landing operation with winds nearing aircraft limits without a plan; that seems reckless.  It appears they are hoping that either the winds won't exceed limits or that pilots will either willfully or ignorantly land/take-off anyway.  Hope is not plan.I can't help but reevaluate my planned arrival fuel going forward now knowing that ATC might not allow me to land at my destination airport unless I'm willing to exceed the aircraft limitations.",,,,"Air carrier Captain reported ORD can be reluctant to 'turn the airport around' to east arrivals; causing potential issues with tailwind limits.",
1254918,201504,1801-2400,ZZZ.Airport,US,,,,21000,,VMC,,,Night,,,,Air Carrier,EMB ERJ 170/175 ER/LR,,2,Part 121,IFR,Passenger,,Climb,,,,,,,,,,,,,,,,,,,,,,,,,,Pressurization Control System,,X,Failed,,,,,,,,,,,,,,,,,,,,,,,,,,,,,,,,,,,,Aircraft X,Flight Deck,Air Carrier,Captain; Pilot Not Flying,Flight Crew Air Transport Pilot (ATP),,,Situational Awareness,,,1254918,,,,,,,,,,,,ATC Issue All Types; Aircraft Equipment Problem Less Severe; Inflight Event / Encounter Fuel Issue,,,Automation Aircraft Other Automation; Person Flight Crew,In-flight,Flight Crew Requested ATC Assistance / Clarification; General Maintenance Action,Aircraft,Aircraft,"While climbing out around FL210 we got an EICAS message Presn Auto Fail. We requested to stop the climb at FL220.  I ran the associated QRH Procedure and was unable to reset the Auto Function.  A few minutes later we received the Presn Man Fail message as well. I ran the associated QRH Procedure and requested 10;000 FT from ATC. We descended quickly to 10;000 and the cabin never climbed above 8000 ft. I was able to raise Dispatch and after talking to Dispatch and Maintenance Control I elected to continue to destination at 10;000 FT with Pack 2 on and Pack 1 off.  The Cabin was fairly stable at about 5000 FT for most of our time at 10;000 but we were unable to control it and had the ability to turn off the packs if it went crazy.As we approached our destination; ATC tried to vector us out several times and I repeatedly told them we were tight on fuel.  We did not declare minimum fuel because we were still showing landing over 3000 LBS; but we wanted to know what their plan with us was so that we could continue to monitor our fuel situation.  The Packs were turned off as we descended from 10;000 FT and the approach and landing were uneventful except for the Cabin Temperature Rising.  I believe our companies Maintenance procedures of simply powering down the aircraft powering it back up and ops checking items is unwise. And this may have contributed to this failure.",,,,"ERJ170 Captain experiences a pressurization anomaly passing FL210 and stops at FL220 to perform QRH procedures. With Presn Auto Fail; manual is selected but also fails. The flight descends to 10;000 feet for the remainder of the flight to destination airport.",
1255378,201504,0001-0600,ZZZ.Airport,US,,,,,,VMC,,,,,,Tower ZZZ,Air Carrier,B737 Undifferentiated or Other Model,,2,Part 121,IFR,Passenger,,Initial Approach,Visual Approach,Class C ZZZ,,,,,,,,,,,,,,,,,,,,,,,,Oxygen System/Pax,,X,Malfunctioning,,,,,,,,,,,,,,,,,,,,,,,,,,,,,,,,,,,,Aircraft X,Flight Deck,Air Carrier,Captain; Pilot Not Flying,Flight Crew Air Transport Pilot (ATP),,,Situational Awareness,,,1255378,Aircraft X,Flight Deck,,Pilot Flying; First Officer,Flight Crew Air Transport Pilot (ATP),,,Situational Awareness,,,1255380,ATC Issue All Types; Aircraft Equipment Problem Less Severe; Deviation / Discrepancy - Procedural Published Material / Policy; Inflight Event / Encounter Fuel Issue,,,Person Flight Crew; Person Air Traffic Control,In-flight,Air Traffic Control Issued New Clearance; Flight Crew Executed Go Around / Missed Approach,Aircraft; Human Factors; Procedure,Ambiguous,"Oxygen masks drop on takeoff. Had to stay FL250 for the entire flight.   Got to destination with approximately 5.5 on the fuel. On a 2 mile final tower clear a Dash 8 for takeoff.  He wasn't that close to end of the runway when tower cleared him for takeoff.  By the time he got on the runway we were on a 1 mile final.  I made a comment to tower at about 200 feet this isn't good. Shortly after that he sent us around.  First off; tower made a gross error; and the Dash 8 pilot compounded towers mistake by not looking out the window.  On the go-around I told my first officer to angle to the south side off the runway to keep eyes on the Dash 8.  Tower instructed us to turn to 330; the First Officer looked down and said that's not a good idea; I looked out that side and the Dash 8 was almost at our altitude.   If we would have turned we would have had a midair collision.   I immediately told tower we were turning southwest. He said climb to 3;000 feet.  I looked down after clean up and saw 4;200 lbs of fuel.  I knew that was a little low due to our climb angle.   I declared [minimum] Fuel; I instructed approach to tell tower we cannot afford a go-around again.  Approach said he would shut the runway down for us.  We made a short approach to limit our fuel burn.  We were configured and on speed a 1;000 feet; and in the slot and on speed at 500 feet.  It was not unsafe however; it was expeditious. As we taxied the low level fuel light came on in the right wing tank.",,"As a secondary factor to this event; note that we flew the segment at FL250 due to a row of O2 masks that had deployed in flight. Having received a revised clearance; we reached destination with approximately 5;500 lbs. of fuel. During a stable approach; while we were on short final; a previously 'cleared for takeoff' aircraft took the runway and proceeded to takeoff. We executed a go-around and proceeded to return with minimum fuel. We executed a short approach and landed uneventfully. We arrived at the gate with approximately 4;000 lbs. of fuel. We arrived at the gate with a Low Fuel message on the Right fuel quantity indicator.The takeoff clearance seemed to be granted well in advance of the departing aircrew's readiness to execute the takeoff. Thus; when the flight crew taxied onto the runway; it was evident that separation was an issue to the Captain and I and I prepared to go around. I am curious if the departing flight crew ever checked the final as it seemed highly unlikely that their aircraft could depart before our landing would commence. Taking the runway seemed imprudent from my perspective. Upon contacting the tower to debrief the scenario; it was relayed to me by Captain that the tower supervisor stated that training was in progress during this event. A review of the training protocol for takeoff and landing separation criteria may have value where perhaps additional separation maybe indicated when training is in progress (I suspect this may already be in place).",,"A B737 flight crew reports arriving at their destination with low fuel and then having the Tower clear an aircraft for takeoff in front of them with tight spacing which results in a go-around. A tight visual pattern is flown and the aircraft arrives at the gate with 4;000 pounds of fuel.",
1257713,201504,1801-2400,ZZZ.Airport,US,,,,,,,Thunderstorm,,Night,,,Center ZZZ,Air Carrier,Widebody; Low Wing; 2 Turbojet Eng,,2,Part 121,IFR,Cargo / Freight / Delivery,,Cruise,,Class A ZZZ,,,,,,,,,,,,,,,,,,,,,,,,,,,,,,,,,,,,,,,,,,,,,,,,,,,,,,,,,,,,,,,Company,,Air Carrier,Dispatcher,Dispatch Dispatcher,,,Communication Breakdown; Confusion; Time Pressure; Workload,Party1 Flight Crew; Party2 Maintenance; Party2 Flight Crew,,1257713,Aircraft X,Flight Deck,Air Carrier,Captain,Flight Crew Air Transport Pilot (ATP),,,Communication Breakdown; Confusion; Time Pressure; Workload,Party1 Dispatch; Party2 Flight Crew,,1258572,ATC Issue All Types; Deviation / Discrepancy - Procedural Published Material / Policy; Inflight Event / Encounter Weather / Turbulence; Inflight Event / Encounter Fuel Issue,,,Person Dispatch,In-flight,Flight Crew Diverted; Flight Crew Returned To Clearance; Flight Crew Became Reoriented,Human Factors; Company Policy; Procedure; Weather,Procedure,"The flight was a reposition flight. Estimated time of departure out of was at several hours before midnight which was entered into computer. Flight departed with no problems. Twenty minutes after the planned departure; systems controller advised that another flight going was having maintenance issues enroute to ZZZ and I was advised to divert the repositioning flight to [that airport]. At this point the repositioning flight was approximately 100nm North of [the intended destination airport]. There was also a strong line of weather stretching from [Arkansas] South. Since I had a good amount of tanker gas onboard; it was no problem routing him South of ZZZ1 and then around to the North to ZZZ. New routing; fuel numbers; all weather and NOTAMS were sent to crew and flight started making the turn to get around the weather. 10 minutes after diversion was made; the systems controller advised that maintenance has called in ZZZ up from maintenance and that we needed to divert the flight back to the original destination. Flight was contacted and told to stop the divert to ZZZ and to head to the original destination.Five minutes after flight started back to the original destination; systems controller advised that the systems controller never authorized this flight to stop the diversion to ZZZ and that the flight should head back to ZZZ. Contacted the repositioning flight and advised there was a mistake and that they needed to head back to ZZZ. At this point crew was getting pretty upset about this as was I; as I was dealing with enroute weather and trying to get him routed to ZZZ; and ATC advised the crew that the routing South of ZZZ1 would not work because they had too much traffic volume to the South. I advised the crew I would contact the FAA Traffic Management Unit (TMU) and see if there was another way to route the flight to ZZZ. Spoke to TMU and they advised that indeed South was not going to work and that the only way was to head up over original destination airport and North and then a turn to ZZZ after passing the weather in Arkansas. Since the repositioning flight was so close to the original filed destination now; was able to talk to them via air to ground radio and gave them the new routing to ZZZ; which meant he would fly over the destination before heading to ZZZ to get passed the line of weather. At this point the crew advised that it looked like they were out of duty when they got to ZZZ. Talked to the systems controller to confirm this; and he advised that; yes; they would be done when they get to ZZZ. Relayed this info to the crew and gave them the new routing and diversion was on. 5 minutes after this; the systems controller advise me that the crew did not have enough time to go to ZZZ and then head to file destination; and to divert the flight back to filed destination. I advised the crew of this and told them to divert back to filed destination. I advised them that I thought this was an unsafe event and that I would fill out an ASAP. The crew agreed that it was an unsafe event with the constant diversions and then calling them off that they would fill out an ASAP also.Multiple Diversions due to miscommunication and lack of information on the part of the systems control side is what is the safety issue here. To continue to divert flights back and forth because of this is a big problem in our department. This happens a lot. And it's only a matter of time before something happens because of this. All the work that has to be done to divert a flight; i.e. routing; weather; NOTAMS; airports; weather enroute is no small task; let alone the mindset the crews have to get; to go to an unplanned airport. And to constantly go back and forth with diversions because proper communication and research is not done; is a very big safety issue in my opinion. With all the information being passed between dispatcher and pilots; it's just too easy for something to be missed and then something happen that no one wants.We need a policy in place that states no more than one diversion and one stop diversion is the norm for our department. The Systems controller and operations controllers need to due a lot better communication and research when a diversion is needed. Also the attitude toward diverting flights needs to be taken a lot more seriously.",,"Before blocking out; our route of flight was changed to avoid a large line of thunderstorms between ZZZ and our destination. Just beyond ZZZ we were contacted by Dispatch (via ACARS) that an aircraft was broken and we were needed at ZZZ1. In the ACARS upload; our routing was direct [nearby waypoint]; then direct ZZZ1. We informed ATC of this change in destination and were told to standby to determine new routing. As we waited; we slowed to Green Dot; did a 'New Route To' and set up for ZZZ1. ATC explained that this expeditious routing we were given by Dispatch was not possible due to other traffic and the thunderstorms. They further insisted that our routing to ZZZ1 was going to require we route 'several hundred miles around South & West Texas'. We asked ATC to standby while I related this info to Dispatch. Several minutes later Dispatch responded that the ZZZ1 aircraft was fixed and we could proceed to our filed destination. Twenty minutes Dispatch again sent us 'Aircraft IN ZZZ1 IS DOWN AGAIN. AS MUCH AS IM AGAINST THIS; I NEED TO SEND YOU BACK TO ZZZ1'. I sent an ACARS back that I was not comfortable going to ZZZ1; based on weather; traffic; head winds and the unknown routing'. I was now able to receive Dispatch on radio #2 so I talked to the Dispatch and told him that he needed to coordinate with ATC and determine a route to ZZZ1 that ATC would actually allow us to fly AND that was clear of thunderstorms. I confirmed our fuel state with him (to ensure we were on the same page) and reiterated that his flight planning was showing the 150 knot head winds we'd experience enroute to ZZZ1. I said I was willing to go to ZZZ1 if he uploaded the burn to ZZZ1 (with routing used in the calculations) if ATC would permit that routing. Why awaiting this upload; we were again at Green Dot; did a new 'New Route To' and set up for ZZZ1 again in the FMS and EFB. Dispatch uploaded the new routing and ATC approved it this time. We turned west and started picking our way through the line of thunderstorms towards ZZZ1. About 5 minutes later; Dispatch called (we were still monitoring them on radio #2) and told us to disregard all and head to our original destination. Now only 40 miles from our destination at FL370 and surrounded by thunderstorms; we did yet another 'New Route To' and tried to get back into the destination arrival.We landed uneventfully. I feel it is paramount that Dispatch coordinate with ATC to determine a routing that ATC will actually allow us to fly BEFORE re-routing us to a new destination. Sending a fuel burn using direct routing that ATC will not approve (due to traffic or weather) could potentially cause an EMERGENCY FUEL state or worse.",,"An air carrier Dispatcher and Captain described an inflight diversion attempt to cover another mechanically down flight; but because of Dispatch system confusion; the flight was un-diverted multiple times while dealing with an extensive weather line.",
1263798,201505,0001-0600,ZZZ.Airport,US,,,,,,IMC,,,Night,,,TRACON ZZZ,Air Carrier,A321,,2,Part 121,IFR,Passenger,Localizer/Glideslope/ILS Runway XX,Initial Approach,,Class B ZZZ,,,,,,,,,,,,,,,,,,,,,,,,MCP,,X,Improperly Operated,,,,,,,,,,,,,,,,,,,,,,,,,,,,,,,,,,,,Aircraft X,Flight Deck,Air Carrier,Pilot Flying; First Officer,Flight Crew Air Transport Pilot (ATP),Flight Crew Total 14000,,Situational Awareness; Workload,,,1263798,Aircraft X,Flight Deck,Air Carrier,Captain; Pilot Not Flying,Flight Crew Air Transport Pilot (ATP),,,Situational Awareness,,,1263800,ATC Issue All Types; Deviation / Discrepancy - Procedural Published Material / Policy; Flight Deck / Cabin / Aircraft Event Illness / Injury; Inflight Event / Encounter Fuel Issue; Inflight Event / Encounter Unstabilized Approach,,Y,Person Flight Crew,In-flight,Air Traffic Control Issued New Clearance; Air Traffic Control Provided Assistance,Human Factors; Procedure; Weather,Human Factors,"Started with a late departure due to ATC estimated departure clearance time for the flight to the East Coast from the West Coast. Did significant vectoring enroute. Nearing ZZZ we entered holding. Fuel was a concern which we voiced. Upon leaving hold we were assigned another hold. We declared minimum fuel and stated that upon arrival at fix we would be unable to accept hold and would proceed to alternate airport. The Flight Attendant then called with a possible medical emergency. Captain spoke with Flight Attendant; I managed ATC and flying pilot. When we hit holding fix Captain asked for direct to alternate airport. While configuring for alternate airport; we were advised that destination airport could take us without delay. Conversation continued with cabin crew regarding ill passenger; Dispatch notified of alternate; then back to destination; Operations notified about ill passenger. We were then cleared for vectors for ILS. Initial altitude given was 2900 ft. We were given approach clearance vector of approximately 90 degree intercept; descend to 1900 ft and cleared approach. While turning/configuring; localizer captured; but glide slope was slightly below. I selected vertical speed to capture glide slope but neglected to pull the knob. Aircraft maintained altitude and glide slope sank. I disconnected auto pilot and descended to capture glide slope. Descent rate was over company mandated rate at 1000 ft. With fuel now less than 5000 pounds; a go-around did not appear to be the safest course of action. Stabilized approach was regained at 800 ft for the remainder and an uneventful landing accomplished. Paramedics were waiting at gate and passenger left without need for services. Also; Captain was very new to aircraft. Fine job though. We obviously had numerous distractions and concerns occurring simultaneously. The flight would have been a non-event if not for the sharp intercept on final. Between configuring the aircraft and intercepting the approach I/we were task saturated with configuring/monitoring/running landing checklist etc. Everything occurred simultaneously. My mishandling of the vertical speed knob complicated the situation even more. This is a tight approach with the proximity to the city; you are intercepting and cleared for the approach near the FAF. Improvement would be to intercept farther out and allow time for configuration and stabilization.",,"We had an ATC delay of 1.5 hours. The routing for the flight was unusually long; over DFW and Atlanta which added to our flying time. I had additional fuel added for the reroute. About an hour before landing; we were given a 45 minute hold south of ZZZ. 30 minutes into the hold; I declared minimum fuel. We held for a few more minutes and then were cleared to exit the holding and proceed on the arrival to ZZZ. After a few more minutes; ATC informed us that ZZZ was not taking any arrivals. We asked about our alternate; and was told that was unavailable. We were given a heading for ZZZ1. We started the turn to ZZZ1 and was told that ZZZ would now take us. We continued to ZZZ and had enough fuel to get to ZZZ plus reserve and alternate. To my surprise; we burned additional fuel that put us below reserve and alternate. First Officer was pilot flying and was cleared for the ILS. TRACON dropped us off a bit high and close on the approach. The First Officer armed approach but the aircraft didn't capture since we were capturing glide slope from above. The aircraft leveled off and very quickly went from 1/2 dot high to 2 dots high. We were in IMC at 2000 ft. First Officer turned off autopilot and continued descent. I put the flight director into vertical speed mode but we ended up at 1000 ft about 1 dot high and did not capture the glide slope until about 800 ft. At 1000 ft the First Officer said 'not stable' and I said continue. Our fuel state was now about 400 lbs below reserve and alternate. I had some ground contact also at 1000 ft. I knowingly violated SOP (stable; IMC by 1000 ft) because I did not want to go around and end up in a worse predicament as I felt we were both fatigued and getting low on fuel. Although we were not stable by 1000 ft; I felt that we were never in any danger.I am brand new to the Airbus and next time will take even more fuel until I am more comfortable with the airplane.",,"A321 flight crew describes a transcontinental flight that is circuitous due to weather and then is assigned holding during the arrival. The flight crew plans a diversion and informs ATC of minimum fuel; at the same time the flight attendants inform of an ill passenger. Clearance to the original destination is then received without delay. The close in ninety degree intercept of the localizer results in an unstabilized approach that is continued to landing.",
1267226,201505,1201-1800,N90.TRACON,NY,,,,2500,,IMC,Rain; Thunderstorm,,Daylight,,,TRACON N90,Air Carrier,B737 Undifferentiated or Other Model,,2,Part 121,IFR,Passenger,,Initial Approach,,Class B N90,,,,,,,,,,,,,,,,,,,,,,,,,,,,,,,,,,,,,,,,,,,,,,,,,,,,,,,,,,,,,,,Aircraft X,Flight Deck,Air Carrier,First Officer; Pilot Not Flying,Flight Crew Air Transport Pilot (ATP),Flight Crew Last 90 Days 186,,,,,1267226,,,,,,,,,,,,ATC Issue All Types; Deviation - Track / Heading All Types; Deviation / Discrepancy - Procedural Clearance; Inflight Event / Encounter Fuel Issue; Inflight Event / Encounter Unstabilized Approach; Inflight Event / Encounter Weather / Turbulence,,,Person Air Traffic Control; Person Flight Crew,In-flight,Air Traffic Control Issued New Clearance; Air Traffic Control Provided Assistance; Flight Crew Executed Go Around / Missed Approach,Human Factors; Procedure; Weather,Ambiguous,"Enroute to KEWR; approximately 175nm south of EWR we were directed by ATC to hold at PALEO Intersection at FL270. While in holding we calculated our bingo fuel. Our bingo was calculated to be 6 minutes after EFC based on diverting to our alternate of PHL from within holding - based on our destination; EWR being closed. At our EFC we were given an updated EFC of [thirty minutes later]. EWR was still closed. At this point the decision was made to divert to PHL.We were cleared to exit holding and given vectors to join the POTTS 2 Arrival for Runway 27R at PHL. About 24 miles from PHL at 6;000 ft on the arrival we were asked by Philadelphia Approach if we'd like to go to EWR as they believed we could be worked in with EWR now open. We said yes. We were then given a vector toward Robinsville VOR (RBV). Immediately after plugging this into the FMC with 6;000 ft as our cruise altitude we decided the fuel burn at that low alt would be insufficient to continue to EWR. We advised ATC that 6;000 as a cruise altitude wouldn't work and they now gave us vectors back to PHL.After again being committed to PHL as our divert; Philadelphia Approach asked us if we we're to be given a higher altitude could we continue to EWR. Once again we programmed the FMC with 7;000 ft as a cruise altitude and the fuel now appeared sufficient to continue to EWR. We mentioned to Philadelphia Approach that if we do accept this; we cannot accept any undue delays or vectors on the way to EWR. We had to be essentially direct EWR. They said our routing would be direct RBV then direct EWR or something very similar to that effect. We were then given a vector toward RBV and a climb to 7;000 ft. Prior to RBV at 7;000 ft we were handed off to NY Approach. NY Approach gave us a vector and told us to expect ILS 4R. We we're then given long vectors and vectored back and forth across the final for 4R at least 3 or 4 times. One of the aircraft ahead of us on approach reported windshear on final and a go around. At this point at least one other aircraft behind them and ahead of us requested a divert to PHL stating low fuel. ATC queried that aircraft asking for fuel until exhaustion. Then ATC asked all other aircraft on the frequency if any other aircraft had low fuel. We responded that we had approximately 1 hour until exhaustion. At this point I believe; but I'm not sure; we became somewhat of a priority with ATC for landing at EWR. We were inbound paralleling the final approach course (FAC) for 4R about 15 nm out. We were paralleling the FAC because of a cell sitting over the field stretching out to around the FAF for 4R. Once we were established on final between 2;000 to 2;500 ft we we're alerted by EWR Tower Controller of a microburst of 30 knots for both 4L and 4R. We initiated an immediate go-around and were given heading 040 to 3;000 ft. As we briefed prior to commencing the approach to 4R at EWR; in the event of a missed approach at EWR we would declare minimum fuel and proceed to JFK. On the missed approach; once established at 3;000 ft and heading 040 we declared minimum fuel and asked ATC to proceed to JFK. ATC then started to issue further climb instructions and unacceptable vectors and it was quickly decided that LGA being closer would be a better divert. We requested LGA with ATC and we were cleared direct LGA at 3;000 ft and told to report the field in sight and cleared for a straight in to Runway 4. At 3;000 ft we were IMC and we requested lower. We we're given a descent to 2;000 ft and at approximately 2;500 ft we acquired the field visually and attempted to configure for landing. Unfortunately we were left high so we initiated a missed approach and First Officer requested a right downwind with Tower for Runway 4 in the LGA traffic pattern and it was granted. After commencing a right crosswind turn; First Officer realized Captain was setting up for right downwind for 31. Turning base for Runway 31; First Officer called to Tower to ensure minimum fuel had been declared and that the runway we were lining up on (31) was clear for us to land on - since First Officer had previously reported the aircraft would be entering a downwind for Runway 4. Tower said something to the effect that we were cleared to land any runway. We landed on Runway 31 with our 45 minute reserve of 3;300 lbs of fuel.",,,,"B737 First Officer reported dealing with a low fuel situation when weather affected operations at their destination.",
1267581,201506,1201-1800,ZZZ.Airport,US,,,,,,IMC,Thunderstorm; Turbulence,,Daylight,,,Center ZZZ; TRACON ZZZ,Air Carrier,EMB ERJ 145 ER/LR,,2,Part 121,IFR,,,Initial Approach,,Class C ZZZ,,,,,,,,,,,,,,,,,,,,,,,,,,,,,,,,,,,,,,,,,,,,,,,,,,,,,,,,,,,,,,,Aircraft X,Flight Deck,Air Carrier,Captain; Pilot Not Flying,Flight Crew Air Transport Pilot (ATP),,,,,,1267581,,,,,,,,,,,,ATC Issue All Types; Deviation - Track / Heading All Types; Deviation / Discrepancy - Procedural Clearance; Inflight Event / Encounter Fuel Issue; Inflight Event / Encounter Weather / Turbulence,,,Person Flight Crew,In-flight,Air Traffic Control Issued New Clearance; Flight Crew Took Evasive Action,Weather; Human Factors; Procedure,Ambiguous,"While planning our descent into ZZZ we found that our requests for a lower altitudes were consistently denied from center; 'due to traffic'. Although this turned out to be a mere annoyance compared to the weather that was seemingly trying to box us in.During this time we were deviating to the west of a line of weather between us and the airport.  The weather at the field during our arrival was being reported as heavy rain; thunderstorms with a broken ceiling at 4;700 feet.  The landing runway at the time was runway 11.  The winds were being reported at 150 degrees at 4 knots.  With that report (ATIS information alpha at the time) and using a hole in the weather that was located off an extended centerline from runway 11; we planned to make our arrival from the west.We are now tracking south still planning for runway 11.  At the last minute center told us to plan for runway 28 and a turn back to the northeast to heading 030.  A left turn to heading 030 would have put us directly into the storm.  I told center the only way we could take that heading is if it was a right turn to circle us away from the now growing rapidly thunderstorm.  I indicated to center that our radar was only showing a hole in the weather for runway 11.  We were then given a frequency change to approach.  Approach then made multiple attempts to get us to take a turn to directly enter the downwind for runway 29.  After telling him we were unable to do so with the weather we received a very long drawn out response that '[another carrier] did it'; 'a Cherokee did it'; 'everybody else has been going that way'. He then made an attempt to contact [another] flight and get a 'ride report' seemingly to further entice us to accept his clearance.  Approach was now applying a significant amount of pressure to us to fly directly into in very large thunderstorm.  Not only [did] this storm visually appear to be in the dissipating stage; but our radar showed multiple textbook radar shadows.  Analysis of the storm showed an extreme level of precipitation and a very large risk of hail directly in the area that approach wanted us to fly.  I told approach that his delaying our arrival has put us in a minimum fuel situation should we need to divert to our alternate.  I then told approach that we would need to go back to center and divert back to the north to go around the now very large storm between us and the airport.  After that it further seemed like approach was trying again to get a report of this storm from a [other] aircraft who was in the area; seemingly ignoring the nature of our situation.  This back and forth increased my anxiety level significantly as my experience is telling me that we need to either get on the ground NOW or divert.Finally approach gave up on trying to debate with us and allowed us to return to center and head back north around the storm.  We then went back to Center and approach had misinformed him that we wanted to go hold somewhere.  There was also another comment about other aircraft not doing what we wanted to do.  At this point I reiterated to center that we are in a minimum fuel state and there will be no flying through thunderstorms today for us; and we are not to be further delayed.  He became very chatty on the radio to us at this point which for us is wasting precious time and fuel.  The only way I was able to draw a clearance out of him was to ask him for his supervisor's number.We finally now got the clearance to fly away from the storm to the north which we did and then to the east and then south to enter a right base for runway 29.  During this time we were able to see the storm better visually and while maneuvering for the base and final make another analysis of the storm with the aircraft's radar.  The storm was producing large amounts of precipitation; with severe lightning.While making our turn back to the north I sent two ACARS messages to dispatch to inform him of our situation.  I received a response of'the airport is clear'.  This response made me feel that dispatch did not understand the severity or that just because it's clear at the field doesn't mean we might [not] be dealing with weather between us and the field.  Due to his response I did not feel any further communication to dispatch would have generated any worthwhile information and assistance.  In short his one line response made me lose complete confidence in his ability to provide worthwhile timely information. While on final to runway 29 we observed a wall of rain being produced by the storm with frequently in cloud and cloud to ground lightning.  Had we flown through that storm I am confident that we would had either been struck by lightning; severe risk of hail damage to the aircraft; and the turbulence risk was out of the question. During our deviating we consistently evaluated our fuel situation and made the decision that only one attempt would be made to land at.  Although we landed with slightly less fuel than what we would have needed to fly to [our alternate] and land with the full 45 minutes of fuel; the risk of the divert with weather building rapidly around us; lost confidence of the dispatcher to support us.The risk taking by [another] flight; the Cherokee and [other] aircraft mentioned to us by the approach controller does not automatically mean that I am going to accept those same risks when from my vantage point there is a MUCH less risk option available.  The pressure applied to us by the two controllers was unacceptable.  It is now been almost a full day since the incident and I have Monday morning quarterbacked myself to death over this.  One thing comes to mind and that is as we all know weather is ever changing.  In these situations usually more than not; rapidly.  I will not ever know what the [other carrier] flight and the other general aviation folks saw on their weather resources as I was not in the flight deck with them.However...I was able to pull up the radar history [from a website] when I got to the hotel.  I sure you can imagine it was the absolute first thing I did.  I was questioning myself to see what ATC and Dispatch would/should have been able to see; and now wonder why on earth would they think we would fly through a storm that big? The storm is very clearly identified and if you picture our route you can see our reason for not wanting to fly through/under the storm.  The 'hole' that we had planned to go through closed; ATC no longer accepting the 11 arrivals and dealing with two controls that seemed to be inconvenienced by our weather deviations were the threats of the day.Back to Monday morning quarterbacking myself...Although not mentioned above we landed with 200lbs less than the fuel needed to divert; and then fly for 45 minutes.  Not the worst BUT; this could have been better.  I should have used my emergency authority 200lbs sooner.I should have been more direct with the approach controller and not let him talk up a storm (pun intended).  The miscommunication from the approach controller when we went back to the center controller that we 'wanted to go hold somewhere'; further wasted time and precious fuel.   The dispatcher seemingly ignoring the fact that we are in a minimum fuel state and still diverting around severe weather by responding that everything is fine at ZZZ made me prioritize were I spent my time.  Because of his response I did not feel anytime spent re-conveying the message would have not helped our situation and my time was better focused continuing to deviate away from and around the weather.",,,,"EMB-145LR Captain reported being pressured by ATC to accept a clearance through severe weather at his destination.",
1269837,201506,0001-0600,ZAU.ARTCC,IL,,,,14000,,,,,,,,Center ZAU,Air Carrier,Regional Jet 200 ER/LR (CRJ200),,2,Part 121,IFR,Passenger,,Descent,,Class E ZAU,,,,,,,,,,,,,,,,,,,,,,,,,,,,,,,,,,,,,,,,,,,,,,,,,,,,,,,,,,,,,,,Facility ZAU.ARTCC,,Government,Enroute,,Air Traffic Control Time Certified In Pos 1 (yrs) 3.0,,Workload; Communication Breakdown,Party1 ATC; Party2 ATC,,1269837,,,,,,,,,,,,ATC Issue All Types; Deviation - Track / Heading All Types; Deviation / Discrepancy - Procedural Clearance; Deviation / Discrepancy - Procedural Published Material / Policy; Inflight Event / Encounter Weather / Turbulence,,,Person Air Traffic Control,In-flight,Air Traffic Control Separated Traffic; Air Traffic Control Provided Assistance; Air Traffic Control Issued New Clearance,Human Factors; Procedure; Staffing; Weather,Staffing,"One of the most important details of this report is that in the North Area we have 5 radar sectors. There is DBQ (63); LNR (64); BAE (60); HOR (61); and Harly (62). On this shift; we had 6 CPCs scheduled to work 5 radar sectors. Many times on shifts; traffic is fairly slow so we are able to combine positions. Sometimes we combine all of the low altitude sectors together which is a very risky move in my opinion; as Harly is an ORD and MKE departure sector. The main issue that arises here is that we are forced to work all the low altitude sectors combined on a 125 mile range as well as have our altitude limits set to the ground (as we own from the surface to FL230 in DBQ sector); when you have 6+ ORD departure 5 MIT and 3-4 MKE departures and several overflights in Harly alone; it is much more difficult to accurately determine separation at such close distances. Also; as ORD is one of the busiest airports in the world; the limited datablocks around ORD and MDW make it so that it is very difficult to see actual data blocks that you are in control of at times. One more issue that arises here is that you have 5 frequencies: 133.3; 132.1; 135.55; 125.05; and 133.95. This makes it extremely easy for miscommunication between pilots and controllers; especially when busy. To put it simply; the agency is staffing our area with the least amount of controllers possible; and it is creating unsafe working situations; putting many CPC's and the flying public in extremely vulnerable and compromising positions. I signed into the LNR radar sector position. At the time it was LNR and DBQ combined. There was a massive line of moderate; heavy; and some extreme precipitation that extended from CID to DBQ to JVL and all the way to ORD. At this time there were numerous ORD and MDW ground stops; which resulted in my holding of numerous aircraft over the DBQ VORTAC. I should also mention that something that complicated my sector is that I had the VOK E; S; W and WIANG ABC MOAs and ATCAAs active. After about an hour and a half of working here; I start to see that numerous ORD arrivals started being handed off to me. At no point was any type of plan communicated to me; but I did notice that the route was going to be a huge issue for the area as the Harly controller seemed extremely busy already; and all of these ORD inbounds that we normally do not work would now be cruising through his departure sector. A notable point is that our 6th CPC had now been allowed to go home at this time; and as you will see we desperately needed the extra body; in fact; probably could have used a few more.In order to give the Harly controller a fighting shot at getting on top of the ORD inbounds; my plan was to expedite all of the aircraft to 170. At this time; numerous aircraft expressed to me that they were minimum fuel or could not fly the entire route. Due to the traffic and frequency congestion; I was unable to answer each one of their calls; most of the time I had to specify that if they needed to divert; they should do so and to not expect any short cuts. I must reemphasize that during no time during this huge push was any semblance of a plan expressed to the controllers on the floor. Numerous times I heard shouting across the room that the BAE..MKG..RHIVR routing was not good; then contradicting reports that it was good; etc. During all of this; we had a code floating towards our airspace that I noticed at 170. I immediately recognized that it looked very similar to an ORD arrival. Sector P04 at ZMP started calling us for coordination and my trainee d-side answered the call. What my d-side trainee eventually communicated to me was that for whatever reason; ZMP could not get the aircraft to flash at me and so I immediately put in a 'vp' flight plan; to get something in the machine. I changed the aircraft's callsign to Aircraft X; and gave him routing which I thought was good: FAH.ERNNY2.KORD. Time passed; and I initiated an AIT (Automated Information Transfer) to the Harly sector. Harly informed me while the aircraft was over the CHDRR intersection (normally when MKE approach has the handoff); that he could not get the aircraft to handoff to MKE; so my trainee D-side initiated a manual handoff. MKE approach then informed us that they would not accept the aircraft as the pilot would not be able to fly that route in weather. I didn't really know what to do at this time as I had no idea what route to give the aircraft so; unfortunately for the aircraft; I put him on a series of vectors in Harly's airspace and finally pawned him off on the Northeast area; sector 27; as they were already working ORD arrivals. This entire situation was extremely dangerous and the most frustrating thing; apart from the lack of staffing in the area at the time; was that no plan was ever communicated to us controllers. Several things could have alleviated the dangers of this event immensely.1. Needed 4 more CPCS on the shift at the time of the event. This would have brought us from 5 to 9 CPCs.2. Extra staffing would allow us to open up positions and have more than one d-side in the area. I would recommend opening up DBQ; and putting a d-side at LNR; BAE; and Harly.3. Have our floundering TMU formulate and communicate a plan with our supervisor.4. Give us a supervisor that is familiar with our area and airspace. The supervisor at the time; due to no fault of his own; seemed to be totally clueless and had no insight or direction to provide to us. He was put in a situation where he was set up to fail. 5. Cancel the military airspace as our IFR operations were highly impacted and made more complex due to the existence of the cumbersome VOK E/S/W + WIANG A/B/C.",,,,"ZAU Controller describes a shift where aircraft area deviating and the sectors that he is working have been combined. Aircraft are not flying as instructed because of weather and one aircraft is not accepted by the facility he would normally hand it off to. Controller reported that this was a staffing issue.",
1273260,201506,1201-1800,ZDV.ARTCC,CO,,,,25000,,,,,Daylight,,,Center ZDV,Air Carrier,Large Transport,,2,Part 121,IFR,Passenger,,Descent,STAR FRNCH THREE,Class A ZDV,,,,,,,,,,,,,,,,,,,,,,,,,,,,Center ZDV,Air Carrier,Medium Large Transport,,2,Part 121,IFR,Passenger,,Cruise,,Class A ZDV,,,,,,,,,,,,,,,,,,,,,,,,Facility ZDV.ARTCC,,Government,Enroute,Air Traffic Control Fully Certified,Air Traffic Control Time Certified In Pos 1 (yrs) 17.5,,Communication Breakdown; Confusion; Situational Awareness,Party1 ATC; Party2 Flight Crew,,1273260,,,,,,,,,,,,ATC Issue All Types; Conflict Airborne Conflict; Deviation - Track / Heading All Types; Deviation / Discrepancy - Procedural Clearance,,,,In-flight,Air Traffic Control Issued New Clearance; Air Traffic Control Separated Traffic,Procedure; Human Factors; Weather,Weather,"I was working 13R by myself during the morning push into DEN when I was told we had to go into no notice hold for wind shear at DEN. I felt pushed from this point on; issuing numerous hold instructions and attempting to explain on frequency the reason for delay and expected updates. I had successfully updated all aircraft when I started receiving multiple inbound instructions over a 10 minute period. I was joined by another controller at this point on 13D because that controller had heard me ask for help. I was told to send aircraft in 1x10; no 1x15; 1x10 and then 2x10 (the normal spacing for this sector.) I was also informed to change to the long side STAR with no notice. I was working hard to comply with this rapid flow of changes when I turned Aircraft X inbound to TOMSN and issued the FRNCH3 STAR. I was also pushed trying to keep track of which aircraft had advised low or minimum fuel. I descended Aircraft X from FL250 to FL180 expecting a left turn to TOMSN and then pointed the aircraft out to sector 6. Aircraft X did not start his descent and floated for a short time. I then noticed that Aircraft X was turning right and verified this with the pilot. The sector 6 controller noticed Aircraft X turning into Aircraft Y and not descending and alerted me. I turned Aircraft Y to Heading 360 with request for a tight turn and asked Aircraft X to tighten turn to TOMSN. I determined since Aircraft X had already left FL250 that an altitude change would not help so relied on turns to solve the conflict. I had a bubble on Aircraft Y and saw one maybe two updates in the bubble with no less than 4.7 miles at the minimum distance. The pilots of both aircraft gave me tight turns so the conflict was solved quickly.Not sure if the constant changing of arrival configuration can be solved but this definitely caused me to fall behind. Get help sooner.",,,,"ZDV Controller reports of wind issues at DEN which caused no notice holding and a configuration change at the airport. The controller issued a turn to an aircraft that turned the wrong direction and became a conflict with another aircraft.",
1279429,201507,1201-1800,ZLA.ARTCC,CA,,,,,,Mixed,,,Daylight,,,Center ZLA,Air Carrier,Any Unknown or Unlisted Aircraft Manufacturer,,2,Part 121,IFR,Passenger,,Cruise,Vectors,Class A ZLA,,,,,,,,,,,,,,,,,,,,,,,,,,,,,,,,,,,,,,,,,,,,,,,,,,,,,,,,,,,,,,,Facility ZLA.ARTCC,,Government,Enroute,Air Traffic Control Fully Certified,Air Traffic Control Time Certified In Pos 1 (yrs) 1.7,,Workload; Situational Awareness; Distraction; Communication Breakdown; Confusion,Party1 ATC; Party2 ATC; Party2 Flight Crew,,1279429,,,,,,,,,,,,ATC Issue All Types; Airspace Violation All Types; Conflict Airborne Conflict; Deviation / Discrepancy - Procedural Published Material / Policy; Inflight Event / Encounter Weather / Turbulence,,,Person Air Traffic Control,In-flight,Air Traffic Control Separated Traffic; Air Traffic Control Provided Assistance,Procedure; Weather; Human Factors,Weather,"There was a weather system moving through the area; and there were lots of deviations from many sectors. I was instructed to open Sector 17; which had been combined with Sector 18.  I opened it up and had a few airplanes; a couple IFR and a VFR.  It was light traffic. After a couple of minutes an aircraft; I believe an airbus; checked on my frequency. I did not have a handoff.  I located the aircraft; and at this moment realized that the aircraft was being rerouted into my sector for weather.  SoCal Approach had shut off Sector 20 and all of the Los Angeles inbound traffic from the east; as well as some satellite airport traffic.  I quickly became aware that all of these aircraft would be transiting my airspace.  I immediately called for a D-Side; who arrived pretty quickly.  During this time I had numerous aircraft report on my frequency without a handoff.  If any coordination happened I was unaware of it.  These aircraft don't normally transit the sector; and certainly not the way they were coming.  I think I went from three aircraft to nearly 20 in less than 5 minutes.  All of these aircraft were on headings (although no coordination was accomplished regarding the headings and altitudes).  I had a bunch of aircraft; mostly landing LAX; and most were tied with at least one other aircraft and many were in conflict with each other and several deviating for weather.  There was as much frequency congestion as traffic congestion.  The pilots seemed to be unaware of what was happening; and many were reporting minimum fuel.  Prior to the D-Side arriving I had multiple landline calls from other sectors. It was a nightmare scenario that I've never experienced before at this sector; at this facility; or any of the other three facilities that I've been a certified RADAR controller.  I can honestly say that this was a first.I don't believe that I lost separation between aircraft. I gave a descent clearance to an aircraft when an aircraft was 1;000 ft below him; but caught it right away and stopped the aircraft from descending.  There were a few other close calls; but I believe 5 miles or 1;000 ft were maintained.  Someone told me that two aircraft were 900 ft apart for one RADAR update; but that can easily be explained by Mode C variance.  Other controllers said that I did a good job under the circumstances; but I really don't feel so.  I felt completely overwhelmed and behind.  I did not feel like I had control of the sector or a good plan of action.  It was too many airplanes too fast and I didn't have the knowledge of who was doing what and why.  I didn't even have RADAR handoffs on everyone.  I did the best that I could do with what I knew and the airspace that I had.  Sorry that I don't have any call signs.  There were so many aircraft so quickly that I simply don't remember.Something needs to be set up in an LOA (Letter of Agreement) with SoCal Approach that when they shut off the flow; it isn't a wild free-for-all with aircraft.  There needs to be some procedure in place to handle this scenario; and it can't be 'just ship the planes to Sector 17.'  This is a huge Swiss cheese hole.  Sector 17 is a complex; busy sector; and it isn't capable of handling all of its traffic plus all of Sector 19 and Sector 20's traffic.  It's not possible.  So some procedure needs to be made by the area that Sectors 19 and 20 are in and SoCal to handle this scenario.  It's a terrible idea to just pass the buck on to someone else.",,,,"ZLA Controller reports of becoming overloaded with traffic during a weather session.  No coordination had been made reference headings or altitudes.  Aircraft were just handed off to the Controller.",
1282546,201507,0601-1200,ZZZ.ARTCC,US,,,,29000,,,Thunderstorm; Turbulence,,Daylight,,,Center ZZZ,Air Carrier,Regional Jet 200 ER/LR (CRJ200),,2,Part 121,IFR,Passenger,FMS Or FMC,Cruise,Visual Approach,Class A ZZZ,,,,,,,,,,,,,,,,,,,,,,,,,,,,,,,,,,,,,,,,,,,,,,,,,,,,,,,,,,,,,,,Aircraft X,Flight Deck,Air Carrier,Captain; Pilot Flying,Flight Crew Air Transport Pilot (ATP),,,,,,1282546,Aircraft X,Flight Deck,Air Carrier,Pilot Not Flying; First Officer,Flight Crew Air Transport Pilot (ATP),,,,,,1282547,ATC Issue All Types; Deviation / Discrepancy - Procedural FAR; Inflight Event / Encounter Fuel Issue; Inflight Event / Encounter Weather / Turbulence,,,Person Flight Crew,In-flight,Flight Crew Landed in Emergency Condition,Company Policy; Procedure,Company Policy,"We were filed for the arrival into ZZZ; during cruise flight; we were unable to get to FL330 due to performance of the aircraft; so we requested FL290 for the final. We put the altitude and changes into the FMS and ACARS ECON speed. It showed our fuel more than adequate for FL290 with initial routing. Prior to ZZZ VOR we requested direct to ZZZ1 VOR; which was approved and flown. During our routing we were given a reroute. We were also given a [second] additional reroute.I do not recall exactly when; but I believe after the 2nd reroute we were given I believe a 180 degree heading away/south of course and slowed. This off route vector lasted approximately +30 minutes. We had additional off route vectors; if I recall; 180 heading; 090; then another northwest turn; etc.We asked the Controller how much longer on the headings; as we would be slim on fuel if we were taken further away from our destination/routing. He said not much longer - we were told by controllers that it would be only a few minutes. We were then given deviations back towards our route and the Controller stated that they are going to need more spacing; as he didn't give them enough. Once on the arrival our fuel continued to reduce. We sent an ACARS to dispatch asking current weather and another airport of their choice. We told them the situation of considering possible divert but we are continuing at this point.When our fuel continued to [be] reduced; we were considering [alternate airports]. However; at this point these airports were equal distance from each other and [one] was behind us. With all the consideration and factors we continued [to the destination]. With our estimated fuel on arrival continuing to be reduced; we elected to declare MIN FUEL to the Controller and Dispatcher; planning [visual approach]. At that point we were landing with approximately 1.6 fuel and planning the [visual approach to XY] (as our previous flights were and it was a non-event / no delays). We were given descend via [a second arrival]. Once on approach we informed them also that we were min fuel.At this point we were task saturated. Approach informed us that we will be doing the LDA XY with a +12 mile final; which was different than expected from the Visual XY of less than a 6 mile final. When we inserted the LDA Z XY into the FMS; it showed our estimated fuel on arrival at being 850 lbs. At that point; we immediately decided to [advise ATC we were minimum fuel] due to the inability to complete the entire LDA XY approach. Once [we advised ATC of our fuel state]; ATC immediately turned us to the right and said go direct to ZZZZZ Intersection I believe (which was on LDA Y XY). LDA Y XY is not in the FMS and we said we needed Z.There was confusion with ATC with our inability for Y vs. Z; as we were all task saturated at that point. He said unable Z; and asked if we had the [landmark]. We were in and out of IMC/VMC. At that point we crossed the inbound course to LDA XY / north side of the [landmark]. I do not believe we penetrated [restricted airspace] but there is a chance that it did happen; but I do not believe we did. Controller advised 220 degree heading while we were in IMC; which was complied with.CA came on the radio really quickly and asked what is ATC's plan if we don't get the [landmark in sight]. A few seconds later we had visual on the [landmark] and FO (First Officer) called in sight; which was off our right. At that point; we were cleared Visual XY. Once we were taken off the arrival and immediately turned in for the visual; our fuel became min fuel status.We flew the Visual to XY and advised to contact Tower. On contact with Tower; ATC asked if we preferred XZ. We declined XZ; as the CA personally has never landed or taken off from XZ; and we had numbers for XY. It was the best course of action to continue with the original plan of XY so it did not make the situation more complex. Cleared to land XY. Landed on XY; and clearedat Taxiway D I believe. Continued taxi without incident. Upon arrival at the gate; we had approximately 1.5/1.6 FOB (Fuel on Board).The [admission of low fuel to ATC] was necessary and the safest course of action due to the expected approach; etc. However; since we were taken off the arrival and not the long final; it enabled our fuel at gate to remain approximately 1.5/1.6. Upon arrival; CA called TRACON to discuss the confusion with Y/Z as they wanted to know where the confusion happened. CA informed them we were unable to accept direct ZZZZZ Intersection due to FMS limitations and the last minute changes and task saturations. He said something along the lines of understanding that [company] has issues with Y; etc.",,"In my humble opinion; I believe the event could have been avoided. It's not uncommon to receive extended vectors or numerous reroutes going in to ZZZ or any other high traffic volume airport. In this case; our flight was twenty-three minutes over planned block time and the majority of that time was spent flying ATC assigned headings. We were given minimum RESERVE fuel; zero ALT or HOLD fuel and only TANKER 697 lbs. If our flight was adequately fueled beyond the absolute minimum levels; I do not believe this event would have occurred. It seems to be extremely common that crews are only given MIN fuel for flights; with no contingency fuel added. Unless contingency fuel starts to be added to all flights; I believe this sort of event will continue to occur.",,"CRJ-200 flight crew reported being dispatched with minimum fuel landing at their east coast destination with very low fuel on board after a series of ATC vectors.",
1285300,201507,1801-2400,D01.TRACON,CO,,,,17600,,,,,Night,,,TRACON D01,Air Carrier,Medium Transport; Low Wing; 2 Turbojet Eng,,2,Part 121,IFR,Passenger,,Descent,Vectors,Class A ZDV; Class E ZDV,,,,,,,,,,,,,,,,,,,,,,,,,,,,TRACON D01,Air Carrier,Medium Large Transport,,2,Part 121,IFR,Passenger,,Descent,Vectors,Class A ZDV; Class E ZDV,,,,,,,,,,,,,,,,,,,,,,,,Facility D01.TRACON,,Government,Approach,Air Traffic Control Fully Certified,Air Traffic Control Time Certified In Pos 1 (yrs) 1.2,,Confusion; Communication Breakdown; Distraction; Workload; Troubleshooting; Time Pressure; Situational Awareness,Party1 ATC; Party2 ATC; Party2 Flight Crew,,1285300,,,,,,,,,,,,ATC Issue All Types; Airspace Violation All Types; Conflict Airborne Conflict; Deviation / Discrepancy - Procedural Published Material / Policy; Inflight Event / Encounter Weather / Turbulence,,,Person Air Traffic Control,In-flight,Air Traffic Control Issued New Clearance,Procedure; Human Factors; Weather,Weather,"The whole session was a disaster and I know center was re routing because of gate closures but they should be helping themselves.  I was getting supposedly one route from the northwest (LANDR/SAYGE).  I'm having to take guys on contact and turning them 40 degrees away from the airport to put them behind the weather into DR2's airspace.  Honestly the gate should have been closed.  I started off chasing a couple mile gap to feed 16R due to downwinds (cutting off my 16L final).  Then I started vectoring hard north into DR2 airspace.  At that point changing to a single route north to go straight into DR2's airspace (direct Gill).  But as the center started feeding me that route they never came off the SAYGE route. So now I have 2 routes with only 1 route to final and it was now about a mile in diameter.  So; everybody is on instant vectors.  I take a hand off on Aircraft X.  What I think is Aircraft X I acknowledged I issue Aircraft X present heading for weather and sequence down to 130.  Me and my Coordinator (CI) are coordinating satellite traffic I'm working. Aircraft X checks in and says somebody else took that and so I issued the same clearance. Aircraft Y took the first clearance and read back his call sign which I missed.  At that point I was the last Swiss cheese to catch it.  But I had no other known traffic and didn't inquire.  A moment goes by and Aircraft Y says he needs to deviate and I ask who? At that point I see a 'C' tag just in trail of Aircraft X and it's Aircraft Y. I ask his altitude he tells me 183 and I immediately turn him 290 and maintain 180. I got back and descend Aircraft X down to 130 as he leaves 176. They were about 2 miles apart and still on a center tag 10 miles in my airspace.  I will say I missed the hear back read back on call sign but I wasn't expecting another [Same company] let alone similar sounding call signs. See everyone coming towards are gate is already full data block and white and that is one of a few times that has ever happened but usually they call for manual hand off and give me the call sign at least (not just switch the guy with a 70kt overtake and only 5 miles when they are required to have 10!).  After that situation I continued to tell my CI I'm not taking handoffs when they are inside our boundary at FL250.  He tells them to spin and 2 still make it on my frequency and I send them back and a couple seconds later I'm advised by either my CI or the supervisor to just work them.  [Both of them are] minimum fuel.  So I put them on vectors across final and expedite their descent and point them out to the appropriate sectors and give them to final.  At that point my CI comes out and opens the east side and I work the west before I go on break.There should be a culture where Denver Center needs to know what unable is.  There were numerous times in this session where I'm getting aircraft call me 10 miles inside my airspace when I told them unable to take these aircraft and it is happening a lot.  If I don't take a handoff you can't come barreling in my airspace.  These planes are out of position and 8k feet above the profile on the short side with weather and they are telling me they can't spin them (after we told them unable 15 miles ago).  I'm all for helping provide a service but when I have to get airplanes down from 25k; 25 miles from the airport what are we doing?  Also; in a situation like that; it should have been an east/west split the whole time just because the was deviations in both gates and so my scan is now stretching my airspace plus 2 departure airspaces.  Also I wish maybe our facility would set a precedent that pilots have to brunt some of the responsibility when it comes to listening for their own call sign or the company doesn't put 3 out of 4 digits right next to each other landing at the same airport.",,,,"A D01 TRACON Controller reports of ZDV ARTCC transferring communication of aircraft while still on a C tag to Denver Approach control. Similar call signs did not help the situation. Weather was a factor which lead to traffic being a complex scenario. The Controller stated ZDV does this often during this scenario.",
1287350,201508,1201-1800,ZOA.ARTCC,CA,,,,7000,,,,,Daylight,,,Center ZOA,Air Carrier,Medium Large Transport; Low Wing; 2 Turbojet Eng,,2,Part 121,IFR,Passenger,,Parked,Oceanic,Class E ZOA,,,,,,,,,,,,,,,,,,,,,,,,,,,,Center ZOA,Air Carrier,Large Transport; Low Wing; 2 Turbojet Eng,,2,Part 129,IFR,Passenger,,Initial Approach,Oceanic,Class E ZOA,,,,,,,,,,,,,,,,,,,,,,,,Facility ZOA.ARTCC,,Government,Oceanic; Instructor,Air Traffic Control Fully Certified,Air Traffic Control Time Certified In Pos 1 (yrs) 2.25,,Situational Awareness; Confusion; Communication Breakdown,Party1 ATC; Party2 Flight Crew; Party2 Ground Personnel,,1287350,Facility ZOA.ARTCC,,Government,Trainee; Oceanic,Air Traffic Control Developmental,,,Communication Breakdown; Confusion; Situational Awareness,Party1 ATC; Party2 Flight Crew; Party2 Ground Personnel,,1287329,ATC Issue All Types; Deviation / Discrepancy - Procedural Clearance; Deviation / Discrepancy - Procedural Published Material / Policy; Inflight Event / Encounter Fuel Issue,,,Person Air Traffic Control,In-flight,Air Traffic Control Separated Traffic; Air Traffic Control Provided Assistance; Air Traffic Control Issued Advisory / Alert; General Flight Cancelled / Delayed,Procedure; Airport; Airspace Structure; ATC Equipment / Nav Facility / Buildings,ATC Equipment / Nav Facility / Buildings,"We had 5 aircraft landing [airport]. There were a couple of ties which caused some aircraft to hold for approximately 10 minutes without any incident. The controller that took over for us was informed there was not enough space at [airport] to accommodate Aircraft Y. The 5th arrival; Aircraft Y; began to hold and gave him a new ETA without clearance. When we took the sector back the relieving controller informed us that Aircraft Y had a fuel exhaustion time of approximately XB40 and that he attempted to issue clearance to Aircraft X to free up a spot on the [airport] for the arrival however due to solar flares and satellite phone issues did not get a read back.  I immediately took over the sector and called [airport] Flight Service and was able to issue the clearance to free up space for Aircraft Y. As soon as Aircraft X departed I got DME reports from both aircraft indicating they were separated and clearances could be issued for further descent for the Aircraft Y and further climb could be issued to Aircraft X. Both clearances also probed green in ATOP. After we issued descent clearance to Aircraft Y; we received an arrival message for the aircraft with the clearance never acknowledged. As far as I know; no one from our area has ever been to [airport]. I would never have known that there was not enough room to have 5 aircraft on the ground at the same time. We need some sort of system in place to have someone from the airport call and inform us when they are unable to accept any more arrivals instead of letting pilots decide to hold on their own with no clearance and not advising ATC. If we had the proper notice that Aircraft Y would not be able to land until Aircraft X departed we would have been able to hold Aircraft Y at a higher altitude and save fuel to allow the flight to land with all proper clearances.",,"I came into work the Sector after a break. Having worked the session before lunch at this sector; [airport] was experiencing several arrivals back to back. Aircraft X requested departure clearance off [airport] several times via satellite phone; all requested were told unable due to inbound traffic. The entire shift; solar flare was causing terrible communications on HF radio. Especially with Aircraft X flight both in and out of [airport]. Before leaving for lunch; 4 aircraft landed [at the airport]. [Airport operations] did not call to advise us that their runways/parking space was full and they could not accept any more aircraft. While gone at lunch apparently Aircraft Y came into the sector and was also landing [at the airport]. Apparently when Aircraft X called again to ask the previous controller for a departure and he went to give a clearance he advised the controller that no more aircraft could land [at the airport]. Aircraft Y was held in the 10 mile vicinity of the airport; per his request (according to previous controller in debrief). The previous controller also advised us that the Aircraft Y was minimum fuel in 20 minutes. Aircraft X had still not departed; and we reached out to [airport operations] multiple times; having difficulty getting in contact with them. [Airport operations] controller finally answered and relayed the need for Aircraft X to depart so that the Aircraft Y could land. Clearance was relayed; and Aircraft X was asked to report passing a DME fix and to an altitude that was separated with the holding Aircraft Y. Aircraft Y asked for his arrival cruise clearance minutes later. Still not having good communications or a departure time off of [the airport] for Aircraft X; we stood by on the arrival clearance. Once we were finally able to get ahold of Aircraft X and receive the DME passing point; we issued Aircraft Y cruise clearance. Within a minute we received an arrival message; before getting a readback on the cruise clearance. Communications were terrible. [Airport operations] needs to communicate with us if they can no longer take arrivals because the runway is full. Aircraft X aircraft was incredibly difficult to get in touch with when needing crucial reports for altitudes and fixes.",,"Controllers reported a situation where aircraft could not land at their destination due to the unavailability of parking space. Contributing to the problem was poor communication signal.",
1289672,201508,1201-1800,ORD.Airport,IL,,,,36000,,IMC,Turbulence; Thunderstorm,,Daylight,,,Center ZID,Air Carrier,Light Transport,,2,Part 121,IFR,Passenger,FMS Or FMC,Cruise,STAR TRTLL TWO,Class A ZID; Class B ORD,,,,,,,,,,,,,,,,,,,,,,,,,,,,,,,,,,,,,,,,,,,,,,,,,,,,,,,,,,,,,,,Aircraft X,Flight Deck,Air Carrier,Pilot Not Flying; Captain,Flight Crew Air Transport Pilot (ATP),,,Distraction; Situational Awareness; Workload,,,1289672,,,,,,,,,,,,ATC Issue All Types; Deviation / Discrepancy - Procedural Published Material / Policy; Inflight Event / Encounter Fuel Issue,,,Person Flight Crew,In-flight,Flight Crew Landed in Emergency Condition,Weather; Human Factors,Weather,"After arriving at our cruising altitude we received our first reroute from Toronto center on at FL360. This clearance was only a partial clearance; and I did not accept it due to it not being a complete clearance. I told the controller we needed a complete clearance or he needed to give us a holding clearance. After that he responded with; 'you can't take (EFC) clearances'; 'expect the rest of the clearance from the next guy'; 'Ive never heard of that'. The clearance he gave us was from YQO to VHP with no other fix. I told him we needed a complete full route clearance so we know what to do in case of lost communications. He then issued us YQO; VHP; direct ORD.  That situation seemed to solve itself by us not accepting the partial clearance.  We then received two more re-routes to ORD and ended up holding over WEEVR intersection. Prior to hitting our BINGO fuel we were further given a clearance of direct VHP SPI PNT TRTLL2 ORD. This clearance was unacceptable as we didn't anywhere close to the amount of fuel needed to accept the route. As this is all happening the dispatcher is communicating the position of the weather very well to us using familiar fix's on ORD arrivals as well as where new cells were 'blowing up'...this was incredibly helpful as the weather review the First Officer and I had done prior to this flight as well as the vantage point we had during the hold which allowed us to scan what seemed like the entire upper Midwest with our aircraft's radar showed that the storms where building in front of the strong cold front.  During all of this discussion the release was amended to show MKE as our new alternate. This was a very good choice as at that time MKE was behind the line of weather and the cold front was almost completely moved through the area. Further discussion between myself and the First Officer was that should a diversion happen we decided to only go to any airport that would allow us to descend behind the line of weather (on the west side); and also be west of the front. We agreed and planned for a diversion to MKE. This decision was also communicated to dispatch. Our dispatcher was very helpful during this phase of the flight; providing very timely communication about the weather and responding to a lot of ACARS text messages. After requesting ATC to see if they could further cut our route; they stuck to the (VHP SPI PNT TRTLL2 ORD) route. I then notified ATC we would be changing our destination to MKE. ATC then responded very quickly to question this choice. ATC suggested IND; and CVG. Although those airports were somewhat geographically closer; they were on the wrong side of the front; line of thunderstorms; and not what this crew (including dispatch) had planned for. At this point we are now getting to a situation where we will not be able to land in MKE with 45 mins of fuel. Due to this as well as what seems like ATC's inability to address our fuel concern; I elected to declare [minimum] fuel; and stated we would need to head to MKE.While en route to MKE; ATC asked us if we would be able to accept going to ORD. I said we would but we would need priority to land; and no further delays. We then amended the release again via ACARS to show ORD as our destination. It then seemed as though ATC wanted us to cancel our status. They asked us twice for this; and were very unusual requests. Due to our fuel level at the time of those requests we would not have been able to attempt a landing in ORD; go missed; then attempt a landing in MKE; go missed; and still have anything close to 45 mins of fuel with the weather and amount of traffic going into ORD and MKE at that time.  I made it clear were not going to cancel our status and we continued to fly a visual approach to runway 28C; with a normal landing. We landed with 2700lbs of fuel.",,,,"After several reroutes and holding; the crew declared minimum fuel but were able to land at their original destination of ORD instead of diverting.",
1290159,201508,0001-0600,SCT.TRACON,CA,,,,3600,,,,,Night,,,TRACON SCT,Air Carrier,Large Transport,,2,Part 121,IFR,Passenger,FMS Or FMC,Initial Approach,Visual Approach,Class B LAX,,,,,,,,,,,,,,,,,,,,,,,,,,,,TRACON SCT,Air Carrier,Medium Transport; Low Wing; 2 Turboprop Eng,,2,Part 121,IFR,Passenger,FMS Or FMC,Final Approach,Visual Approach,Class B LAX,,,,,,,,,,,,,,,,,,,,,,,,Facility SCT.TRACON,,Government,Approach,Air Traffic Control Fully Certified,Air Traffic Control Time Certified In Pos 1 (yrs) 22,,Distraction; Situational Awareness; Workload,,,1290159,Facility SCT.TRACON,,Government,Supervisor / CIC,Air Traffic Control Fully Certified,Air Traffic Control Time Certified In Pos 1 (yrs) 3,,Workload; Situational Awareness; Confusion,,,1290375,ATC Issue All Types; Conflict Airborne Conflict; Deviation - Track / Heading All Types; Deviation / Discrepancy - Procedural Clearance; Inflight Event / Encounter Fuel Issue,,,Person Air Traffic Control; Person Flight Crew,In-flight,Air Traffic Control Issued New Clearance; Air Traffic Control Separated Traffic; Air Traffic Control Provided Assistance; Flight Crew Landed in Emergency Condition; Flight Crew Returned To Clearance; Flight Crew Took Evasive Action,Human Factors; Procedure,Procedure,"Aircraft X was an arrival from the east who was sent around by the tower because of a departure from the same runway [RWY24L]. Aircraft X was vectored back to the downwind by the departure sector and contacted me abeam a VOR on a 070 heading at 5000. The pilot did not mention any concern about fuel. Several miles later Aircraft X asked for their sequence. I advised them that they were #5. I honestly was aggravated by the question because I had more important things to tend to do. Several miles later Aircraft X called but I had other priorities to take care of first. Aircraft X called a second time and again they were not my top priority since they had never advised me of any issue with fuel. We were restricted to 5 miles in-trail because of a runway closure and I had an aircraft to clear for approach; another to slow to make room for Aircraft X; a departure who was on a converging course with an arrival. Both of those aircraft needed to be advised of each other since they were on a converging course 1;000 feet apart.As I'm calling traffic to other aircraft; Aircraft X [advised ATC] on 121.5. When I finally acknowledged Aircraft X on my frequency [128.5] they said they were an urgent low fuel flight and had already turned final on their own. I stopped Aircraft X at 3600 and advised them of Aircraft Y traffic 1 mile ahead. I cancelled Aircraft Y's approach clearance and turned them away from Aircraft X. I then cleared Aircraft X for the approach. I did not have the time to get souls and fuel because I had other issues to attend too.If Aircraft X had at any time advised me that they had fuel concerns I could have worked out a different sequence. I'm not sure how an A321 makes 1 missed approach at their intended airport of landing and goes from 'whats my sequence?' to 'we are an [urgent low fuel flight] and we are turning final'. What ever happened to 'minimum fuel?'",,"Aircraft X arrival. Cleared in Runway 24L. Due to runway construction 5 miles in trail required between arrivals. Shipped to tower and told to make s-turns for heavy departing prior to arrival. Subsequently a go-around was required due to traffic on runway. Handed off to Arrival controller and vectored to downwind. Pilot asked what his sequence would be. Told number 5. Continued on downwind and then attempted to contact controller to advise of fuel shortage. Frequency congestion did not allow for immediate attention. Pilot then called Mayday on 121.5 and reset transponder to 7700. The airplane turned right base behind Aircraft Y ahead of him. Another aircraft was abeam for south complex. Both aircraft were vectored off and Aircraft X landed Runway 24L.",,"SCT Controller and Front Line Manager reported of an aircraft that went around due to traffic; then was being sequenced to same runway as another arrival. Pilot attempted to question and advise the controller but; due to congestion on frequency; was not able to get a word in. Pilot squawked emergency and turned in to final. Traffic in front and alongside aircraft had to be turned out.",
1290644,201508,0601-1200,ZZZ.Airport,US,,,400,,,VMC,,,Daylight,,,TRACON ZZZ1; Tower ZZZ,Air Carrier,Large Transport,,2,Part 121,IFR,Passenger,,Final Approach; Initial Approach,,Class B ZZZ,,,,,,,,,,,,,,,,,,,,,,,,,,,,,,,,,,,,,,,,,,,,,,,,,,,,,,,,,,,,,,,Aircraft X,Flight Deck,Air Carrier,Captain,Flight Crew Air Transport Pilot (ATP),,,Communication Breakdown; Confusion; Distraction; Situational Awareness; Workload,Party1 ATC; Party2 Flight Crew,,1290644,Aircraft X,Flight Deck,Air Carrier,First Officer,Flight Crew Air Transport Pilot (ATP),,,Confusion; Communication Breakdown; Distraction; Situational Awareness; Workload,Party1 ATC; Party2 Flight Crew,,1290648,ATC Issue All Types; Conflict Airborne Conflict; Deviation - Track / Heading All Types; Deviation / Discrepancy - Procedural Clearance; Inflight Event / Encounter Fuel Issue,,,Person Flight Crew,In-flight,Flight Crew Landed in Emergency Condition; Flight Crew Requested ATC Assistance / Clarification; Flight Crew Took Evasive Action,Human Factors; Procedure,Procedure,"I was the Captain on final approach to ILS RWY 24L ZZZ. We were cleared by tower for the visual approach and stabilized at approximately 1100 feet MSL; with autopilot off; when the tower cleared a heavy for takeoff while taxiing 90 degrees to the runway. As we continued the approach the tower controller made a comment to the heavy to expedite his takeoff. The pilot answered he was heavy. The controller asked us to S turn to the north; which I complied with; to assist the tower controller. The aircraft was stabilized at all times. The controller realized he would not have the spacing to land us behind the heavy. The ATC tower controller directed us to go around. We accomplished a go around at approximately 400 feet. We were given heading 250 and climb to 2000 feet. We completely cleaned up and complied with the controller instructions going overwater for several minutes on a heading of 270; besides the heavy flying that was flying a 240 heading on my left. The heavy was in sight the entire time until we were handed back to Approach.  Departure gave us right turn direct ZZZ1 (VOR); leaving ZZZ1 (VOR) fly heading 070; climb to 4000 feet; then 5000 feet. We complied with all the controllers' instructions and were handed off to another approach controller that was very busy. We had an original FOD (Fuel Over Destination) of 6.8 at ZZZ. After the go around; I made a quick assessment with the FO (First Officer) that we were at minimum fuel as we headed east on the 070 heading away from the airport. I made several attempts to contact the controller to declare minimum fuel. I got blocked a couple of times as the controller was extremely busy. I called again on the same heading 070 several times and he finally said Standby. I said I need to know our sequence. He said 5. I couldn't get a word back in as I tried to declare minimum fuel. Knowing the controller was making us number 5; I was being told to standby.  Our MCDU computer now indicated an FOD of around 2000; and on final 1400 with a low fuel warning. I clearly told the FO we were [advising ATC Of our fuel urgency]. The FO switched to guard and called May Day three times several times because the controller was not answering either of us using the approach frequency; with the only response from another carrier. I continued calling the controller to [advise of our fuel situation] because we had travelled so far east; without the controller acknowledging us on either frequency. I squawked 7700 on a heading of 070. When we got no response after repeated calls to ATC on both frequencies we started a slow turn to base behind an aircraft in sight on final to 24L at 2 o'clock. As soon as we started the turn; the controller called us and finally understood we were a [minimum fuel] aircraft. He vectored us to Runway 24L; vectored the preceding aircraft out of the way to our right and in sight. He descended us to 3600 feet and cleared us for the ILS to Runway 24L. I told the FO; reactivate the approach and get the approach speed back up. We landed uneventfully with 3800 pounds of fuel. We had an original FOD of 6.8 and burned 3000 pounds of fuel during the go around with my emergency intervention. We would have had an extremely dangerous fuel state if we had been vectored any further east away from the airport; as the controller had planned by making us number 5. Also; another go around would have required an emergency opposite direction landing and was briefed on the second approach. The passengers and flight attendants were advised of the reason for the go around over the PA. I was called by the tower and told to call the tower and given a phone number. I was called back while taxiing by the tower and told to call Approach instead of tower and a phone number for Approach. I complied and called Approach to answer any questions the controller's supervisor had. The controller's supervisor said they may be filing a pilot deviation because I began my slow turn to base usingCaptain's Emergency Authority after squawking 7700 and making repeated emergency calls on both Approach and Guard frequencies. He said they had to vector a couple of aircraft because I was turning back to the airport. At no time did I lose sight of the preceding aircraft on final or separation. There was no TCAS event. The controller only responded after we began a slow turn to follow the preceding aircraft. The supervisor requested my name; pilot certificate number and address. I complied and gave him all three. I asked the supervisor for the controller's name; but he would only give me his name.  [Company aircraft] was on a 15 mile final to runway 24L on our second approach to 24L; heard the entire ATC exchange and the declaration of [our fuel situation]. [Captain] and co-pilot are willing to make a witness statement.Landing clearance issued to us with a misunderstanding by the tower controller of how long the heavy would require to take off on Runway 24L. He correctly directed us to go around.Understandable that a go around was directed by tower for traffic separation with the heavy.After cleanup from a TOGA go around and vectors; we tried to notify ATC as soon as possible that a minimum fuel state; then emergency fuel state; existed; but traffic volume; frequency congestion and a very busy controller hampered effective communication. We should have been given traffic priority for a second approach; as a go around aircraft with the tower advising Approach we were a go around. I don't know ATC procedure for a go around hand off; but direct ZZZ1 (VOR); then heading 070 out of [THE VOR]; seems like a canned go around procedure by ATC. The go around aircraft fuel state could be considered by ATC when re-sequencing a go around aircraft. Normally; I add fuel for contingencies; but the weather was fine across the entire country; except the Phoenix area. We did not have an alternate with 800 pounds of dispatch add and 2377 pounds of hold fuel. Weather VMC at destination ZZZ. Total fuel release fuel load was 39;100. Fuel burn was normal for the entire flight with an FOD of 6.8. I will add fuel in the future for a go around contingency and extensive vectors; especially at high volume airports. The controller workload and frequency congestion were the major factors hampering effective communication. No ATC controller response on Guard frequency to the Mayday calls or the squawk of 7700 while on a heading of 070.",,"ATC responded at that point; broke off the [preceding aircraft] and cleared us for the visual approach to 24L. We were above glide slope at first; but were in the slot; fully configured by 1500 feet; stable by 1000 feet and landed uneventfully. After landing we were asked to call the tower; then that was cancelled and we were asked to call Approach about a possible pilot deviation. The person we spoke to seemed confused as to why we [advised ATC of our fuel situation] on 121.5 when we were in contact with Approach. Unfortunately we had been unsuccessful in communicating with them; with repeated attempts; due to frequency saturation and were told 'STAND BY!' so that left us with no choice but to do as we have been taught our entire pilot careers; transmit on 121.5 and proceed immediately out of the 'red' and back toward the 'green.' Then there was discussion about why we turned in without a clearance to do so. I am unaware of the FAR that tells us we need clearance at that point. Accident reports show that lack of timely response to a negative situation usually ends very badly. It was unfortunate that we could not get positive timely communication with ATC due to frequency saturation. We operated safely with our aircraft and got our passengers safely on the ground. We can all talk about more fuel; not launching a heavy when someone else is over the marker inbound; etc. Those are human factor issues that will always be recurring. They are not systemic errors; they are facts of life in the world we operate in. What could help is having an additional frequency to reduce controller work load and frequency congestion so we could have communicated effectively; all been on the same page; and no reports to write. Secondly; it should be the assumption by ATC; that on a VFR day; a go around aircraft needs priority back to the airport; that #5 is just not okay. We have no alternate; we can do one go around and fly a box pattern back to a landing. We simply don't have the gas to rejoin the conga line to the airfield where it is most convenient for ATC. We have not done 3-4 turns in holding; sipping fuel at altitude. We essentially did a fully configured approach and subsequent takeoff at maximum fuel flow during the same time period. Priority after a VFR go around is essential to safe operation.",,"Captain and First Officer both reported a flight where they had to go around due to a heavy aircraft taking too long to depart. The aircraft then had to make a go-around; and come back to land. Pilot tried to advise ATC of aircraft fuel issues but could not speak to Controller. Pilot turned off downwind to land aircraft. Traffic had to be vectored out of the way. Aircraft landed uneventfully.",
1302463,201509,1801-2400,ZZZ.TRACON,US,,,,,,VMC,,,Daylight,,,TRACON ZZZ,Personal,Learjet 35,,2,Part 91,IFR,Passenger,,Final Approach,Vectors,Class E ZZZ,,,,,,,,,,,,,,,,,,,,,,,,,,,,,,,,,,,,,,,,,,,,,,,,,,,,,,,,,,,,,,,Aircraft X,Flight Deck,Personal,Captain,Flight Crew Multiengine; Flight Crew Instrument; Flight Crew Flight Instructor; Flight Crew Air Transport Pilot (ATP),Flight Crew Last 90 Days 150; Flight Crew Total 8000; Flight Crew Type 5000,,,,,1302463,,,,,,,,,,,,ATC Issue All Types; Aircraft Equipment Problem Less Severe; Inflight Event / Encounter Fuel Issue,,Y,Person Flight Crew,In-flight,Air Traffic Control Provided Assistance; Flight Crew Requested ATC Assistance / Clarification,Aircraft,Aircraft,"While enroute; we experienced a mechanical [issue] in regards to cabin not being able to maintain certified pressure on the vessel. We ended up setting up long range cruise to save fuel due to the inability to climb into the 40's flight levels. About 2 hours out from [destination] I advised ATC of a possible minimum fuel situation at our destination and requested to stay up as high as possible as long as possible with the most direct route as possible. The controller said no problem and forwarded the request on to all agencies for the remainder of the flight. There was no other issues or concerns to safely complete the flight to my planned landing destination. Upon contacting the final controller just prior to Tower I was advised to plan to hold. I replied I am unable to hold due to the minimum fuel situation. The controller said he will be unable to get me into [destination]. At that point I [said it's] a fuel emergency. The controller again advised me he will be unable to get me into [destination] and asked me what I want to do. I advised I am filed for [destination] and that is where I would like to go. The controller said he will be unable. I quickly advised my passenger of the situation while my copilot received a call back from approach stating they will get us into [destination]. I was vectored directly to [destination] and landed safely with no further event. Landing fuel was 50 minutes remaining.",,,,"LR35 Captain reported a low fuel situation related to a mechanical issue that limited cruise altitude.",
1302913,201510,0601-1200,DFW.Tower,TX,,,,,,,,,,,,Tower DFW,Air Carrier,MD-83,,,,IFR,,,,,Class B DFW,,,,,,,,,,,,,,,,,,,,,,,,,,,,,,,,,,,,,,,,,,,,,,,,,,,,,,,,,,,,,,,Aircraft X,Flight Deck,Air Carrier,Pilot Flying; Captain,Flight Crew Air Transport Pilot (ATP),,,Situational Awareness,,,1302913,Aircraft X,Flight Deck,Air Carrier,Pilot Not Flying; First Officer,Flight Crew Air Transport Pilot (ATP),,,Situational Awareness,,,1302914,ATC Issue All Types; Inflight Event / Encounter Fuel Issue,,,Person Flight Crew,In-flight,Flight Crew Executed Go Around / Missed Approach,Human Factors; Company Policy; Airport,Ambiguous,"Landing DFW 17L; FOD on rwy and we elected to execute a missed approach. At the start of the go-around we had 6;500 lbs of fuel. Vectored left turn; climb to 6;000; back around over the airport for a right downwind to RWY 13R. We asked for a closer runway and were denied. We mentioned that we were at min fuel (Yes; I know that is substantially meaningless verbiage) I checked fuel on final and we had 4;700 lbs but don't know our exact DME at the time.  Landed uneventfully and after a somewhat extended taxi in (holding short of 18R) parked with 3;900 lbs of fuel.I frankly do not know our exact fuel at touchdown but we may have burned into our reserve fuel (4;400 lbs or so). I was watching our fuel pretty closely but was suprised at the FOB as we parked the brake. We did not declare an emergency.As a precaution I would declare emergency fuel next time in a similar situation. A missed approach from 17L to 13R? That is about as far away as they could send us. It seems like ATC might be better aware of this type of thing. Yes; I  know they have their hands full with all the flights landing at the same time. I add fuel fairly frequently but may add more. I had not added fuel on this flight.",,"[Report narrative contained no additional information].",,"MD-83 flight crew reported they landed with minimum fuel after executing a missed approach because of FOD on the runway.",
1303273,201510,1201-1800,ZZZ.Airport,US,,,,5500,,VMC,10,,Daylight,10000,,TRACON ZZZ,Military,Military Trainer,,1,Part 91,VFR,Training,,Initial Approach,Vectors,Class E ZZZ,,,,,,,,,,,,,,,,,,,,,,,,,,,,TRACON ZZZ,Military,Military Trainer,,1,Part 91,VFR,Training,,Initial Approach,Vectors,Class E ZZZ,,,,,,,,,,,,,,,,,,,,,,,,Aircraft X,Flight Deck,Military,Single Pilot; Pilot Flying,Flight Crew Instrument; Flight Crew Flight Instructor,Flight Crew Last 90 Days 85; Flight Crew Total 1600; Flight Crew Type 350,,Time Pressure; Communication Breakdown; Situational Awareness; Distraction; Confusion; Troubleshooting; Workload,Party1 ATC; Party1 Flight Crew; Party2 ATC,,1303273,Aircraft Y,Flight Deck,Military,Pilot Flying; Single Pilot,Flight Crew Flight Instructor; Flight Crew Multiengine; Flight Crew Commercial; Flight Crew Instrument,Flight Crew Last 90 Days 98; Flight Crew Total 2600; Flight Crew Type 1500,,Workload; Distraction; Time Pressure; Troubleshooting; Situational Awareness; Communication Breakdown; Confusion,Party1 Flight Crew; Party1 ATC; Party2 ATC,,1303275,ATC Issue All Types; Deviation / Discrepancy - Procedural Published Material / Policy; Inflight Event / Encounter Fuel Issue,Horizontal 8000; Vertical 1000,,Person Flight Crew,In-flight,Flight Crew Landed in Emergency Condition,Human Factors; Procedure,Human Factors,"Aircraft X and Aircraft Y were a flight of two aircraft operating on a military training mission VFR. Aircraft X flight completed training operations and proceeded northbound to ZZZ for a planned refueling stop prior to the next training evolution. Aircraft X established communications with approach at 8;500 feet MSL; approximately 35 miles SSE of ZZZ; with a request for VFR flight following to ZZZ. Approach directed Aircraft X to proceed direct to the ZZZ VOR for sequencing into ZZZ. Aircraft X was then given a traffic call to follow commercial traffic inbound to ZZZ. With traffic in sight; Aircraft X proceeded to follow the air carrier for a visual straight-in to 31L. Approach then directed Aircraft X to slow to 170 knots for sequence. Shortly after the speed restriction; approach determined that the interval was insufficient for Aircraft X to continue inbound; and directed Aircraft X on a vector for sequence with an altitude restriction of no lower than 5;500 feet MSL. Aircraft X complied as assigned.After receiving multiple extended vectors; Aircraft Y relayed to Aircraft X that he was minimum fuel with an indicated fuel state of 600 lbs (approximately 20 minutes until fuel starvation; and 200 lbs above standard operating procedures for minimum on deck fuel required). Aircraft X relayed to approach that the flight was min fuel and would require a full stop on the visual straight-in. ATC seemed confused about the min-fuel call and clarified that Aircraft X would require a full stop. Aircraft X responded in the affirmative; once again declaring the flight as min fuel.Approach directed Aircraft X to follow commercial traffic Aircraft Z inbound to ZZZ and to maintain visual separation. Approach then provided another airspeed restriction of 170 KIAS to follow traffic. At this point; Aircraft Y fuel state decreased first to 500 lbs with a system warning; then to 400 lbs. Aircraft Y communicated to Aircraft X that they were rapidly approaching Emergency fuel. At this time; Aircraft Y fuel state decreased to 300 lbs (less than 10 minutes of fuel remaining) with a system warning. Aircraft Y communicated to Aircraft X that they were emergency fuel and had to land immediately. Aircraft X then [advised ATC]; stating his wingman; Aircraft Y was emergency fuel. Approach continued to direct Aircraft X flight to follow Aircraft Z on a 13 mile final for ZZZ Runway 31L; providing an altitude and airspeed restriction. At this point; Aircraft Y fuel indications began to fluctuate between 100 lbs and 700 lbs. Aircraft Y immediately communicated to approach that they were unable to comply. Aircraft Y again stated that they were emergency fuel; required immediate priority; and that Aircraft Z needed to discontinue their approach and give way. ATC still failed to properly acknowledge the emergency. ATC did not ask what assistance was required; nor did they ask for souls on board or fuel remaining. Approach reiterated to Aircraft X to maintain visual separation from Aircraft Z. Aircraft Y confirmed they had the traffic in sight and would maintain visual separation. Approach then proceeded to ask Aircraft X if they were able to accept runway 31R. Aircraft X reported that they were unable (due to insufficient runway length). At this point; Approach finally directed Aircraft Z to discontinue approach and climb to 4;000 feet MSL. Aircraft Y safely overtook the Aircraft Z at approximately 11 miles on final; passing no closer than 1.2 nm. At this point approach directed Aircraft Y to standby to copy a contact number from tower once on deck; and cleared Aircraft X flight to switch to tower frequency.After switching to tower; a light civil aircraft began an extended communications check-in for a downwind entry with tower. When Aircraft Y was finally able to establish communications with tower as an emergency aircraft; ZZZ tower was unaware of any inbound emergency. Aircraft Y communicated once again that they were emergency fuel on a 7 mile final and required immediate landing on 31L. Tower cleared Aircraft Y to land on 31L. They then cleared Aircraft X; now dash two of the flight to land number two. After uneventfully clearing the runway; ZZZ ground control relayed to Aircraft Y to stand by to copy an ATC contact number in response to a possible deviation report. At no time did ATC; tower; or ground attempt to determine if any assistance was required for Aircraft Y. Due to unknown fuel indications; with a potential maintenance issue; and a known low-fuel state; Aircraft Y was gravely concerned about a potential flameout on final. Aircraft X and Aircraft Y made every effort to communicate this fact with ATC and tower. ATC seemed more concerned about relaying a contact number for Aircraft X flight to call while still airborne and dealing with an active emergency; vice acknowledging the emergency; and providing priority handling and deconfliction.Once safely on deck; Aircraft Y copied the ATC contact number. It was determined that an issue with Aircraft Y's fuel indication led to a lower than actual indication of fuel remaining; which caused a rapid progression to an emergency status.",,"[Report narrative contained no additional information.]",,"Military pilots reported of having a fuel issue which developed into an emergency fuel problem. There was confusion around the fact that ATC did nothing to help with the emergency situation. Aircraft landed at destination and was instructed to call TRACON for possible pilot deviation.",
1321692,201601,0601-1200,DEN.Airport,CO,,,0,,,,,,Daylight,,,Ground DEN,Air Carrier,Large Transport; Low Wing; 2 Turbojet Eng,,2,Part 121,IFR,Passenger,,Taxi,,,,,,,,,,,,,,,,,,,,,,,,,,,,,,,,,,,,,,,,,,,,,,,,,,,,,,,,,,,,,,,,,Aircraft X,Flight Deck,Air Carrier,First Officer; Pilot Flying,Flight Crew Air Transport Pilot (ATP),Flight Crew Last 90 Days 160; Flight Crew Type 565,,Distraction; Time Pressure,,,1321692,Aircraft X,Flight Deck,Air Carrier,Pilot Not Flying; Captain,Flight Crew Air Transport Pilot (ATP),Flight Crew Last 90 Days 112; Flight Crew Total 5533; Flight Crew Type 4115,,Distraction; Time Pressure,,,1321711,ATC Issue All Types; Inflight Event / Encounter Fuel Issue,,,Person Flight Crew,In-flight,,Procedure,Procedure,"After a normal pushback and taxi out; we were told to taxi on F and hold short of WA taxiway in Denver; planning for Runway 25. After coming to a stop; we noticed a lineup on taxiway Golf and it was clear that one of the departure corridors was shut down. After hearing a query from another aircraft soon after coming to a stop on taxiway F; ATC replied that all westbound departures were shut down due to traffic into and out of Eagle/Vail and Aspen airports. The dispatcher was notified of the shutdown; and the ATC coordinator started working to get us released per ACARS communication. At XA18Z; we were asked by ATC if we had Coded Departure Routes onboard; which we did not; and he proceeded to give us a full route clearance with the north departure YAMMI.LAR OCS J94 FMG PYE BEBOP as filed after. Being familiar with the fixes; I noticed our route paralleled our old one slightly to the north. The route was verified in the FMC; followed by a message to the dispatcher with the change of route at XA19Z. Furthermore; the original [Minimum] fuel was over 900 pounds less than actual onboard fuel when we were about to depart runway 25; and the fuel remaining at landing was comparable to the Atlantic crossings and acceptable to the Captain. Normal taxi out to the runway occurred and we departed at XA23Z. At XA44Z; well north of Denver and past LAR VOR; we received a message from dispatch saying Sabre is unable to reconcile the new flight plan due to fuel requirements for the Critical Point. At that time; we started working on other options. Because we were north of our route; a different track option for decrease of critical point fuel was not feasible. Also; an immediate turn to the southwest to try to rejoin our original route left us with less than required critical point fuel. By about Reno; we considered landing in San Francisco for fuel but we were presented an option to continue with a second critical point from dispatch and a required fuel at the new Critical Point 1 that was attainable with the updated winds aloft. The option to continue was selected to be the best course of action because if we would have diverted to San Francisco; we would have been 25;000 pounds overweight and further difficulties would have transpired. Watching the fuel intently between coast out and the critical point; we were showing required fuel onboard at or above all the way there and achieved that. A normal flight progressed after that.",,"We were approximately 500 lbs short of fuel at the ETOPS CP (Critical Point). We honestly believed the reroute was one that dispatch prompted and that the other fuel info made sense. We spent the next 2 hours adjusting altitude speed and dispatch requirements to make our fuel legal over CP; which we accomplished 27.0 lbs at CP 1.I feel I have a good understanding of ETOPS operations. We were very aware of ETOPS add. When we got the reroute we saw numbers that were less than desirable but met the minimums and made sense. We did not knowingly leave DEN with less than required fuel.I feel I was remiss in not waiting for a dispatcher concurrence but in reality waiting 25 minutes departure would probably not have happened with regards to min fuel.I am fairly surprised that a north parallel route affected so this adversely. I should have added 3000 lbs of fuel. I will NOT make that mistake again.[Minimum] fuel too little too tight on these flights. One hiccup and we are in a problem.I feel I did not have the information to avoid this mistake. The responsibility is clearly mine and the buck stops here. I do acknowledge my failing to catch the error. I contend that I was shorted the tools to have accomplished just that.",,"Air carrier flight dispatched for an ETOPS routing receives a reroute prior to takeoff that burns into their ETOPS divert fuel. Flight is continued due to confusion between flight crew and Dispatcher. Flight crew are able to adjust speed and altitude in flight to make their minimum fuel at their ETOPS critical point legal and continue to their intended destination.",
1325076,201601,1801-2400,ZLC.ARTCC,UT,,,,30000,,VMC,,,Night,,,Center ZLC,Air Carrier,A321,,2,Part 121,IFR,Passenger,,Cruise,Vectors,Class A ZLC,,,,,,,,,,,,,,,,,,,,,,,,,,,,,,,,,,,,,,,,,,,,,,,,,,,,,,,,,,,,,,,Aircraft X,Flight Deck,Air Carrier,First Officer; Pilot Not Flying,Flight Crew Air Transport Pilot (ATP),,,Confusion; Situational Awareness; Workload,,,1325076,,,,,,,,,,,,ATC Issue All Types; Deviation / Discrepancy - Procedural Published Material / Policy; Inflight Event / Encounter Fuel Issue,,,Person Flight Crew,In-flight,Air Traffic Control Issued New Clearance,ATC Equipment / Nav Facility / Buildings; Airspace Structure; Company Policy; Manuals; Procedure,Procedure,"The new method of 'Next Gen' ATC of Time Based Flow Management is an unacceptable method of controlling aircraft. I understand this method is to prevent aircraft from holding over fixes and is to create time based spacing of aircraft inbound to a specific airport; adding a number to the bottom right of each aircraft's data block and is sector specific. We were given multiple turns and slowed over Utah. Not knowing how long a delay vector is going to be; not being told how many turns we will actually do across a course is unacceptable for the purposes of fuel planning and is therefore a safety of flight issue and causes the possibility of busting regulations regarding fuel requirements for holding; alternates etc.  Flight computers calculate a final exit time with which the crew uses to exit a hold and proceed to an alternate airport for fuel. We cannot ascertain this information by just flying over a desert in a random course. I understand the program is designed to either utilize vectors or speeds or a combination of both and changes as each aircraft passes from sector to sector. Fuel planning is tight when you're flying from coast to coast; especially in dealing with alternates and bad weather planning for crossing the country.  When we finally got back on course; we weren't minimum fuel; but we didn't have a lot to mess around with either. Had we been issued a hold; we would have been able to formulate some sort of action plan. Which is kind of what you pay us for. Please work with the FAA it's employees at ATC to realize that this method of service is unacceptable and DANGEROUS. Don't use Time Based Flow Management and fly planes all over the country in random directions. Assign holds at fixes to allow for fuel planning.",,,,"A321 First Officer reported being issued numerous delay vectors based on ATC Time Based Flow Management requirements. The pilot was concerned about not being able to plan for enough fuel.",
1326294,201601,,SEA.Airport,WA,,,,1400,,,,,,,,Tower SEA,Air Carrier,Medium Transport,,2,Part 121,IFR,Passenger,Localizer/Glideslope/ILS Runway 16L,Final Approach,,Class B SEA,,,,,,,,,,,,,,,,,,,,,,,,,,,,,,,,,,,,,,,,,,,,,,,,,,,,,,,,,,,,,,,Aircraft X,Flight Deck,Air Carrier,Captain; Pilot Flying,Flight Crew Air Transport Pilot (ATP),,,Communication Breakdown; Situational Awareness,Party1 Flight Crew; Party2 ATC,,1326294,,,,,,,,,,,,ATC Issue All Types; Conflict Airborne Conflict; Deviation / Discrepancy - Procedural Published Material / Policy; Inflight Event / Encounter Fuel Issue,,,Person Flight Crew; Person Air Traffic Control,,Air Traffic Control Issued Advisory / Alert; Air Traffic Control Issued New Clearance; Air Traffic Control Separated Traffic; Flight Crew Executed Go Around / Missed Approach,Human Factors; Procedure; Weather,Procedure,"While on approach for Runway 16L at SEA we passed FINKA (the FAF) and was finishing the configuration for an approach when SEA Tower gave us a go around. We were at 1;400 feet slowing through 145 knots and fully configured. The instructions were 'go around; fly heading 200 climb to 2;000 feet. Contact approach'. We complied no problem. We were boxed around for another approach. At the exact same location we received the exact same instructions. Another go around. This time though as we were turning and climbing the controller's voice [switched].The (trainer I think) started to insist that we acknowledge the go around. My First Officer told him to stand by. The controller then started to lecture us on his need for an acknowledgement. I told him we were busy; but he kept lecturing us. The controller was creating a hazardous situation when we were very busy. He then switched us to Departure where we got vectored back for another approach and we stated that we were now minimum fuel. We were down to about 2;000 LBS total. This time we landed with no problems with the [the original] controller working the local control position. My problem is; that when I was working Towers; the fact that we were complying with the instructions was acknowledgement and they could look at their radar and see our track turning and the data block showing an increase in altitude. [The controller's] lectures [were] very distracting and caused a very dangerous situation at a critical time of very high workload.Got too close to the preceding aircraft on approach. We held the required 170 knots until FINKA then slowed.",,,,"An aircraft was issued go-around instructions for two approaches in a row. The pilot felt they were too busy to read back the ATC instructions.",
1328465,201601,1801-2400,SAN.Airport,CA,,,,5000,,IMC,Cloudy,,Night,,,Tower SAN,Air Carrier,A320,,2,Part 121,IFR,Passenger,FMS Or FMC,Final Approach; Initial Approach,,Class B SAN,,,,,,,,,,,,,,,,,,,,,,,,,,,,,,,,,,,,,,,,,,,,,,,,,,,,,,,,,,,,,,,Aircraft X,Flight Deck,Air Carrier,Captain; Pilot Flying,Flight Crew Air Transport Pilot (ATP),Flight Crew Last 90 Days 165; Flight Crew Type 423,,Situational Awareness; Communication Breakdown,Party1 ATC; Party2 Flight Crew,,1328465,Aircraft X,Flight Deck,Air Carrier,Pilot Not Flying; First Officer,Flight Crew Air Transport Pilot (ATP),Flight Crew Last 90 Days 170; Flight Crew Type 610,,Situational Awareness; Communication Breakdown,Party1 ATC; Party2 Flight Crew,,1328444,ATC Issue All Types; Inflight Event / Encounter Fuel Issue; Inflight Event / Encounter CFTT / CFIT,,,Automation Aircraft Terrain Warning; Person Flight Crew,In-flight,Air Traffic Control Provided Assistance; Flight Crew Diverted; Flight Crew Executed Go Around / Missed Approach; Flight Crew Became Reoriented; Flight Crew Requested ATC Assistance / Clarification,Airport; Environment - Non Weather Related; Human Factors; Procedure,Human Factors,"Normal enroute operation. Planned LOC 27 approach. Visibility reported well above minimums. Executed managed/selected method. At DH (Published + 50); no runway lights; no approach environment; no approach lights. Executed normal missed approach. Climbed to 5000 MSL; and was vectored east parallel to Runway 27; on right downwind. Was handed off to SAN Tower. Made positive contact with SAN Tower. Waited for Tower to turn us right base to intercept LOC 27. Call never came. About 25 miles east of SAN; received GPWS Warning 'Pull up; terrain; Pull up; Terrain'. Executed escape maneuver to 7000 MSL. PM advised SAN of maneuver. Tower issued: 'Immediate right turn heading 180. Maintain 7000'. Crew jointly determined insufficient fuel remained for another LOC 27 approach; followed by a miss and divert to planned alternate. LAX was determined to be best divert airport based on weather; distance and fuel burn; and facilities. Dispatch was advised and concurred. Minimum fuel was declared. Clearance to LAX was obtained; and flight; approach; and landing were normal. Fuel remaining was approximately 40 minutes. Ground turn took 2x than it should due to FA crew desk delaying flight due to their scheduling failure and the need to swap FAs. Return flight to SAN was normal and without incident.",,"[Report narrative contained no additional information.]",,"Flight crew reported a GPWS warning while on the downwind leg at SAN; expecting a turn to base by ATC. During the subsequent ATC vectors for a second approach; the crew determined the fuel state insufficient for a second approach; and diverted to LAX.",
1329024,201601,1801-2400,BHM.Airport,AL,,,,,,Marginal,,,Daylight,,,Tower BHM,Personal,Small Transport,,1,Part 91,IFR,Passenger,,Final Approach,,Class C BHM,,,,,,,,,,,,,,,,,,,,,,,,,,,,Tower BHM,Military,Military Trainer,,1,Part 91,IFR,Training,,Final Approach,Visual Approach,Class C BHM,,,,,,,,,,,,,,,,,,,,,,,,Facility BHM.Tower,,Government,Local,Air Traffic Control Fully Certified,Air Traffic Control Time Certified In Pos 1 (yrs) 3.0,,Situational Awareness; Workload; Confusion; Distraction,,,1329024,,,,,,,,,,,,ATC Issue All Types; Conflict Airborne Conflict; Deviation - Speed All Types; Deviation / Discrepancy - Procedural Published Material / Policy; Inflight Event / Encounter Fuel Issue,,,Person Air Traffic Control,,Air Traffic Control Separated Traffic; Air Traffic Control Issued New Clearance; Flight Crew Executed Go Around / Missed Approach,Staffing; Procedure; Human Factors; Airspace Structure,Staffing,"My supervisor and I were conducting a skill check on the Local Control position that was currently combined with Ground Control. The field was VFR with ceilings around 2;700 feet and visibility 6 miles with Haze. Aircraft X was established on the ILS and ground speed was showing 90 knots inside the final approach fix. Aircraft Y was established on the ILS and ground speed was showing 200 knots inside the initial approach fix.Compression was observed and we began to discuss the possibility of a go around for aircraft Y. An airport vehicle began to call for request to transition between multiple points to help with a disabled aircraft on a taxiway and another aircraft was calling for taxi from a FBO that encroaches on the taxiway. I began to develop a plan for the vehicles and aircraft on the taxiways and my attention was taken away from the compression issue developing on final. The Radar Controller keyed the line to ask if I had slowed aircraft Y. I told Radar I had not attempted to slow the aircraft at that time. I then keyed up to instruct aircraft Y to slow down and his response was blocked by another aircraft. I was then going to initiate the go around which would have resolved the issue; but the landline from Radar was keyed up again to ask if I could provide visual separation with aircraft X and aircraft Y. I responded that I could not provide and at that time separation was lost due to the communication disruption.I initiated the go around to aircraft Y and the pilot would not execute the go around because he would have to declare minimum fuel. I immediately went to aircraft X and told the pilot to go around. A turn was issued to resolve any further loss of separation. After the incident my supervisor informed me that he had visual on aircraft Y prior to the loss of separation through his binoculars. Due to the distractions on the taxiway I was unable to quickly identify aircraft Y on final for my landline coordination with the Radar Controller.Anytime there is a distraction on the Local or Ground control position have Local and Ground positions split.",,,,"A BHM Tower Local Controller did not slow an aircraft following a slower aircraft on final approach in a timely manner. The first aircraft had to be issued go-around instructions.",
1337120,201603,0001-0600,MEM.Airport,TN,,,,,,,,,,,,Tower MEM,Air Carrier,Large Transport; Low Wing; 2 Turbojet Eng,,2,Part 121,IFR,,FMS Or FMC,Landing,STAR BRBBQ1,Class B MEM,,,,,,,,,,,,,,,,,,,,,,,,,,,,,,,,,,,,,,,,,,,,,,,,,,,,,,,,,,,,,,,Aircraft X,Flight Deck,Air Carrier,Captain; Pilot Flying,Flight Crew Air Transport Pilot (ATP),,,,,,1337120,Aircraft X,Flight Deck,Air Carrier,First Officer; Pilot Not Flying,Flight Crew Air Transport Pilot (ATP),,,,,,1337117,ATC Issue All Types; Deviation / Discrepancy - Procedural Published Material / Policy; Inflight Event / Encounter Fuel Issue; Inflight Event / Encounter Weather / Turbulence,,,Person Flight Crew,In-flight,General None Reported / Taken,Weather; Aircraft,Weather,"Enroute to MEM; received holding instructions over WHOLL on the BRBBQ arrival with an Expect Further Clearance (EFC) time of 15 minutes. After plugging into FMS showed arrival fuel would be about 8.2; flight plan Fuel Over Destination (FOD) was 8.9.....Later they added our EFC time to extend 10 more minutes...at that point fuel over destination predicted FOD about 7.2. We decided that if we were unable to start towards MEM by the EFC time we would divert to LIT or STL. Predicted fuel at those destinations were about 8.7 and 8.2.Center turned us towards MEM 2 minutes prior to our EFC time. FMS predicted fuel at MEM to be 7.1; when we actually landed we had 5.1 of fuel.On taxi in we received low fuel alert; and blocked in with 4.7 on fuel. 5.0 is our emergency fuel.[Cause was] unexpected holding in MEM. Plan for more fuel at destination when no alternate required higher FOD.",,"[Report narrative contained no additional information.]",,"A large twin engine transport aircraft flight crew reported blocking in with 5100 LBS of fuel even though the FMS projected 7100 LBS.",
1337362,201603,1201-1800,ZZZ.Airport,US,,,,,,Mixed,Icing; Turbulence,,Daylight,,,Tower ZZZ,Air Carrier,Regional Jet 900 (CRJ900),,2,Part 121,IFR,Passenger,,Initial Approach,,Class B ZZZ,,,,,,,,,,,,,,,,,,,,,,,,,,,,,,,,,,,,,,,,,,,,,,,,,,,,,,,,,,,,,,,Aircraft X,Flight Deck,Air Carrier,Captain; Pilot Flying,Flight Crew Air Transport Pilot (ATP),,,,,,1337362,Aircraft X,Flight Deck,Air Carrier,Pilot Not Flying; First Officer,Flight Crew Air Transport Pilot (ATP),,,,,,1338031,ATC Issue All Types; Aircraft Equipment Problem Less Severe; Inflight Event / Encounter Fuel Issue; Inflight Event / Encounter Weather / Turbulence,,,Person Flight Crew,In-flight,General None Reported / Taken,Company Policy; Weather,Company Policy,"We departed with very close to our ramp fuel number (i.e. far above our takeoff fuel number). An alternate was not required; and none was on our flight plan. We were planned to land with approximately 3300lbs of fuel; a typical number for flights that do not require an alternate. Winds were out of the east; and [destination] was in a northbound operation. The final was a long one; probably 20-25 miles; with many airplanes in line to land. We experienced continuous moderate turbulence as we entered clouds and precipitation to the south of the field. As we were cleared for the approach and switched to tower; we noticed airplanes were being broken off the approach. As we listened further; we found out the winds had picked up and now exceeded the tailwind limitation of the airplane; and they were giving airplanes instructions to track the localizer; then giving them headings to put them in line for landing to an as-yet undetermined runway. At this point we were at roughly 3100lbs of fuel; and I begin thinking about a diversion. Given the deteriorating weather to our south; lack of alternate fuel; and relative distance of possible alternate airports I decided the safest option would be to continue in the pattern. I'm sure dispatch was quite busy; because they were little help in putting together a plan. They didn't give us the weather I asked for. We made a minimum fuel declaration as our fuel dropped to reserve; as several other flights were doing. We continued northbound in line to land in IMC; icing conditions and continuous moderate turbulence. At this point we were also addressing a R REV UNSAFE caution message per the QRH. As ATC required us to maintain 170 knots; we had no choice but to fly with the flaps extended. I was able to safely raise them to 8 degrees to minimize drag on the airplane. The First Officer and I; with the helpful assistance of our jumpseater; continually evaluated our fuel situation versus our position and formulated alternatives. As our fuel dropped below reserve to less than 30 minutes remaining; I [advised ATC] for low fuel; and told ATC in the event of a go-around or missed approach that I would proceed directly to [a point] just south of the airport; and land straight-in there. We had yet another 25 mile final where we touched down. Just as we were touching down on the mains; we received a LOW FUEL caution message. We landed with 1200lbs of fuel; barely enough for a go-around.It became obvious that we would be in a fuel-critical situation when we were broken off the approach and shuffled back into line. It took ATC several minutes to formulate a plan themselves; they could not give everyone a runway to expect immediately; or a time estimate; which caused us planning difficulty as well.A combination of factors caused this low fuel event; but I believe the overriding cause is the company's current fuel policy. Our flight plan was perfectly legal; with a very typical Fuel over Destination number for our landing; approximately 3300 pounds. If we depart very close to our Ramp Fuel number; fly our flight planned speeds with no deviations and a 'normal' approach and landing; we land remarkably close to that number. This number; however; gives us very little leeway for off-nominal situations. Other causes of this low fuel emergency were the wind shift itself; along with the airport's last-minute switch to a northbound operation and subsequent re-alignment of traffic toward the opposite direction runway. Holding us at 170 knots required us to be in a high drag situation with flaps extended. My declaration of minimum fuel; which should ostensibly protect us from any undue delay; was most likely ineffective due to the high number of [Company] airplanes declaring minimum fuel; and did not serve to expedite our return.Once we were told to expect to break off the approach; we began assessing our fuel situation. We had noticed deteriorating weather to the south of our position; and we were alreadyin moderate rain and turbulence. I asked for [alternate] weather and to see how the radar looked; but only got a METAR. I wasn't sure I could make it straight to [the alternate] without deviating around weather; and it looked like we would be able to land back in [destination] without too much of a delay at that point. I then examined the possibility of going [somewhere else]; where I knew the weather was acceptable; but our fuel calculations showed us arriving at those airports burning into emergency fuel. I decided to stay in the pattern because I know the local area quite well; and know of several suitable general aviation airports in the area with long-enough runways in case of a dire emergency. We could have descended just a little bit and been in VMC; so I wasn't worried about an instrument approach to an unfamiliar airport. We did everything we could to minimize drag on the airplane; speeding up and raising flaps completely wasn't a viable option; because we would have had to be broken out of the line. With other airplanes in the same situation; that would not have helped anyone.I believe beyond a shadow of doubt that our current fuel policy should be critically re-examined. There is an axiom in aviation that 'what is legal is not always safe;' and it would serve us well to heed that caution. Our critical fuel situation may have been caused by an unusual combination of factors this time; but I don't believe it is unique to our specific scenario. It is an unrealistic expectation to assume a return to landing from a go-around or missed approach will be immediate; ATC will work you into the pattern where they can; but other aircraft need to land; too. Sometimes there are other complicating factors: Something malfunctions late into the approach that requires a missed approach and attention from the QRH; or several airplanes have to go around due to unexpected windshear. I believe that our target Fuel over Destination numbers for the hubs should be revisited and revised upwards significantly. It's not always a simple case of diverting for extra fuel if we find we won't have a good margin--in our specific case that was not realistic. Additionally; I find that the assumptions used to calculate Takeoff Fuel are unrealistic in most scenarios without alternates; and takeoff should usually not be attempted at that number. In our specific case; we even took off close to ramp fuel. I even went above and beyond the company's usual fuel saving policies on this flight. As we pushed back from the gate and received a 30-minute wheels up delay; I elected to sit with only the APU running. We started one engine to taxi to the runway and arrive at the runway just in time to take off; and started the other one very close to our takeoff time. If I had started an engine when we pushed back from the gate; it might have changed our scenario completely; and not for the better.Furthermore; there is a feeling amongst the pilot group that at least one dispatcher and/or coordinator have pushed back against pilots requesting extra fuel in special circumstances; which can discourage many pilots from requesting extra fuel when they think they might need it. I feel it is incumbent upon the Company to create an atmosphere where such requests are not viewed as wasteful; but rather indicative of good judgement. Dispatchers and pilots alike should be encouraged to take the steps necessary to ensure flight safety without fear of retribution or any other deleterious action from the Company.It is my honest and very real fear that if the Company does not take action to revisit the fuel policy and create a positive atmosphere for pilots and dispatchers to ensure good margins for safe flights; especially when we have so many new employees coming online without much experience; then we stand the risk of losing an airplane.",,"[Report narrative contained no additional information.]",,"CRJ-900 flight crew reported experiencing a low fuel state when their destination changed runway configuration due to shifting winds. The Captain was critical of company fuel policy.",
1337890,201603,1801-2400,A90.TRACON,NH,,,,3000,,,,,Night,,,TRACON A90,Air Carrier,Widebody; Low Wing; 2 Turbojet Eng,,2,Part 121,IFR,,,Descent,Vectors,Class B BOS,,,,,,,,,,,,,,,,,,,,,,,,,,,,,,,,,,,,,,,,,,,,,,,,,,,,,,,,,,,,,,,Facility A90.TRACON,,Government,Approach,Air Traffic Control Fully Certified,Air Traffic Control Time Certified In Pos 1 (yrs) 3,,Troubleshooting; Confusion; Distraction; Time Pressure; Situational Awareness; Communication Breakdown,Party1 ATC; Party2 Other; Party2 Ground Personnel; Party2 ATC,,1337890,,,,,,,,,,,,ATC Issue All Types; Inflight Event / Encounter Fuel Issue,,,Person Air Traffic Control,In-flight,Air Traffic Control Provided Assistance,Aircraft; Human Factors; Procedure,Aircraft,"Massport needed to take the runway for 10ish minutes for a treatment.  At this point; we had not received any reports of braking action; and braking action advisories were not in effect.  Aircraft X; after being delayed and vectored around; advised Rockport sector that he did not have enough fuel to divert anywhere and was committed to landing BOS.  The controller working Rockport sector communicated this to everyone in the room.  At the time; I only had two airplanes; ZBW was in holding and we were waiting for the runway.  We all agreed that it was highly unusual to have an air carrier be in a fuel state where a divert was not possible.  Rockport and Final agreed that final should work Aircraft X so when the runway opened; Aircraft X would be in a position to immediately land and not be sequenced behind anyone else.  While final was vectoring Aircraft X around; he asked Aircraft X his fuel remaining.  Aircraft X said something along the lines of '15 minutes until emergency fuel'.  We agreed that we couldn't be sure if that meant 15 minutes until flameout or 15 minutes until he would turn towards the airport on his own.  The Front Line Manager (FLM) was a part of this whole conversation.  After several minutes of multiple controllers pressing the FLM for answers on when the runway would open and does tower realize how low on fuel Aircraft X was; the FLM finally called the tower.  When she did call; she said something about 15 minutes but did not have any sense of urgency.  Of course; the 15 minutes number she told tower was inaccurate since time had passed since Aircraft X said it.  Multiple controllers pressed the FLM further for a solid answer on when the runway would open; and the FLM then got emotional and stopped responding to us.  We elevated our tone in an attempt to get her to engage and communicate with the tower the urgency in which tower needed to have the runway available.  She ignored us.  I mentioned [Another flight] and how we had no business splitting hairs on when this foreign [aircraft] would reach fuel exhaustion and fall out of the sky.  I saw many parallels with everything that happened with [Another Aircraft].  I couldn't stand to be a spectator for a disaster of that level.  From Plymouth sector; I called the tower FLM and advised that Aircraft X would be landing soon regardless if the trucks had vacated the runway.  At the point of my calling the tower FLM; we had still not heard any update from the TRACON FLM as to how long Aircraft X would have to be vectored around.  Shortly after I called tower; tower called the TRACON FLM and advised to start in with Aircraft X.  The TRACON FLM was still very emotional and would not coordinate anything with me or the final controller.  She told the Rockport controller that we could run normal arrivals after Aircraft X; but would not tell me or final.Accountability; leadership; the ability to not get emotional when things heat up in the TRACON; the ability to complete coordination effectively.",,,,"An A90 Controller reported of a situation involving an aircraft that was near emergency fuel. The controller reported this to Front Line Manager (FLM) and was aware that the runway was closed. The controller wanted runway to be opened for aircraft. Communication problems were cited.",
1348155,201604,1201-1800,DCA.Airport,DC,,,,,,VMC,10,,,CLR,,TRACON PCT,Air Carrier,EMB ERJ 170/175 ER/LR,,2,Part 121,IFR,Passenger,FMS Or FMC,Descent,STAR FRDMM3,Class B DCA,,,,,,,,,,,,,,,,,,,,,,,,,,,,,,,,,,,,,,,,,,,,,,,,,,,,,,,,,,,,,,,Aircraft X,Flight Deck,Air Carrier,First Officer; Pilot Flying,Flight Crew Air Transport Pilot (ATP),,,Time Pressure; Workload,,,1348155,Aircraft X,Flight Deck,Air Carrier,Captain; Pilot Not Flying,Flight Crew Air Transport Pilot (ATP),,,Workload; Time Pressure,,,1348157,ATC Issue All Types; Deviation - Speed All Types; Deviation / Discrepancy - Procedural Published Material / Policy; Inflight Event / Encounter Fuel Issue,,,Person Flight Crew,In-flight,Air Traffic Control Issued New Clearance; Air Traffic Control Provided Assistance; Flight Crew Requested ATC Assistance / Clarification,Company Policy; Equipment / Tooling; Procedure,Company Policy,"Upon pushback and normal startup at the departure airport; upon taxi out; ground advised us of a ground hold into destination airport. We parked on a taxiway and elected to shutdown both engines; due to the length of the projected ground stop and due to the fact that the fuel margin between planned and required was so slim. Once finally released departure was normal. Prior to reaching the initial point for the FRDMM3 arrival; we were vectored off the arrival. We were then cleared to LETZZ a little further down the arrival and told to descend via the arrival. This is where things started to become so busy and confusing.ATC notified everyone at least 3 to 4 times that runway directions had changed at National even though National had not published a new ATIS. They were landing south one minute and north the next; requiring multiple FMS changes and entries.This is when things started stacking up for ATC. ATC gave us a hold as published 3 miles prior to the fix they wanted to hold at; which does not allow a proper FMS entry nor even the ability to scramble and determine the hold via green needles without passing over the fix. After informing them that it was too close to the fix; they then vectored us off the arrival and holding fix.At this point we had sent a [message] to Dispatch and told them we were being held. We received back that minimum fuel was approximately 3;000 LBS. At this point we had roughly 3;200-3;300 pounds and that we could only take one turn in the hold if that. We declared minimum fuel. At this point we were roughly over IAD with 3;100 LBS of fuel. ATC then gave us a heading for the river and a descent. After being cleared for the river visual; they turned us off the approach again! We had started to configure at the point; we were approximately at Flaps 2 with the gear down and around 210 knots and slowing. After the turn we encountered a turbulent patch of air that [over sped] the flaps by a few knots for 1 second. We were then turned back and recleared the river visual. Landing phase was uneventful; turned off the runway with the fuel indications just beginning to turn amber.A determination should be established as to why National decided to change runways so many times during light and variable wind conditions which in turn stacked up arriving traffic. As well as the margins for fuel have become so stringent that it almost forces an emergency situation anytime undue and unplanned delays occur; even in a CAVU day.",,"We are not being given enough fuel. This fuel program looks fine on paper; but it doesn't work. Yesterday we boarded on a perfectly clear day. I didn't save the release to give you exact numbers; but we had the 'planned fuel' that Dispatch gave us. We pushed back from the gate and started both engines because the departing runway was right behind us. When Ramp Control turned us over to ground; ground informed us we were in a ground stop for DCA and long story short it would be about a 25 minute delay. We shut down both engines; leaving the APU on as our air/electrical source. We contacted Dispatch and [departure] operations to tell them what was happening. They informed us Center was the culprit and it was a volume issue.Finally Ground released us and we started the engines and headed to the runway. The time from Ground releasing us until the takeoff roll was about four minutes so we didn't have the engines running for an absurd amount of time. When we crossed the hold short line we were above the Minimum fuel by about 600 LBS if memory serves me. It may have been a little more. Either way it was legal and above minimum fuel.As soon as we were turned over to Departure Control we were given a twenty degree turn off course. At this point we would be landing with 3;500 LBS of fuel. Center got us on course only to turn us off course again. Landing fuel would now be 3;400 LBS. [Next] Center does the same thing. Constant turns and they inform us that Runway 19 is in use at DCA despite the fact that the ATIS is showing Runway 1. More turns; fuel now 3;300 at arrival in DCA. I recognize the 2660 rule for declaring minimum fuel (or the reserve plus the alternate fuel if it is more). But we have no alternate today and the weather is fine. My mind cannot comprehend why the vectoring.We check on with Potomac and they tell us the runway is now 1. They are vectoring the people around us and then they announce holding. He told us to hold at ALWYZ; but I told him he was too late on the assignment as ALWYZ now sequenced beyond us. He gave us a south heading and an Expect Further Clearance (EFC) about twenty minutes from now. I immediately could tell that would not work and informed him we would be diverting. Dispatch gave us a minimum fuel of 3;004 LBS from where we were to DCA and IAD as an alternate. We are now scheduled to land at DCA with 3;000 LBS so I told him we would be diverting to IAD unless he could get us right in to DCA. He says he can and began heading us east bound. I declared minimum fuel and he told me we were number one for DCA and we were getting right in. He then switched us to another frequency and this controller said he was aware we were minimum fuel and we were getting right in. Then he tells us to turn 90 degrees off course. At that point I told him he had ten seconds to figure out what he was doing. He told us they had switched runways again to Runway 19. This is the fourth runway change! Then he turns us back toward the river and clears us for the river visual Runway 19. At this point we are showing 2;900 LBS on landing. As we configure for the river visual and cross over the American Legion Bridge; he suddenly tells us to turn left heading 150. I yelled at him. I don't know what I said; but he became nervous and then gave us a 240 heading. At this point we had a flap over speed with flaps at 2 and speed at 210. It jumped to like 218 for like one second. I don't know how it happened; because there was so much going on.Finally he re-clears us for the approach and we landed with around 2;800 LBS. By the time we got to the gate we were in amber.I am concerned about this fuel program we have adopted. I feel it has compromised safety. I have no idea what Potomac Approach was doing; but things happen and if we would have only had 1;000 more LBS this would have been a non-issue. Our dispatcher told me; 'I will give you more fuel anytime you ask.' Again; we were legal per the release; (which is honestly my only measurement) but we are not given much room for errors or for unpredictable events.We wrote up the flap over speed.Giving us more fuel would have helped a lot.",,"A regional jet flight crew reported experiencing a minimum fuel condition due to ongoing delays at the destination airport; which were attributed to multiple runway changes. They also cited their company's fuel policy as a contributing factor to their fuel situation.",
1357434,201605,1201-1800,ZME.ARTCC,TN,,,,4000,,VMC,Turbulence; 5,,Daylight,,,Center ZME,Personal,Small Aircraft; Low Wing; 2 Eng; Retractable Gear,,1,Part 91,IFR,Personal,,Cruise,Direct,Class E ZME,,,,,,,,,,,,,,,,,,,,,,,,,,,,,,,,,,,,,,,,,,,,,,,,,,,,,,,,,,,,,,,Aircraft X,Flight Deck,Personal,Pilot Flying; Single Pilot,Flight Crew Multiengine; Flight Crew Instrument; Flight Crew Commercial,Flight Crew Last 90 Days 30; Flight Crew Total 2685; Flight Crew Type 1999,,Communication Breakdown,Party1 Flight Crew; Party2 ATC; Party2 Flight Crew,,1357434,,,,,,,,,,,,ATC Issue All Types; Conflict Airborne Conflict; Inflight Event / Encounter Fuel Issue,Horizontal 6000; Vertical 0,,Person Flight Crew; Person Air Traffic Control,In-flight,Air Traffic Control Provided Assistance; Flight Crew Took Evasive Action,Human Factors,Human Factors,"I was on an IFR flight plan enroute to Jackson; TN (MKL) at 6000 MSL. Although most of the route was VMC; I was dealing with a stiff headwind and occasional light turbulence.The aircraft appeared to be maneuvering about 5 NM southwest of my position; at altitudes varying from about 500 feet above to about 500 feet below my assigned altitude. Memphis Center confirmed the other aircraft's position; but was not in contact with the other crew.Based on the other aircraft's speed and maneuverability; I had the impression that it was a light jet (perhaps a small Citation); but we never got close enough to confirm that identification.At about XA18Z; the other aircraft changed course towards my position; and Center approved a deviation to the right of about 20deg. After about 90 seconds; Center cleared me direct to MKL. I believe it was about this point that I was handed off to another Memphis Center controller.At approximately XA21Z; the other aircraft once more changed course towards my position. With Center's approval; I deviated to the right for about two minutes before being cleared direct to MKL.At about XA30Z; the other aircraft again headed towards my position and Center approved a deviation to the right. After about four minutes; Center cleared me direct to MKL and told me to descend to 4000 feet. At approximately XA45Z; what I believe was the same aircraft again headed toward me; but this time (if I remember correctly) it appeared he was about at my altitude and at my 6 o'clock position. When he got within about two miles; I attempted to contact Center but the controller was busy talking to other aircraft. When my traffic advisory system indicated that the other aircraft was within about a mile of my position and closing rapidly; I took evasive action by turning about 60 degrees to the left of my course. As soon as the frequency opened up; I advised Memphis Center I had again changed heading to avoid the other aircraft. (In retrospect; I should have used the phrase 'evasive action' to emphasize how serious I considered the situation.) I also advised the controller that I was concerned that I would soon approach my minimum fuel level (if I remember correctly; inadvertently using the phrase 'critical fuel').The controller voiced no objection to my actions; assured me there would be no further delays and gave me a vector towards MKL. A few minutes later; he cleared me for the visual approach to Rwy 20 and handed me off to MKL Tower. The rest of the flight was uneventful. (Once on the ground at MKL; I asked and Tower said he had not been in contact with the other traffic.)I can't recall having to deviate so many times for another aircraft. As they weren't talking to Memphis Center; I can only speculate why the other crew maneuvered as they did. In any event; under the circumstances; I felt I had no alternative but to take evasive action.",,,,"General aviation pilot encountered nuisance air traffic which continued to encroach on his IFR flight plan course. The traffic in question was not talking to any ATC facility.",
1364218,201606,1201-1800,ZZZ.Airport,US,,,,8000,,,,,Daylight,,,TRACON ZZZ,Air Carrier,EMB ERJ 145 ER/LR,,2,Part 121,IFR,Passenger,,Climb,,Class B ZZZ,,,,,,,,,,,,,,,,,,,,,,,,,,,,,,,,,,,,,,,,,,,,,,,,,,,,,,,,,,,,,,,Aircraft X,Flight Deck,Air Carrier,Captain; Pilot Not Flying,Flight Crew Air Transport Pilot (ATP),,,Communication Breakdown,Party1 Flight Crew; Party2 ATC,,1364218,Aircraft X,Flight Deck,Air Carrier,First Officer; Pilot Flying,Flight Crew Air Transport Pilot (ATP),,,Communication Breakdown,Party1 Flight Crew; Party2 ATC,,1364562,ATC Issue All Types; Deviation / Discrepancy - Procedural Published Material / Policy; Inflight Event / Encounter Fuel Issue,,,Person Flight Crew,In-flight,Air Traffic Control Provided Assistance; Flight Crew Requested ATC Assistance / Clarification,Human Factors; Procedure,Ambiguous,"I was the Pilot-in-Command and; shortly after departing; we were told by ATC to expect 8000 feet as a final altitude for the duration of the flight. Our dispatch flight release planned cruise altitude was 20;000 feet; so we were concerned 8000 feet would be problematic. We contacted dispatch to obtain new performance information; including updated fuel burn data for cruise flight at 8000 feet. While waiting for this information; ATC then instructed our flight to descend to 6000 feet. We notified ATC that we were still calculating our new performance numbers but did not believe the lower altitude would help our situation. ATC was insistent on the descent to a lower altitude. Still waiting for our dispatcher to finish the calculations and without having appropriate performance data readily available in the cockpit; we declared 'minimum fuel' with ATC. As a result; ATC was able to give us 16;000 feet as a final altitude and an enroute short-cut; two factors that significantly improved our fuel burn performance. We also notified our dispatcher of our 'minimum fuel' declaration. The flight continued normally and landed safely. Our arrival fuel at touchdown was 3160lbs.[Company] EMB145 pilots do not have appropriate performance data; as it pertains to low-level fuel burn; readily available to them in the cockpit. Because of the time it can take [Operations Control] to calculate this performance data; it would increase situational awareness and improve pilot knowledge if appropriate performance data was made readily available to pilots in the cockpit.",,"[Report narrative contained no additional information.]",,"EMB-145 flight crew reported ATC cleared them for a final altitude that was lower than planned and revised performance information was not readily available.",
1387941,201609,1801-2400,SFO.Airport,CA,,,,2500,,VMC,,,,,,Tower SFO,Air Carrier,A320,,2,Part 121,IFR,Passenger,,Final Approach,,Class B SFO,,,,,,,,,,,,,,,,,,,,,,,,,,,,Tower SFO,Air Carrier,Airbus Industrie Undifferentiated or Other Model,,2,Part 121,IFR,Passenger,,Final Approach,,Class B SFO,,,,,,,,,,,,,,,,,,,,,,,,Aircraft X,Flight Deck,Air Carrier,Captain; Pilot Not Flying,Flight Crew Air Transport Pilot (ATP),Flight Crew Last 90 Days 210; Flight Crew Total 18000; Flight Crew Type 9500,,Communication Breakdown,Party1 Flight Crew; Party2 ATC,,1387941,,,,,,,,,,,,ATC Issue All Types; Conflict Airborne Conflict; Deviation / Discrepancy - Procedural Published Material / Policy,,,Automation Aircraft RA; Person Flight Crew,In-flight,Air Traffic Control Issued New Clearance; Flight Crew Executed Go Around / Missed Approach,Airspace Structure; Human Factors; Procedure,Ambiguous,"We were performing the visual approach to 28L in SFO. At approximately 2;500 feet AGL; we responded to a TCAS climb RA from an Airbus that was landing on 28R. We were left of the 28L centerline and descending on glide path. The [Airbus] was well above us by at least 500 feet; gear down; descending in a right turn. There was no possible way the [Airbus] aircraft had visual contact with us. We complied with the TCAS climb and executed a missed approach with the Tower.On our second approach to 28L; we were left high by NORCAL while searching for a [second Airbus] below us on the visual to 28R. It is hard to gain visual contact on a grey painted aircraft during the period of twilight just before sunset. We were held at 4;000 feet until we could gain visual on the [second Airbus]. When we did gain visual; we were instructed to slow to 160 KIAS and fly the visual approach. We were too high to comply; as the approach clearance as it was granted very late. We would not have been able to execute a stabilized approach. We executed a second go around to 28L. There was heavy radio traffic on the single frequency and many radio calls were blocked.Our third attempt was vectors for the ILS 28L. We declared minimum fuel in the base turn. A successful approach and landing was made to 28L. We landed with 45 minutes of fuel remaining.",,,,"A320 Captain reported traffic conflicts resulted in two go-arounds on approach to SFO.",
1391454,201609,0001-0600,ZHU.ARTCC,TX,,,,20000,,VMC,,,Daylight,,,Center ZHU,Air Carrier,Large Transport,,2,Part 121,IFR,Passenger,FMS Or FMC; GPS,Descent,Vectors; STAR MSCOT,Class A ZHU,,,,,,,,,,,,,,,,,,,,,,,,,,,,,,,,,,,,,,,,,,,,,,,,,,,,,,,,,,,,,,,Aircraft X,Flight Deck,Air Carrier,Captain; Pilot Not Flying,Flight Crew Air Transport Pilot (ATP),Flight Crew Total 9667; Flight Crew Type 2580,,Workload; Situational Awareness; Communication Breakdown; Confusion,Party1 Flight Crew; Party2 ATC,,1391454,Aircraft X,Flight Deck,Air Carrier,Pilot Flying; First Officer,Flight Crew Air Transport Pilot (ATP),Flight Crew Type 707,,Confusion; Workload; Situational Awareness; Communication Breakdown,Party1 Flight Crew; Party2 ATC,,1390627,ATC Issue All Types; Deviation - Altitude Crossing Restriction Not Met; Inflight Event / Encounter Fuel Issue,,,Person Flight Crew,In-flight,Air Traffic Control Issued New Clearance; Flight Crew FLC complied w / Automation / Advisory; Flight Crew Requested ATC Assistance / Clarification; Flight Crew Became Reoriented,Airport; Company Policy; Procedure,Procedure,"We were on the MSCOT arrival into IAH. We had passed our top of descent according to our plane. There was a plane below us probably causing the delay. My First Officer (FO); who was pilot flying; mentioned this to me and I said he will start us down when he can. Eventually; we are cleared to descend (not via the arrival profile) from 330 to 200. We are doing an idle descent and are told to fly direct SUUNR and as we are passing approximately 220 he clears us to descend via the arrival. The FO asks me to request altitude relief as the plane shows us 4500 feet above the path. I tell the controller we will be a little high at SUUNR and ask if this will be a problem. He says yes and starts turning us off the profile. I mention the reason we were so high was because we were cleared to descend too late. He responds; very defensively; he did not start us down too late. At least twice this denial came up. And I can't remember the exact words but I got the feeling he was implying it was us not his doing. I fired back we started down when cleared. If there had never been a problem on the profile we should have been cleared to descend via the profile a long ways back. Regardless; he was clearly irritated I had said this. Long story shortened; we eventually fly 180 degrees the opposite direction for approximately 45 miles. During this time I ask if a supervisor is monitoring. His response was for us to call on the ground. Not until I start asking how much further we can expect because I am now concerned about my fuel; does he start turning us back. Coincidence? Maybe. We eventually pull into the gate with about 5k pounds of fuel. Another 5-10 minutes further north I would have said min and maybe emergency fuel depending on my concerns at the time. I called after landing and talked to the supervisor at the time. Basically; it was agreed that I would give her time to listen and look at the tapes and talk to the controller before I would file any reports. After talking to her the next day she felt the controller did what he could to work us back in. As told to me; the controller felt bad he wasn't able to work us in. She believes in this controller and is confident there was no malice. I can't say if anything was done intentionally or not. I'm not a controller. But these are my thoughts and concerns:1. I get the idea the controller didn't bring up to [the supervisor] his being very defensive about starting us down late. Nor is it mentioned in the email. We were 4500 feet above the path at idle speed when cleared for the profile. At no time were we leveled off. Always idle trying to get to the path. Physically impossible to be that high if cleared to start down if given clearance anywhere around the right point to start down. I get it. We all make mistakes or maybe in this case due to traffic he couldn't start us down. But to be argumentative and so defensive is not right. A simple sorry I started you down late for traffic and will work you back in as soon as possible would have been nice. Certainly don't give us a short cut to SUUNR when they know we are high.2. At no time did he voice any concern or relay he will try to slip us in quickly if possible. Most controllers do. Also; during our vectors I asked if a supervisor was monitoring his reply was only call on the ground. [The supervisor] told me they are instructed to say this but what harm is there to calm the situation and say yes and call on the ground. I can't prove apathy but from the pilot's side it sure smelled funny. 3. If we had declared emergency fuel what discussions would be having now? 10 minutes out and 10 extra minutes in is almost 2k pounds of fuel. I don't like being put in that sort of situation IF avoidable. It's uncomfortable at 15000 feet with 170 people for me. At no time in almost 30 years of commercial flying have I ever been vectored so dramatically for similar situations. Fortunately; my flight was the only flight that had to be vectored off. No telling what other issues that could have cause for his arrivals. I didn't even address our misconnected passengers.Talking to [the supervisor] helped as I believe she is being truthful and honestly investigated. No one can say what the controller is thinking but [the supervisor] believes in this controller and says he is very good.I don't want anyone in trouble but this got to me enough where I felt it was needing reporting. I hate paperwork.",,"[Report narrative contained no additional information.]",,"An air carrier flight crew described a late descend clearance which placed the aircraft approximately 4;000 feet high on the ZHU MSCOT RNAV STAR. ATC then vectored the aircraft about 35 miles which the crew objected to. ATC stated the vector put the aircraft in proper spacing for further descent.",
1408349,201612,1201-1800,ZDC.ARTCC,VA,,,,32000,,,,,Daylight,,,TRACON ORF,Military,Fighter,,1,Part 91,IFR,Tactical,,Climb,,Class A ZDC,,,,,,,,,,,,,,,,,,,,,,,,,,,,Center ZDC,Air Carrier,Medium Large Transport; Low Wing; 2 Turbojet Eng,,2,Part 121,IFR,Passenger,FMS Or FMC,Cruise,None,Class A ZDC,,,,,,,,,,,,,,,,,,,,,,,,Facility ZDC.ARTCC,,Government,Trainee; Enroute,Air Traffic Control Developmental,Air Traffic Control Time Certified In Pos 1 (yrs) 18,,Workload; Troubleshooting; Communication Breakdown; Confusion; Distraction; Situational Awareness,Party1 ATC; Party2 ATC; Party2 Flight Crew,,1408349,Facility ZDC.ARTCC,,Government,Enroute; Instructor,Air Traffic Control Fully Certified,Air Traffic Control Time Certified In Pos 1 (yrs) 2,,Communication Breakdown; Confusion; Distraction; Situational Awareness; Workload; Time Pressure; Troubleshooting,Party1 ATC; Party2 Flight Crew; Party2 ATC,,1408321,ATC Issue All Types; Airspace Violation All Types; Conflict Airborne Conflict; Deviation - Altitude Excursion From Assigned Altitude; Deviation / Discrepancy - Procedural Clearance; Deviation / Discrepancy - Procedural Published Material / Policy,,,Person Air Traffic Control,In-flight,Air Traffic Control Issued Advisory / Alert; Air Traffic Control Issued New Clearance; Air Traffic Control Provided Assistance; Flight Crew Took Evasive Action,Airspace Structure; Procedure,Procedure,"I was training on the R-side of the ORF high sector (Sector 34). The volume was steady and high. No weather noted. Good rides. The Fighter auto popped on the scope. It is not uncommon for them to auto pop when it says FL231. But this was different. The Fighter continued to climb. Then I received a call from Approach to inform us that Fighter was a priority aircraft low on fuel and trying to return to PXT. The approach controller said that Fighter was climbing to FL280. I immediately responded directing them to stop the aircraft's climb at FL260. I then told the approach controller where the traffic was located so that he could see why the Fighter needed to not be in my airspace; especially with no prior coordination or approval to be climbing. The Fighter continued to climb beyond FL280 and was now looking like it would be a direct merge with Aircraft Y southbound at FL320. I issued a traffic alert to Aircraft Y and a control instruction to turn 40 degrees left immediately and continued to issue traffic information. For at that point; I had no idea what the Fighter would do and no communication with the Fighter. Aircraft Y responded immediately; said he was climbing and turning. The Fighter continued to climb to FL320 merging with Aircraft Y's target. Then they separated as Aircraft Y climbed out of the altitude and had turned; as well as the Fighter seemed to now be descending. They were 6.24 miles apart and both at FL320 at the time of the target merging. When they were separated; I returned Aircraft Y to FL320 and southbound on course. I asked to make sure there were no injuries. Meanwhile; the Fighter continued to be traffic for a RDU arrival at FL260 and descending; and another aircraft at FL280. Then Fighter checked in on my frequency. I instructed him to maintain FL260 and to say intentions. I also quoted him all the additional traffic. I coordinated with SBY sector (Sector 54) since this was mostly occurring in that sector. I then transferred communications of the Fighter to sector 54. Please note that the Fighter was choosing to return to PXT; when many other airports were available for landing. I feel that many aircrafts' safety were put at risk unnecessarily.It has been explained to me that this is normal procedure for the Fighter when low on fuel. But I can't imagine how anyone would think it is safe to allow a fighter jet to fly at free while in IFR airspace outside of restricted military airspace with so many civilian flights safety at risk. It is my understanding that when a situation occurs; the aircraft is to land as soon as practical. The procedure for the military in non-military airspace should be seriously reviewed.",,"[The Developmental] saw a target on the Fighter and mentioned it. It was doing the usual auto populate on our radar scope at FL231. We saw one aircraft that could be a factor if the Fighter continued climb. ORF approach said that the aircraft is doing an unknown climb due to minimum fuel. We asked to what and they said 'I don't know FL280'. [The Developmental] told them numerous pieces of traffic he needs to maintain FL260. The Fighter continued to climb. A traffic alert was issued to Aircraft Y at the same time he began responding to an RA TCAS climb. Later Aircraft Y stated that he got the all clear from TCAS at FL330. The Fighters have done this many times; we have been told this is their procedure when they get low on fuel. In this instance they had numerous other choices for a fuel stop other that climbing into the Flight Levels and returning to PXT. The communication from the Approach Controls was unclear but I am sure that they didn't get much info from the fighter either. After the event we watched a replay and noticed 3 other aircraft that the fighter got close to. The immediate climb is not a good procedure for the east coast outside of the warning areas.",,"ZDC Center Instructor and Developmental reported a military fighter auto-popped on the scope and continued to climb unrestricted. Separation was lost due to the military traffic climbing aggressively and without coordination.",
1411841,201612,0601-1200,SEA.Airport,WA,,,,,,VMC,10,,Daylight,11000,,Center ZSE; TRACON S46,Air Carrier,B737-900,,2,Part 121,IFR,Passenger,FMS Or FMC,Descent,STAR GLASR1,Class B SEA; Class E ZSE,,,,,,,,,,,,,,,,,,,,,,,,,,,,,,,,,,,,,,,,,,,,,,,,,,,,,,,,,,,,,,,Aircraft X,Flight Deck,Air Carrier,Pilot Not Flying; Captain,Flight Crew Air Transport Pilot (ATP),,,Workload,,,1411841,,,,,,,,,,,,ATC Issue All Types; Conflict Airborne Conflict; Inflight Event / Encounter Fuel Issue,,,Person Flight Crew,In-flight,Flight Crew Requested ATC Assistance / Clarification,Procedure,Procedure,"A series of events during the arrival process resulted in a 'minimum fuel' situation and declaration. SEA Weather 11;000 BKN; 10 miles visibility. All 3 runways operational. Projected landing fuel approximately 6300 lbs at Top of Descent. Prior to descent assigned a 250 kts speed restriction on GLASR arrival with WITRO crossing altitude at or above FL280 and subsequent discretion to FL240. Subsequently vectored north off the arrival prior to JAKSN intersection and given further descent to 17;000. Eventually given clearance back direct JAKSN and descent to 13;000. Subsequently cleared to 12;000. Shortly after JAKSN directed to slow to 190 kts and given extended vectors for a 20-25 nm final to ILS RWY 16R due to congestion. Given further instruction to maintain 190 kts or greater. Maintained 190 kts but spacing on preceding A330 was inadequate according to Tower. They directed us to go-around just crossing the FAF at FINKA at approximately 1900 ft. As we turned out to the west; fuel remaining became a concern and I queried ATC as to our sequence. We were number 8 for the approach. We subsequently declared minimum fuel with approach control and we were assigned RWY 16L. After another lengthy final; we reported the FAF; DGLAS; and minimum fuel to Tower. A 747 was holding in position and then cleared for takeoff prior to our arrival. We were surprised the 747 was directed to line up and hold and then subsequently cleared for takeoff after we declared minimum fuel. We landed uneventfully and taxied back to gate. Shutdown with 3800 lbs total fuel and both main fuel tank 'low fuel' alerts. Left main indicated 1.87 and right main indicated 1.90.The purpose of this report is solely to share thoughts on an ATC system that appears broken. STARs into SEA such as the GLASR 1 arrival are supposed to allow for smooth traffic flow and fuel efficient operations in a variety of weather conditions. Too often this isn't the case and a sufficiently planned landing fuel can quickly degenerate into a less-than-adequate; or worse; emergency fuel landing situation. With 3 runways; good weather; and operating on time; it's hard to understand why RNAV arrivals into SEA are proving ineffective when we're consistently vectored off of the planned arrival and assigned slower speeds 100 NM from the airport. Modernization of our antiquated ATC system is an imperative if we're to maintain a high level of aviation safety. Today's arrival was very uncomfortable to put it bluntly. I feel like even though we thoughtfully planned and discussed all relevant threats and considerations; we were still funneled into a potentially very precarious situation.Caused by poor RNAV arrival design/traffic congestion.",,,,"B737-900 Captain reported he was unhappy with ATC handling of his aircraft after he declared minimum fuel.",
1422923,201702,1801-2400,ZOA.ARTCC,CA,,,,24000,,,,,,,,Center ZOA,Military,F/A 18 Hornet/Super Hornet,,1,,IFR,Tactical,,Climb,None,Class A ZOA,,,,,,,,,,,,,,,,,,,,,,,,,,,,,,,,,,,,,,,,,,,,,,,,,,,,,,,,,,,,,,,Facility ZOA.ARTCC,,Government,Enroute,Air Traffic Control Fully Certified,Air Traffic Control Time Certified In Pos 1 (yrs) 7,,Distraction; Human-Machine Interface; Situational Awareness; Time Pressure; Confusion; Communication Breakdown; Training / Qualification; Workload,Party1 ATC; Party2 ATC,,1422923,,,,,,,,,,,,ATC Issue All Types; Airspace Violation All Types; Deviation / Discrepancy - Procedural Published Material / Policy; Inflight Event / Encounter Fuel Issue,,,Person Air Traffic Control,In-flight,,Airspace Structure; Procedure,Procedure,"Parties involved were ZOA Sector 14; Fleet Area Control and Surveillance Facility (FACSFAC) San Diego; and a Fighter Wing from California. Aircraft X showed up as a Mode C intruder in sector 14 airspace with no info or handoff. Aircraft X showed with minimum fuel in sector 14 airspace no info on this until he was already there and the D-SIDE questioned FACSFAC on this. Aircraft X was a late handoff already in sector 14 airspace. Communications and intentions were not figured out until all these aircraft were in sector 14's airspace.Fighter Wings routes of flight and altitudes were conflicting with multiple pieces of traffic landing SJC or overflying sector 14's airspace. Had no communications or intentions been established prior to the fighter wing crossing this very busy corridor of sector 14 there could have been a loss of separation. Sector 14 D-SIDE was doing everything in his power to keep these aircraft from entering our airspace. FACSFAC repeatedly does not understand what unable to take a point out or handoff. They questioned it several times during this session. If you're working this type of scenario and the sector next you cannot take a handoff what makes you think a point out will be accepted.FACSFAC San Diego continues to allow these fighter wings to operate right on the boundary of Sector 14 and 10 and W283/285A on daily basis. Point outs are generally late and handoffs are either late or not done at all because of improper recovery procedures.This is the 3rd report that has been filed on FACSFAC and these fighter wings who operate out of [area military bases] on the same exact issues. I have gotten responses as bad as the military doesn't want to talk about this. Others were to try to talk about a LOA meeting to address not only the LOA; but the SOP or lack of SOP we have with them. Either way nothing has changed in past 6 months or longer since my last report. My recommendation is to negotiate directly with FACSFAC San Diego on a new LOA and bring up and fix all these problems we continue to have on a day to day basis. The controllers all recognize this as a very high potential for something bad to happen if we cannot get together and fix this. The Navy Fighter Wings and FACSFAC need to understand you cannot just expect the Center sectors to fix the problems anymore. Enough is enough.",,,,"Oakland Center Controller reported unsafe airspace problems with a Navy Facility when military flights enter Oakland Airspace without approval.",
1427206,201702,1201-1800,RJAA.Airport,FO,,,500,,,,Windshear,,Daylight,,,Tower RJAA,Air Carrier,Widebody; Low Wing; 2 Turbojet Eng,,3,Part 121,IFR,Passenger,GPS; FMS Or FMC,Final Approach,,,,,,,,,,,,,,,,,,,,,,,,,,,,,,,,,,,,,,,,,,,,,,,,,,,,,,,,,,,,,,,,,Aircraft X,Flight Deck,Air Carrier,Captain; Pilot Flying,Flight Crew Air Transport Pilot (ATP),Flight Crew Total 11992; Flight Crew Type 1101,,Workload; Time Pressure; Situational Awareness; Confusion; Communication Breakdown,Party1 Flight Crew; Party2 ATC,,1427206,Aircraft X,Flight Deck,Air Carrier,Pilot Not Flying; First Officer,Flight Crew Air Transport Pilot (ATP),,,Workload; Time Pressure; Situational Awareness; Confusion; Communication Breakdown,Party1 Flight Crew; Party2 ATC,,1428498,ATC Issue All Types; Inflight Event / Encounter Fuel Issue; Inflight Event / Encounter Weather / Turbulence,,,Person Flight Crew,In-flight,Air Traffic Control Issued New Clearance; Flight Crew Diverted; Flight Crew Executed Go Around / Missed Approach; Flight Crew Landed in Emergency Condition; Flight Crew Took Evasive Action,Chart Or Publication; Human Factors; Procedure; Weather,Weather,"Winds at RJAA were forecast to be 220/35 gusting to 46 knots and they were landing runway 16R. Dispatcher had boarded fuel for us to arrive in the RJAA area with 38;000 lbs. with ZZZZ as our primary alternate. The time to ZZZZ was about an hour with a burn of 13;300 lbs. I decided that when we got down to 30;000 lbs of fuel; it would be an appropriate time to divert to the alternate if needed. After holding at several fixes and extensive vectoring for approximately an hour and fifteen minutes; we shot an approach to runway 16R. At about 500 ft; we got a significant increase in airspeed; followed by a wind shear alert. We performed a wind shear escape maneuver with a missed approach. We immediately decided to go to our alternate due to fuel considerations. We were held at a low altitude and vectored away from our alternate until we were out from the RJAA normal air traffic routes. We had conferred with our dispatcher as to where he wanted us go if needed and ZZZZ had been agreed upon. Each new controller was notified that we were a minimum fuel aircraft and needed expedited handling. We requested direct to the outer marker of the ZZZZ runway. Communication was difficult and ATC was relatively uncooperative. Forty miles from the airport; we were notified that distance to landing was 140 miles. The Japanese air traffic control refused to allow us direct to the airport unless we declared an emergency even though there was minimal air traffic at ZZZZ. At that time we had approximately 15;600 lbs. of fuel. We landed with approximately 12;900 lbs of fuel and parked. Block time was 15 hours and 59 minutes. Our Dispatcher; who is one of our more experienced; had the foresight to have us arrive in Tokyo having 38;000 lbs. of fuel; recognizing that this day we might really need it.",,"[Report narrative contained no additional information.]",,"Air carrier flight crew reported they experienced a windshear alert on final to RJAA; executed a go-around; and diverted.",
1453554,201706,,RJAA.Airport,FO,,,,14000,,VMC,,,,,,Center RJJJ,Air Carrier,B777 Undifferentiated or Other Model,,2,Part 121,IFR,Passenger,,Descent,STAR ELGAR,,,,,,,,,,,,,,,,,,,,,,,,,,,,,,,,,,,,,,,,,,,,,,,,,,,,,,,,,,,,,,,,Aircraft X,Flight Deck,Air Carrier,Pilot Flying; First Officer,Flight Crew Air Transport Pilot (ATP),Flight Crew Total 13299; Flight Crew Type 4991,,,,,1453554,,,,,,,,,,,,ATC Issue All Types; Inflight Event / Encounter Fuel Issue,,,Person Flight Crew,In-flight,Air Traffic Control Issued New Clearance; Flight Crew Requested ATC Assistance / Clarification; Flight Crew Landed in Emergency Condition,Weather; Procedure; Company Policy; Environment - Non Weather Related,Ambiguous,"Captain signed for flight plan with landing fuel of 18;100 lbs. No significant weather planned departure; enroute or destination. No significant maintenance issues. Flight was flown as planned with the exception of 2 deviations for unforcasted convective areas and a vector around military airspace in PAZA.Flight arrived at top of descent with a negative fuel score of 2.0. After normal early descent (ELGAR arrival via MELON) and vectoring off arrival; several flights ahead on arrival received holding instructions and were informed RJAA was changing runways. The flights were given expected clearance times which; if similar for our flight; would result in landing with emergency fuel. When our flight was given holding instructions we informed ATC we were unable to accept holding for fuel. After ATC again gave holding instructions we informed them we needed to divert for fuel. We were given a vector for ZZZZ and proceeded to plan for diversion. Dispatcher was notified but not consulted due to time constraints. ATC subsequently informed us that there would be holding for arrival into ZZZZ due to coordination. We requested clearance for landing at RJAA or ZZZZ whichever could be coordinated soonest. Uneventful approach and landing were made at RJAA. Landing fuel was 13;000 lbs.",,,,"B777 First Officer reported multiple deviations and delays in flight resulted in the aircraft landing with emergency fuel.",
1453572,201706,1201-1800,ZZZZ.ARTCC,FO,,,,11000,,VMC,,,,,,Center ZZZZ,Air Carrier,B777 Undifferentiated or Other Model,,4,Part 121,IFR,Passenger,,Descent,,,,,,,,,,,,,,,,,,,,,,,,,,,,,,,,,,,,,,,,,,,,,,,,,,,,,,,,,,,,,,,,,Aircraft X,Flight Deck,Air Carrier,Captain; Pilot Not Flying,Flight Crew Air Transport Pilot (ATP),Flight Crew Total 10847; Flight Crew Type 6718,,Communication Breakdown,Party1 Flight Attendant; Party2 ATC,,1453572,,,,,,,,,,,,ATC Issue All Types; Deviation / Discrepancy - Procedural Published Material / Policy; Inflight Event / Encounter Fuel Issue,,,Person Flight Attendant,In-flight,Air Traffic Control Provided Assistance; Flight Crew Landed in Emergency Condition; Flight Crew Requested ATC Assistance / Clarification,Airspace Structure; Environment - Non Weather Related; Procedure,Procedure,"Dispatched well to [the destination]; planned landing fuel 1:25. [Destination] VFR; smooth rides; and no enroute weather forecast. Early unforecast deviation around weather; eight minute vector around military airspace (there is a vague NOTAM about this requiring checking a web site to see if it is applicable) and another weather deviation left us with about 1:15 in landing fuel. The fuel topic was discussed at each crew changeover and we were all well aware of the issue and not concerned. There had been an ongoing cabin light issue in which rows of reading and call lights were turning on randomly and staying on. We contacted dispatch and [maintenance] about this and their suggestions failed to help. We also had a random cockpit PA issue in which we sometimes had to reset the cockpit handset to make a PA announcement. About two thirds of the way through the flight; I made a seat belt PA and everything reset (PA and cabin and reading lights) and worked the rest of the flight. I waited until the descent (after my break and after the approach briefing and approach descent checklist) to sort everything out and try to make a maintenance write up. The write up took three pages of log entries and they all came back as incorrect (I had put too many characters in the log item field). Instead of rewriting them (due to time constraints); I called dispatch and had him patch me through to [maintenance] and I described the situation to him. All of this was complete by around 15;000 feet; but I had been out of the loop for a while. [ATC] had started our descent early and we received an insufficient fuel EICAS. We reset the warning fuel on the performance page to 1 hour of fuel (13;300 lbs). We received another early descent and the insufficient fuel EICAS came back. We did the ECL (Electronic Checklist) for that EICAS. At that point someone in front of us received a holding clearance. We investigated weather and discussed diverting. We were given a holding clearance without an EFC (Expected Further Clearance) time. We queried [ATC] for an EFC; they said the airport was changing runways and they did not have an EFC. I have always been taught that a minimum fuel advisory was not understood at international destinations and therefore did not declare minimum fuel. We immediately requested a diversion. We were given a hold for [the diversion airport] also. I might add that the PM (Pilot Monitoring) was focused on flying the aircraft and did an excellent job. The two non-flying copilots were very much in the loop and focused on pitching in where they could. I stated that we were unable holding. Rather than waiting until we were at a landing fuel of 30 minutes or less; I decided it was better to [advise ATC] the [situation] early and continue towards a runway. After [advising]controllers handled the situation very well. We were vectored to and landed uneventfully with one hour of fuel remaining; 13;300 pounds.The entire event from 15;000 feet down to landing was extremely busy. We changed the destination in the FMC twice; we sent two diversion messages to dispatch. We did not have time to discuss anything with dispatch after calling about the maintenance issues. I did follow up with a call to dispatch from the hotel to explain. All checklists were completed and we handled the situation without any deviations from SOP. I am quite proud of the way the crew responded to everything that was thrown at us.There are several items that were learned throughout this event. First and foremost; the system works. I was asked if I would increase fuel loads from this point on and my answer is no. From now on; my plan is to take a reasonable fuel load and realize that I can (in spite of my previous understanding) declare minimum fuel when my landing fuel approaches one hour of fuel (several aircraft declared minimum fuel after we [advised ATC] and [ATC] understood and accommodated them); and as a last resort; I can [advise ATC] approaching 45 minutes of landing fuel and the path is cleared for us to make a safe; uneventful landing. I learned to postpone complex write ups and patches to [maintenance] until I am on the ground instead of in the descent. I knew to leave the ADIRU (Air Data Inertial Reference Unit) on when we need ACARS on the ground; but did not realize that the ACARS would have made life easier on the ground.Training center and most real life diversion scenarios include bad weather and therefore lots of hold fuel; many distant alternates and therefore lots of time to sit in a holding pattern and discuss options as a crew and with dispatch. I learned that this scenario; with VFR weather and minimum dispatched fuel can turn south very quickly. Actions need to be quick and decisive; CRM (Cockpit Resource Management) needs to be quick as well. We do not get as much (or any) training for a diversion scenario without lots of time to discuss options. This is something everyone might want to think through on the ground; if they have not already.",,,,"Boeing 777 Captain reported a fuel critical situation during descent due to unforeseen deviations.",
1456140,201706,0001-0600,FAI.TRACON,AK,,,,,,Marginal,Rain,,,,,TRACON FAI,Military,Fighter,,1,Part 91,IFR,Tactical,,Final Approach,,Class E FAI,,,,,,,,,,,,,,,,,,,,,,,,,,,,TRACON FAI,Military,Fighter,,1,Part 91,IFR,Tactical,,Final Approach,Other Instrument Approach,Class E FAI,,,,,,,,,,,,,,,,,,,,,,,,Facility FAI.TRACON,,Government,Approach,Air Traffic Control Fully Certified,Air Traffic Control Time Certified In Pos 1 (yrs) 0,,Workload; Situational Awareness; Distraction,,,1456140,,,,,,,,,,,,ATC Issue All Types; Deviation / Discrepancy - Procedural Published Material / Policy,,,Person Air Traffic Control,In-flight,Air Traffic Control Issued New Clearance; Air Traffic Control Separated Traffic; Flight Crew Executed Go Around / Missed Approach; Flight Crew Requested ATC Assistance / Clarification,Company Policy; Manuals; Chart Or Publication; Procedure; Aircraft; Airspace Structure,Company Policy,"During a yearly military exercise the LOA (Letter of Agreement) between TRACON and ARTCC dictates that the separation between a flight of 2 or less fighters must be 10 miles. A flight of more than 2 fighters must have a minimum of 15 miles spacing. Altitude separation is not used as a means of separation since they are cleared on the approach by center and the aircraft will be descending via the arrival. All fighter flights were non-standard during this recovery. Moderate to extreme precipitation was reported 20 miles north of their destination airport. No bases reported; but the tops were reported at 18000 ft. This precipitation was depicted on my radar and appeared to be moving south along the arrival path.During the recovery of flights during this operation the airport of intended landing was reporting IMC; so the fighters were doing an IFR recovery via the STAR to an ILS Approach. ZAN handed off to me a flight of 4 fighters (Flight X); and a second (Flight Y) with 7 miles in trail spacing; less than 1;000 ft; and both flights cleared on the arrival. Flight X was cleared on the ILS Approach; the Flight Y was then cleared on the approach with 5 miles spacing and decreasing. When Flight Y was on a 7 mile final with less than 4 miles spacing; I cancelled the approach clearance and gave them an altitude to maintain and upon reaching an altitude a heading for re-sequence. Center was still sending fighter flights inbound on the approach; but stopping the flights at 11;000 ft. I was still only getting 6-10 mile in trail spacing for flights of 2-4 with nothing but altitude separation through the moderate to extreme precipitation. Center handed off to me an emergency aircraft descending; direct to the IAF not cleared on the approach. The lead aircraft (the one who was initially coordinated as an emergency) did not have a data block. I had to get the aircraft to ident to properly radar contact the flight as well as manually input the data for the data block to acquire. After some questioning; the pilot was minimum fuel and closing on BINGO fuel.Flight Z of 4 fighters came onto my frequency without a handoff or a data tag; IFR; direct to a fix. I had to again get the pilot to ident to properly radar identify the target; then manually input the data and scratchpad to indicate information about how many and what the flight was cleared on; as per our LOA. I sequenced Flight Z behind the emergency flight of 4 aircraft; then the Flight Y flight in trail. My Supervisor was doing all of my coordination during this time. Center advised us that the fighters were all approaching BINGO fuel. They coordinated to send the remaining fighters to hold over a fix and stack the fighter flights. Center did not have the data blocks input; the rest of the fighters were IFR; and switched to my frequency all during the time of the emergency flight and onward. While during the sequencing of inbounds and re-sequencing of the Flight Y flight; the rest of the fighters were calling me for clearances. I was also properly attempting to radar identify each flight as well as manually type in the data information for each separate flight; while also clearing aircraft on the approach. In order to provide in trail spacing on final for the aircraft inbound from Center; as well as the re-sequenced Flight Z. I had to take multiple flights off of the arrival and send them on a west bound heading descending to an altitude not to conflict with the other flights. I cleared Flight Y flight on the ILS approach. I saw that the speed and spacing was good and switched the aircraft as per the LOA prior to the aircraft reaching a 7 mile final. I refocused my attention back to the aircraft coming inbound as well as the fighters stacked over the initial approach fix for the ILS Approach. My Supervisor brought to my attention the spacing between the trail aircraft of Flight Z and the lead flight of Flight Y. When I measured out the spacing between the aircraft; it was less than 3 miles and appeared to be less than 1;000 ft separation. The indicated speed of the trail aircraft was 180 kts over the ground; while the indicated speed of Flight Y was 350 plus knots over the ground at a 4-5 mile final inside of their destination Class D airspace.Recommend to follow the established procedures outlined in the LOA's. I recommend to stop coordinating different things; on the fly the week of the operation; that is not outlined in the LOA. It not only adds complexity but also confuses the controllers involved of what we are and are not doing. Some Approach Controllers are having to coordinate with the current Center controller with different things to figure out what exactly is going on and who is doing what. It also adds complexity to the pilots involved in flying it because they don't know which one to apply or get confused of the instruction issued by approach; especially the foreign pilots in this exercise. This has been happening for the past 2 exercises. The LOA between TRACON and Center is over a year old and contains items that we do not do anymore; is done differently; or is coordinated the week of to do the complete opposite of what the Military Exercise LOA prescribes.",,,,"A TRACON Controller reported that the Center was handing off aircraft recovering from a military exercise with less than the prescribed spacing specified in the Letter of Agreement.",
1458556,201706,0001-0600,ZZZZ.Airport,FO,,,,,,IMC,Thunderstorm,,Night,,,,Air Carrier,B747-800 Advanced,,2,Part 121,,Cargo / Freight / Delivery,,Cruise,,,,,,,,,,,,,,,,,,,,,,,,,,,,,,,,,,,,,,,,,,,,,,,,,,,,,,,,,,,,,,,,,Aircraft X,Flight Deck,Air Carrier,Captain; Check Pilot,Flight Crew Air Transport Pilot (ATP),,,Communication Breakdown,Party1 Flight Crew; Party2 ATC,,1458556,Aircraft X,Flight Deck,Air Carrier,First Officer,Flight Crew Air Transport Pilot (ATP),,,Communication Breakdown,Party1 Flight Crew; Party2 ATC,,1458837,ATC Issue All Types; Deviation - Track / Heading All Types; Deviation / Discrepancy - Procedural Clearance; Inflight Event / Encounter Fuel Issue; Inflight Event / Encounter Weather / Turbulence,,,Person Flight Crew,In-flight,Air Traffic Control Issued New Clearance; Flight Crew Requested ATC Assistance / Clarification; Flight Crew Returned To Clearance,Human Factors; Weather,Weather,"Upon reaching our destination airspace at approximately XA:35; ATC asked us to hold 70 miles from ZZZ VOR due to large thunderstorms over the airport. Several other aircraft destined for [the] airport were also holding. ATC made it clear that no aircraft were being permitted to make an approach to the airport and would not provide any EFC times. After entering holding; I calculated a 'bingo fuel' (minimum fuel at which I would no longer tolerate holding and would proceed to our designated alternate) of 20.5 metric tons. This 'bingo fuel' was the sum of 13.3 tons of fuel to fly 1 hour and five minutes to [our alternate] and additional 7.2 tons of fuel in reserve. This would allow us to fly to the alternate; make an approach; go missed approach--returning to the radar pattern--then fly one more instrument approach and safely land. As time passed while we held as directed; other aircraft expressed their concern to ATC regarding their limited fuel quantity. A couple of other aircraft began to divert to their designated alternates. At approximately XA:45; I called approach two or three times to tell them we would have to divert to our alternate soon due to the lack of fuel onboard. The controller did not answer any of my calls. In my opinion; the controller had become overwhelmed with the number of aircraft requesting to divert to their alternates. At XA:48 with 21.8 tons of fuel and with no indication that the weather would clear over the airport in a timely manner; I asked approach control to give us vectors to our alternate. Even after asking three or four times; the controller did not acknowledge any of my requests. At approximately XA:50; I elected to proceed to the alternate. Even after the ATC controller did not reply to my calls. Shortly after stating 'fuel emergency' several times; I transmitted that we were leaving holding and proceeding to [alternate] airport by way of ZZZZZ fix at our present flight level. Even then; the ATC controller did not respond. At this point; we looked up other frequencies and attempted to contact air traffic control for assistance. At approximately XA:57; we received a voice request over guard frequency (121.5) asking us to return to our previous controllers frequency. We did so and the controller asked if we would like a higher altitude to proceed to our alternate. I requested FL320 and we were given FL300. It seemed to me as if it was now a different controller on duty; as the voice was not the same as the original controller.At approximately XB:13; the controller told us that airport was now open and accepting approaches and was asking if we wanted to return to land. I replied that this would be acceptable; providing we would not be holding prior to landing. With 16.7 tons of fuel remaining; we decided it would be safe to return to [original destination].Although approach gave us extended vectors north of the airport; our approach and landing was uneventful. We landed with approximately 12.1 tons of fuel as opposed to our planned landing fuel of 21.9 tons; a difference of 9.8 tons. Our total flight time was 5 hours 52 minutes; as opposed to the scheduled flight time of 4 hours 51 minutes; making our flight time an additional one hour and one minute more than scheduled.",,"[Report narrative contained no additional information.]",,"B747-800 flight crew reported being issued a hold without EFC time due to weather.",
1469590,201708,0601-1200,C90.TRACON,IL,,,,,,Marginal,,,Daylight,,,TRACON C90,,Any Unknown or Unlisted Aircraft Manufacturer,,,,,,,Descent; Climb; Initial Approach; Cruise,Vectors,Class B ORD,,,,,,,,,,,,,,,,,,,,,,,,,,,,,,,,,,,,,,,,,,,,,,,,,,,,,,,,,,,,,,,Facility C90.TRACON,,Government,Approach,Air Traffic Control Fully Certified,Air Traffic Control Time Certified In Pos 1 (yrs) 19,,Workload; Time Pressure; Situational Awareness; Training / Qualification,,,1469590,,,,,,,,,,,,ATC Issue All Types; Conflict Airborne Conflict; Deviation - Track / Heading All Types; Inflight Event / Encounter Weather / Turbulence,,,Person Air Traffic Control,In-flight,Air Traffic Control Provided Assistance; Air Traffic Control Issued New Clearance; Air Traffic Control Issued Advisory / Alert; Air Traffic Control Separated Traffic; Flight Crew Requested ATC Assistance / Clarification; General Flight Cancelled / Delayed,Weather; Staffing; Procedure; Company Policy; Human Factors,Procedure,"I was vectoring when level 5 weather popped up near the west side of the airport. We were on west flow. I asked if we should really keep going into 3 full runways with weather like this. The response was 'the tower says it doesn't look that bad out the window'. Everyone started to go around. We had nowhere to go with all these planes with weather and so many in the airspace. No preemptive strike to help the situation. I believe part of the problem is that there were younger people; while all very skilled; were not sure what to do with the situation without getting in trouble or feeling they might. There were only CICs being utilized rather than a supervisor being in charge of the front line. There was an OM on duty; although; one; I'm not sure if he was in the room; and two; he has really no idea what's going on. There were so many go arounds and no instructions as to what to do with all of them; i.e. another runway; divert; etc. Many were minimum fuel. It was very frustrating and stressful. It seemed like survival of the fittest rather than any coordination or instruction being given. Also; monitors were never called for with extreme weather; even after everyone started going around.A supervisor should be in charge of the front line when there is only one in the room. Coordination should be done to lessen the arrivals with extreme weather in the area. CICs should be made aware that they can do what they need to for the safety of the aircraft coming rather than the 'who am I going to be in trouble with' rather than slowing fixes and holding or coming off a runway; or two for that matter; with extreme weather. CICs are put in a bad position because they are unsure of what they can and can't do. Same as unsupervised mid shifts.",,,,"C90 Approach Controller reported that their sectors became overloaded and unorganized due to numerous weather related go-arounds combined with a lack of experienced controllers and supervision.",
1470577,201708,0601-1200,ZZZ.Airport,US,,,700,,,VMC,Rain; Thunderstorm; Windshear,,,,,TRACON ZZZ; Tower ZZZ,Air Carrier,B747 Undifferentiated or Other Model,,3,Part 121,IFR,,FMS Or FMC,Final Approach,Vectors,Class B ZZZ,,,,,,,,,,,,,,,,,,,,,,,,,,,,,,,,,,,,,,,,,,,,,,,,,,,,,,,,,,,,,,,Aircraft X,Flight Deck,Air Carrier,Captain; Pilot Not Flying,Flight Crew Air Transport Pilot (ATP),Flight Crew Total 8226; Flight Crew Type 1110,,Time Pressure; Communication Breakdown,Party1 Flight Crew; Party2 ATC,,1470577,Aircraft X,Flight Deck,Air Carrier,Pilot Not Flying; Relief Pilot,Flight Crew Air Transport Pilot (ATP),Flight Crew Total 9206; Flight Crew Type 6686,,,,,1470564,ATC Issue All Types; Deviation / Discrepancy - Procedural Clearance; Inflight Event / Encounter Fuel Issue; Inflight Event / Encounter Weather / Turbulence; Inflight Event / Encounter Unstabilized Approach,,,Person Flight Crew,In-flight,Flight Crew Landed in Emergency Condition,Human Factors; Weather,Weather,"We were on the approach to ZZZ; about 18 mile final and were watching a large storm cell over the airport. As we got closer ATC issued a micro burst alert for 50 knot wind gains and losses on final. We elected to abandon the approach and since the cell appeared to be moving quickly across the field; we elected to have delay vectors to evaluate the rapidly changing weather. We had about 1+20 minutes of fuel remaining. We were sent on a heading to ZZZZZ intersection and switched to ZZZ1 approach. The controller there had clearly lost the picture of his traffic situation and did not answer our initial transmissions. We continued to have difficulty establishing communication with approach. The IRO (International Relief Officer) was communicating with dispatch to change our alternate to something closer to our current position than ZZZ2; but were told that none of the local area airports were suitable. We evaluated our fuel state and determined that we needed to divert to ZZZ2 without delay to arrive with sufficient fuel. Again; the controller seemed to not hear our transmissions and at one point made a blind broadcast to us by our transponder code. We finally got a heading to ZZZ2 after declaring minimum fuel. In addition; we had to deviate around scattered cells as we headed to ZZZ2. We were switched to ZZZ approach as we had to go by ZZZ on our way to ZZZ. The controller informed us that Runway XYR was available for landing if we wanted it. We evaluated the situation and saw a large gap between cells that would allow a visual approach. We were vectored till we saw the airport and were cleared for a visual approach to XYR. I noticed the First Officer appeared to have the wrong runway in sight and was slightly high on the approach. He reported XYR in sight and I was providing verbal corrections to position us for the visual approach. We had to maneuver around a rain shower between us and the runway and I noticed we were trending too low when we got a below glide slope alert. We immediately corrected back to course and because of our position on an angling left base; we needed to make a turn to line up with the runway at 700 feet. My normal reaction is not to try to salvage a bad approach; but to go around and do it again. I felt that considering our fuel state; about 40 min remaining; and the rapidly changing weather we needed to land rather than go around; and that we could do it safely. The approach resembled the IGS [Instrument Guidance System] into the old Hong Kong airport. We were lined up and on speed at 400 feet and the wind at the airport remained less than 5 knots. We landed exactly in the touchdown zone and taxied to the gate without further incident.",,"[Report narrative contained no additional information.]",,"B747 flight crew reported beginning to divert due to weather and minimum fuel but ended up going to the original destination.",
1505970,201712,1801-2400,D01.TRACON,CO,,,,8000,,Marginal,,,Night,,,TRACON D01,Air Carrier,Regional Jet 700 ER/LR (CRJ700),,2,Part 121,IFR,Passenger,FMS Or FMC,Initial Approach,,Class B DEN,,,,,,,,,,,,,,,,,,,,,,,,,,,,,,,,,,,,,,,,,,,,,,,,,,,,,,,,,,,,,,,Facility D01.TRACON,,Government,Approach,Air Traffic Control Fully Certified,Air Traffic Control Time Certified In Pos 1 (yrs) 3,,Situational Awareness; Communication Breakdown; Confusion,Party1 ATC; Party2 Flight Crew,,1505970,,,,,,,,,,,,ATC Issue All Types; Deviation - Altitude Excursion From Assigned Altitude; Deviation / Discrepancy - Procedural Clearance; Deviation / Discrepancy - Procedural Published Material / Policy; Inflight Event / Encounter CFTT / CFIT; Inflight Event / Encounter Fuel Issue,,,Person Air Traffic Control,In-flight,Air Traffic Control Issued New Clearance; Air Traffic Control Separated Traffic; Air Traffic Control Issued Advisory / Alert; Flight Crew Became Reoriented,Weather; Airspace Structure; Human Factors; Procedure,Human Factors,"I was working arrivals doing ILS approaches. Aircraft X checked in on the downwind and declared minimum fuel. I verified the fuel status and advised the pilot to which runway to expect. I continued working through my other aircraft with an awareness that I needed to get Aircraft X in as soon as feasible. It was low IFR and with the parallel runway configuration aircraft were doing at least 20 mile finals. At the opportune time; I based Aircraft X at 9;000 ft. The aircraft took the turn and I then issued the full ILS clearance to the aircraft. The pilot read back the turn and clearance but not the altitude.As the aircraft approached the localizer; I observed Aircraft X at 8;000 ft. The next hit was below 8;000 ft and now below the MVA. I asked the pilot his altitude to which he did not respond and I tried to climb him but my transmissions were blocked no less than 3 times. The aircraft was now at 7;200 ft. The Low Altitude alert never went off; but I issued a low altitude alert to the pilot and climbed him to 9;000 ft. He read back the clearance but was very slow to climb the aircraft. However the aircraft did accelerate. Due to the fuel situation that the pilot advised me of; I chose not to break the aircraft off the approach but rather to ask if he was able to continue the approach. He replied in the affirmative. I reissued the clearance and reduced his speed. He was now overtaking the traffic in front of him; but I didn't have time to keep him on my frequency due to the altitude of the aircraft next to him. The aircraft climbed while on the localizer until reaching the step down altitude of 9;000 ft and then descended on the approach and landed without further incident.This may have been a pilot error due to the added stress of performing a minimum fuel landing in IFR conditions. I am glad I was able to be of assistance to the pilots.",,,,"D01 TRACON Controller reported an aircraft descended below the assigned altitude and below the MVA.",
1511367,201801,1201-1800,ZHU.ARTCC,TX,,,,,,VMC,Thunderstorm,,Daylight,6000,,Center ZHU,Air Carrier,Commercial Fixed Wing,,2,Part 121,IFR,Passenger,FMS Or FMC,Descent; Initial Approach,Vectors,Class A ZHU,,,,,,,,,,,,,,,,,,,,,,,,,,,,,,,,,,,,,,,,,,,,,,,,,,,,,,,,,,,,,,,Aircraft X,Flight Deck,Air Carrier,Captain; Pilot Flying,Flight Crew Air Transport Pilot (ATP),,,Time Pressure; Communication Breakdown,Party1 Flight Crew; Party2 ATC,,1511367,,,,,,,,,,,,ATC Issue All Types; Deviation / Discrepancy - Procedural Published Material / Policy; Inflight Event / Encounter Fuel Issue,,,Person Flight Crew,In-flight,Air Traffic Control Issued New Clearance; Flight Crew Requested ATC Assistance / Clarification; Flight Crew Diverted,Weather; Airport; Procedure,Procedure,"On recent flight; I exercise my emergency authority after encountering a fuel emergency and needed an immediate landing. The fuel placed onboard the aircraft was at absolute legal minimum amounts. Upon arriving at the aircraft; fueling was already completed and truck has gone away. The flight began with an unfortunate maintenance issue as we discovered we had a continuous stuck mic issue that continued about 6-8 times in the flight; which was not the cause but an additional factor in the safety of the flight. As we passed our minimum diversion fuel level the weather in IAH was 7 miles visibility; 4300 feet overcast; and there was no reason to think we would not make it into the airport. We were approaching IAH from the east headed westbound. ATIS indicated IAH was landing east and therefore when approach vectored us past the airport there was still no indication we would have a fuel issue since we were on the proper side of the field for landing.At this point ATC changed our arrival two more times; and gave us multiple vectors and even took us all the way to waypoint LAMMY then PSX; both 100 miles outside our flight plan. Then vectoring us 100 miles west of the field farther away...this now far outside our flight plan burned all the extra fuel as well as the alternate fuel. Because weather in IAH was still reporting VFR conditions. I still I remained optimistic as long as they turned us back to the field for an east Landing we would still land with a safe amount of fuel. While still flying away from the field I received a new ATIS that said 10 miles vis and 6000 overcast; BUT now they were landing west and we were 100 miles on the wrong side of the field. At this point; I declared minimum fuel to ATC but my call was ignored. Due to high radio traffic [it] was hard to get in multiple calls. Second time I called minimum fuel; and needed to be turned 180 toward the airport. [Instead] I was given a 65 degree turn just to a make me happy; but still not any closer to the field and given a new fix BELLR 60 miles farther from airport but then direct. As we got closer they gave us yet another vector away from the airport and I told them we were minimum fuel and we can't accept any more deviations. This call was again ignored and were given a handoff. When I checked in the new frequency I said; 'Heading ... Request priority' and he responded with 'are you minimum fuel?' I said; yes; as I declared a long time ago and need priority handling.' I was again given a bogus vector nowhere nearer to IAH. Our low fuel light is on now and I hear they are landing west yet we are still east of the airport. Knowing IAH; I knew they were going to fly us past the airport again to get us on the east side and put us number 20 inline for landing west and we had nowhere near that fuel. The only way I could get IAH attention and get any priority handling was to [confirm with ATC] yet ZHU still did not care to help me get into the airport and said 'you're better off going to Hobby' at this point we finally got priority handling into Hobby for a safe landing.",,,,"Air carrier Captain reported reaching emergency fuel state after multiple vectors for arrival and runway changes at IAH.",
1537238,201804,1201-1800,ZZZ.Airport,US,,,,,,,,,,,,TRACON ZZZ,Air Carrier,Regional Jet 200 ER/LR (CRJ200),,2,Part 121,IFR,Passenger,,Descent,,Class B ZZZ,,,,,,,,,,,,,,,,,,,,,,,,,,,,,,,,,,,,,,,,,,,,,,,,,,,,,,,,,,,,,,,Aircraft X,Flight Deck,Air Carrier,Pilot Not Flying; First Officer,Flight Crew Air Transport Pilot (ATP),,,Time Pressure; Situational Awareness,,,1537238,,,,,,,,,,,,ATC Issue All Types; Deviation / Discrepancy - Procedural Published Material / Policy; Inflight Event / Encounter Fuel Issue,,,Person Flight Crew,In-flight,Air Traffic Control Issued New Clearance; Flight Crew Requested ATC Assistance / Clarification,Weather; Procedure,Ambiguous,"ATC turned us off of the arrival and told us to expect a hold. After a period of time we were given the hold and an Expect Further Clearance time. We complied and started to run the fuel numbers. We knew we didn't have enough fuel to continue holding until the end of the EFC time. We sent an ACARS message advising of the situation. ATC assigned another heading. We advised ATC that with any further delays we would declare Minimum Fuel. ATC re-cleared us to join the arrival. At that time we were at minimum fuel; we advised ATC that we were now Minimum Fuel and they acknowledged.We were assigned slower airspeeds and given higher altitudes than published on the arrival. We asked how far away from the airport we would have to fly before turning back to the airport. ATC advised us 15 miles; we told them we needed shorter. ATC said they couldn't get us in any shorter. The Captain told me to advise ATC [and] that we were diverting [to an alternate]. I complied. ATC assigned a heading to fly for our base turn into [our filed destination]. ATC cleared us for the visual. We landed without further incident. Our fuel upon landing was 1;500 pounds. Our minimum reserve fuel was 1;500 pounds. We did not advise the Flight Attendant due to time restraints and no action needed by the Flight Attendant.",,,,"CRJ-200 First Officer reported they were finally cleared in to destination airport after notifying ATC they would have to divert because of low fuel.",
1544670,201805,1201-1800,ZZZ.TRACON,US,,,,,,,Cloudy; Fog,,Daylight,,,TRACON ZZZ,Air Carrier,EMB ERJ 170/175 ER/LR,,2,Part 121,IFR,Passenger,FMS Or FMC,Initial Approach,,Class B ZZZ,,,,,,,,,,,,,,,,,,,,,,,,,,,,,,,,,,,,,,,,,,,,,,,,,,,,,,,,,,,,,,,Aircraft X,Flight Deck,Air Carrier,Captain; Pilot Not Flying,Flight Crew Instrument; Flight Crew Multiengine; Flight Crew Air Transport Pilot (ATP),,,Situational Awareness; Communication Breakdown,Party1 Flight Crew; Party2 ATC,,1544670,Aircraft X,Flight Deck,Air Carrier,First Officer; Pilot Flying,Flight Crew Air Transport Pilot (ATP); Flight Crew Instrument; Flight Crew Multiengine,,,Situational Awareness,,,1544674,ATC Issue All Types; Inflight Event / Encounter Fuel Issue; Inflight Event / Encounter Weather / Turbulence; Inflight Event / Encounter Unstabilized Approach,,,Person Flight Crew,In-flight,Flight Crew Diverted; Flight Crew Landed As Precaution; Flight Crew Requested ATC Assistance / Clarification; Flight Crew Executed Go Around / Missed Approach,Airspace Structure; Weather,Weather,"The flight was dispatched with a planning from dispatch at FL350 with 7200lbs of fuel. It showed on release of 3103lbs of fuel for landing. Being that ZZZ is so remote to other civil airports and having only a single runway; I always take caution in fuel planning. This trip called for arrival ETA of XA:11Z where the forecast called for starting from XW:00Z- 24010KT; P6SM; BKN35. It was forecast to be like this all day. Even the current METAR showed BKN35. I had the hindsight to take on additional fuel of 800lbs extra because of the above reasons for being a remote airline airport with single runway. Well; it turned out that this was a good call. Explanation to follow.After the TOC (Top of climb) check; I pulled the weather for ZZZ and it showed 1800 ceiling at XX:51Z ATIS. Commented to my FO (First Officer) that we require an alternate. At this point; it wasn't much of concern. Yet; I had calculated in my mind that we had enough fuel to make it up to ZZZ1 if things go south. Somewhere along cruise; I notified dispatch of my concern for possible alternate airport and diversion potential. Another weather pulled showed a downward trend of BKN013 @ XA:00Z ATIS. Now; I am concerned and heighten in my sense of the real potential for a plan B.All along; we were set up for RNAV Approach into ZZZ. The first approach was not an issue until we get to the minimums and although we broke out under the ceilings and we could see the ground; there was a wall of cloud in front of us that seem to go almost all the way to the ground. We did not see the airport or runway and we went missed. We were given a west heading and 5000 feet on our call to TRACON. Inquired if the ILS approach was available. The reply was that everyone has been making it in on [the current runway]. This information was irrelevant to us. But; I figured it was a brief low period of low cloud that stalled in front of our approach at minimums and we elected to try [the runway] again.At this point; we came down to ZZZ without an alternate and I had to call upon my options in the back of my mind for plan B. I stated to the FO that we had enough fuel to attempt another approach; which he concurred. ATC was no help at all in the seriousness of our current predicament for bare bone fuel load; so I declared 'Minimum Fuel' to ATC. They vectored us to south downwind for another approach.We setup again for another try. Everything was fine until I get vectored way out there; almost all the way out there but there was a traffic that was in front of us going in; so I did not object to it since I figured we are in sequence to it. We were given multiple heading changes to the north; then northwest to intercept the RNAV course and at 5000 feet. As we progressed inbound; ATC is tied up with some other GA traffic and I can't seem to get a word in. We never received a clearance for the approach.Getting increasingly concerned; I try to break the radio congestion with a PAN; PAN call. ATC finally responds and gives us an approach clearance. By this time we are too late. Too high for a normal setup.At this point; it wasn't a life threatening event; so we did not try to make the approach work out. ATC really screwed us on this one with a botched approach setup; even after I have declared minimum fuel. I tried to correct for the shortcomings from the ATC; but the ATC was preoccupied with the other traffic with lot of chatter. I elected to abandon the approach and told FO to go missed. Told ATC we are diverting to ZZZ1. At which point they gave us a routing that is of concern. Initial heading followed by direct to ZZZ2 and to the ZZZ1 airport. Taking us way north and back down would put us in the very critical fuel range and something that I didn't take into account when I planned for a possible divert to ZZZ1 initially. Now; I am thinking ATC is not taking us seriously on the situation at hand; so I [advised ATC] due to an unplanned weather event with no alternate. Meaning; I am on uncharted territory with the quantity at hand and being task saturated with all the task of doing a diversion. Our fuel that I calculated mentally with some margin for error came to be enough to get to ZZZ1. But if we were to be sent up north and down; it meant that we had no safety net for a go around at ZZZ1. Giving us roughly 1000lbs landing fuel. If I hadn't taken on that extra 800lbs; we would probably looking at landing somewhere [closer].I did not like what they are telling me. Therefore; I [advised ATC]. ATC worked out a route into the military airspace for expeditious handling and landed in ZZZ1 at the gate with 2080lbs. After we land; we were graciously given a gate. I do all that is needed to inform the passengers and the station. Check myself as to the legality of it all and worked on getting back to ZZZ. On taxi in; I was given a phone number to call for what they described as possible pilot deviation. I got a new release and coordinated with all to return to ZZZ. Which I thought was a straight forward flight down. Our clearance filed was simple enough; but ATC decided to twist that cork screw into the side of me again. I am thinking to myself; here is a threat ATC is given us. The most complicated flight routing I ever gotten ever! It took some time to get it all set up while I was getting poked all over from station people; Dispatch; coordinator; etc wondering why I am not pushing back yet. It was too much distraction while I am concentrating to figure this complex route. Over all it all worked out and we came back to ZZZ without any issues. I thanked my FO for being a good team member.I called the TRACON number later and they stated that we were not responding to radio instructions. I don't know where this is coming from; but there were no instructions give or the lack of from ATC costing us a second attempt to a landing and to divert. The guy said he would check the tapes and call me back in 45mins. But never called back.",,"We left our original airport without an alternate. Weather forecast required no alternate. On our way to our destination; we checked weather and the ceilings were below forecasted. We set up for the RNAV approach. At minimums; we did not see the runway and executed a missed approach. We declared minimum fuel and asked ATC for the ILS. They were unable and told us others were making it in. We set up for another approach and were vectored onto course. ATC kept us at 5000 ft on the vector and we asked for lower multiple times. The radios were very busy and people were stepping on each other. We were then turned to intercept final approach course; still at 5000 ft but not cleared for the approach. We asked again for lower; the controller sounded confused then cleared us for the approach. We attempted to descend and capture the glide path but we were unstable and executed the missed approach. We [advised ATC] and went to our contingency airport of ZZZ1 for fuel. At ZZZ1; we successfully executed the ILS approach.Lower than forecasted weather; busy ATC radios; our failure of properly communicating the urgency of our lower altitude request and ATC failure to clear us for the approach or descend us in time. Also; the Captain; the pilot monitoring; has a thick accent on the radio and his request may not have been clearly understood. I believe this could have been avoided with the addition of a little more contingency fuel and a more forceful use of the radio. With only 600 more pounds of gas; we would probably have made a 3rd attempt at ZZZ before going to our contingency airport. Also; if we had repeated our requests for lower more forcefully and communicated our urgency better; the controller may have given us what we needed sooner.",,"Embraer 175 flight crew reported being dispatched without an alternate and then being unable to land at the destination airport due to weather and low fuel reserve.",
1551951,201806,1201-1800,DFW.Airport,TX,,,,,,VMC,,,Daylight,,,Tower DFW,Air Carrier,Large Transport,,2,Part 121,IFR,Passenger,FMS Or FMC,Final Approach,,Class B DFW,,,,,,,,,,,,,,,,,,,,,,,,,,,,,,,,,,,,,,,,,,,,,,,,,,,,,,,,,,,,,,,Aircraft X,Flight Deck,Air Carrier,Pilot Flying; First Officer,Flight Crew Air Transport Pilot (ATP); Flight Crew Instrument; Flight Crew Multiengine,Flight Crew Last 90 Days 86; Flight Crew Type 402,,,,,1551951,Company,,Air Carrier,Dispatcher,,,,,,,1551976,ATC Issue All Types; Inflight Event / Encounter Unstabilized Approach; Inflight Event / Encounter Fuel Issue; Inflight Event / Encounter Weather / Turbulence,,,Person Flight Crew,In-flight,Flight Crew Diverted; Flight Crew Executed Go Around / Missed Approach; Flight Crew Landed in Emergency Condition,Weather,Weather,"Flight XXX departed ZZZ with the intention to land in IAH. All preflight information suggested the weather in IAH was good with possible pop up thunderstorms in the area which gave us DFW as an alternate. Before departing; we pushed with a planned fuel of 27.6 but actually had 27.8; followed by a quick 15 minutes taxing to takeoff. We originally had 10.1 for REMF; with a scheduled 3.6 burn to DFW. As we started the SKRND4 arrival from the NE; we were given a reroute direct LFT for the NNCEE1 from the SE. At some point the CA (Captain) informed dispatch of our situation which was replied with info that 'no holding' was happening and that everyone was still getting in. This brought our fuel down to approximately 8.4 in IAH; since we've been updating ATIS since leaving ZZZ; and the dispatch info; we felt comfortable continuing into IAH. As we entered IAH approach we were given vectors to the north for Runway 8L which included multiple vectors around heavy build ups. On downwind for 8L; we were informed an aircraft went around 8R for wind shear and during the turn to base leg; the radar was showing solid red moving north towards app/runway of 8L. We made the decision to divert at 3;000 feet to approximately 10 miles from IAH to DFW (at least 1 other flight followed our lead). We were handed off to departure and eventually DFW Center at an altitude of FL300 and Approach that took us on the BEREE1. The CA notified DFW Center/Approach we were 'minimum fuel' as our EFOB (Estimated Fuel onboard) was indicating 3.4-3.6 (which was also passed along to Dispatch). We did have to deviate around several cells between IAH and DFW and were also given several delay vectors by DFW approach as we continued to alert them of our min fuel status. Weather in DFW was VFR (SCT around 5;000; winds out of the south at approximately 10KT and visibility unrestricted). We eventually made it into the DFW pattern while doing the best to conserve fuel.While on approach we were given heading/altitude that eventually put us on the glide path to Runway 17C which did have a displaced threshold to 8;125ft. I did verbalize I around 1;600-1;800 feet I 'had the PAPI's' and was indicating 2 white 2 red. The CA suggested I follow the magenta dot so that we would be as close to front part of TDZE (Touchdown Zone Elevation) as possible even though we were in visibility conditions. All callouts were made even the 500 feet 'stable' at this point were low turning 4 red and before I could state my intentions to level off and catch up on the PAPIs Tower beat me to it by calling our go-around. We went around; configured and set up for another approach. To say we were nervous watching the fuel go to 2;000 lbs was an understatement. As we were handed off to DFW departure; the CA [advised ATC] and we asked for Runway 17L. We spent minimal time in the air up to 3;000 feet and back in the pattern. Looking over; the CA was understandably on edge. I asked him if he felt more comfortable flying this approached (but said I feel more than capable)...initially he said 'No' but while on downwind changed his mind and we transferred controls. From there the approach to landing went as fine as we crossed the threshold this time I noted we had just north of 2;000 lbs; by the time we pulled off the runway it was closer to 1;920 lbs. The taxi to the gate went uneventful.",,"[Report narrative contained no additional information.]",,"Air carrier Captain reported reaching an emergency fuel state after diverting and at the alternate airport being directed to go-around.",
1554409,201806,1201-1800,ZZZ.Airport,US,,,,,,VMC,Thunderstorm,,,,,Center ZZZ,Air Carrier,EMB ERJ 170/175 ER/LR,,2,Part 121,IFR,Passenger,,Cruise,,Class A ZZZ,,,,,,,,,,,,,,,,,,,,,,,,Data Processing,,X,Malfunctioning,,,,,,,,,,,,,,,,,,,,,,,,,,,,,,,,,,,,Aircraft X,Flight Deck,Air Carrier,Pilot Flying; Captain,Flight Crew Air Transport Pilot (ATP),,,Time Pressure,,,1554409,Aircraft X,Flight Deck,Air Carrier,First Officer; Pilot Not Flying,Flight Crew Air Transport Pilot (ATP),,,Time Pressure,,,1554410,ATC Issue All Types; Inflight Event / Encounter Fuel Issue; Inflight Event / Encounter Weather / Turbulence,,,Person Flight Crew,In-flight,Air Traffic Control Provided Assistance; Flight Crew Landed in Emergency Condition; Flight Crew Requested ATC Assistance / Clarification; Flight Crew Diverted,Weather; Aircraft,Weather,"While proceeding to ZZZ and deviating around thunderstorms near the ZZZZZ Intersection; we received significant reroute instructions from ATC. The new clearance was to proceed direct to the VOR; direct ZZZZZ1 Intersection; then via the arrival. The MCDU recalculated the fuel at touchdown to be 2;400 lbs. As this was a few hundred pounds above reserve; and ATC indicated no delays into ZZZ; we elected to continue while closely monitoring the fuel situation. After crossing the VOR; we realized that our calculations on fuel remaining at the destination were not matching the amount being generated by the MCDU. While crossing ZZZZZ1 we checked with ATC again to verify no delays into ZZZ and declared a 'minimum fuel' state; but also started planning for a potential diversion into ZZZ1 (as it was the nearest suitable airport) should the fuel state continue to deteriorate per our calculations.Shortly after crossing ZZZZZ1 we determined that there was no possible way to safely descend via the arrival due to having to fly past ZZZ for an approach to Runway XX. We requested a diversion to ZZZ1; and asked ATC for a direct route to that airport. While proceeding direct to ZZZ1; ATC began vectoring us to the south for traffic. We determined that additional vectors were no longer possible due to our calculated fuel remaining on touchdown state. We requested priority handling to the airport with approximately 2;600 lbs. of fuel on board.We completed a primarily thrust idle descent to ZZZ1 by the most direct routing possible; and continued actively monitoring the fuel burn vs. amount remaining. We conducted a visual approach to a landing on Runway XXC at ZZZ1. When we touched down; there was approximately 2;300 lbs of fuel on board the aircraft; and the MCDU fuel data was showing that we should expect to landing in ZZZ1 with 2;700+ pounds of fuel. This calculation was off by far more than Figure of Merit (FOM). Upon exiting the runway; we taxied to a location on the airport as directed by ZZZ1 Ground; and contacted Dispatch for further instructions and coordination.[The cause was a] significant reroute while joining the original arrival into ZZZ; causing an approximately 1;500 lbs change to the arrival fuel. [The] MCDU fuel at destination calculations (which we factored into our initial continue vs. divert assessment) were definitely inaccurate. This inaccuracy did not become clearly apparent until nearly the point in which we were preparing to descend via the new arrival. I have never seen the MCDU Fuel Data provide such an inaccurate number. I do understand the MCDU data is advisory; and it part of a larger fuel monitoring plan that should be utilized by the flight crew (hence the reason we were using the Flight Program printout and our own calculations to verify the data). Usually when landing; I am within 100 or so lbs. of the MCDU projected landing fuel. The system generally appears to be quite accurate. The First Officer (FO) also indicated that he had never seen a situation like what we were seeing from the computer develop.I am personally going to increase my 'fuel at landing' (or contingency fuel) limitation to something closer to 2;800-3;000 lbs for this particular aircraft should future rerouting ever put me into a similar situation.It wouldn't hurt to provide a bit of additional ground and or simulator training regarding the Fuel Information provided by the MCDU. Although I feel that we appropriately used the information provided by the computer; and caught this issue by running our own calculations; it would be nice to have a better understanding of how the system generates these numbers.A simulator training scenario putting pilots into a minimum fuel / emergency fuel state would be very helpful. I would have like to see this situation in a training environment before encountering it in the aircraft.",,"[Report narrative contained no additional information.]",,"EMB-175 flight crew reported that the MCDU (Multipurpose Control Display Unit) provided inaccurate fuel calculation which was far more than FOM (Figure of Merit); causing landing with less than minimum fuel.",
1571253,201807,1801-2400,ZAB.ARTCC,NM,,,0,,,IMC,,,Night,,,Center ZAB,Air Carrier,B737 Next Generation Undifferentiated,,2,Part 121,IFR,Passenger,FMS Or FMC,Descent,,,,,,,,,,,,,,,,,,,,,,,,,,,,,,,,,,,,,,,,,,,,,,,,,,,,,,,,,,,,,,,,,Company,,Air Carrier,Dispatcher,Dispatch Dispatcher,,,Workload,,,1571253,,,,,,,,,,,,ATC Issue All Types; Deviation / Discrepancy - Procedural Published Material / Policy; Inflight Event / Encounter Fuel Issue; Inflight Event / Encounter Weather / Turbulence,,,Person Dispatch; Person Flight Crew,In-flight,Flight Crew Diverted,Human Factors; Procedure; Weather,Human Factors,"The Captain advised me he was diverting to ABQ; with FOB (fuel onboard) of 7.0. I advised ABQ burn of 4;296 LBS with reserve of 3;652 LBS; and suggested LAS as being less burn since I observed he was using reserve fuel to divert to ABQ. I made sure he declared minimum fuel with ZAB. I also repeatedly queried his current FOB and fuel over destination to verify I was calculating fuel correctly.Erroneous ATC communication about TUS closure; irregular operations with dust storm at PHX. My desk had 4 PHX arrivals at the same time during a dust storm; this was not an optimum workload.Aircraft attempted to land PHX with 2 SM visibility; Captain at that point felt weather conditions were unsafe; asked to divert to listed alternate of TUS. ATC advised TUS was closed; which was incorrect. Captain advised he was diverting to ABQ. I feel the cause of this low fuel arrival was communications. I was unaware of the fact that ATC had advised the Captain that TUS was closed. There were a few scattered cells in TUS area; which was why I thought he chose ABQ instead.",,,,"Air carrier Dispatcher reported high work load and ATC confusion about airport conditions contributed to a less than optimum diversion plan.",
1574044,201808,0601-1200,ZMA.ARTCC,FL,,,,,,Marginal,Thunderstorm,,Daylight,,,TRACON MIA,Air Carrier,Medium Transport; Low Wing; 2 Turbojet Eng,,2,Part 121,IFR,Passenger,,Descent; Initial Approach,Vectors; STAR FLIPR5,Class B MIA,,,,,,,,,,,,,,,,,,,,,,,,,,,,,,,,,,,,,,,,,,,,,,,,,,,,,,,,,,,,,,,Aircraft X,Flight Deck,,Captain,Flight Crew Instrument; Flight Crew Air Transport Pilot (ATP); Flight Crew Multiengine,,,Situational Awareness; Communication Breakdown; Time Pressure,Party1 Flight Crew; Party2 ATC,,1574044,,,,,,,,,,,,ATC Issue All Types; Deviation / Discrepancy - Procedural Published Material / Policy; Inflight Event / Encounter Fuel Issue; Inflight Event / Encounter Weather / Turbulence,,,Person Flight Crew,In-flight,Air Traffic Control Issued New Clearance; Flight Crew Landed in Emergency Condition; Flight Crew Requested ATC Assistance / Clarification,Procedure; Human Factors; Weather,Weather,"We received a very extensive vectoring to arrive in Miami. We were reassigned several arrivals and at one point while in cruise were instructed to turn the wrong direction and we flew the wrong direction for quite some distance and they would not allow us to slow down. We were reassigned several arrivals and many changes. We were really on constant vectoring. The loop at the top was a high speed vector that cost about 1000 pounds. After many changes we were assigned direct Freeport and the FLIPR Five arrival. We declared minimum fuel at this point because we did not have enough to go all the way to LUCSS at the south end of arrival we told ATC this several times. ATC assured us we wouldn't have to go that far. This change in arrival and vectoring added about 300 miles to the trip. We finally receive direct to FLIPR. Which was a westerly heading. As we were going there the [company] in front of us was assigned a 220 heading. They refused the heading because just to the south of the course was a large cell. ATC got upset with them and then assigned us the same 220 heading. I refused it as well because I will not fly into a cell. At this point they turned us to 360 heading asked us what our alternate was. I stated FLL. They said you are now going to Fort Lauderdale. I did not ask for Fort Lauderdale. I did not ask to divert. I did not have any extra fuel to waste taking a chance going to Fort Lauderdale as there were rain and storms over the field at Fort Lauderdale. We were really not prepared to go to FLL. Our calculation shows had we continued on the arrival as assigned we were predicting to land with 2.6 FOB (Fuel on Board) at Miami and 2.1 FOB at Fort Lauderdale. Dispatch had recalculated the bingo repeatedly for each change in proposed routing. Each time the computer calculated insufficient fuel for the proposed route. So both our FMS and dispatch systems agreed the fuel was low. On the 360 heading after giving it some thought and looking at the weather at Fort Lauderdale I decided to [advice ATC of our fuel situation] as we were down to about 3600 pounds. I was not willing to let ATC back me into any more corners I felt as though this was the safest plan as we could see Miami. Fort Lauderdale was questionable and we never asked for Fort Lauderdale and I feel as though there vectoring to Fort Lauderdale was retaliatory because we were unwilling to fly into a cell. At this point I didn't have trust in ATC. Again there was weather over FLL. Our inability to fly into a very strong cell is what caused them to order us to go to Fort Lauderdale. ATC is not authorized to order us to go somewhere. At this point the safest course was to land in Miami as our fuel was running low and we had burned over 2000 additional pounds over the original plan burn. I'm not going to allow them to run me out of gas or put the safety of flight in jeopardy. With [ATC advised] we went a considerably shorter distance to MIA from where we were expecting. This did result in landing with more fuel. We were dispatched with more than adequate fuel to handle normal contingencies and normal vectoring and some holding. ATC well exceeded this. There was plenty of room between storms and the weather in the area and this was unnecessary extra vectoring. This is my first and only [time advising ATC of my fuel situation] in 17 years at the airline and 14 as captain.",,,,"Air carrier Captain reported excessive vectoring from ATC caused a critical fuel situation.",
1574775,201809,1801-2400,ZSHA.ARTCC,FO,,,,40000,,VMC,Rain; Thunderstorm,,Night,,,Center ZSHA,Air Carrier,Widebody; Low Wing; 2 Turbojet Eng,,4,Part 121,IFR,Passenger,FMS Or FMC,Initial Approach; Final Approach,,,,,,,,,,,,,,,,,,,,,,,,,,,,,,,,,,,,,,,,,,,,,,,,,,,,,,,,,,,,,,,,,Aircraft X,Flight Deck,Air Carrier,Pilot Flying; Captain,Flight Crew Instrument; Flight Crew Multiengine; Flight Crew Air Transport Pilot (ATP),Flight Crew Last 90 Days 209; Flight Crew Total 7461; Flight Crew Type 518,,Workload,,,1574775,Aircraft X,Flight Deck,Air Carrier,First Officer; Pilot Not Flying; Relief Pilot,Flight Crew Air Transport Pilot (ATP); Flight Crew Instrument; Flight Crew Multiengine,Flight Crew Total 4615; Flight Crew Type 2014,,Workload,,,1575124,ATC Issue All Types; Deviation / Discrepancy - Procedural Published Material / Policy; Inflight Event / Encounter Fuel Issue; Inflight Event / Encounter Weather / Turbulence,,,Person Flight Crew,In-flight,Air Traffic Control Provided Assistance; Flight Crew Requested ATC Assistance / Clarification,Airport; Procedure; Weather; Human Factors,Human Factors,"I was the Captain and pilot flying to 25PD. On descent for approach and landing into 25PD; unexpected weather that was not forecast for the time of our arrival had created traffic delays that were increasing in length. The delays were exacerbated by three runway changes within approximately an hour of our arrival. Thunderstorms moving through the area; rain; and reduced visibility in the arrival corridors precipitated the changing runways even though conditions at the airport were mostly VMC with few clouds. ATC seemed to be overwhelmed by the changing conditions and having to reorient arriving traffic as the runways changed. Preflight forecast weather was for temporary TSRA (Thunderstorms and Rain) in the vicinity; but with clearing weather and low clouds three hours prior to our ETA. Shanghai Control gave us our first vector off course prior to airway fix DUMET headed south and clear of weather. Continuing on vectors while descending we were given two successive orbits to the right; followed by a left orbit. There was some initial confusion by the PM (Pilot Monitoring) and [the Relief Pilots] whether or not instructions to orbit from ATC were for a single turn or continuous multiple turns in orbit. I; as the PF (Pilot Flying); interpreted the ATC instructions as given; 'Fly an orbit to the right/left' as meaning a single complete turn to the right or left. Inquiry with ATC confirmed this understanding; and was supported by the [Relief Pilots] search of area information found in the [International Operations Manual]. Meanwhile; all four pilots; using our best CRM/TEM (Crew Resource Management/Threat and Error Management) skills; vocalized our rising concern for the ever deteriorating REMF (Remaining Fuel on Board) state; making contingency plans; and running 'what if' scenarios out loud amongst us. No EFC (Expected Further Clearance) or expected time of delay was ever issued. The length of the vectors caused added concern that we might have been forgotten in the melee of aircraft. We inquired a couple of times as to the length of our delay. At one point we were told five minutes; and at another that we were headed for landing. We had clearly become part of an insidious creeping approach delay. Minimum Fuel and Emergency Fuel contingencies were discussed. ZSSS/SHA diversion was considered. We pressed on; analyzing the traffic display ahead of us on TCAS; and choosing to continue to 25PD as our best and safest alternative. With 10.6K lbs. of fuel remaining; I decided to declare Minimum Fuel. Approach Control acknowledge our declaration and advised us of a 60 km run until landing. I had the PM advise Approach Control that we were unable to run 60 km; unable to accept further delays. We did not ask for priority handling; but were given an immediate right turn to base leg and an intercept to final; Runway 17R. Another flight was heard being given orbit instructions soon afterward; presumably in deference to our handling priority. Approach and landing were normal; but for the preceding landing aircraft that delayed landing clearance until about 650 feet AGL. Landing fuel; 9;300 lbs.; was noted clear of the runway. Block fuel was 6;800 lbs.An item of note is that Civil Aviation Administration China (CAAC) requested and was provided with a statement from the Captain describing the fuel state onboard and the decision to declare Minimum Fuel.",,"[Report narrative contained no additional information.]",,"Air carrier flight crew reported declaring minimum fuel with ATC after incurring delay vectors due to  unanticipated weather conditions at the destination.",
1582701,201810,0601-1200,MMU.Tower,NJ,,,,1500,,,,,,,,,Personal,Small Aircraft; Low Wing; 1 Eng; Fixed Gear,,1,Part 91,SVFR,,,Initial Approach,None,,,,,,,,,,,,,,,,,,,,,,,,,,,,,,,,,,,,,,,,,,,,,,,,,,,,,,,,,,,,,,,,Facility MMU.Tower,,Government,Local,Air Traffic Control Developmental,Air Traffic Control Time Certified In Pos 1 (yrs) 3.5,,Situational Awareness; Time Pressure,,,1582701,,,,,,,,,,,,ATC Issue All Types; Inflight Event / Encounter Fuel Issue; Inflight Event / Encounter VFR In IMC,,,Person Flight Crew; Person Air Traffic Control,In-flight,Air Traffic Control Provided Assistance; Flight Crew Landed in Emergency Condition; Flight Crew Requested ATC Assistance / Clarification,Human Factors; Weather; Procedure,Weather,"Aircraft X departed SVFR off Runway 23 westbound. I noticed Aircraft X tracking back to the airport about 30 minutes later and reached out to him. He told me he would like to try and find a hole in the overcast as he had done earlier for departure. I cleared him on a SVFR clearance inbound for MMU from the west. Aircraft X tried with no avail for about 10 to 15 minutes to find a spot to descend through. At this point he was holding about 5 miles north to northwest of MMU airport just outside the Class Delta. I was keeping him advised of inbound IFR aircraft. At one point Aircraft X wanted to try to get into Caldwell (CDW) but I was told from the working Tower Controller there that he would have to get approval from N90 TRACON for that. After that I tried to have the pilot contact N90 Approach in the hope they would be able to pick up an IFR clearance to MMU. Aircraft X called me back saying they were too busy and could not help him. Me and my Tower CIC tried multiple times to help get this aircraft over to N90 for additional service with no luck. Eventually Aircraft X [notified ATC and declared minimum fuel] and needed to come in now. I relayed this information with the help of my CIC so N90 Approach could take the next arrivals out further for this operation. I cleared Aircraft X into the Class Delta again SVFR from the north and provided services to the ground as best as I could. Upon checking the airfield lighting I found out we did not have control of the airfield lighting as airport ops had taken control of it. I was unaware of this as there were no NOTAMs for this and no notice was given. I later found out that the approach lights were most likely not working as well. This was unacceptable as we were close to minimums at the time of his approach. Aircraft X confirmed he had ground contact and I issued a clearance to land on Runway 23 which he accomplished without incident. [Recommendation would be] having the ability to get ahold of N90 Approach in a timely manner to help an aircraft in distress get an IFR clearance.",,,,"Tower Controller reported an aircraft declared minimum fuel to be able to get into an airport that was underneath an overcast layer.",
1582718,201810,0001-0600,YBBB.ARTCC,FO,,,,25000,,IMC,Rain,,,,,Center YBBB,Air Carrier,B787 Dreamliner Undifferentiated or Other Model,,,Part 121,IFR,Passenger,,Descent,STAR MARLN3,,,,,,,,,,,,,,,,,,,,,,,,,,,,,,,,,,,,,,,,,,,,,,,,,,,,,,,,,,,,,,,,Aircraft X,Flight Deck,Air Carrier,First Officer; Pilot Flying,Flight Crew Air Transport Pilot (ATP); Flight Crew Commercial; Flight Crew Instrument; Flight Crew Multiengine,Flight Crew Last 90 Days 255; Flight Crew Total 19225; Flight Crew Type 2087,,Situational Awareness; Time Pressure,,,1582718,Aircraft X,Flight Deck,Air Carrier,Relief Pilot; First Officer; Pilot Not Flying,Flight Crew Multiengine; Flight Crew Instrument; Flight Crew Air Transport Pilot (ATP),Flight Crew Total 7938; Flight Crew Type 3510,,Time Pressure; Situational Awareness,,,1582721,ATC Issue All Types; Inflight Event / Encounter Weather / Turbulence; Inflight Event / Encounter Fuel Issue,,,Person Flight Crew,In-flight,Air Traffic Control Issued New Clearance; Flight Crew Landed in Emergency Condition; General Flight Cancelled / Delayed,Company Policy; Human Factors; Procedure; Aircraft; Airspace Structure,Procedure,"During cruise and prior to receiving our STAR clearance; a thorough arrival briefing was accomplished which highlighted standard items such as but not limited to airport weather; arrival delays; preferred runway; fuel; runway conditions; landing/go around performance; runway exit plan; etc. Prior to descent; ATC assigned the RNAV arrival with the shortest runway at the airport. Given the current and forecast weather conditions at the airport (rain/wind); the crew agreed (pre-briefed) that landing on the longer; parallel runway would be the wiser; safer choice. After receiving the arrival clearance and runway assignment; we advised ATC that we would 'require' the longer runway for 'operational' reasons. To use that runway; we were told we would be subject to a delay of 6 minutes. We reported that a six minute delay would be acceptable; but shortly after; the controller issued a landing time which actually doubled the delay to twelve to thirteen minutes! We queried the inconsistency and became highly suspicious of the ATC delay times being given. After a brief crew discussion; we reported back that we could not accept the extra delay due to fuel. ATC then advised us that if we still wanted the longer runway avoiding delay; we were required to declare minimum fuel which in subsequent transmissions with this controller evolved into a requirement for a Pan; Pan; Pan and then ultimately a [low] fuel declaration. As a crew; we solidly did not agree with the controller's assessment for the use of the extreme declarations; but because we were getting busy and closer in to the airport; we did not have time to continue sorting out the differences with the controller while airborne. Ultimately; we concluded; that if the declaration is what ATC truly needed from us to land on the 'long' runway; then we would comply and make the declaration. This particular aircraft is a high burner. I flew it recently and our fuel score was down approximately 3;500 pounds at the end of that flight. Over the course of this flight; our fuel also trended negative nearly as much as the previous flight; (same aircraft and same leg). Hours in advance of our arrival; the Captain and I discussed and coordinated with Dispatch all concerns and possible strategies regarding the negative fuel trend; arrival delays; diversion options; re-dispatch; as well as ensuring ATC would be in the loop with our tight fuel status upon arrival. Also; while on break; the relief crew continued to work in the same vein to ensure the safe; professional; and successful conclusion of our flight and mission. The flight landed safely without incident and parked at the gate with 14;000 pounds fuel remaining.",,"Our flight had a curfew time over the arrival fix. In order to comply with this time; the crew was asked to delay the flight resulting in non-normal operations and additional work load like dealing with the complications of a lower cost index and dealing with scheduling concerns with passengers. We delayed our takeoff as requested. I went to the bunk after an otherwise normal departure and climb. After sleeping approximately 6 1/2 hrs; the Captain was concerned about fuel flow relative to the flight plan. We had been burning 3-700 pounds per hour more than planned and even though the FMC calculated a reasonable FOD [Fuel Over Destination] that number continued to decrease. The other First Offier and I have a combined 6;000 plus hours in type and we assured him we would take a good look at it and get back to him with an update. The Captain was very engaged throughout the flight.For the next 6 hours; I worked with Dispatch and the ATC desk. We worked every possible angle and managed to stop the bleeding at about -2;800 pounds less than planned. Wisely; the Captain had decided to add 1;600 pounds prior to departure and this left us reasonably comfortable but less than planned FOD [Fuel Over Destination]. Center was not cooperative (including a request to descend which we were unable to accept) with any route/altitude changes 'due to traffic'. This put us in a precarious position and this needs further investigation since as soon as we were able to get under NADI control; we were able to get a climb and block altitude of 38;000 to 40;000 feet.The ATIS was calling for the use of a runway with a 17 knot tailwind. I knew that was not going to work for us and we had to start thinking about using the opposite runway. The ATIS seemed to stop producing updates for a period of time and WSI weather was indicating winds out of the south gusting up to 30 Knots. The weather was low ceilings cloudy and rainy.When the time came for ATC to sequence us on our runway; they offered '16L- no delay' or '16R [with] 10 minute delay'. The numbers for [Runway] 16L showed a 400 feet buffer for brakes 4 and 1;000 [feet] plus for MAX. The Captain is relatively new to the aircraft and he wanted [Runway] 16R with no delay due to fuel concerns. They got back to us and said the best we could get was a 6 minute delay for [Runway] 16R. We accepted this. 5-10 minutes later; Approach said 'expect touchdown at XX'. We were now facing a 13 minute delay to [Runway] 16R. Bait and switch? The Captain said he couldn't accept this and the response from Approach was to recommend we declare a Mayday if we insist on [Runway] 16R. After much cockpit discussion; we decided to take the most conservative of the opinions in the cockpit which was [Runway] 16R. We landed safely with 15;000 pounds of fuel over destination. The passengers; crew and ground personnel were safe; no damage; and risks were effectively mitigated.",,"B787 flight crew reported fuel concern enroute to YSSY was exacerbated when ATC required a declaration of minimum fuel in order to avoid a delay.",
1586851,201810,1201-1800,ZZZ.Airport,US,,,0,,,,,,,,,,Air Carrier,Commercial Fixed Wing,,2,Part 121,IFR,,,Taxi,,,,,,,,,,,,,,,,,,,,,,,,,,,,,,,Air Carrier,B737-800,,2,Part 121,IFR,,,Takeoff / Launch,,,,,,,,,,,,,,,,,,,,,,,,,,Facility ZZZ.TOWER,,Government,Local,Air Traffic Control Fully Certified,Air Traffic Control Time Certified In Pos 1 (yrs) 5,,Situational Awareness,,,1586851,Aircraft Y,Flight Deck,Air Carrier,Pilot Flying; Captain,Flight Crew Air Transport Pilot (ATP),Flight Crew Last 90 Days 325; Flight Crew Type 10400,,Situational Awareness,,,1586851,ATC Issue All Types; Conflict Ground Conflict; Critical; Deviation / Discrepancy - Procedural Published Material / Policy; Ground Incursion Runway,,,Person Air Traffic Control,Taxi; In-flight,Air Traffic Control Separated Traffic; Air Traffic Control Issued New Clearance; Flight Crew Returned To Gate; Flight Crew Rejected Takeoff,Procedure; Human Factors,Human Factors,"Half of our airport in under construction. This has led to complicated taxi routes and more runway crossings than necessary. We are using mainly one runway and having to hit gaps with most of our departures and arrivals. An Airport vehicle was inspecting the runway for a bird strike. I had a Aircraft X on a four mile final and I observed  the Airport Vehicle clearing the runway; which was confirmed on frequency. I cleared Aircraft Y for takeoff with traffic on a four mile final. Ground control had told Aircraft X to 'Continue via Charlie; cross Runway 28.' The pilot read this back correctly. Aircraft X; I observed at a high rate a of speed continuing on Juliet; not turning onto Charlie to cross the active runway 1R while Aircraft Y was rolling to depart. Cab coordinator; Ground control and I on local control acted quickly. I transmitted 'STOP; STOP; STOP!' on frequency; first calling the [transposed call signs] but then used the correct call sign quickly 'Aircraft Y STOP STOP STOP!'Aircraft Y stopped prior to runway 10/28; I sent the aircraft on final around; and Aircraft X stopped before his nose wheel crossed the hold short markings of 1R. Because of the tower teams quick reactions a runway incursion or tragic event did not happen. The supervisor put [a report] in stating fault in the controllers. He inputted his opinion that with the Ground controller not saying 'Turn right on Charlie' that it was a main contributing factor to the pilots error. Also; I did not say 'Abort Takeoff' which the correct phraseology is 'Cancel takeoff' and that I did not issue the brasher statement and only gave the phone number. The [reports] are for facts; not opinions. Ground control is not required to say left; right or straight ahead.In the 7110.65 it also states you can use plain language to get your point across and 'Stop; stop; stop;' will get everyone's' attention. He also put the aircraft was at V1 rotation. This is incorrect. Aircraft Y was told to stop near C3 and stopped prior to Runway 10/28 which is before taxiway Juliet where the Aircraft X was attempting to cross. Runway 10/28 from Runway 1R is less than 2000 feet. How the supervisor worded the [report] places fault in the controllers when this was a pilot deviation. It is a sad thing when your 'Superiors' throw you under the bus instead of saying; you did your job and averted a potentially devastating situation. Controllers did our job. This is terrible management that we have to work under everyday by the same offenders.",,"We were cleared for takeoff. At approximately 65 knots; Tower instructed us to reject the takeoff and stop the aircraft. We did the rejected takeoff procedure; pulled off the runway; and completed the brake cooling requirements. No extra brake cooling was needed. Tower advised us it was due to a possible runway incursion. We notified Dispatch. Due to the rejected takeoff; we had less fuel on board than the minimum fuel for takeoff on our release. We returned to the gate; refueled; and departed uneventfully.",,"Local Controller and an air carrier Captain reported a runway incursion resulted in the departure flight crew rejecting take-off.",
1587065,201810,,CYYZ.Airport,ON,,,,,,VMC,,,,,,TRACON CYYZ; Tower CYYZ,Air Carrier,A319,,2,Part 121,IFR,Passenger,,Final Approach,,Class B CYYZ,,,,,,,,,,,,,,,,,,,,,,,,,,,,Tower CYYZ,Air Carrier,Dash 8 Series Undifferentiated or Other Model,,2,Part 121,IFR,Passenger,,Landing,,Class B CYYZ,,,,,,,,,,,,,,,,,,,,,,,,Aircraft X,Flight Deck,Air Carrier,Captain,Flight Crew Commercial; Flight Crew Instrument; Flight Crew Multiengine; Flight Crew Air Transport Pilot (ATP),Flight Crew Total 866; Flight Crew Type 866,,Situational Awareness; Confusion,,,1587065,,,,,,,,,,,,ATC Issue All Types; Conflict Airborne Conflict; Deviation / Discrepancy - Procedural Published Material / Policy; Inflight Event / Encounter Fuel Issue,,,Person Flight Crew,In-flight,Air Traffic Control Separated Traffic; Flight Crew Executed Go Around / Missed Approach,Human Factors; Procedure,Procedure,"We were being vectored to [Runway] 24R in Toronto. The Approach Controller was being very aggressive; and he turned us onto final 2.5 miles behind a Dash-8. At final approach speed; we had 40 kts of overtake. When we switched over to Tower; we had 2 miles on the aircraft in front of us; and unsurprisingly; Tower sent us around. We had been dispatched with little fuel for flexibility; so I immediately declared minimum fuel.Unfortunately; we were vectored back around by the same Approach Controller; and he did the same thing to us again. This time; it was 3 miles following a Challenger Jet. We landed out of that one; but I think it was only because the Challenger had a higher approach speed; plus the extra mile.This practice is dangerous; and that controller was too aggressive. How could any controller think that his set up was going to work? Just plain ridiculous. It was a set-up for failure.",,,,"A319 Captain reported being vectored twice too close to following traffic and landing on the second attempt.",
1594655,201811,0001-0600,ZAN.ARTCC,AK,,,,20000,,,,,,,,Center ZAN,Military,Raptor (Lockheed),,1,Part 91,IFR,Training,,Final Approach,Visual Approach,Class A ZAN; Class D ZZZ; Class E ZAN,,,,,,,,,,,,,,,,,,,,,,,,,,,,Center ZAN,Military,Raptor (Lockheed),,1,Part 91,IFR,Training,,Final Approach,Visual Approach,Class A ZAN; Class D ZZZ; Class E ZAN,,,,,,,,,,,,,,,,,,,,,,,,Facility ZAN,,Government,Enroute,Air Traffic Control Developmental,,,Time Pressure; Workload,,,1594655,,,,,,,,,,,,ATC Issue All Types; Aircraft Equipment Problem Less Severe; Deviation / Discrepancy - Procedural Clearance; Deviation / Discrepancy - Procedural Published Material / Policy; Inflight Event / Encounter Fuel Issue,,,Person Air Traffic Control; Person Flight Crew,In-flight,Air Traffic Control Provided Assistance; Flight Crew Landed in Emergency Condition,Aircraft; Human Factors; Procedure; Weather,Weather,"I was called to work sector 5 and 6 D; with no delay; to assist the R-side CPC with a military emergency situation. A flight of 3 F22's had been manually handed off to us from Anchorage Approach as an [priority]; low-fuel situation diverting to ZZZ due to low weather at [original destination]; at FL200 descending. Shortly after I took sector 5/6D; Approach called with another manual handoff of Aircraft X; a single F22; also a minimum fuel aircraft at FL200 diverting to ZZZ due to low weather. I was informed that Approach was also having communication issues with Aircraft X; but that they had previously stated that they had all other fighter traffic in sight. After maybe a minute; we were able to regain communications with Aircraft X; when they confirmed that they had [the flight of 3] in sight. All 4 aircraft were in close proximity to each other; and were issued to follow each other on a visual approach to ZZZ. I manually coordinated the [priority] situation and aircraft/approach information with ZZZ Tower before we shipped all aircraft to Tower frequency. Due to the poor weather; the fighters had to divert to ZZZ. Without enough fuel for a standard diversion; this caused a lot of panic and confusion at Anchorage Approach; which subsequently led to a lot of confusion on our part during the transfer of the flight plan and aircraft information. It is my opinion that the fighters should have returned from the practice airspace earlier or carried extra fuel to provide for enough time to handle a diversion more safely. There was no traffic in the ZZZ area at the time of this event; but it is a very busy IFR and VFR traffic area and if there had been any traffic I don't believe we could have successfully separated the fighters from other aircraft due to their haste and lack of communications.  I believe that the R-side working sector 5/6R at the time of this event handled the situation as well as possible given the circumstances.",,,,"ZAN controller reported accepting handoffs on 4 F22's and had to issue low fuel diverts.",
1597971,201811,1801-2400,ZZZ.Airport,IL,,,0,,,IMC,Snow,,Night,,,Tower ZZZ,,EMB-505 / Phenom 300,,,,IFR,,,Landing,Other Instrument Approach,Class C ZZZ,,,,,,,,,,,,,,,,,,,,,,,,,,,,Tower ZZZ,,Citation II S2/Bravo (C550),,,,IFR,,,Landing,Other Instrument Approach,Class C ZZZ,,,,,,,,,,,,,,,,,,,,,,,,Facility ZZZ.Tower,,Government,Local,Air Traffic Control Fully Certified,,,Situational Awareness,,,1597971,,,,,,,,,,,,ATC Issue All Types; Conflict Ground Conflict; Less Severe; Deviation / Discrepancy - Procedural Published Material / Policy; Ground Incursion Runway,,,Person Air Traffic Control,Other after event,,Human Factors,Human Factors,"Heavy snow falling and lots of snow accumulating Runway XX in use. Shortly before this time I had received a call from TRACON saying Aircraft X was minimum fuel and was having vertical and horizontal problems and was asked if the runway was clear enough to land on. I was working Ground and Local combined and had a CIC in the back. I asked the 2 guys working on the runway trying to clear it off for the 2 IFR aircraft; Aircraft Y and Aircraft Z that were proposed to come in behind Aircraft X if the runway was clear enough to bring him in. [They] said to give them 10 minutes and it would be. Based on where Aircraft X was I told TRACON that we could take him. I then told [people working on runway] that Aircraft X is coming in and that they can work till the he was 5 miles out to try to clear as much of the runway as they could for them. Aircraft X was inbound about 5 miles out and; I had told Aircraft X that I had them working on the runway trying to clear as much of it as they could for him. I told [people working on the runway] the aircraft was 5 miles out and to exit the runway and report when clear; since the snow was so thick I could hardly see the 2 plows on the runway I had them report clear. I was told [one] was going to A5 and would report clear and [the other] was going to Runway YY the off runway. [The first] reported clear and then I asked [the other person] again to report clear. [He] told me he was stuck but he was off the runway; close but clear. I then told Aircraft X that the plow had slipped off the runway close but clear around Runway YY on the left side of his Runway and even asked if he was comfortable with that. Aircraft X said he was and landed safely. Behind Aircraft X was Aircraft Y who told me he was having moderate rime ice from 3;000 feet and needed to land. I informed him about the plow that was stuck on the left side of the runway close but clear and asked him if he was OK with it. He told me 'I need to land' so I cleared him to land. After Aircraft Y landed I seen Aircraft Z on the screen coming in on the ILS Runway XX when he was inbound I told him about the plow that was stuck and asked him if he was OK with it and he said it was fine. What led to the event is the CIC did 2 reports for the plow that was stuck and the emergency Aircraft X. My supervisor told me today that I had 3 deals because the plow that got stuck was in the RSA [Runway Safety Area] and since he was stuck that he is an obstacle. We have many charts upstairs and not a single one of them defines the RSA on them; nor does are SOP define the RSA. Inform other controllers that if a vehicle gets stuck close but clear he is now and obstacle; also define the RSA that is not defined anywhere.",,,,"Local Controller reported three aircraft to landed with a snowplow was stuck off the runway in the RSA area.",
1603077,201812,1801-2400,ZZZ.Airport,US,,,,,,IMC,,,,,,Tower ZZZ,Air Carrier,Widebody; Low Wing; 3 Turbojet Eng,,2,Part 121,IFR,Cargo / Freight / Delivery,FMS Or FMC,Initial Approach,,Class B ZZZ,Y,,,,,,,,,,,,,,,,,,,,,,,INS / IRS / IRU,,X,Failed,,,,,,,,,,,,,,,,,,,,,,,,,,,,,,,,,,,,Aircraft X,Flight Deck,Air Carrier,Pilot Flying; Captain,Flight Crew Multiengine; Flight Crew Instrument; Flight Crew Air Transport Pilot (ATP),,,Situational Awareness,,,1603077,,,,,,,,,,,,ATC Issue All Types; Aircraft Equipment Problem Less Severe; Deviation / Discrepancy - Procedural Published Material / Policy; Inflight Event / Encounter Fuel Issue; Inflight Event / Encounter Weather / Turbulence,,,Person Flight Crew,In-flight,Air Traffic Control Issued New Clearance; Flight Crew Diverted; Flight Crew Requested ATC Assistance / Clarification,Company Policy; Human Factors,Company Policy,"Weather forecast to be 3000/5 at [destination] for our arrival after fog burned off an hour earlier. One IRU MEL'd inop so we were a CAT II bird.  We thought about adding gas but didn't because even though our FOD was lower than normal; we had enough fuel to do a go-around and still make our alternate. Enroute we fell slightly below our projected fuel. Approaching the point outside of the FAF; we were vectored in a 360 due to ATC spacing. By the time we got back on track and were once again a couple miles from FAF; the WX went below our 1000 RVR requirement. We diverted to our alternate. However; ATC turned us away from the field and had to be prompted that we needed to head for [the alternate] right now. I declared min fuel and said we cannot take any delays or vectors. We were vectored direct to the field. Fuel recalculation had us on deck in [the alternate] with 10.6K. Emergency is 9.0K. Approaching [the alternate]; we were given a vector away from the field. I [asked for and] received a vector direct. Landed with over emergency fuel but would not have had we accepted the vectors.  An aircraft with degraded systems and not being given enough fuel on our flight plan combined with an inaccurate weather forecast; and me not listening to my gut and asking for more fuel.The new fuel breakdown in the [company publication] seems a little smoke and mirrors. The weather was slightly above mins for the hour prior to our arrival and projected to be above 3000/5 for our arrival. I'm going to maintain my previous calculations when deciding how much fuel I will carry.",,,,"Wide body air carrier Captain reported diverting to an alternate airport after ATC vectors and deteriorating weather resulted in burning more fuel than planned.",
1603487,201812,1201-1800,D10.TRACON,TX,,,,6000,,,,,,,,TRACON D10,Air Carrier,B767-300 and 300 ER,,,Part 121,IFR,,,Descent,Vectors,Class B DFW,,,,,,,,,,,,,,,,,,,,,,,,,,,,TRACON D10,,Citation V/Ultra/Encore (C560),,,,IFR,,,Cruise,Vectors,Class B DFW,,,,,,,,,,,,,,,,,,,,,,,,Facility D10.TRACON,,Government,Approach,Air Traffic Control Fully Certified,Air Traffic Control Time Certified In Pos 1 (yrs) 8,,Situational Awareness; Workload,,,1603487,,,,,,,,,,,,ATC Issue All Types; Conflict Airborne Conflict; Deviation / Discrepancy - Procedural Clearance,,,Person Air Traffic Control,In-flight,Air Traffic Control Issued New Clearance,Human Factors,Human Factors,"I was working Meacham South. I had just started talking to Aircraft X west bound on the south airway at 8;000 feet. I descended him to 6;000 feet on initial contact because it was coordinated to leave him at 6;000 feet and hand him off to Meacham North to by-pass all the GKY traffic I was working. Unknown to me; and my hand-off; there was Aircraft Y level at 6;000 feet right under Aircraft X. Aircraft Y was going to GKY; but we didn't see him since he wasn't in hand-off status and there were numerous aircraft tags in the same area. Once we seaw Aircraft Y; Aircraft X was descending through 7;200 feet; and I told him to maintain 7;000 feet. He was descending too rapidly and went down to 6;600 feet then climbed back up. Dallas South turned Aircraft Y north to avoid Aircraft X.The whole GKY arrival push was the busiest I've seen since I've been here; busier than the Super Bowl! The traffic display over-head was completely full of GKY traffic! We needed to open Meacham North; Meacham West; Meacham South; Hand-off Meacham South and AR9. There was no pre-planning for this event at all. ZFW had to stop the corners a couple times for the GKY arrivals because we had too many aircraft landing there in our airspace. We had to slow aircraft to 170 knots on initial contact; and I was vectoring into 2 down-winds. Aircraft were being vectored so many more miles; a lot declared minimum fuel; and a few had to divert to other airports. The south airway crossing traffic (southeast corner to FTW; AFW; etc. and southwest corner to DAL; ADS; etc.) should have been routed around outside of our airspace to eliminate the crossing of traffic and the congestion by GKY. During major events at AT&T stadium; more needs to be done to set flow in GKY and eliminate the congestion around the GKY airport. The crossing traffic on the south airway should not be occurring either. The Meacham positions need to be split and opened a lot sooner.",,,,"TRACON Controller reported a loss of separation due to traffic volume and workload.",
1604644,201812,1801-2400,BUF.Airport,NY,,,,,,,,,,,,TRACON BUF,Air Carrier,Embraer Undifferentiated or Other Model,,2,Part 121,IFR,Passenger,FMS Or FMC,Final Approach; Initial Approach,,,,,,,,,,,,,,,,,,,,,,,,,,,,,,,,,,,,,,,,,,,,,,,,,,,,,,,,,,,,,,,,,Aircraft X,Flight Deck,Air Carrier,First Officer; Pilot Not Flying,Flight Crew Multiengine; Flight Crew Air Transport Pilot (ATP); Flight Crew Instrument,,,Situational Awareness; Workload,,,1604644,,,,,,,,,,,,ATC Issue All Types; Deviation / Discrepancy - Procedural Published Material / Policy,,,Person Flight Crew,In-flight,Air Traffic Control Issued New Clearance; Flight Crew Executed Go Around / Missed Approach,ATC Equipment / Nav Facility / Buildings; Human Factors,ATC Equipment / Nav Facility / Buildings,"Upon shooting the ILS 15 into BUF the Captain elected to leave the autopilot engaged while outside of the final approach fix (approximately 7 miles). The ATIS explicitly told us to fly the ILS 15 uncoupled. As the Pilot Monitoring; I suggested that he hand fly the ILS after reminding him of the necessity to do it uncoupled. The aircraft was not intercepting the course reliably on autopilot. He said he would disengage it at the FAF. I could see the course needle on my primary flight display giving me intermittent signals and expected that was the reason for the message on the ATIS. I expected that as we got closer to the airport; signal would improve and we could shoot the approach normally. I was switching between FMS guidance and LOC guidance in order to maintain situational awareness. My understanding of instrument procedures it is acceptable to use RNAV guidance when shooting an ILS approach provided you are not using it for guidance once you are inside the final approach fix. Roughly 5 miles from the FAF we got a red WARNING message that said 'autopilot fail' and the autopilot turned itself off. The Captain; at that point; elected to hand fly the approach. Everything appeared to be going fine until roughly 1 mile outside the FAF both pilots got a red X on the localizer needles indicating an unreliable signal. The Captain elected to go-around rather than shoot an approach with what very clearly appeared to be unreliable guidance. After we cleaned the airplane up for the go-around; the Captain made the decision to declare minimum fuel and shoot another approach into BUF. This time; for the ILS to Runway 32. At one point the Captain seemed concerned about whether or not we would make it into the airport but after a quick consideration of the weather; decided we should still be able to make it. Things went further when the Captain suggested that if he needed to he would 'dip below glide' in order to gain sight of the runway. I said something like 'we should follow procedure.' We took delay vectors on the missed approach and had just enough fuel to land above Final Divert as a result. If we had not declared minimum fuel; we would have been very close to Final Divert [fuel level]. The Approach Controller vectored us within 3 miles of the FAF for ILS 32. It was a very high workload for me in preparation for the approach. About 3 miles from the FAF I was prepared to begin putting flaps and gear out for the Captain. We were on the intercept vector and cleared for the approach when I quickly realized that the Captain had not configured his localizer needle to the appropriate course. He seemed confused as to why his course wasn't 'alive' like mine was. Given the lack of time for discussion; I reached across cockpit and turned his course and made it appropriate for ILS 32. We were cleared to land and touched down within the touchdown zone with no problem. After we landed; ATC inquired as to the reason of the go around and asked about the status of the autopilot. They asked if at any point during the approach we had the autopilot engaged. I told them yes; however it was disengaged several miles before the Final Approach Fix and that we believed the course guidance to be unreliable even taking the autopilot out of the equation entirely. They did not appear to consider my response credible and I doubt anything will be done to adjust the localizer strength for that runway. They claimed multiple aircraft have been able to shoot the approach with no problems. While this may be true; I am still concerned that the localizer equipment needs to be adjusted. Our airplane had no trouble shooting the ILS 32. I suspect that if we had analog needles; the course guidance wouldn't have seemed as problematic. However; given that we have digital Localizer Guidance built into our PFD; I would still consider it a problem. Investigate the reliability of the ILS 15 in Buffalo thoroughly and determine reliability in the Embraer. Consider more thorough education on fuel and bag management for pilots in training using scenario based examples. Reiterate the necessity to follow procedures and never attempt to 'dip below glide' to crew members. Ensure operations has better access to bag restrictions and there is a clearly defined number of bags and passengers before boarding starts. Often agents do not seem to have good knowledge of baggage restrictions and passenger counts which can cause problems for new Captains. Stop calling Captains and questioning their decisions to take a delay. Implement the features of ACARS that allows Captains to explain delays with a simple button press and no further questioning.",,,,"Embraer regional jet First Officer reported executing a missed approach after the BUF Runway 15 localizer signal appeared to be unreliable.",
1610104,201901,1801-2400,ZZZ.Airport,US,,,0,,,IMC,Rain,,,,,Tower ZZZ,Air Carrier,B737-900,,2,Part 121,,Passenger,,Final Approach; Initial Approach,,Class B ZZZ,,,,,,,,,,,,,,,,,,,,,,,,,,,,,,,,,,,,,,,,,,,,,,,,,,,,,,,,,,,,,,,,,Air Carrier,Pilot Not Flying; Captain,Flight Crew Multiengine; Flight Crew Instrument; Flight Crew Air Transport Pilot (ATP),Flight Crew Last 90 Days 153.12; Flight Crew Total 4916.47; Flight Crew Type 4916.47,,Fatigue,,,1610104,,,,Pilot Flying; First Officer,Flight Crew Multiengine; Flight Crew Instrument; Flight Crew Air Transport Pilot (ATP),,,,,,1610117,ATC Issue All Types; Conflict Airborne Conflict; Inflight Event / Encounter Fuel Issue; Inflight Event / Encounter Weather / Turbulence,,,Person Flight Crew,In-flight,Air Traffic Control Issued Advisory / Alert; Air Traffic Control Issued New Clearance; Flight Crew Diverted; Flight Crew Executed Go Around / Missed Approach,Environment - Non Weather Related; Human Factors; Weather,Ambiguous,"We were on the arrival and assigned a hold due to the weather at our destination. We held for 1 hour. All runways were closed and nil to poor braking was reported. After the 1 hour holding delay we were cleared for the approach to ILS10 C. The First Officer and I discussed the situation and our fuel status and our options. We confirmed our plan with dispatch and decided to continue to ZZZ. On the first approach; we were vectored off to give spacing with a heavy international 787. After a delaying vectors we were once again recleared for the approach. We were assigned a speed of 160 knots 15 miles from the runway. We complied. Approximately 1 mile from the field; the Tower instructed us to go around due to loss of separation. We went around and stated we were now in a minimum fuel state and could except no more delays. ATC vectored us back for a second approach. The weather had deteriorated more to 1/2 mile visibility and slush covered runway at reported depth of 1/8 inch completely covered. We opted to perform a flaps 40 Cat 2 autoland per the approach plate. On the second approach at approximately 300 ft. from touchdown; the Tower instructed us to immediately go-around stating the preceding airplane had slid off the runway. We performed a second go around and immediately diverted to ZZZ1. We were at our minimum fuel and decided that was the safest course of action. We did a 3rd low IFR ILS Autoland into ZZZ1 and it was uneventful. We contacted Crew Scheduling about what they wanted us to do. Their first plan was for us to refuel and fly back to ZZZ. We stated that we thought we were close to the end of our duty day. Scheduling then said that they wanted us to sit on the plane and wait for a possible inbound crew then deadhead to ZZZ. The First Officer and I discussed this and decided it was best to get some crew rest at that point due to the long and very difficult flight we encountered. We felt we were extremely exhausted and not functioning with very clear thought process and our communication skills were degraded. We decided that to layover at ZZZ1 was a safer option. We believed that continuing to work in an exhausted state of mind and body would not be beneficial for the airline.",,"ZZZ closed all runways for landing due to poor to nil braking action. We held in holding pattern for slightly over an hour; RIGHT when we hit bingo fuel and needed to divert; they opened up one runway for approaches/landing. We were the first aircraft cleared out of hold and to descend via RNAV arrival. On approach descending on glideslope; ATC decided there wasn't enough spacing between us and the preceding heavy and vectored us off approach to go back around to try again. We decided to give it one more try; and at around 300 ft. on 2nd approach; Tower instructed us to go-around; that preceding aircraft went off runway. At this point; we were min fuel and could not try again. [We were] worried that the runway would again close for awhile; so we decided to divert to ZZZ1. I knew the Captain had not slept well at all the night before and noticed he was at times slow to process some things; I myself also missed some things and didn't perform my go-around procedurally as well as I normally would. Parked at the gate we were pretty fried and decided it'd be best for us to call in fatigued.",,"B737-900 flight crew reported diverting following two missed approaches and then calling in fatigued due to the long stressful flight.",
1617722,201902,1801-2400,ZZZ.Airport,US,,,,2000,,,Turbulence; Icing,,Night,,,Tower ZZZ,Air Carrier,EMB ERJ 140 ER/LR,,2,Part 121,IFR,Passenger,FMS Or FMC,Initial Approach,,Class B ZZZ,,,,,,,,,,,,,,,,,,,,,,,,,,,,,,,,,,,,,,,,,,,,,,,,,,,,,,,,,,,,,,,Aircraft X,Flight Deck,Air Carrier,Pilot Flying; Captain; Check Pilot,Flight Crew Instrument; Flight Crew Multiengine; Flight Crew Air Transport Pilot (ATP),,,Time Pressure; Workload; Communication Breakdown; Situational Awareness,Party1 Flight Crew; Party2 ATC,,1617722,,,,,,,,,,,,ATC Issue All Types; Inflight Event / Encounter Fuel Issue; Inflight Event / Encounter Weather / Turbulence,,,Person Flight Crew,In-flight,Flight Crew Requested ATC Assistance / Clarification; Flight Crew Executed Go Around / Missed Approach; Flight Crew Diverted,Weather; Procedure; Human Factors,Ambiguous,"After holding over ZZZZZ for two turns we were taken in to the ILS XR. When on final approach ATC had us slow from 210 to 180 to 160 to 150 to final approach speed. I extended the gear and put flaps 22 out. At this time since we were level at 2000 moderate to severe icing had accumulated on all non-protected surfaces. It was so bad that ice had formed all over both side pilot windows. ATC tried to slow us even more and I told them unable and they made us go around with a ton of ice accretion on the airplane. They then told us we'd be number 8 or 9 to return so we diverted to ZZZ1. I declared minimum fuel because we couldn't take any delayed vectors as we were low from holding. We landed in ZZZ1.",,,,"EMB-140 Captain reported being unable to meet the given speed restrictions on approach. Aircraft encountered icing conditions; went around and diverted to another airport.",
1644373,201905,1801-2400,ZZZ1.Airport,US,,,,3000,,,,,Daylight,,,Center ZZZ,Air Carrier,B737-700,,2,Part 121,IFR,Passenger,,Descent,,,,,,,,,,,,,,,,,,,,,,,,,,,,,,,,,,,,,,,,,,,,,,,,,,,,,,,,,,,,,,,,,Aircraft X,Flight Deck,Air Carrier,Pilot Flying; First Officer,Flight Crew Multiengine; Flight Crew Instrument; Flight Crew Air Transport Pilot (ATP),Flight Crew Last 90 Days 371,,Situational Awareness; Human-Machine Interface,,,1644373,Aircraft X,Flight Deck,Air Carrier,Captain; Pilot Not Flying,Flight Crew Instrument; Flight Crew Multiengine; Flight Crew Air Transport Pilot (ATP),Flight Crew Last 90 Days 250; Flight Crew Type 15000,,Human-Machine Interface; Situational Awareness,,,1644380,ATC Issue All Types; Deviation / Discrepancy - Procedural Other / Unknown; Inflight Event / Encounter Fuel Issue,,,Person Flight Crew,In-flight,Air Traffic Control Issued New Clearance; Flight Crew Requested ATC Assistance / Clarification; Flight Crew Landed in Emergency Condition; Flight Crew Diverted,Aircraft; Company Policy; Human Factors,Company Policy,"ZZZ to ZZZ1; we were cleared direct to the Final Approach Fix going into ZZZ at 3000 feet about five miles out with the field in sight; when ATC turned us out to the west; at which point they put us into a box holding pattern. They told us that an aircraft had blown a tire and the runway would be cleaned up soon. We thought; no problem we have plenty of gas. Then about 15 minutes later we were told it would be another 20 minutes which again; no problem. We had the gas and it is a VFR day. Now we were down to about 6.0 on gas and dispatch started working on numbers to go to ZZZ2. The Captain asked ATC what the game plan was. Their response was; 'I will get back with you in a minute.' We had talked about landing on Runway 18/36 if we needed to; when Control told everyone that the airport was closed. This was the first time we heard this. The Captain requested direct to ZZZ2. We requested 23000 feet but were given 10;000 feet which put us right in the buildups and lower than we wanted; for fuel saving reasons. We were given to Center where the Captain requested direct to the field. But we were given direct to ZZZZZ for the ZZZZZ Arrival. The fuel showed landing below minimum fuel. The Captain than declared minimum fuel status and asked for priority handling and requested direct to the field and to climb higher. Center held us down. The Captain made multiple requests to climb higher. We were finally cleared to climb. Now the fuel showed us landing with even less. Now we were approaching emergency fuel. The Captain again asked for direct to the field. I pulled up the progress page and it showed us landing with less than 2.0. The Captain [notified ATC] and asked for direct. It seemed that Center was working against us instead of working with us. Finally; we received clearance to direct to the field. Now they wanted us to descend. We requested to stay high as long as we could. But ZZZ2 wanted us to descend down to 15000 feet. At this time fuel was becoming critical. On the PFD I saw ZZZ3 and told the Captain I wanted to divert there. He agreed. We told Center that we were diverting to that field. I think at this time Center realized we were in a serious situation. They began to help more expeditiously. We turned direct to the field. The Captain took control of the aircraft while I put in direct to the field and pulled the approach and worked the numbers. We landed without any problems. Dispatch had already called the FBO and they were waiting on us. We landed with 2.7 on the fuel and on engine shutdown with 2.3 on the fuel. I think we should have bugged out earlier; but; with the information we had we thought the field would be opening soon. I think we could have done a better job at querying Center but I think they could have a better job at giving us more information. When we left; I heard ZZZ1 tell another aircraft that there were 20 aircraft holding.",,"[Report narrative contained no additional information.]",,"B737-700 Flight Crew reported diverting due to emergency fuel.",
1655735,201906,0601-1200,ZAB.ARTCC,NM,,,,36000,,IMC,Thunderstorm,,,,,Center ZAB,Air Carrier,Commercial Fixed Wing,,2,Part 121,IFR,Passenger,,Cruise,,Class A ZAB,,,,,,,,,,,,,,,,,,,,,,,,,,,,,,,,,,,,,,,,,,,,,,,,,,,,,,,,,,,,,,,Aircraft X,Flight Deck,Air Carrier,Pilot Not Flying; Captain,Flight Crew Air Transport Pilot (ATP); Flight Crew Instrument; Flight Crew Multiengine,Flight Crew Last 90 Days 241; Flight Crew Total 30000; Flight Crew Type 18000,,Situational Awareness; Communication Breakdown,Party1 Flight Crew; Party2 ATC,,1655735,,,,,,,,,,,,ATC Issue All Types; Inflight Event / Encounter Weather / Turbulence,,,Person Flight Crew,In-flight,Flight Crew Requested ATC Assistance / Clarification,Human Factors; Weather,Weather,"Aircraft X; we were with ABQ center when he said expect a reroute into Denver and I looked at my copilot and said; watch; they are going to put us on a 90 degree turn and run us through the weather; and that is exactly what happened. At this point; I became verbal and wanted a good reason why we can't stay in the clear 30 minutes outside of Denver. ATC basically said Denver just closed the southeast arrivals. I said something like you have got to be kidding me; if I had 10 choices; they gave us the 10th choice between two lines of weather with moderate turbulence and mountain wave and I again was displeased and wanted a good explanation. He said TMU (Traffic Management) is doing this to everyone; so I asked for the number; and talked with a [controller] who was in charge at the time. I have been with the airline for XX years and seeing more and more of this TMU routing that is always 4 to 6 hours behind schedule and dispatchers agreed. The reroute added 200 miles and 40 minutes and not one controller asks the question; 'Can you do this' new route? I had plenty of fuel and that's why we did the route; but things would have been much different with minimum fuel. I am still trying to figure out why Denver closed SE arrivals because the weather we did deal with was nothing compared to what we saw on our radar in Denver. Maybe we should add more flights.",,,,"Air Carrier Captain reported ATC turning them through a very small area which had moderate turbulence and mountain waves due to surrounding weather.",
1656677,201906,1201-1800,P50.TRACON,AZ,,,,,,VMC,,,,,,TRACON P50; Tower PHX,Air Carrier,A321,,2,,IFR,Passenger,,Initial Approach,,Class B PHX,,,,,,,,,,,,,,,,,,,,,,,,,,,,,,,,,,,,,,,,,,,,,,,,,,,,,,,,,,,,,,,Aircraft X,Flight Deck,Air Carrier,Pilot Flying; Captain,Flight Crew Multiengine; Flight Crew Air Transport Pilot (ATP); Flight Crew Instrument,Flight Crew Total 8,,Situational Awareness; Distraction,,,1656677,Aircraft X,Flight Deck,Air Carrier,Pilot Not Flying; First Officer,Flight Crew Air Transport Pilot (ATP); Flight Crew Instrument; Flight Crew Multiengine,,,Troubleshooting; Situational Awareness; Distraction,,,1656683,ATC Issue All Types; Deviation / Discrepancy - Procedural Published Material / Policy; Ground Event / Encounter FOD; Inflight Event / Encounter Fuel Issue; Inflight Event / Encounter Unstabilized Approach; Inflight Event / Encounter Weather / Turbulence,,,Person Flight Crew,In-flight,Flight Crew Landed in Emergency Condition; Flight Crew Requested ATC Assistance / Clarification,Airport; Human Factors,Airport,"Initial approach to Runway 26 PHX plan arrival fuel approximately 9.0. On final to Runway 26 aircraft reports FOD (Foreign Object Debris) on runway; a dislodged concrete on runway near Taxiway B7. Crew asked if we are cleared to land - Tower responds yes. Crew then asks if full length is available. Tower responds cleared to land your discretion FOD reported on runway. Crew elected to GA (Go Around). Vectors on departure initially to Runway 26 again; crew informed Controller of GA due to FOD; controller was unaware but then informed 8/26 now closed expect vectors Runway 25L. On final 25L Tower reports winds gusting with tailwind above 10 knots. Crew elected to GA due to excessive tailwind reported on short final. Additional aircraft reported unable to accept tailwind for both takeoff and landing. Airport then changed runways to 8; 7L; 7R. ATC vectored to 8 or 7R with ATIS reporting 7R closed. Crew planned 7R. During extended vectors crew declared Pan Pan due to approaching minimum fuel. Planned arrival fuel was 5.0 with reserves 4.1. Vectors for visual Runway 7R. On initial check in with Tower for Runway 7R winds again shifted to a tailwind. Offered longer Runway 8 and accepted due to tailwind and low fuel state. While maneuvering for Runway 8 approach became unstable with flap over speed which required a GA. On downwind for Runway 8 [requested priority handling] due to possible landing below fuel reserves. Uneventful approach and landing Runway 8. Shut down at gate with approximately 3.8 fuel. Initially event was due to FOD on runway followed by unexpected tailwind and shifting winds. Unstable approach; flap over speed and final GA was due to task saturation; concern over tailwind/short runway; automation; and concern over low fuel state. Remain vigilant during high stress events task saturation can result in unstable approach and deviation. Strict adherence to SOP. I will stress this during my 'possible threats' brief each departure and arrival.",,"Initial approach to Runway 26. Tower reported a piece of the runway coming up around B7. Confirmed cleared to land. Asked if entire runway was usable. Tower said at your discretion. Elected to go-around because of the uncertainty of the runway surface. Vectors to Runway 25L. On final for 25L Tower gave us the current winds and were reporting a tailwind gusting over the limitation. Executed a second go-around. Discussed our reserve fuel and we needed to land with 4.1. Made several attempts to get a plan from ATC whether they were planning to change landing direction. On the third attempt; got confirmation they would be landing east. While being vectored for 07R declared Pan Pan. On final for 07R received another wind report that was a gusting tailwind. Asked for 08 and was given 08 and cleared to land. Became unstable and had a flap over speed on approach. Executed another go around. [Requested priority handling] because we were low on fuel. Vectored around and landed 08. Arrived at gate with 3800 lbs of fuel. FOD (Foreign Object Debris) on runway. Changing winds. Task saturation. High stress because of low fuel.",,"A321 flight crew reported going around due to FOD; then wind; unstable with flap over speed; eventually landing on the fourth attempt with fuel issues.",
1668231,201907,0601-1200,ZZZ.TRACON,US,,,,6000,,VMC,,,Daylight,,,TRACON ZZZ,Air Carrier,EMB ERJ 145 ER/LR,,2,Part 121,IFR,Passenger,,Climb,Vectors,Class C ZZZ,,,,,,,,,,,,,,,,,,,,,,,,,,,,TRACON ZZZZ,Corporate,Cessna Citation Undifferentiated or Other Model,,2,Part 91,IFR,,,Descent,Vectors,Class C ZZZ,,,,,,,,,,,,,,,,,,,,,,,,Facility ZZZ.TRACON,,Government,Approach,Air Traffic Control Fully Certified,Air Traffic Control Time Certified In Pos 1 (yrs) 3.5,,Situational Awareness; Workload,,,1668231,,,,,,,,,,,,ATC Issue All Types; Conflict Airborne Conflict; Deviation / Discrepancy - Procedural Published Material / Policy; Inflight Event / Encounter Fuel Issue,,,Automation Aircraft RA; Automation Aircraft TA; Person Air Traffic Control,In-flight,Air Traffic Control Issued New Clearance; Flight Crew FLC complied w / Automation / Advisory,Staffing; Company Policy; Airspace Structure; Human Factors,Human Factors,"Aircraft X was departing on a westbound heading eventually wanting to turn south to go out our south departure gate. I had numerous aircraft inbound from the southwest on our RNAV arrival. The first in line was the Citation who was landing ZZZ which is 5 miles northwest of ZZZ1. The plan was to keep the Citation eastbound in the ZZZ1 flow and turn him northbound once east of ZZZ1 to set them up for final at ZZZ. I told them my plan and few moments later they requested to turn because if they went east of ZZZ1 they would run into a minimum fuel situation. I then turned them north heading 340 and turned Aircraft X south heading 250 to get them ready for a turn south in front of the next aircraft on the RNAV arrival. I couldn't turn them south immediately due to the Aircraft Y VFR overflight at 6;500 [feet] south of the airport heading west northwest bound. I saw that my initial heading for Aircraft X was bad and would conflict with the Citation; so I corrected to a 210 [heading] which was going to tighten things up even more with the VFR overflight. I then decided to give Aircraft X a hard left turn heading 100 to avoid everybody. As the Citation was descending and Aircraft X was turning and climbing; I believe they passed around 2 miles on non-converging courses around 6;000 feet and the same for Aircraft X and Aircraft Y at around 6;500 feet. Aircraft X advised they received an RA on both the Citation and Aircraft Y. The Citation also advised they received an RA on Aircraft X.The Citation's request to turn north due to low fuel threw me off. I was getting pinched from a few different directions. It was busy. The heat had all the aircraft preforming slower than usual and I thought I had more time to make my initial plan work than what I did. We were split north and south. I believe we definitely needed final open but due to low staffing it wasn't. It's [Event] week so our west side airspace had our Supervisor's attention due to its traffic volume and complexity. I am sick to my stomach about this one. I am not very happy about my decision making. I know I could have and can do a lot better. I also feel like extremely low staffing with no end in sight coupled with 6 day work weeks for the last 3 years and most likely for the rest of my career is severely increasing burn out amongst the controllers here and devastating their morale. There are multiple days throughout the week that we cannot staff the facility to our minimum number of people with everyone here working mandatory overtime and this happens on a weekly basis but our facility is somehow still above the national average and is eligible to still lose fully certified controllers to facility transfers. Something is seriously broken with this system and I'm afraid it's not going to be addressed until something tragic takes place to get FAA to pay attention.",,,,"A TRACON Controller reported vectoring an arriving aircraft which was approaching minimum fuel into confliction with a departing aircraft and a VFR enroute aircraft causing two of the aircraft to respond to RA's.",
1677386,201908,1201-1800,ZZZ.Airport,US,,,,9000,,VMC,,,Daylight,,,TRACON ZZZ,Air Carrier,B777 Undifferentiated or Other Model,,3,Part 121,IFR,Passenger,,Descent; Final Approach,,Class B ZZZ,,,,,,,,,,,,,,,,,,,,,,,,,,,,TRACON ZZZ,Air Carrier,B747 Undifferentiated or Other Model,,,Part 129,IFR,Passenger,,Final Approach; Descent,,Class B ZZZ,,,,,,,,,,,,,,,,,,,,,,,,Aircraft X,Flight Deck,Air Carrier,Captain; Pilot Not Flying,Flight Crew Air Transport Pilot (ATP); Flight Crew Instrument; Flight Crew Multiengine,Flight Crew Last 90 Days 231; Flight Crew Total 14437; Flight Crew Type 638,,Situational Awareness,,,1677386,,,,,,,,,,,,ATC Issue All Types; Deviation / Discrepancy - Procedural Published Material / Policy; Inflight Event / Encounter Fuel Issue,,,Person Flight Crew,In-flight,Air Traffic Control Issued New Clearance; Flight Crew Executed Go Around / Missed Approach; Flight Crew Requested ATC Assistance / Clarification,Human Factors; Aircraft; Procedure,Procedure,"We were on the RNAV Arrival. We had just passed a fix on a 140 track. ATC had cleared us to descend to 6;000 feet from 11;000 feet he then changed the clearance to 9;000 feet. We were behind an [Airline X] flight. Approach turned us to a 200 heading. We could see a B747 at approximately 13;000 feet. The Controller turned us more right. It became clear that the Controller was going to make us follow the B747. We could also hear a [Airline Y] flight behind us on the arrival at 14;000 feet. We were vectored behind both of these aircraft. Progress page was showing us landing with 21.5 at beginning of arrival. Our flight was vectored on to the approach behind [Airline Z]. The Controller left our speed up so we became too close. When we were on about a 3 mile final he made us go around. We went around and were heading back out to sea. I declared minimum fuel. I told the controllers we needed to land now. Our fuel was showing 14.4. They seemed to want to bring us on a long downwind. I told them again we needed to land now. They turned us to join a Visual Approach. We landed with 12.2.I have been flying out of this airport for over XX years. This was the most gross incompetence I have seen in that time. The Air Traffic Controllers did not follow their own rules of first come; first serve. They did not follow their own rules of the lower aircraft had the right of way. They did not provide proper spacing as we were not told to follow the [Airline Z]. They did not coordinate between controllers as with the Approach Controller not knowing why we went around. The next controllers did not seem to know of our fuel state. It was a sad day in ZZZ airspace that could have ended in tragedy. This was on a clear day.",,,,"B777 pilot reported they had to go around due to insufficient spacing behind a B747 and landed below their planned fuel remaining.",
1677623,201908,1801-2400,ZZZ.ARTCC,US,,,,,,VMC,Thunderstorm,,,,,Center ZZZ,Air Carrier,B737 Next Generation Undifferentiated,,2,Part 121,,Passenger,,Cruise,,,,,,,,,,,,,,,,,,,,,,,,,,,,,,,,,,,,,,,,,,,,,,,,,,,,,,,,,,,,,,,,,Aircraft X,Flight Deck,Air Carrier,Captain; Pilot Not Flying,Flight Crew Instrument; Flight Crew Multiengine; Flight Crew Air Transport Pilot (ATP),Flight Crew Total 12000,,Workload; Communication Breakdown; Situational Awareness; Time Pressure,Party1 ATC; Party2 Flight Crew,,1677623,,,,,,,,,,,,ATC Issue All Types; Deviation / Discrepancy - Procedural Published Material / Policy; Inflight Event / Encounter Fuel Issue,,,Person Flight Crew,In-flight,Flight Crew Diverted,Weather; Procedure; Human Factors,Human Factors,"Declared minimum fuel with Approach after rolling EFC (Expect Further Clearance) given during holding in Center ZZZ airspace. We were trapped into assuming our flight would be next for the ZZZZZ arrival into ZZZ while holding over ZZZZZ1 fix. We did not divert to our alternate; ZZZ1; due to ATC informing us that ZZZ was accepting aircraft and that we would be beginning the STAR soon.  We kept getting 10-20 minute rolling EFC's and when I advised Center we need to begin the STAR soon; we were told you are next for the airport. This kept us from diverting because of our belief that we would start the STAR at any minute.This low fuel event occurred in large part due to Center Y not allowing aircraft into their sector. Center X advised numerous aircraft; including our flight; that Center Y is being 'very' uncooperative about allowing aircraft into their sector and holding closer to ZZZ. Also; there was not enough information about when our actual time for the arrival would begin. Also too many false starts to begin the STAR was issued putting our flight into a position where diverting was the same fuel burn as arriving at destination. Added to this was the fact that Approach also vectored us off the STAR for spacing.It is ultimately the responsibility of the Captain to make the decision to divert early enough to prevent falling into this trap from ATC. ATC does not ultimately know or care about aircraft fuel state. Never let ATC lull the flight crew into thinking that 'you are next for the arrival' and thinking that no other factors or events might force them to remind that promise.",,,,"B737 pilot diverted due to low fuel situation.",
1679287,201908,1801-2400,BOS.Airport,US,,,,,,Marginal,,,,,,Tower BOS,Air Carrier,B737-800,,2,Part 121,IFR,Passenger,FMS Or FMC,Initial Approach,,Class B BOS,,,,,,,,,,,,,,,,,,,,,,,,,,,,,,,,,,,,,,,,,,,,,,,,,,,,,,,,,,,,,,,Aircraft X,Flight Deck,Air Carrier,Captain; Pilot Not Flying,Flight Crew Multiengine; Flight Crew Air Transport Pilot (ATP); Flight Crew Instrument,,,Workload,,,1679287,,,,,,,,,,,,ATC Issue All Types; Deviation / Discrepancy - Procedural Published Material / Policy; Deviation / Discrepancy - Procedural Clearance; Inflight Event / Encounter Fuel Issue,,,Person Flight Crew,In-flight,Air Traffic Control Provided Assistance; Flight Crew Executed Go Around / Missed Approach; Flight Crew Overcame Equipment Problem,Procedure,Procedure,"On approach to Runway 4R in BOS; at night with marginal VMC weather conditions being reported on ATIS; approaching intersection MILTT switched to BOS Tower frequency 128.8. Tower was informing the aircrafts ahead of us that there was a tall vessels in the approach area. [Having both flown in to BOS many times] we both have encountered this situation before. We immediately reset our descent minimums and re-briefed the approach and landing. We expected to land as the reported ATIS weather conditions were well above the minimum requirements for a tall vessels landing to Runway 4R. As is usually the case when a tall vessels enters the safety area at BOS the Tower Controller and preceding aircraft (maybe not BOS based crews or familiar with this procedure) appeared to be caught off guard without a plan or alternative course of action for this situation. The result was a BOS tower directed go-around to multiple aircraft (including ours) both ahead and behind our aircraft. BOS tower did not issue a reason (such as the ships height exceeded the maximum 144 ft. for Runway 4R) and the radio frequency was too congested to inquire. When we were switched back to Approach Controller we were initially told to expect the RNAV approach to Runway 4R and we were issued a vector consistent with a Runway 4R approach. As additional aircraft checked on to Approach frequency from the tower directed missed approach two aircraft originally behind us in landing sequence declared minimum fuel. ATC vectored those aircraft ahead of us for a subsequent landing. This resulted in additional vectoring for our aircraft to reshuffle the landing order. After setting up and briefing the RNAV approach to Runway 4R the Approach Controller reported an RVR of 2200 ft. for Runway 4R. We along with another company aircraft informed the controller that we needed 6000 RVR to execute the RNAV Runway 4R approach. Approach then told us to expect the ILS to Runway 33L an issued a heading consistent with a downwind for Runway 33L. The Approach Controller did inform us that coordination needed to be done with BOS Tower and it might take some time. At some point in this extended process (my recollection) an aircraft [from a different airline] had to divert due to its fuel state. After setting up and briefing the ILS to Runway 33L at BOS we were informed that we would be going back to Runway 4R in BOS. Probably because by now the tall ship had cleared the channel. This involved lengthier vectoring and eventually we reached the point where we had to declare minimum fuel ourselves. We reset and re-briefed the Runway 4R approach in BOS. This was the fourth briefing and set up we had to preform within 30 minutes. We touched down with 300 lbs. of fuel (~3 minutes of flying time) above our calculated bingo fuel of 8000 lbs. for ZZZ.These multiple go-arounds and diversions appeared potentially unnecessary; costly; and potentially dangerous. A more timely notice to the BOS Tower Controller of an approaching tall vessel should have allowed sufficient time to develop and execute an alternative approach and landing Runway plan. This information should be relayed to aircraft on Approach frequency and not sprung on unfamiliar crews on short final to landing. There must be existing technology that can be utilized or procedures developed to alert the Tower Controller well in advance of a tall vessel entering an area that impact arrivals to Runway 4R in BOS. This is especially crucial at night in IMC conditions during busy arrival times.",,,,"B737-8 Captain reported Approach Control procedure regarding tall vessels affecting landing aircraft needs to be updated to eliminate unnecessary multiple go-arounds and diversions.",
1685967,201909,1201-1800,ZZZ.Airport,US,,,0,,,,,,,,,Tower ZZZ,,British Aerospace Undifferentiated or Other Model,,2,Part 91,IFR,,,Landing,Visual Approach,Class C ZZZ,,,,,,,,,,,,,,,,,,,,,,,,,,,,Tower ZZZ,,Cessna Citation Undifferentiated or Other Model,,1,Part 91,VFR,Training,,Final Approach,None,Class C ZZZ,,,,,,,,,,,,,,,,,,,,,,,,Facility ZZZ.Tower,,Government,Local,Air Traffic Control Developmental,,,Time Pressure; Situational Awareness,,,1685967,,,,,,,,,,,,ATC Issue All Types; Conflict Airborne Conflict; Ground Incursion Runway; Inflight Event / Encounter Fuel Issue,,,Person Air Traffic Control,In-flight,Air Traffic Control Provided Assistance; Flight Crew Landed in Emergency Condition,Human Factors,Human Factors,"I was in the Local Control position.   Aircraft Y was in the VFR traffic pattern doing touch and goes/low approaches.   Aircraft X was inbound on a visual approach to Runway 23L.  Aircraft Y was issued a go around due to runway separation on a prior aircraft not involved in this event.  On the go Aircraft Y was given right closed traffic and told to extend his download.  Aircraft Y declared minimum fuel at this time.  Traffic to follow on Aircraft X was given to Aircraft Y to follow.  Aircraft X was on a 3 or 4 mile final at this time.  Aircraft Y flew a mile downwind and then declared emergency fuel.  Aircraft X was in a critical phase of flight short final and I allowed him to land but advised him minimal time on the runway and that the aircraft behind him must land.  Aircraft Y was told to follow Aircraft X and cleared to land.  Aircraft Y turned directly behind Aircraft X.  Aircraft X was given another expedite request off of the runway.  Aircraft X was turning off at the A4 intersection as Aircraft Y crossed the landing threshold. The time from the declaration of minimum fuel to emergency fuel was very short.  The traffic to follow would not require Aircraft Y any undue delay.  Had emergency fuel been called earlier then the citation could have been sent around before his critical phase of flight; allowing the then priority emergency aircraft a clean runway.",,,,"Tower Controller reported a runway incursion involving a Citation and a UAV.",
1687287,201909,1201-1800,ZBW.ARTCC,NH,,,,,,,,,,,,Center ZBW,,Any Unknown or Unlisted Aircraft Manufacturer,,,,,,,,,,,,,,,,,,,,,,,,,,,,,,,,,,,,,,,,,,,,,,,,,,,,,,,,,,,,,,,,,,,,,,,,Facility ZBW.ARTCC,,Government,Enroute,Air Traffic Control Fully Certified,Air Traffic Control Time Certified In Pos 1 (yrs) 4,,Workload; Situational Awareness,,,1687287,,,,,,,,,,,,ATC Issue All Types; Airspace Violation All Types; Deviation / Discrepancy - Procedural Published Material / Policy; Inflight Event / Encounter Fuel Issue,,,,,,Human Factors; Staffing,Staffing,"Arrived for my shift; completed my pre-duty items; and walked into a busy aisle; with all sectors yellow and heavy volume with reroutes/offloads. Was assigned RA52. Immediately noticed heavy volume and impending heavier volume and complexity coming from Canada. Anticipating this volume; at XA:15 I asked the Supervisor if the sector should be split. He replied he was unable to split the sector due to staffing; and if he had people he would split both 52/53 and 36/37.Soon thereafter; the volume hit; and the sector went out of control. While no losses of separation occurred; we had several near airspace violations; and were unable to manage the volume effectively. Several pairs of aircraft were missed; requiring Sector 39; who was also busy; to work extra hard to get spacing. Additionally; more than one hand off was misdirected; and other frequency changes were late; requiring adjacent; busy sectors to work harder. Finally; a minimum fuel aircraft became involved; which developed into an emergency fuel situation in the next sector as we did not have sufficient staff to provide expeditious handling.This happened because the assigned task exceeded the capability of the two controllers to successfully complete; and no staffing was available to split the sector. Further; when I requested time to fill out [a report]; I was informed the aisle was too short to give me time; and I would have to fill out the [report] on my own time; which I did. This was caused by inadequate staffing.Once the sector was unable to be split; no TMU (Traffic Management Unit) initiatives were put in place to manage the reduced capacity due to the sector having to remain combined. The requirement that the region must approve a TMU initiative for staffing is simply ludicrous; as the region is too far removed from the operation to make real-time decisions on TMU initiatives. We can't have a safety culture as required by the FAA's Safety Management System if we are too short-staffed to give people time to fill out reports.",,,,"ZBW Controller reported high volume of traffic and not enough people to work the sectors correctly.",
1690380,201910,1201-1800,ZZZ.Tower,US,,5,,2500,,VMC,10,,Daylight,4500,,Tower ZZZ,Personal,Mustang (P51),,1,Part 91,VFR,Personal,,Final Approach,Direct,Class D ZZZ,,,,,,,,,,,,,,,,,,,,,,,,AC Generator/Alternator,,X,Failed,,,,,,,,,,,,,,,,,,,,,,,,,,,,,,,,,,,,Aircraft X,Flight Deck,Personal,Single Pilot,Flight Crew Air Transport Pilot (ATP); Flight Crew Flight Instructor; Flight Crew Instrument; Flight Crew Multiengine,Flight Crew Last 90 Days 84; Flight Crew Total 2292; Flight Crew Type 435,,Situational Awareness,,,1690380,,,,,,,,,,,,ATC Issue All Types; Aircraft Equipment Problem Less Severe; Deviation / Discrepancy - Procedural Published Material / Policy; Deviation / Discrepancy - Procedural Clearance,,,Person Flight Crew,In-flight,Air Traffic Control Issued New Clearance; Flight Crew Landed in Emergency Condition; Flight Crew Overcame Equipment Problem; Flight Crew Requested ATC Assistance / Clarification,Company Policy; Procedure; Human Factors,Human Factors,"Generator failed enroute. An unknown battery charge was remaining. I contacted Tower for landing and requested an overhead approach. Tower was busy and told me to expect the straight-in approach. I repeated I needed the overhead and Tower told me I had to do a straight-in. I told the Tower I would have to [request priority handling] to get the overhead.The overhead in this type aircraft is standard operating procedure for safety reasons. Rarely; I will accept a standard pattern; but only if everything is working properly. In this case I already had a failure and did not want to compound the situation. Given an electrical failure the following systems are impacted. Fuel boost pump; emergency fuel system (in the event of a carburetor failure); all coolant and oil temperature readings; coolant and oil door actuators; all warning lights in the cockpit; all avionics including radios. Given I already had one failure and not knowing when the battery may fail; a straight-in approach is a high-power; low-energy approach; meaning any hiccup in another system would most likely result in an off-field landing with potential property damage and possible injury to persons on the ground. The overhead provides an additional measure of safety by ensuring a higher energy state over the field. The overhead also is the fastest way to get on the ground; thus eliminating traffic delays in most any environment. I should have been able to work into the traffic pattern and do the overhead; but the controller's lack of knowledge of the safety aspect of the overhead pattern required me to [request priority handling] to deviate from his instruction to ensure as much of a safety margin as possible. The controller overreacted to the situation; which should have been a non-event.",,,,"P51 pilot reported a generator failure enroute that required him to request priority handling and make a precautionary landing.",
1695410,201910,0601-1200,ZZZ.TRACON,US,,,,9000,,,,,,,,TRACON ZZZ,Corporate,Beechjet 400,,2,Part 91,IFR,Passenger,,Cruise,Vectors,Class C ZZZ; Class E ZZZ,,,,,,,,,,,,,,,,,,,,,,,,,,,,,,,,,,,,,,,,,,,,,,,,,,,,,,,,,,,,,,,Facility ZZZ.TRACON,,Government,Approach,Air Traffic Control Fully Certified,Air Traffic Control Time Certified In Pos 1 (yrs) 9,,Distraction; Situational Awareness,,,1695410,,,,,,,,,,,,ATC Issue All Types; Inflight Event / Encounter CFTT / CFIT,,,Person Air Traffic Control,In-flight,Air Traffic Control Issued New Clearance; General Flight Cancelled / Delayed,Procedure; Airspace Structure; Chart Or Publication; Human Factors,Airspace Structure,"I was working an approach sector. I had a BE40 inbound on vectors to final. I had delay vectored him to get two slow Cessna aircraft in to the airport. At that time I also had a military aircraft inbound with minimum fuel that wouldn't take a speed reduction and also stated he couldn't take a very long downwind for fuel. I vectored the BE40 through final and then to a crosswind heading to delay for the military aircraft. Another aircraft was behind the BE40 that was kept inbound to follow the military aircraft. I went to coordinate the minimum fuel and no delay with Tower and realized that the BE40 hadn't been turned back to downwind and was about to enter a higher 9;600 ft. MVA while being at 9;000 ft. I hung up with Tower and instructed the BE40 to turn left to a heading of 300 and climb immediately to 9;600 ft. He entered the MVA block at 9;100 ft. climbing to 9;600 ft within 1 mile of the MVA boundary. I would recommend looking over my traffic next time before coordinating with Tower to make sure everything was separated to not be distracted while in communication with them.",,,,"Approach Controller reported vectoring an aircraft off the final approach course for sequencing placing it below the MVA.",
1755000,202008,1201-1800,ZZZ.Airport,US,,,0,,,,,,,,,Tower ZZZ,Air Carrier,A321,,2,Part 121,IFR,Passenger,FMS Or FMC,Taxi,,,,,,,,,,,,,,,,,,,,,,,,,,,,,,,,,,,,,,,,,,,,,,,,,,,,,,,,,,,,,,,,,Aircraft X,Flight Deck,Air Carrier,Captain; Check Pilot,Flight Crew Air Transport Pilot (ATP); Flight Crew Instrument; Flight Crew Multiengine,,,Situational Awareness,,,1755000,,,,,,,,,,,,ATC Issue All Types; Deviation / Discrepancy - Procedural Published Material / Policy; Deviation / Discrepancy - Procedural FAR; Inflight Event / Encounter Fuel Issue; Inflight Event / Encounter Weather / Turbulence,,,Person Flight Crew,In-flight,General None Reported / Taken,Human Factors; Procedure; Weather,Human Factors,"We were holding short of Runway XXL at ZZZ; ready for takeoff; when Tower said; 'I have a 'slight' reroute for you; advise when ready to copy.' We copied the route; loaded it in the FMC; verified the route; took a quick glance at the fuel and took off. Once we leveled off at our final cruising altitude of FL370; it became readily apparent that the reroute took us several hundred miles out of the way and we may [now] be landing below our required minimum fuel due to possible weather deviations. I noted that the weather at ZZZ1 was VFR and contacted Dispatch via crew cell. We agreed the weather was acceptable and removed JFK as the alternate allowing us to land with the required fuel minimums. As it turned out; we did land with the required fuel including JFK as an alternate; albeit not with; in my opinion; an acceptable margin of safety. 6.4 [was] required [and we] landed with [approximately] 6.6.Expectation bias played a huge role here along with being ready to take the active when we were given this 'slight' reroute. A 'slight' reroute suggests an additional fix; maybe two - not the extensive reroute we were given. [This reroute was a] significant change.To mitigate this happening again; I need to remind myself that ZZZ during July and August is a huge thunderstorm magnet and reroutes are common. And as a Captain; I set the pace and am completely responsible for the safe operation of the aircraft. I should have taken the time to taxi to a place where; after loading and verifying the route; I could call Dispatch; verify the route in detail; and possibly return to the gate for additional contingency fuel.",,,,"A321 Captain reported accepting a reroute just before takeoff that resulted in a marginal fuel situation at destination.",
1764480,202009,,RKSI.Airport,FO,,,,,,,,,,,,Center RKRR,Air Carrier,Commercial Fixed Wing,,2,Part 121,IFR,,FMS Or FMC,Initial Approach,,,,,,,,,,,,,,,,,,,,,,,,,,,,,,,,,,,,,,,,,,,,,,,,,,,,,,,,,,,,,,,,,Aircraft X,Flight Deck,,First Officer; Relief Pilot,Flight Crew Instrument; Flight Crew Multiengine; Flight Crew Air Transport Pilot (ATP),,,,,,1764480,,,,,,,,,,,,ATC Issue All Types; Inflight Event / Encounter Fuel Issue,,,Person Flight Crew,In-flight,Flight Crew Diverted,Airspace Structure; Procedure,Ambiguous,"While descending to start our approach into Incheon; we were given vectors off the approach and told there was unknown drone activity near the airport. We heard other aircraft get holding instructions. We were told we were number 8 for [the] approach. We all started doing our own analysis of how much time we had before we needed to divert due to fuel. Captain made the decision to declare minimum fuel. Approach told us we were number 7 now so the Captain requested to go to the alternate. We were vectored to our alternate; ZZZZ. The approach to ZZZZ was uneventful. We refueled and proceeded to our destination ICN also uneventful. There were no other factors besides the unknown drone not allowing us to land in ICN. No suggestions here. Drones are an unforeseen event.",,,,"Air carrier First Officer reported diverting to the alternate airport due to low fuel caused by landing clearance delay resulting from UAV activity in the vicinity of the airport.",
1777468,202012,1801-2400,DEN.Tower,CO,,,,,,VMC,,,Dusk,,,Tower DEN,Air Carrier,Commercial Fixed Wing,,2,Part 121,IFR,Passenger,,Landing; Final Approach,,Class B DEN,,,,,,,,,,,,,,,,,,,,,,,,,,,,Tower DEN,Air Carrier,Commercial Fixed Wing,,,Part 121,IFR,,,Final Approach,,Class B DEN,,,,,,,,,,,,,,,,,,,,,,,,Aircraft X,Flight Deck,Air Carrier,Captain; Pilot Flying,Flight Crew Air Transport Pilot (ATP); Flight Crew Instrument; Flight Crew Multiengine,,,,,,1777468,,,,,,,,,,,,ATC Issue All Types; Deviation - Speed All Types; Inflight Event / Encounter Wake Vortex Encounter,,,Person Flight Crew,In-flight,Flight Crew Executed Go Around / Missed Approach,Environment - Non Weather Related; Procedure,Environment - Non Weather Related,"During this flight; we encountered wake turbulence near the flare portion of landing twice. The first resulted in a uncommanded right roll of approximately 30 degrees followed by a left roll of 15 degrees. A go around was executed. The second was a uncommanded 20 degree left roll; with a prompt recovery and landing. No further wake was encountered. A go-around could also have been executed here; I planned to if the turbulence did not subside after the first correction. Fuel remaining was a factor in this decision; as it would put us below minimum (but above emergency) fuel for return. In both cases; a momentary (1 sec) stick shaker occurred as a result of being at Ref in a high bank angle.","Reporter stated he hopes mitigating changes might be made to avoid this issue in the future.",,,"Air Carrier Captain reported executing a go-around after encountering wake turbulence on short final at DEN.",
1777562,202012,1801-2400,ZZZ.Tower,US,,,,3000,,Marginal,,,,1000,,Tower ZZZ,Air Carrier,A319,,2,Part 121,IFR,Passenger,,Final Approach,,Class B ZZZ,,,,,,,,,,,,,,,,,,,,,,,,,,,,Tower ZZZ,,Regional Jet 900 (CRJ900),,,Part 121,IFR,Passenger,,Landing,,Class B ZZZ,,,,,,,,,,,,,,,,,,,,,,,,Facility ZZZ.Tower,,Government,Flight Data / Clearance Delivery; Handoff / Assist,Air Traffic Control Fully Certified,Air Traffic Control Time Certified In Pos 1 (yrs) 9.5,,Situational Awareness; Time Pressure; Workload,,,1777562,,,,,,,,,,,,ATC Issue All Types; Conflict Airborne Conflict; Deviation - Altitude Undershoot; Deviation / Discrepancy - Procedural Clearance; Deviation / Discrepancy - Procedural Published Material / Policy,,,Automation Air Traffic Control; Person Air Traffic Control,,Air Traffic Control Issued New Clearance; Flight Crew Executed Go Around / Missed Approach,Environment - Non Weather Related; Human Factors; Procedure,Procedure,"Aircraft X was vectored to their final approach course approximately 3 to 4 miles in trail of a preceding Aircraft Y. We were VFR conditions but had low ceilings hovering around 1;000 feet. Aircraft weren't coming out of the clouds until a 1 to 2 mile final. When Aircraft X joined the approach they has an absurdly high overtake speed with the Aircraft Y in front of them of 80 plus knots. There was no way separation was ever going to be maintained. When the realization set in of what was happening Local Control issued instructions to cancel the approach and to climb to 3000 feet and to turn 20 degrees to the left.  I began coordination with Departure Control for a handoff with vectors to bring the aircraft back around for another approach. In the meantime Aircraft X advised Local Control that they were minimum fuel and were continuing the approach. Local Control advised me of this; so I canceled the coordination; and redirected my attention to an aircraft awaiting clearance. Then Local Control advised me that Aircraft X was indeed going around with the 20 degree left turn; and 3000 foot altitude assignment. Traffic was light; so I instructed Local Control to climb Aircraft X to 6000 feet and issue a turn to get them into the dispersal area as per our joint agreement. I again initiated coordination with Departure Control for the handoff; with Aircraft X climbing to 6000 feet and on a 100 or 105 heading.Then I came back to the aircraft on Clearance Delivery and had them read back their clearance. During the read back; Departure was trying to call me and say that Aircraft X needed to climb immediately for an aircraft that was departing southeast bound off a satellite airport. I responded that the altitude had been issued and would find out why Aircraft X stopped their climb at 3000 feet. I relayed the information to Local Control as I was receiving it.  Local Control told me that Aircraft X would not accept the climb due to their minimum fuel situation; which I relayed back to Departure. Departure Control requested we ship Aircraft X to them; so that they could maintain separation with the traffic departing the satellite airport which I relayed to Local. Local was able to get Aircraft X to climb to 4;000 feet before shipping them. There was a loss of lateral separation on final approach; but there may have been altitude separation; although I am not sure about that. The problem is that we are struggling with spacing issues on final and even have a collaborative work group established with Approach to resolve these problems. Approach is continually handing Tower these overtakes;  and less than coordinated arrival spacing for departure gaps; but Tower is always held accountable for the consequences of each event. This is the standard here at  even though the separation problem originates with the Approach Controller. Even our local management tends to initially stand behind Approach and their actions while pointing their fingers at the Tower controllers trying to tell us that what we did was incorrect; even though we are only trying our best to prevent an separation error from occurring or getting worse.  Standardize spacing requirements here at 3 miles or required and coordinated arrival spacing distances and never transfer communications of aircraft on final until there is less than a 30 knot overtake speed. In other words; follow the guidance in the 7110.65 and ensure separation before transferring communications to another controller. And on top of this; performance management to ensure controllers are being held accountable to the basic standards.",,,,"A Tower Controller reported they coordinated a go around for an aircraft with Departure Control but the aircraft did not climb to the assigned altitude resulting in a loss of prescribed separation.",
1778504,202012,1201-1800,ZZZ.Airport,US,,,,,,VMC,,,Daylight,,,TRACON ZZZ; Tower ZZZ,Air Carrier,B737-800,,2,Part 121,IFR,Passenger,FMS Or FMC; GPS,Final Approach; Landing,Vectors,Class B ZZZ,,,,,,,,,,,,,,,,,,,,,,,,,,,,,,,,,,,,,,,,,,,,,,,,,,,,,,,,,,,,,,,Aircraft X,Flight Deck,Air Carrier,Captain; Pilot Not Flying,Flight Crew Multiengine; Flight Crew Instrument; Flight Crew Air Transport Pilot (ATP),,,,,,1778504,,,,,,,,,,,,ATC Issue All Types; Ground Event / Encounter Person / Animal / Bird; Ground Event / Encounter Fuel Issue,,,Person Flight Crew,In-flight,Air Traffic Control Provided Assistance; Air Traffic Control Issued New Clearance; Flight Crew Executed Go Around / Missed Approach; Flight Crew Requested ATC Assistance / Clarification,Procedure; Airport,Ambiguous,"Great weather; normal fuel burn. Entering terminal area we were vectored around then low and slow which created more fuel burn in terminal area. Did go-around for XXL due to an animal on runway. Aircraft in front of us did same. Declared minimum fuel on go-around in order to expedite landing since fuel now was an issue with extra fuel burn and not much to play. Controller was going to extend us downwind behind an arriving aircraft which would have added more time and fuel so I elected to [request] an immediate turn to the FAF for XXC. I didn't want XXL because of animal issue and another possible go-around. Controller vectored preceding aircraft off their approach and cleared us for visual XXC. Landed uneventfully with 3.9 fuel.....2.10 left tank and 1.8 right tank. Reserve Fuel on Flight Plan was 3.78.Cause: Dispatched with normal arrival fuel with very good weather. Controller vectored us low and slow which increased fuel burn. Suggestions: Next time I will not accept so many vectors and low and slow increasing fuel burn when I do not have extra fuel to play.",,,,"B737-800 Captain reported a low fuel situation developed following a go-around to avoid an animal on the runway.",
1779822,202012,1801-2400,ZZZ.ARTCC,US,,,,,,,,,,,,Center ZZZ,,Commercial Fixed Wing,,3,Part 121,IFR,Passenger,,Cruise,Vectors,Class A ZZZ,,,,,,,,,,,,,,,,,,,,,,,,,,,,,,,,,,,,,,,,,,,,,,,,,,,,,,,,,,,,,,,Facility ZZZ.ARTCC,,Government,Enroute,Air Traffic Control Fully Certified,Air Traffic Control Time Certified In Pos 1 (yrs) 14.7,,Distraction; Situational Awareness; Confusion,,,1779822,,,,,,,,,,,,ATC Issue All Types; Deviation / Discrepancy - Procedural Published Material / Policy,,,,,Air Traffic Control Provided Assistance,Airspace Structure; Company Policy; Environment - Non Weather Related; Human Factors,Environment - Non Weather Related,"ZZZ1 Center had a positive COVID test from an individual in their building. The decision was made to go ATC-0 in the middle of the afternoon to perform a Level 3 cleaning.  I would completely understand the need to do the cleaning immediately; even if it was a high traffic time; if the individual had started not feeling well during that shift; or during the any shift in the previous 24 hours.  This was not the situation here. The positive test came from an individual that had not been in the building in X days!  Every Controller that had worked in the previous X days already had worked in a potentially contaminated area. There was zero benefit to go down at that time. The decision makers did nothing that was reasonable and responsible in this situation. Reasonable and responsible would have been to wait for a slower traffic period to get the clean accomplished. I had Aircraft X that had been in the air for 15+20 hours. I was forced to route him over an hour [out] of his way which put him in a minimum fuel situation.  We had MedEvac flights; on critical missions that were not allowed to pick up their patients.  I would hate to know how many passengers missed their connecting flights. We put our controllers; pilots; and flying public in an unnecessary unsafe situation.When an individual has not been in the building in the past 24 hours DO NOT CLEAN during a high traffic period.",,,,"Center Controller reported an adjacent Center going to ATC Zero due to COVID-19 cleaning and having aircraft that were not allowed on filed routes.",
1782686,202101,1201-1800,ZZZ.ARTCC,US,,,,270000,,Mixed,,,Daylight,,,Center ZZZ,Corporate,Light Transport; Low Wing; 2 Turbojet Eng,,2,Part 91,IFR,Passenger,,Cruise,,Class A ZZZ,,,,,,,,,,,,,,,,,,,,,,,,,,,,,,,,,,,,,,,,,,,,,,,,,,,,,,,,,,,,,,,Aircraft X,Flight Deck,Air Carrier,First Officer; Pilot Not Flying,Flight Crew Air Transport Pilot (ATP); Flight Crew Flight Instructor; Flight Crew Instrument; Flight Crew Multiengine,Flight Crew Last 90 Days 20; Flight Crew Total 14500; Flight Crew Type 100,,Communication Breakdown; Confusion; Distraction; Situational Awareness; Time Pressure; Troubleshooting; Workload,Party1 Flight Crew; Party2 ATC,,1782686,Aircraft X,Flight Deck,Air Carrier,Captain; Pilot Flying,Flight Crew Air Transport Pilot (ATP); Flight Crew Instrument; Flight Crew Multiengine,Flight Crew Last 90 Days 15; Flight Crew Total 5800; Flight Crew Type 3400,,Workload; Troubleshooting; Situational Awareness; Distraction; Confusion,Party1 Flight Crew,,1782668,ATC Issue All Types; Deviation / Discrepancy - Procedural Clearance; Deviation / Discrepancy - Procedural FAR; Deviation / Discrepancy - Procedural Published Material / Policy; Inflight Event / Encounter Fuel Issue,,,Person Flight Crew,In-flight,Air Traffic Control Provided Assistance; Air Traffic Control Issued New Clearance; Flight Crew Requested ATC Assistance / Clarification,Environment - Non Weather Related; Human Factors; Airspace Structure; ATC Equipment / Nav Facility / Buildings,Environment - Non Weather Related,"The events described here are recalled to the best of our ability.  The situation was very dynamic; and communication was often difficult.  On date; on a flight initially planned from ZZZ to ZZZ1 we were flying in a type X aircraft between FL360 and FL400.  Everything was proceeding normally until a reroute that would have taken us to toward the west side of State Y and State X; then to ZZZ2 on the east side of State X; then back to ZZZ1 in central State X.  This is unusual; but we assumed it was due to weather in central State X.  We also thought there was a good chance the route would be changed; so we were not overly concerned.  As we were approaching the southern limit of ZZZ Center's airspace; we received another relatively complex re-route taking us to ZZZ3 then northeast back to ZZZ1.  At approximately that time we started hearing reports about airports in north and central State X being closed.  While we could see some weather on NEXRAD radar; it did not seem to be severe enough to close so many airports.  However we had received no other explanation for the situation.  After evaluating the new routing and analyzing the situation with the closed airports we determined it would be unwise to continue on that route to ZZZ1.  We initially requested and received clearance to change the destination to ZZZ4.   Also; at about that time we received instructions to contact ZZZ1 Center at a point some distance ahead (however the exact location is now forgotten).As we programed in the new destination and continued to hear reports of all or most airports in central and north State X now closed; (most likely not actually closed but unavailable in a non-radar environment already overloaded with traffic) we determined we were approaching minimum fuel and continuing on into an unknown situation would be unwise.  We then requested a diversion to ZZZ5 and declared minimum fuel.   We were told ZZZ5 was also closed.  Our minimum fuel status was never acknowledged; even though we stated 'minimum fuel' twice.  At about this time we were told to hold at ZZZZZ waypoint.  We were not given an EFC time and as we started the hold; we lost contact with ZZZ Center.  At this point we were on the verge of declaring an emergency; but an airline flight began relaying messages between us and ZZZ Center.  We stated we wished to divert to ZZZ6 and were told that was approved but we needed to do so VFR; even though we were at FL270.  Shortly thereafter we were told to contact ZZZ Approach even though we were still in the flight levels.  Since we were basically over ZZZ6 we did a rapid descent and contacted approach while doing so.  Eventually we were vectored for an approach and landed at ZZZ6.It should be noted that we were never informed that we were no longer in radar coverage; or that we would lose communication with ZZZ center before establishing contact with ZZZ1 Center.  We were also never informed that ZZZ2 Center had gone to ATC Zero.  We had also been cleared to lower altitudes; significantly increasing our fuel burn. We later learned during a phone call with ZZZ Center that ATC kept the ZZZ2 Center airspace open even though the center had gone ATC Zero.  The methodology FAA Air Traffic Control Centers are using to deal with COVID related ATC Zero situations is extremely confusing and dangerous; especially when attempting to route traffic through a non-radar environment. It requires the use of complex routes that include waypoint names that are difficult and time consuming to say and spell.  Had we been informed that ZZZ2 Center was ATC Zero we would have diverted before ever reaching ZZZ2 Center airspace; added fuel and waited for the center to re-open.  Had we been informed of the lower altitudes we would be required to fly or of the extended routes required we would also have made other plans.As it was; we remained in a reactionary mode for much of the flight.  We were unaware of the situation with ZZZ2 Center until after landing.  While we never failed to comply with an ATC clearance; we were apparently still expected by ZZZ1 Center in spite of being cleared by ZZZ (as best we can tell) to divert to ZZZ6.We have the highest respect for air traffic controllers.  But on date the ATC system itself severely failed.  In addition to the primary events of this particular report; at various times during today's flights numerous other ATC irregularities (to be generous) occurred.  For example; after receiving an IFR clearance on the ground at ZZZ6 we were cleared for a VFR takeoff and told to contact Approach in the air; that they were expecting us.  Upon contacting approach; who did not seem to be expecting us; they instructed us to climb to 3;000 feet.  We were then just left there; in some strange limbo state; not knowing if we were VFR or IFR; at night; at 3;000 feet; in a jet at 250 knots.  After prodding approach; we eventually received our IFR clearance; the same one we were given before takeoff.  We have no explanation for this.Furthermore; when arriving at ZZZ4 we; and several other aircraft; were instructed to hold as published at ZZZZZ1 Intersection while we were stacked up for the RNAV Runway X approach.  However; there is no published hold on the RNAV Runway X approach at ZZZZZ1.  There is a hold in the same physical location on the ILS X approach; but the name of the fix is ZZZZZ2; not ZZZZZ1.It was not a good day for us or ATC.",,"Our flight began and proceeded normally. Clearance was issued without any indication of flow problems in route. However; approximately halfway into the flight; reroutes were issued encompassing routing to ZZZ7 and ZZZ3. Multiple changes ensued and it is difficult to recall them all at this point. We surmised that we were operating as in a non-radar environment. However; we were never told that was the case. We complied with instructions. In the process of calculating and verifying routing and ETA's; additional instructions were given. Bear in mind some of this rerouting required headings; in some cases; 120 degrees off course. Additionally; we also had 120 plus knot headwind. Both of these factors combined were a bit unusual and prompted me to apply additional focus on to verify ETA's. We were ultimately informed that we would not be able to land at our destination; ZZZ1. Other requested nearby alternates were denied. We requested reroute to our next filed destination; ZZZ4. However; upon quickly re-calculating our fuel we determined we could not safely make that destination.At one point we were instructed to hold at ZZZZZ waypoint. We complied with instructions and held at ZZZZZ. In the hold we requested landing at ZZZ5 and were informed it was closed as well. At this point I remember discussing the possibility of declaring an emergency and landing before getting into a fuel critical situation. We were very close to ZZZ6 and requested landing there. Near this time; we realized that ATC did not hear us. Another airline flight crew relayed a VFR clearance from ATC to descend from FL270 to ZZZ6. In close proximity to ZZZ6; I initiated a relatively rapid descent approximately 4;000 FPM. Upon establishing communication with the local controllers at ZZZ6; the flight proceeded more or less normally until landing.On the ground at ZZZ6 we were informed that ATC would be back to normal at XAX0Z. We took on extra fuel as a precaution; filed and took off for ZZZ4. Upon receiving clearance to ZZZ4; ZZZZ6 Tower gave us the unusual clearance of proceeding VFR with the assurance that ATC was 'expecting' us. We took off VFR originally cleared to 2;100 feet. We continued to prompt for higher altitude and were cleared to 3;000 feet. For the initial part of the flight we were in limbo regarding when we would receive an IFR clearance. We were also relayed a phone number for ZZZ Center and instructed to call them when we landed in ZZZ4.Due to all the confusion and delays we arrived at ZZZ4 later than normal for us. We arrived at the time the tower was closing with multiple airplanes landing ZZZ4. We received; what seemed to me; a rather nebulous holding instruction for a fix a bit hard to identify given approach outages at ZZZ4. However; it was manageable and after descending in sequence through the holding pattern we landed safely at ZZZ4. I do not know if this situation is normal at the time of cessation of Tower operation at ZZZ4; however; it was very cumbersome. Upon landing at ZZZ4; we contacted ZZZ Center as instructed. It was a cordial conversation on both sides attempting to fully understand what had occurred. I realize COVID-19 has been a challenge to us all; however I would strongly suggest a different approach to the ATC Zero situation we have now. Such a distraction of multiple clearances with little time to verify and stabilize orientation before another one is issued; coupled with calculations for diverting; and lack of communication is a challenge and potentially dangerous for one aircraft. When that is multiplied by tens of aircraft; it seems to me that has to be detrimental to safety.  I was as close to declaring an emergency as I have ever been. Again; I realize COVID has been a challenge to us all. I also realize yesterday was an equally frustrating challenge for ATC personnel; and it is certainly not my intention to impugn them in any way.  If I can further help or facilitate a better solution for pilots and ATC; I would be more than happy to help. I hope this account from a pilot perspective is useful.",,"Corporate flight crew reported communication issues with ATC resulting in a minimum fuel situation due to a Center going ATC Zero.",
1810944,202105,1201-1800,ZZZ.ARTCC,US,,,,33000,,IMC,,,,,,Center ZZZ,Air Taxi,Light Transport; Low Wing; 2 Turbojet Eng,,2,Part 121,IFR,Passenger,,Climb; Initial Climb,,Class A ZZZ,,,,,,,,,,,,,,,,,,,,,,,,,,,,,,,,,,,,,,,,,,,,,,,,,,,,,,,,,,,,,,,Aircraft X,Flight Deck,Air Carrier,Pilot Flying; Captain,Flight Crew Air Transport Pilot (ATP); Flight Crew Multiengine; Flight Crew Instrument,,,Communication Breakdown,Party1 Flight Crew; Party2 ATC,,1810944,,,,,,,,,,,,ATC Issue All Types; Deviation / Discrepancy - Procedural Published Material / Policy; Inflight Event / Encounter Fuel Issue; Inflight Event / Encounter Weather / Turbulence,,,,,Flight Crew Requested ATC Assistance / Clarification,Weather; Procedure,Procedure,"The flight from ZZZ to ZZZ1 was the third leg of our day. We had landed at XA00Z which was an hour advance of planned passenger's arrival. Our passengers soon notified us of late arrival upon which I checked to ensure we would not be affected by EDCT (Estimated Departure Time Clearance) and that weather wouldn't be a factor. I then obtained our flight clearance which included a full route meaning we weren't getting our shorter overwater route. That route would also avoid any of the approaching weather by a wide margin. I re-ran our flight plan to ensure we had adequate fuel as the new one was 110 NM longer and would slightly change winds. The original route required 3;570 lbs total including enroute burn; 45 min reserve; and alternate based on cruise altitude of FL400. No alternate was required though as destination weather was > 5000/5 for the entire day and projected to remain so. Still; we plan and carry alternate fuel anytime we have the ability to do so. I had rounded the final fuel load up to 4;000 lbs total as it's all too common flying in or out of ZZZ3 airspace and suddenly getting significantly different routing or held down below cruise altitude for a bit. That decision would prove critical in preventing a divert later in flight. We boarded passengers at XB30Z and were given taxi clearance to 30. Upon nearing the runway; we were told to taxi to the holding area and would start taxi again at XB50Z for a XB54Z release. Approaching XC00Z; we were cleared to taxi and then into position and hold where we sat for approximately 3 minutes before being cleared for takeoff. Shortly after checking in with departure; we were given a 250 kt speed restriction and then given multiple vectors 90 degrees off of route. During most of this we were held below 15;000 ft. After being cleared back onto our flight plan; we were step climbed 6 times until we reached FL 330 about 30 minutes into the flight. During this time we also had to request deviations for weather. A slight left deviation would've allowed us to safely clear all the weather even at the lower altitude; but all aircraft were being directed that right was the only choice. Based on what traffic we had directly in view and on TCAS; it didn't make sense as it looked clear with all possible conflicts being to the west. We attempted to work right but even with significant deviations directly westward we were going to be boxed in by cells. Both NEXRAD and our onboard radar indicated yellow to red echoes well above our current altitude. We and other aircraft at higher altitudes continued to request eastward deviations and were denied. We also repeatedly requested higher as that would've been a satisfactory way of being able to comply with what they needed; but again were denied. At this point; I told the ZZZ3 Center controller that we had no choice but to go left as there was no place we could safely penetrate the weather. They finally relented and after a short deviation that was within 2-3 NM east of the course line; we were around it and back on flight plan. I was prepared to declare pilot authority to deviate for safety of aircraft; passengers and crew had they not. Between the additional ground time; ATC vectors; deviations; and hold down; we had eaten significantly into the additional fuel and were showing below a 45 min reserve if we remained at the lower altitude. This was even after seeing the deteriorating fuel state early and slowing down significantly from cruise speed to M.65. After again requesting further climb and being denied; I declared minimum fuel. Instead of the controller acknowledging; we were shifted to the next controller. Upon checking in; we were still held down and told to expect some time before climb. I again interjected on the radio that we were minimum fuel which was acknowledged by the new controller by him stating; 'uh..ah...well; ok.' He then stated we wouldn't get any further climb until with ZZZ4 Center. By that time we would be over State andstill at FL330 just over an hour into flight. The PM and I evaluated the fuel state and knowing the potential ATC delays we could face in ZZZ1 area airspace despite the great weather that we may be facing a divert. I kept our home base of ZZZ5 and ZZZ6 in mind should that be required. We set 1;000 lbs as an acceptable; safe fuel state needed to both put us above minimum fuel and give us some additional in the event of further delays. After ensuring ZZZ4 Center knew of our fuel state; we were held down for nearly another 10 minutes and then stepped 4 times from FL330 to FL400. After reaching FL400; we pulled back to M.67 and finally saw 1;100 lbs overhead destination and decided to continue. I considered requesting FL430; but based on less tailwind and the increased burn to climb I decided it wouldn't be beneficial. Fuel state improved to 1;280 lbs as the winds shifted and thanks to a small shortcut by Center. During decent with ZZZ4 Center; we were turned roughly 120 degrees off the arrival and it wasn't until questioning the controller if he knew that we had declared that he stated no and turned us back towards ZZZ1. Even though I had never rescinded the previous declaration; it apparently had not been passed to some of the subsequent ATC sectors. I told the controller that we were currently above min fuel but would not continue to be with continued vectors away from destination. We were shortly passed off to the approach controller and landed uneventfully from the RNAV XX. Final fuel state at shutdown was 1;145 lbs.Our passengers being on time might have alleviated some of this as weather had not moved onto our route at that time. More fuel would've have also created more pad; but the additional alternate fuel that wasn't required by regulation or the situation plus additional contingency fuel should've been more than sufficient to prevent it. Getting held down well below planned cruise altitude until almost halfway through a 2.5hr flight is pretty uncommon but played the biggest role in this.",,,,"EMB-505 Captain reported being denied shorter weather avoidance route and ATC's denial to climb or deviate for weather; resulted in unplanned minimum fuel situation.",
1811004,202105,1201-1800,ZZZ.ARTCC,US,,,,19000,,VMC,,,Daylight,,,Center ZZZ; TRACON ZZZ,Air Carrier,EMB ERJ 145 ER/LR,,2,Part 121,IFR,Passenger,,Cruise; Descent,,Class A ZZZ1,,,,,,,,,,,,,,,,,,,,,,,,,,,,,,,,,,,,,,,,,,,,,,,,,,,,,,,,,,,,,,,Aircraft X,Flight Deck,Air Carrier,Captain; Pilot Flying,Flight Crew Air Transport Pilot (ATP); Flight Crew Multiengine,,,Communication Breakdown; Situational Awareness; Time Pressure; Workload,Party1 Flight Crew; Party2 ATC,,1811004,,,,,,,,,,,,ATC Issue All Types; Deviation - Altitude Crossing Restriction Not Met; Deviation / Discrepancy - Procedural Clearance; Deviation / Discrepancy - Procedural Published Material / Policy; Inflight Event / Encounter Fuel Issue,,,Person Flight Crew,In-flight,Flight Crew Requested ATC Assistance / Clarification,Human Factors,Human Factors,"Planned fuel was 6;040 and got fueled to 6;200. We took off with roughly 6;000 pounds of fuel and minimum fuel was 5;564. So we left with well above minimum required fuel according to release. We were enroute and about halfway to 2/3 of the way through as I monitored our fuel burn. I noticed based on current conditions at that time (winds aloft were greater than planned and ATC requested Mach .77 or greater while .76 is planned); that we would be about 700 pounds under planned landing fuel. So as a crew we quickly setup for long range cruise and contacted ATC that we needed to slowdown even though they insisted we maintain a high speed. So we slowed to Mach .63 for long range cruise and then ATC descended us to 27;000 feet from 31;000 feet starting down early because we were slower than surrounding traffic.Then we get instructions shortly after to change arrivals keeping us away from other traffic. Once we finally got situated with the changes; dispatch beat me to notifying them and sent us an ACARS asking about the route changes and fuel. So we told them current plan and situation and based on the information back from dispatch; we had sufficient fuel as long as we maintained LRC (Long Range Cruise speed) to ZZZ allowing us to land with just 100 pounds of fuel more than planned and dispatch had us landing at roughly 1;850 pounds. At some point ATC also queried us asking about why we would be taking off with less fuel than we need to do the flight; even though we didn't. We actually took off with more fuel than planned. ATC was actually being unprofessional about the whole thing and giving us a hard time; because we asked to slow down to conserve fuel as stated over the radios in order to avoid getting into a bad fuel situation later or having to declare minimum fuel; and then he put us on different arrival and etc. It just created more workload and pressure by his attitude and questions as if it was our fault than it needed to be and ATC did not help with that even though they're there to help us.He made us sound bad on the radio as if we didn't know what we were doing about our fuel. Then sometime later while setting up for new arrival; ZZZ does a runway change as well after we got our LDR (Landing Distance Required) and brief; so that added more workload trying to update everything and re-brief in addition to ACARS taking longer than usual to respond. During all of that; Center then instructs us to level at 19;000 feet after getting the first descend via due to VFR traffic at 17;500 feet!  After traffic passes Center then gives us descend via again with immediate handoff to Approach in the same transmission. So First Officer does the handoff while I'm assessing and starting down seeing how quick we need to descend.  I saw we needed to do 6;000 feet or more a minute in order to meet the crossing restriction. I knew that wasn't going to happen so right as I was going to tell First Officer to let ATC know we can't make the restriction because of the level off earlier due to traffic as he was checking on; Approach immediately on initial contact asked if we would make the crossing restriction and we said no.He immediately then got upset and asked if we told the previous controller who would be Center and we said no because we didn't have time as we literally just switched and got the clearance at the same time and literally a few seconds later discovered we couldn't make it work. So we explained that to Approach but he wasn't accepting that and blamed us for not making the restriction or notifying Center before talking with Approach. But we literally had no time between the clearance and handoff at the same time and during the frequency switch that's when we noticed the issue and first transmission with Approach we weren't given the time to tell him that before he asked and queried us. So Approach then gives us two small delay vectors and rejoin arrival. But Approach said we should've told them early on we couldn't make itbut again we explained the situation and that we were not given that chance to do so. So we then continued on after that with no further issues.Insufficient fuel planning on release as it never reflects the actual fuel burn since release doesn't account for delay vectors or vectors on approach. The issues with ATC and last second changes to arrival and runways were a result of not having enough fuel at normal cruise followed by slow ACARS affected our ability to fly the planned arrival causing a higher workload for us and ATC which then caused the hiccup with crossing restrictions and with crossing traffic as well.  For fuel; we slowed for LRC and got a couple shortcuts once on the banker arrival. We were able to gain most of our fuel back because of LRC and landed with 2;200 pounds. For the crossing restriction; we just explained the situation to ATC and along with Center; Approach gave us a hard time and we notified them we couldn't do it; then we carried on with no further issues after that.For fuel planning and fuel contingency; we should be doing a minimum of like 500 pounds and 750-1;000 pounds extra on IFR days. Also for holding fuel; that should be 600 pounds minimum as we realistically burn more than 400 pounds on a go-around on a VFR day. As far as ATC goes after discussing with my First Officer as the situation that unfolded after another as a result; we maybe should have declared Minimum fuel early on knowing we wouldn't have enough unless we slowed down. But because of LRC and little to no delay vectors we determined to have enough hence why we never declared. However; if we declared min fuel early on that would've maybe given ATC more understanding even as frustrating as it may be; and allow us priority to slow and not have to descend via and etc. And that maybe would've avoided the issue with crossing at ZZZZZ1 and etc. One thing led to another; so next time maybe declare min fuel and decline a descend via to stay up high longer and to reduce workload. It was a good learning experience except for lack of professionalism and help from ATC.",,,,"Air Carrier Captain reported being unable to comply with ATC speed assignments due to fuel concerns and was unable to comply with a crossing restriction due to ATC stopping their descent for VFR traffic. The Captain reported Center and Approach Controllers criticized and questioned them on the frequency over both issues.",
1817754,202106,0601-1200,ZZZ.Airport,US,,,,9000,,VMC,Rain,,Daylight,,,TRACON D01,Air Carrier,Widebody Transport,,,Part 121,IFR,Passenger,FMS Or FMC,Landing; Final Approach,Other Instrument Approach,Class B DEN,,,,,,,,,,,,,,,,,,,,,,,,,,,,TRACON D01,Air Carrier,Medium Large Transport,,2,Part 121,IFR,Passenger,FMS Or FMC,Final Approach,Visual Approach,Class B DEN,,,,,,,,,,,,,,,,,,,,,,,,Aircraft X,Flight Deck,Air Carrier,Captain; Pilot Not Flying,Flight Crew Multiengine; Flight Crew Instrument; Flight Crew Air Transport Pilot (ATP),Flight Crew Last 90 Days 102; Flight Crew Total 615; Flight Crew Type 551,,Distraction; Confusion; Workload,,,1817754,Aircraft X; Facility D01.TRACON,,Government,Approach,Air Traffic Control Fully Certified,Air Traffic Control Time Certified In Pos 1 (yrs) 5,,Distraction; Situational Awareness; Training / Qualification; Workload; Confusion,,,1817712,ATC Issue All Types; Conflict NMAC; Deviation - Track / Heading All Types; Deviation / Discrepancy - Procedural Clearance,,,Automation Aircraft RA; Person Air Traffic Control,In-flight,Air Traffic Control Issued New Clearance; Air Traffic Control Provided Assistance; Flight Crew Executed Go Around / Missed Approach; Flight Crew Took Evasive Action,Human Factors; Airspace Structure; Procedure,Procedure,"I was the Line Captain in the First Officer's seat. After numerous delaying vectors which cut into our planned landing fuel; we were finally cleared for the ILS Runway 35L. Passing through 9;000 feet we noticed an aircraft approaching our aircraft from the east at 8;000 feet. As we descended on the glideslope; passing 8400 feet; the TCAS generated an RA on the aircraft; which was still at 8;000 feet. We came within 400 feet. of merging with this aircraft! We circled back for another approach; cleaned up to conserve fuel; and advised Approach that we were now at a minimum fuel state. We circled back for another ILS to Runway 35L; which we completed normally. I called the TRACON Supervisor on my cell phone after parking. He said the other aircraft was supposed to intercept the final for Runway 35R but neglected to do so; which resulted in a rather severe loss of separation. According to the TRACON Supervisor; the other pilot blamed his automation for not capturing the 35R localizer.",,"Working Final Radar. Because of weather; it was necessary for me to use the ILS approach for my runway; 35L. The parallel final for Runway 35R was able to use visual approaches. I had cleared Aircraft X for the ILS to Runway 35L at Denver International. I switched communications to Tower. A few seconds later; the pilot of Aircraft X called on my frequency that he was responding to a TCAS RA and climbing. Aircraft Y was cleared for a visual approach to Runway 35R at 8000 ft. but was crossing his localizer. Aircraft Y ended up turning virtually underneath Aircraft X before heading back northeast to Runway 35R. Aircraft Y was at 8000 ft.; Aircraft X was indicating 8400 ft. and climbing. I cancelled the approach clearance for Aircraft X; turned west; and climbed to 9000 ft. Aircraft X was re-sequenced and landed safely on Runway 35L.North landing configuration is the preferred operation. This morning; the wind was out of the south at 8 to 12 kt. Although pilots were complaining about tailwinds; we maintained the north operation. In addition; convective weather was south of the airport; sitting on the final approaches. This affected [the] pilots' ability to see the airport. The only other weather in the airspace was a small area east of the airport that had no impact. In a north configuration; the runways; 35L/35R; are direct parallel runways. If we had landed south; as the wind and weather favored; we would have used a widely spaced configuration and landed on runways 16R and 17R. We also could have easily used visual approaches and the aircraft would have been in clear weather all the way to the airport and had a headwind. Landing north unnecessarily was a major contributing factor in this event. Also; the parallel final for Runway 35R was training and the Developmental forgot to turn Aircraft Y in a timely manner resulting in the overshoot. This could have also been avoided in a south operation because of much more spacing between the runways.",,"Air carrier Line Captain and TRACON Controller reported an NMAC between two air carriers on final approach due to the other aircraft flying through the final approach course.",
1821200,202107,1201-1800,ZZZ.TRACON,US,,,,2000,,,,,,,,TRACON ZZZ,Air Carrier,Medium Transport; Low Wing; 2 Turbojet Eng,,2,Part 121,IFR,Ferry / Re-Positioning,,Descent,Vectors,Class C ZZZ,,,,,,,,,,,,,,,,,,,,,,,,,,,,,,,,,,,,,,,,,,,,,,,,,,,,,,,,,,,,,,,Aircraft X; Facility ZZZ.TRACON,,Government,Approach,Air Traffic Control Fully Certified,Air Traffic Control Time Certified In Pos 1 (yrs) 2,,Situational Awareness; Communication Breakdown,Party1 ATC; Party2 Flight Crew,,1821200,Aircraft X,Flight Deck,Air Carrier,Pilot Not Flying; First Officer,Flight Crew Instrument; Flight Crew Multiengine; Flight Crew Air Transport Pilot (ATP); Flight Crew Flight Instructor,Flight Crew Last 90 Days 120; Flight Crew Total 1800; Flight Crew Type 400,,Communication Breakdown; Confusion; Situational Awareness,Party1 Flight Crew; Party2 ATC,,1822773,ATC Issue All Types; Aircraft Equipment Problem Less Severe; Deviation - Altitude Overshoot; Deviation / Discrepancy - Procedural Published Material / Policy; Deviation / Discrepancy - Procedural Clearance; Inflight Event / Encounter CFTT / CFIT; Inflight Event / Encounter Fuel Issue,,,Person Air Traffic Control,In-flight,Air Traffic Control Issued Advisory / Alert; Air Traffic Control Issued New Clearance; Flight Crew Requested ATC Assistance / Clarification; Flight Crew Returned To Clearance,Aircraft; Airspace Structure; Human Factors; Procedure,Human Factors,"Aircraft X was issued a descent to 2500 feet but as soon as I said 2000; the pilot started to read back 2000. This caused the 500 (of the 2500) to be blocked and when I un-keyed; I just heard the call sign portion of the transmission. The aircraft descended to 2000 feet and asked for an altimeter setting and I noticed the aircraft below the 2500 minimum vectoring altitude (MVA) and assigned altitude. I issued low altitude alert and instructed them to climb to 2500 feet.  I missed the read back. This all stemmed from the aircraft departing ZZZ with a known mechanical issue and low on fuel. They had diverted to ZZZ earlier (unknown to me) and was trying to reposition back to ZZZ1.They departed ZZZ1 minimum fuel and would not accept an approach at ZZZ1 that was consistent with the flow of traffic. I should have [requested priority handling] for the pilot immediately and handled it as one. The pilot put the FAA in a tough situation as I was trying to do my best to help the pilots who were in a bind; but I also missed many things I should have done.I did not ensure the aircraft had the weather and NOTAMs at ZZZ1; [request priority handling] for the aircraft; advise them of their position when vectoring them on to the localizer; allowed them to intercept the localizer inside the final approach fix. I did not catch the lack of read back when I issued 2500 MVA altitude and they over keyed me with a read back of 2000. Issue a brasher to the pilot.  I need to make sure all the phraseology and regulations are followed on our side (ATC)However; Aircraft X's principle operations inspector needs to investigate if the flight from ZZZ to ZZZ1 was conducted legally and safely. It was very apparent the urgency to land immediately after taking off from ZZZ. This should not have happened. This caused me to make shortcuts and put the FAA at risk of liability as well as put the pilots at risk of missing something like landing on runway XX at ZZZ1; a closed runway. The pilots were wanting to land on runway XX at one point.",,"Upon departure from ZZZ to ZZZ1; a short 5 minute or so flight; we were given a heading and an initial altitude of 3000 feet on initial departure. Given we were taking the plane in for maintenance; the plane had enough fuel to meet the minimum FAR requirements for an IFR flight. While setting up for the approach at hand; we were told by the controlling facility to descend and maintain 2;000 feet which was read back. A couple minutes went by as we were being vectored in for the approach and ATC gave us a low altitude alert followed by a command to 'descend and maintain 2;500 feet MSL'. Having already been cleared down to 2000 feet initially after we asked for lower; we read back the instruction for 2;500 feet followed by a 'we were initially cleared down to 2;000 feet MSL'.At that point; the controlling facility told us that they weren't going to debate over it and we instigated the climb to 2;500 feet. We only meant to reiterate the initial 2;000 foot altitude instruction for clarification purposes; not for argumentative purposes; as that was the initial instruction given to us after all. After landing; we received a phone call to contact the appropriate controlling facility to clarify the situation. We pulled the tapes from the appropriate controlling facility at the time of the incident and the tapes coincide with our initial hearing of '2;000 feet MSL;' not '2;500 feet MSL'. The altitude is clearly heard as 2;000 feet being the instruction given and 2000 feet being the instruction read back; not '2;500'. In order to keep a situation like this from reoccurring; an articulate tone should be adopted in order to hear and say the correct altitude assigned. Given that a weather system was rolling through as well; that added extra workloads on both us; the pilots; along with the controlling facility.",,"TRACON Controller and air carrier pilot reported the pilot descended below the Minimum Vectoring Altitude due to a misunderstanding of the assigned altitude between the two parties.",
1846936,202110,0601-1200,ZJX.ARTCC,FL,0,0,,35000,,VMC,,,Daylight,,,Center ZJX,Corporate,Medium Transport,,2,Part 91,IFR,Passenger,,Descent,STAR PRICY1,,,,,,,,,,,,,,,,,,,,,,,,,,,,,,,,,,,,,,,,,,,,,,,,,,,,,,,,,,,,,,,,Aircraft X,Flight Deck,Corporate,Captain,Flight Crew Flight Instructor; Flight Crew Instrument; Flight Crew Air Transport Pilot (ATP); Flight Crew Multiengine,Flight Crew Last 90 Days 350; Flight Crew Total 18000; Flight Crew Type 1200,,,,,1846936,,,,,,,,,,,,ATC Issue All Types; Deviation / Discrepancy - Procedural Published Material / Policy; Inflight Event / Encounter Fuel Issue; No Specific Anomaly Occurred Unwanted Situation,,,Person Flight Crew,In-flight,Air Traffic Control Issued New Clearance; Flight Crew Requested ATC Assistance / Clarification,Human Factors; Procedure,Procedure,"Concerning trend of increasingly surprising and inefficient ATC reroutes with new RNAV procedures; today was just an example.  We received a completely unexpected reroute from JAX Center; significantly of original course via the PRICY1 Arrival.   We expressed concerns to two Jax Center Sectors and one Miami Center Sector that the reroute would put us in an uncomfortable fuel situation due to the excessive addition to our original planned route.  ATC not only did not respond constructively to our comments; they proceeded to route us further out of the way.  We were one or two minutes away from declaring minimum fuel and considering declaring a fuel emergency and diverting when they finally turned us towards our destination.The reroute added over 100nm and 20 minutes of flying time to our original route; most at a very low altitude at high fuel flow and low speed.  We've been flying in and out of ZZZ; our home base; for over 20 years and NEVER have received a routing such as this; it was not a 'plannable' occurrence.  In the end; we went from landing with 1000 lbs of fuel above target reserves; to landing with 700 lbs under target reserves.Unexpected and unreasonable ATC reroutes onto new RNAV procedures and the unwillingness or inability of controllers to work with pilots when the situations create a significant situation is creating extreme hazard in the NAS.  This is only an example; many operators I've talked to; including our own pilots; have noticed a marked increase in inefficient or even unflyable reroutes in the Florida airspace since the launch of the new airspace initiative in April.  Some of our common regional city pairs now take 30 percent more time and fuel then they did last March and ATC seems less able to be flexible when needed for weather avoidance or other operational considerations.",,,,"Corporate pilot reported ZJX Center rerouted them such that flying time was increased considerably and caused a low fuel situation. Reporter stated concerns that reroutes using the new RNAV procedures in the area may be inefficient and creating unsafe situations.",
1893730,202204,1801-2400,ZZZ.Airport,US,,,,,,IMC,,,,,,Center ZZZ,Air Carrier,Regional Jet 700 ER/LR (CRJ700),,2,Part 121,IFR,Passenger,,Cruise; Descent,,Class A ZZZ,,,,,,,,,,,,,,,,,,,,,,,,Power High Pressure Cock,,X,Failed,,,,,,,,,,,,,,,,,,,,,,,,,,,,,,,,,,,,Aircraft X,Flight Deck,Air Carrier,Captain; Pilot Not Flying,Flight Crew Air Transport Pilot (ATP); Flight Crew Instrument; Flight Crew Multiengine,,,Troubleshooting; Time Pressure; Communication Breakdown; Workload,Party1 Flight Crew; Party2 ATC,,1893730,,,,,,,,,,,,ATC Issue All Types; Aircraft Equipment Problem Critical; Deviation / Discrepancy - Procedural FAR; Deviation / Discrepancy - Procedural Clearance; Deviation / Discrepancy - Procedural Published Material / Policy; Inflight Event / Encounter Fuel Issue; Inflight Event / Encounter Weather / Turbulence,,,,,Flight Crew Requested ATC Assistance / Clarification; Flight Crew Landed in Emergency Condition; Flight Crew Diverted; General Maintenance Action,Aircraft; Weather; Procedure,Aircraft,"Received 'L ENG BLEED' amber caution message on climb out; followed by 'L COWL A/I' amber caution message. I was Pilot Monitoring (PM) for the and directed the First Officer (FO) to continue the climb and maintain aircraft control; while I ran the Quick Reference Card (QRC) and Quick Reference Handbook (QRH) and covered the radio. I ran the L ENG BLEED QRH procedure. The procedure directed us to; 'Leave icing conditions to prevent ice accumulation on inoperative cowl'. As we were then operating in instrument meteorological conditions (IMC); I directed the FO to continue the climb visual meteorological conditions (VMC) which were forecasted at our planned final cruising altitude. We reached VMC conditions and I communicated our situation to ATC and Company Dispatch (including company maintenance through ACARS). I conveyed to each that we would need to descend in VMC conditions to our destination if able. ATC advised us to inform the next Controller and handed us off to the next sector. There was confusion apparent with both ATC and the Company regarding our situation. I attempted to state as clearly as possible that we would require VMC descent from our cruise altitude. We were then given a descent clearance through IMC ahead. I declined the clearance and again made our situation known - that we were unable to enter icing conditions. ATC queried several aircraft on the arrival ahead of us. All reported IMC but negative icing. ATC relayed this to us and; I believe; again issued a descent clearance. When I declined again; ATC informed us that no aircraft had reported icing in the descent. I stated that we would be unable to accept a clearance into any IMC conditions as that would put us into conditions conducive to ice formation as defined by our Pilot Operating Handbook; and that the negative reports of the aircraft ahead were inconsequential to our current condition. I asked for a hold at altitude so that we could consult with the Company and asked that ATC offer assistance by checking other potential ZZZ2 arrivals or a radar vectored descent to ZZZ2 or any nearby airport with VMC conditions from our altitude to the surface. ATC said that they; '...cannot see clouds;' but that they would check. We were assigned; and entered; a hold at ZZZZZ1; where I conferred with our Company Dispatcher who checked weather at ZZZ3 and ZZZ as requested; however apparently also misunderstood the situation and suggested that we were okay to descend through IMC; after having consulted with a Supervisor. The FO and I separately calculated bingo fuel and were within 100 pounds of each other. I informed the dispatcher of remaining fuel on board (FOB) and our time remaining until bingo holding fuel. As we neared our bingo fuel the FO and I made the decision to divert to ZZZ as weather conditions were most clear there and our descent would put us through the least amount of IMC within our range. We requested vectors to ZZZ and [requested priority handling] due to the required entry and descent through IMC/icing conditions. I also informed ATC of minimum fuel status at this time. We were vectored and subsequently assigned the ZZZZZ 3 arrival into ZZZ. I informed Company Dispatch that we were diverting to ZZZ; had [requested priority handling]; and stated our FOB. We descended through IMC into VMC conditions as I finalized programming the FMS and approach. ATC requested a statement of flight conditions. I relayed that we were now VMC. ATC asked if I was cancelling the [priority handling]. During these transmissions I showed the FO our updated fuel numbers with the arrival and long-side approach to ZZZ now built into the FMS. Our new fuel-over-destination (FOD) calculation was 1830lbs; which was below our required planned reserve of 2224lbs. I elected to maintain [priority] aircraft status and relayed this to ATC with an explanation of the new [situation] being "[priority] fuel.' We continued the arrival. On arrival; it seemed that several aircraft were being vectored to land ahead of us; and we were tracking away from the airport; albeit on the ZZZZZ 3 arrival. I asked ATC for a turn direct to the airport; was questioned; and I again stated that we were [priority] fuel and do not want to be flying away from the airport. We were then given a vector towards the field and assigned landing Runway XXR. Once I cleaned up the approach in the FMS our fuel numbers were again above required reserve amount. FO landed the aircraft at 2130 FOB.",,,,"CRJ700 Captain reported a malfunction that precludes flight into icing and resulted in failure of ATC and Company Dispatch to understand crew requests. ATC's failure to expedite escalated flight to a fuel critical situation.",
1895465,202204,1201-1800,PHL.Tower,PA,,,,3000,,,,,,,,TRACON ZZZ,Air Carrier,Commercial Fixed Wing,,2,Part 121,IFR,Passenger,,Cruise,Vectors,Class B ZZZ,,,,,,,,,,,,,,,,,,,,,,,,,,,,TRACON ZZZ,Air Carrier,Commercial Fixed Wing,,2,Part 121,IFR,Passenger,,Cruise,Vectors,Class B ZZZ,,,,,,,,,,,,,,,,,,,,,,,,Aircraft X; Facility PHL.TRACON,,Government,Approach,Air Traffic Control Fully Certified,Air Traffic Control Time Certified In Pos 1 (yrs) 30,,Workload; Time Pressure; Situational Awareness; Confusion; Distraction; Human-Machine Interface,,,1895465,,,,,,,,,,,,ATC Issue All Types; Conflict Airborne Conflict; Inflight Event / Encounter CFTT / CFIT,,,Person Air Traffic Control,In-flight,Air Traffic Control Separated Traffic; Air Traffic Control Issued New Clearance,Procedure; Human Factors; Chart Or Publication; ATC Equipment / Nav Facility / Buildings; Airspace Structure,Human Factors,"I had just finished receiving the position briefing as I sat down I noticed North arrival was going to feed me an aircraft for Runway XX. Aircraft X was on the right down wind for Runway XX (minimum fuel). Aircraft Y checked in 6000ft. for Runway XX. The plan was to turn Aircraft X base in another mile or 2. I felt it was a little early to turn at that moment. I descended Aircraft Y to 2500 ft. and turned direct (FAF) to sequence them in front of the aircraft from the north. Aircraft checked in 090 heading at 4000 ft. I sent the aircraft direct ZZZ; a fix on their flight plan. Aircraft asked for spelling of the fix. I stated the 3 letter identifier and confirmed their routing. This delayed my base turn for Aircraft X. I noticed the conflict turned Aircraft X left 270 and I asked Aircraft Y to stop descent at 3000 ft. and turn left 030 (it was to late to say 3500 ft.) I didn't want to cause confusion or delay pilot action. Aircraft X never replied to my turn left 270 transmission. I believe Aircraft X asked about the turn and heading. I issued the 270 heading again and a descent to 2000 ft. Separation may have already been lost at this point or just about to but I wanted to increase the separation as much as possible. The 2000 ft. descent may have taken the aircraft below 2200 ft. MVA before I could go back and climb them back to 3000 ft. Separation was lost at approximately 500 feet vertical separation and approximately a mile lateral separation.Usually when I first take a position I sign on and bring up my preferred settings set (airspace map mileage for the sector and any other maps I usually use for the sector) before I start making transmissions. I've learned that even little differences in position setup can effect how your mind receives and processes the information the scope is giving you and priority of your transmissions and control instructions. I didn't do this. I sat down and started issuing instructions. I probably didn't need to send Aircraft Y to ZZZZZ and descend them to 2500 ft. the same altitude Aircraft X was descending to. I could have either descend to 4000 ft. or 5000 ft. or delayed my vector to intercept final until after I turned Aircraft X. Either would have maintained positive control and separation. I could have reached out to North arrival and ask them to slow the aircraft they were vectoring from the North to maintain the spacing for the arrivals. When the aircraft checked in on 090 heading I allowed the aircraft to distract me and delay my turn for Aircraft X.",,,,"A TRACON Controller reported they became distracted while vectoring aircraft to the final approach course and issued a late heading to base leg resulting in a loss of separation. While resolving the separation loss one of the aircraft flew below the Minimum Vectoring Altitude.",
1905283,202206,1201-1800,ZZZ.TRACON,US,,,,,,,,,,,,,,No Aircraft,,,,,,,,,,,,,,,,,,,,,,,,,,,,,,,,,,,,,,,,,,,,,,,,,,,,,,,,,,,,,,,,,,,,,,,,Facility ZZZ.TRACON,,Government,Approach,Air Traffic Control Fully Certified,Air Traffic Control Time Certified In Pos 1 (yrs) 15,,Workload; Distraction; Confusion; Communication Breakdown; Troubleshooting,Party1 ATC; Party2 Flight Crew,,1905283,Facility ZZZ.TRACON,,Government,Approach,Air Traffic Control Fully Certified,Air Traffic Control Time Certified In Pos 1 (yrs) 11,,Communication Breakdown,Party1 ATC; Party2 Flight Crew,,1905288,ATC Issue All Types; Deviation / Discrepancy - Procedural Published Material / Policy; Ground Event / Encounter Ground Equipment Issue; Inflight Event / Encounter Weather / Turbulence,,,Person Air Traffic Control,In-flight,Air Traffic Control Issued New Clearance; Air Traffic Control Provided Assistance; Air Traffic Control Separated Traffic,ATC Equipment / Nav Facility / Buildings,ATC Equipment / Nav Facility / Buildings,"Approach/departure control lost all frequencies and were forced in the moment to transition to portable transceivers with highly reduced range while they transitioned into ad hoc procedures/agreements to accommodate the outage for the foreseeable future. A decision was made by management to move to TRACAB procedures; requiring all radar positions to be combined to work on a Tower display with only a portable radio while Local Control (LC) was combined to the Ground Control (GC) position. SWAP was in effect; many aircraft were not being released from center due to weather and were asking for Tower enroute options. The workload for GC/LC was significantly higher than any times we would normally combine those positions.The radar position was unable to communicate with airplanes further than 30 miles from the airport below 6000 ft.; and further than 40 miles at any altitude. Due to weather all across the east coast; we received several diversions and low enroute jet aircraft on escape routes from ZZZ1 and ZZZ2 areas. Multiple diversion arrivals were minimum fuel. There was heavy-extreme precipitation moving across our airport eastbound along the final. The increased workload from weather deviations; dissatisfied pilots stuck at low altitudes clogging up the frequency with requests; and lack of several aircraft on frequency to receive from approach control leading them to frequently transmit over approach/other aircraft; multiple adjacent facilities trying to coordinate while unclear of the extent of our limitations; all led to what I believe was an unsafe situation. Our Tower and approach Controllers did a phenomenal job working through adversity and maintaining a safe operation; but they should not have been put in that position to begin with.This needs to be considered a trigger for ATC Limited and contingency plans to divest most of/all of the airspace need to be enacted. There was far too much ambiguity and uncertainty about what our approach control could handle as far as overflight range and altitudes and overall volume of traffic in these conditions. The safest outcome would have been to divest our airspace above 6000 ft. and beyond 30 miles; to only operate arrivals and departures into/out of ZZZ and ZZZ3; and to immediately issue a NOTAM for limited operations. We were simply not equipped to operate IFR traffic into or out of ZZZ4 or other airports beyond 20-30 miles from our airport. Better contingency plans need to be in place for this outage; and the equipment needs to be reviewed and replaced as necessary to reduce the disappointing frequency of this type of outage.",,"I clocked in for my shift early. As soon as I clocked in all TRACON frequencies; main; standby and pass through; stopped functioning. Controllers on position were only able to use the limited range 'PET' radios for extremely limited communication. Land lines were functioning as normal; so I jumped in and helped ZZZ1 sector 1 and sector 2 with landline coordination. This facility has had multiple events in the last month of radio communication failures that seemly get repaired and put back in service; but after a short time the problems come back. The agency needs to take some acknowledgment and ownership of the persistent problem so there can be a permanent solution. It feels as though the agency is blaming the circumstances of why this may be happening; rather than finding an actual solution to this safety issue.",,"Tower and TRACON Controllers reported '...an unsafe situation...' when they were forced to use backup communication equipment which does not cover all of their airspace due to a loss of main transmitters and receivers. The reporters stated this is a recurring problem at this facility.",
1915220,202207,,BOS.Tower,MA,,,,,,,,,,,,Tower BOS,Air Carrier,A320,,2,Part 121,IFR,Passenger,,Landing,,Class B BOS,,,,,,,,,,,,,,,,,,,,,,,,,,,,Tower BOS,Air Carrier,A330,,2,Part 121,IFR,Passenger,,Landing,,Class B BOS,,,,,,,,,,,,,,,,,,,,,,,,Aircraft X,Flight Deck,Air Carrier,Pilot Flying; Captain,Flight Crew Air Transport Pilot (ATP); Flight Crew Multiengine; Flight Crew Instrument,Flight Crew Last 90 Days 205; Flight Crew Total 5500; Flight Crew Type 600,,,,,1915220,Aircraft X,Flight Deck,Air Carrier,First Officer; Pilot Not Flying,Flight Crew Air Transport Pilot (ATP); Flight Crew Multiengine; Flight Crew Instrument,Flight Crew Last 90 Days 172; Flight Crew Type 345,,,,,1915209,ATC Issue All Types; Ground Event / Encounter Ground Equipment Issue; Ground Event / Encounter Weather / Turbulence; Inflight Event / Encounter Wake Vortex Encounter,,,Person Flight Crew,In-flight,Flight Crew Executed Go Around / Missed Approach,Weather; Procedure; Environment - Non Weather Related,Ambiguous,"This report is to document the circumstances around two go-arounds on Runway 27 at BOS. I was the Captain and pilot flying on the flight [to] BOS. Flight was uneventful until short final when the actual winds and the programmed winds began to differ greatly; causing an increased mini groundspeed (Airbus gust correction) of 150 kts. vs programmed approach speed of 139. This increased ground speed; light weight; gusty winds; and delayed power reduction because of speed required; caused a ballooned flare which floated the aircraft out of the touchdown zone. Additionally; Runway 27 is only 7000 ft.; making the touchdown zone even more critical; therefore; I executed a go-around. There was a helicopter crossing departure end of 27; forcing an aggressive climb to 3000 ft. We were vectored back around for a second attempt at ILS 27; however; we were vectored 6 miles in trail of an A330 and given specific speeds that maintained that spacing on final. Due to winds of 340/13G19 and the 7000 ft. runway; the wake of the preceding A330 caused the aircraft to balloon and float out of a safe landing position again; forcing a second go-around from landing position. The go-around was uneventful; however; due to approaching reserve fuel levels; we elected to declare minimum fuel and requested vectors to Runway 33; to be more aligned with the prevailing winds and on the longer runway. Approach and landing were uneventful and we arrived at the gate with exactly 3;900 lbs. fuel; our reserve for that flight.",,"Two go arounds performed landing on Runway 27 BOS before a successful approach was conducted to 33L. Both go arounds were initiated below 50 ft.; the first of which ground contact was made during the go around. I believe the primary cause for both go arounds to be an increased reference speed due to inaccurate wind reporting at BOS. Loaded winds were 340/13g19. Airplane mini gs pushed ref speed up to 150 kts. causing excess float. This in combination with wake turbulence from a heavy on second approach prevented us from making a safe landing during first 2 events. Min fuel was declared and during 3rd approach ATC gave us updated winds of (from memory) 340/27g35. Successful landing was made.",,"A320 flight crew reported executing two go-arounds at BOS in gusty wind conditions. The second go-around also involved a wake turbulence encounter.",
1926846,202208,1201-1800,ZOB.ARTCC,OH,,,,21000,,,,,,,,Center ZOB,Air Carrier,Commercial Fixed Wing,,2,Part 121,IFR,Passenger,,Cruise,,Class A ZOB,,,,,,,,,,,,,,,,,,,,,,,,,,,,,,,,,,,,,,,,,,,,,,,,,,,,,,,,,,,,,,,,,Government,Enroute,Air Traffic Control Fully Certified,Air Traffic Control Time Certified In Pos 1 (yrs) 14,,Human-Machine Interface; Situational Awareness; Workload; Communication Breakdown; Confusion,Party1 ATC; Party2 ATC,,1926846,,,,,,,,,,,,ATC Issue All Types; Deviation - Track / Heading All Types; Deviation / Discrepancy - Procedural Clearance; Inflight Event / Encounter Fuel Issue,,,Person Air Traffic Control,In-flight,General None Reported / Taken,Procedure; Human Factors; Environment - Non Weather Related,Human Factors,"Aircraft X dept. ZZZ for PHL. The normal route for this flight is PSB.BOJID2.PHL. Due to staffing at ZNY many days the PSB sector @ ZNY will not take any PHL inbounds and they are forced to fly further southwest to JST and then the BOJID2 arrival. Aircraft X was being worked by sector 73 (BFD). The BFD Controller APREQ'd Aircraft X through the MIP/PSB sector but was told unable. He then issued the new route over JST.BOJID2.KPHL. Aircraft X then told the BFD Controller he would be on [minimum] fuel on this route. The BFD Controller relayed this info to me and issued a shortcut to MIROY intersection (the furthest he could go and still avoid the PSB/MIP sector. With the shortcut to MIROY; Aircraft X said he was now just minimum fuel status. I immediately called the STMC (Supervisory Traffic Management Coordinator) and relayed this information to see if they could get an exemption from the stop over PSB. In the meantime Aircraft X was transferred to Area 5 sector (50/53) and the situation coordinated. After just a few minutes the ZOB STMC relayed back to me that Sector XY could send him back over the PSB route. Sector XY issued this route. ZNY immediately called sector 53 and refused the flight despite the minimum fuel status; claiming no one told him anything about it; and forced sector Y to once again reroute him further south creating a potentially dangerous situation.All flights in any emergency condition including emergency and minimum fuel should be exempt from the arbitrary STOP's that ZNY puts out on a daily basis. ZNY should be closed and absorbed by surrounding facilities.",,,,"ZOB Controller reported problems with an adjacent Center and a requested route with an minimal fuel aircraft.",
1977439,202302,1201-1800,ZZZ.Airport,US,,,0,,,,,,Daylight,,,Tower ZZZ,Air Carrier,B737-700,,2,Part 121,IFR,Passenger,,Taxi,,,,,,,,,,,,,,,,,,,,,,,,,,,,,,Tower ZZZ,Air Carrier,Any Unknown or Unlisted Aircraft Manufacturer,,2,Part 121,IFR,Passenger,,Landing,,,,,,,,,,,,,,,,,,,,,,,,,,Aircraft X,Flight Deck,Air Carrier,Captain; Pilot Flying,Flight Crew Multiengine; Flight Crew Instrument; Flight Crew Air Transport Pilot (ATP),Flight Crew Last 90 Days 1300; Flight Crew Type 5500,,Time Pressure; Confusion; Communication Breakdown; Workload,Party1 Flight Crew; Party2 ATC,,1977439,Aircraft X,Flight Deck,Air Carrier,Pilot Not Flying; First Officer,Flight Crew Multiengine; Flight Crew Air Transport Pilot (ATP); Flight Crew Instrument,Flight Crew Last 90 Days 180; Flight Crew Type 630,,Distraction; Time Pressure; Workload; Communication Breakdown,Party1 Flight Crew; Party2 ATC,,1977449,ATC Issue All Types; Conflict Ground Conflict; Critical; Deviation / Discrepancy - Procedural Clearance; Deviation / Discrepancy - Procedural Published Material / Policy; Ground Incursion Runway,,,Person Flight Crew,Taxi,Air Traffic Control Issued Advisory / Alert,Human Factors,Human Factors,"[The flight] pushed on time. Ground Control instructed taxi to Runway XXL for departure and gave us a wheels up time of +15 min. We were then switched to Tower frequency with Aircraft Y holding short of Runway XXL full length and us as Aircraft X. Tower asked us to pull into the hold block for XXL to allow Aircraft Z behind us to access the runway via intersection Taxiway 1. Tower then gave Aircraft Z take off clearance from intersection Taxiway 1 but denied back taxi for full length. Aircraft Z then declined the takeoff clearance and informed Tower they would need to reload data and perform a checklist. After landing traffic on XXL; Tower asked Aircraft Z if they could move to give us access to the Runway via Taxiway 1; so we could make our wheels up time. Aircraft Y had a later wheels up time and was still holding short full length XXL. Aircraft Z was cleared to taxi down Runway XXL and clear Taxiway 2 back onto Taxiway 3. We were instructed to hold short of Runway XXL at Taxiway 1. I chose to hold our position in the hold block while we dealt with the additive condition of task loading with a runway change. Tower asked if we could take Taxiway 1. We replied on the radio that we needed a minute to load new data and run a checklist. Tower responded that we had 50 seconds to make our wheels up time or we would need a new wheels up time. I responded to please get us a new wheels up time. Traffic permitting; Tower then cleared Aircraft Y and Aircraft Z for departure; leaving us as the only aircraft in the holding block. Tower informed us of our new wheels up time. We asked Tower if we should now expect a full length departure from XXL to which they replied; 'Stand by.' Approximately five minutes passed with no response from Tower on departure point. Approaching our new wheels up time; Tower instructed us to taxi up to and hold short of Runway XXL full length. With the intersection data loaded; I told Tower that each time they change our departure point; we need to load new data and run a checklist. Tower changed out taxi instructions to taxi up to and hold short of Runway XXL at Taxiway 1. As we taxied; the First Officer had deleted our data; when our clearance was for full length; but then reloaded when our taxi instructions changed to the intersection of Taxiway 1. As we approached XXL at Taxiway 1; Tower issued what we thought was position and hold on Runway XXL at Taxiway 1. With the additive conditions of task loading to accomplish the Before Take Off Checklist and the operational pressure to make our wheels up time along with meeting minimum fuel requirements for the flight; I was getting behind and did not hear Towers second clearance. I believe both the First Officers and I's expectation bias led us to believe that a second instruction from Tower would be a line up and wait. I did rely on my First Officers response to the call; which was line up and wait XXL at Taxiway 1. Tower did not catch our error nor make any correction. As I entered the runway at Taxiway 1; I cleared final and saw company aircraft at 800 ft on final approach. I thought it was tight but it fit into my expectation bias that Tower was trying to make our wheels up time since they had emphasized our first wheels up time. As I lined up on centerline for Runway XXL; I expected a takeoff clearance but none was received. After an awkward silence and glancing at the TCAS display and now seeing company at 600 ft on final I got the sinking feeling that there may have been a miscommunication. The next radio call was Tower instructing company to go around. Tower then asked us to copy down a phone number for possible pilot deviation. I think several things led to this communication error and runway incursion. I think the Tower Controller could understand the task loading created with multiple runway changes for intersection departures. Our error was allowing additive conditions to put us behind as a crew and then letting our expectation bias for makingour wheels up time. This resulted in the communication error of reading back the wrong clearance. In the future I will not allow myself to take the runway if I feel behind for any reason regardless of a wheels up time.",,"While taxiing to Runway XXL for departure; Tower informed us of a flow time to ZZZ1 and instructed us to pull into the hold pad. There was an aircraft holding short of the runway at Taxiway 4 intersection for the full length. As our flow time approached; Tower told us that we would have to depart from Taxiway 1 intersection; and that we would not be able to back taxi. At this time we informed Tower that we would have to re-run our performance numbers and it would take a few minutes. Tower responded that they would have to get a new flow time for us; which we said was OK.After we had new performance numbers for the Taxiway 1 intersection departure; we let Tower know and received a new flow time. While we were waiting for our new flow time; the aircraft that was on Taxiway 4 for the full length departed. We asked which intersection we could plan on departing from; since we would have to re-run our numbers again for full length. Tower told us to standby; but never answered our question. As our new flow time approached; Tower told us to taxi to the full length intersection at Taxiway 4; at which time we informed them that we would have to change our performance numbers again. As we were in the process of changing our performance numbers; Tower instructed us to hold short of the runway at the Taxiway 1 intersection. It was during this time of high workload; while undoing the changes we had begun to make so we could meet our flow time; that we mistook Tower's instruction for a lineup and wait clearance. When reading back the instructions; we read back 'Runway XXL at Taxiway 1 lineup and wait;' and did not get any response or challenge from Tower. After lining up on the runway at Taxiway 1; we expected immediate takeoff clearance as there was an aircraft on final; but the clearance didn't come and the landing aircraft was instructed to go around. Once that aircraft was clear we were informed of the possible pilot deviation. We were then given takeoff clearance. If we had gotten earlier communications from Tower about the sequence of aircraft and the need for an intersection departure; we could've avoided the additive conditions that led us to be behind. If Tower had answered our question of what takeoff point we could expect for our new sequence we could've re-programmed our performance numbers while we were waiting; and we wouldn't have been task loaded at the last minute approaching our flow time. If we had told Tower we could only accept a Taxiway 1 intersection departure; when Tower instructed us to taxi for the full length; we could have avoided another last second change; which led to us being task loaded and miss hearing the second taxi instruction from Tower. If Tower had clarified our clearance after we read back XXL at Taxiway 1 lineup and wait we wouldn't have deviated from the initial instructions we were given.",,"Air carrier flight crew reported a communication breakdown between flight crew and ATC which resulted in a critical ground conflict.",
2019384,202307,0601-1200,ZZZ.ARTCC,US,,,,36000,,IMC,Turbulence; Thunderstorm,,Daylight,,,Center ZZZ,Air Carrier,EMB ERJ 145 ER/LR,,2,Part 121,IFR,Passenger,,Cruise,,Class A ZZZ,,,,,,,,,,,,,,,,,,,,,,,,Indicating and Warning - Fuel System,,X,Malfunctioning,,,,,,,,,,,,,,,,,,,,,,,,,,,,,,,,,,,,Aircraft X,Flight Deck,Air Carrier,Captain,Flight Crew Multiengine; Flight Crew Air Transport Pilot (ATP); Flight Crew Instrument,,,Troubleshooting; Workload; Communication Breakdown; Human-Machine Interface,Party1 Flight Crew; Party2 Other,,2019384,,,,,,,,,,,,ATC Issue All Types; Aircraft Equipment Problem Critical; Deviation - Track / Heading All Types; Deviation / Discrepancy - Procedural Published Material / Policy; Deviation / Discrepancy - Procedural Clearance; Inflight Event / Encounter Fuel Issue; Inflight Event / Encounter Weather / Turbulence,,,Person Flight Crew,In-flight,Air Traffic Control Provided Assistance; Flight Crew Landed in Emergency Condition; Flight Crew Requested ATC Assistance / Clarification,Aircraft,Aircraft,"We got rerouted from the northeast entry to the northwest entry. I estimated that we would have approximately 45 minutes reserve at the time of landing. As we progressed further westward the FMS fuel estimation for landing began to decrease. We were being directed from an area of good weather into an area of bad weather. I noticed an increase in the head winds from approximately 75 kts to approximately 125 kts at times. We were then notified that we would have to; more than likely hold. I informed air traffic control that we would be minimum fuel; and they suggested we go and divert. I used company radio to contact Dispatch. At this time we had entered the bad weather; and there was a tremendous amount of static over the radios. During the preceding portion of this flight leg; we were getting VOR fail; dme fail and GPS fail warnings along with Check reserve fuel warnings. Initially I made a mental fuel calculation based on a burn of 50 pounds per minute; and the FMS fuel balanced to the gauges. ETA plus remaining fuel figured against fuel gauges and 50 pounds per minute corroborated each other. I made contact with commercial radio and they patched me through to Dispatch. In the middle of the conversation with Dispatch before completely notifying them of our situation that we were minimum fuel; and looking to divert COM one went dead. I could not raise commercial radio after that point. At the same time; the first officer was starting a turn south; and I asked what was going on since I was off of COM two; and on COM one. I was told that they were turning us in. I looked down and noticed the FMS was stating that we had 1.0 remaining for fuel at ETA. ATC then gave us a turn westward; basically the wrong direction; and started factoring us out. I noticed the FMS quickly said 2.0 on the fuel and then quickly dropped to 0.8. 800 pounds is approximately 16 minutes and at that very moment air traffic control asked us if we needed [priority handling] and I had about five seconds to think it over at best; and I said yes. They gave us a fix; but I do not remember at this time what it was and put it into the FMS and hit direct to. The auto pilot then started a turn in the opposite direction. I turned off the auto pilot and manually flew the aircraft onto the proper course. I looked down at the FMS and at that point it was saying 2.0 for fuel. That started to confuse me as to why it was fluctuating as much as it was. I looked back down again and it was saying 0.8. Again; the FMS said DME fail; followed by vor fail. And again; for approximately the third time we received a check reserve fuel warning.Progressing toward the airport the FMS fuel estimation fluctuated up and down wildly. I was forced from the start of the event to either believe the FMS calculations; which had been accurate or to trust the fuel gauges. At that time we were out of contact with company and had no Alternate to divert to and we were in bad weather Imc. Since the FMS estimate was dropping lower each time; I opted for safety concerns to go with the most conservative of my fuel indications. I do remember looking down at the FMS fuel estimation a few times the approach. One minute it read 0.9 and then would jump up and read 2.0 and then it would go to a different number. I do remember seeing 0.3 and I was estimating that that would be about six minutes of flying time. At that time I stayed as high as possible with the power set to the lowest possible setting to conserve fuel. I did not extend flaps or gear until close in to the runway; conserving; momentum; and keeping drag at a minimum. I do remember looking for fields and roads coming into the north side of the airport just in case. The very last number that I saw on final approach was 0.3 for the fuel estimation. Upon Rollout I looked down again and the FMS was reading 2.0. Upon arriving at the gate it was either 1.8 or 1.9. Approximately. I really don't remember anything other than my hands and my knees were shaking. After we arrived at the gate; I remember looking down and it was reading 2.0 again.",,,,"EMB-145 Captain reported a reroute and increased headwinds caused fuel reserves to drop to minimum. The reporter stated fuel gauge indications fluctuated indicating below minimums at times and FMS was not working properly. Flight crew received priority handling and landed at destination airport.",
2051881,202311,1201-1800,ZZZ.ARTCC,US,,,,27000,,,,,,,,Center ZZZ,Military,Small Transport; Low Wing; 2 Turboprop Eng,,2,Part 91,IFR,Passenger,,Cruise,,Class A ZZZ,,,,,,,,,,,,,,,,,,,,,,,,Fuel System,,X,Malfunctioning,,,,,,,,,,,,,,,,,,,,,,,,,,,,,,,,,,,,Facility ZZZ.ARTCC,,Government,Enroute,Air Traffic Control Fully Certified,Air Traffic Control Military 1,,Workload; Time Pressure; Distraction; Communication Breakdown; Confusion,Party1 ATC; Party2 Flight Crew,,2051881,,,,,,,,,,,,ATC Issue All Types; Aircraft Equipment Problem Critical; Ground Event / Encounter Ground Equipment Issue; Inflight Event / Encounter Fuel Issue,,,Person Flight Crew; Person Air Traffic Control,In-flight,Air Traffic Control Provided Assistance; Air Traffic Control Issued New Clearance; Flight Crew Diverted; Flight Crew Requested ATC Assistance / Clarification; Flight Crew Overcame Equipment Problem; Flight Crew Landed in Emergency Condition; General Flight Cancelled / Delayed,ATC Equipment / Nav Facility / Buildings; Aircraft,Aircraft,"Aircraft X [requested priority handling] due to emergency fuel levels. Later on they would say they were checking for a possible fuel leak. I immediately cleared them directly to their original destination per their request. Later on when I was trying to gather the necessary information I needed to help the [priority handling] aircraft; I kept getting blocked on frequency from pilots who kept trying to check in on frequency. The problem is that they were out of range of the frequency coverage; so I could not hear them calling. After that Aircraft X reported that they were also getting blocked from unknown aircraft. I then had another pilot relay on frequency telling everyone to standby because I had a [priority handling] aircraft. When I had control of the frequency I then was requesting information from Aircraft X and they were coming in extremely broken; even though they were no more than 90 miles from the frequency site. Eventually they diverted to ZZZ1 and landed safely. Later on; a pilot that was also in my frequency coverage stated that my transmissions were coming in very broken. The airspace is not designed to have a frequency of this range; or of this quality. It is too big. Aircraft should be reporting further south when they are within range of the frequency. This frequency also needs to be fixed because it is having a lot of issues within the 'known' frequency coverage. The current state of the sector is unsafe due to us not being able to service emergency traffic quickly and efficiently to make sure they get the assistance needed in a stressful time. They do not have time to keep repeating themselves over and over again when they should be focusing on flying the airplane. It also adds a lot of extra workload for the controllers; if we have to keep repeating ourselves it gives us less time to come up with a safe plan for the aircraft in need.",,,,"A Center Controller reported they had difficulty communicating with an aircraft requesting special handling due to fuel leak. The reporter stated their radio coverage is not sufficient for the size of the sector.",
2057984,202311,1201-1800,ZZZ.Tower,US,,,,,,,,,,,,Tower ZZZ,Personal,PA-28 Cherokee/Archer/Dakota/Pillan/Warrior,,1,Part 91,VFR,Personal,,Final Approach; Taxi,,Class C ZZZ,,,,,,,,,,,,,,,,,,,,,,,,,,,,Tower ZZZ,Personal,PC-12,,1,Part 91,VFR,Personal,,Taxi,None,,,,,,,,,,,,,,,,,,,,,,,,,Facility ZZZ.Tower,,Government,Supervisor / CIC,Air Traffic Control Fully Certified,Air Traffic Control Military 5,,Training / Qualification; Workload,,,2057984,,,,,,,,,,,,ATC Issue All Types; Conflict Airborne Conflict; Conflict Ground Conflict; Critical; Deviation / Discrepancy - Procedural Published Material / Policy,,,Person Air Traffic Control,In-flight,Flight Crew Requested ATC Assistance / Clarification,Procedure; Company Policy; Human Factors,Procedure,"The local controller is a terrible controller. An airplane came in with minimum fuel wanting to land. Controller talked the airplane in to trying to land XXR on a 2 mile final at 4000 feet. Obviously didn't work. As the in charge I told him it wouldn't work and downwind him for XYL which was the original plan from approach. Controller did not do that or issue any other control instructions and aircraft departs off XXR straight into arrivals for XY. Aircraft then cuts left in front of another aircraft on 2 mile base for XYR. That aircraft I don't believe was ever even cleared to land XYR. After all that the local controller tried to taxi the PA-28 into the ramp via Taxiway 1; Taxiway 2; to cross XYL. There was a PC-12 on [Taxiway] 2 he forgot about that he was working. He talked the PA-28 into almost smashing into the back of the PC-12. Myself and another controller had to tell him to stop taxiing the PA-28 because of the PC-12 on taxiway 2. The PA-28 had to slam on his brakes because they came to within 10 ft of each other. Suggestion: Recommend pulling this controllers certifications and to retrain. Controller has safety issues happen daily because of capacity and ability and lack there of without management holding him accountable or taking it seriously.",,,,"A Tower Controller in Charge reported the Local Controller gave instructions to an arriving aircraft which resulted in conflict with opposite direction traffic. When the arriving aircraft landed the same controller issued taxi instructions to the aircraft which caused a conflict with another taxiing aircraft.",
2093695,202403,0601-1200,ZZZ.Airport,US,,,,,,VMC,,,,,,TRACON ZZZ,Air Carrier,B787 Dreamliner Undifferentiated or Other Model,,3,Part 121,IFR,Passenger,FMS Or FMC; GPS; Localizer/Glideslope/ILS ILS XX,Final Approach,STAR ZZZZZ,Class B ZZZ,,,,,,,,,,,,,,,,,,,,,,,,,,,,Tower ZZZ,Air Carrier,Widebody; Low Wing; 2 Turbojet Eng,,,Part 121,IFR,Passenger,FMS Or FMC; GPS,Takeoff / Launch,,,,,,,,,,,,,,,,,,,,,,,,,,Aircraft X,Flight Deck,Air Carrier,Pilot Flying; First Officer,Flight Crew Instrument; Flight Crew Multiengine; Flight Crew Air Transport Pilot (ATP),Flight Crew Last 90 Days 179.72; Flight Crew Total 1302.07; Flight Crew Type 1088.63,,Distraction; Communication Breakdown; Workload; Situational Awareness,Party1 Flight Crew; Party2 ATC,,2093695,Aircraft X,Flight Deck,Air Carrier,Pilot Not Flying; First Officer,Flight Crew Air Transport Pilot (ATP); Flight Crew Instrument; Flight Crew Multiengine,Flight Crew Last 90 Days 180.05; Flight Crew Total 7908.30; Flight Crew Type 3620.72,,Workload; Situational Awareness; Distraction; Communication Breakdown,Party1 Flight Crew; Party2 ATC,,2093372,ATC Issue All Types; Conflict Ground Conflict; Critical; Deviation - Track / Heading All Types; Deviation / Discrepancy - Procedural Clearance; Inflight Event / Encounter Fuel Issue,,,Automation Air Traffic Control; Person Flight Crew; Person Air Traffic Control,In-flight,Air Traffic Control Issued New Clearance; Flight Crew Executed Go Around / Missed Approach,Procedure; Human Factors,Ambiguous,"Standard arrival into ZZZ from ZZZZ via ZZZZZ arrival with vectors to ILSXXR. While established on final near ZZZZZ1; Aircraft Y was cleared [TO] takeoff but appeared slow to begin their takeoff. In cockpit; we identified unlikeliness of making landing due to Aircraft Y; delayed takeoff roll. First Officer (FO) reviewed aloud the go-around procedures in preparation for a likely go-around. We continued approach waiting for Aircraft Y to takeoff. Tower directed us to go-around. FO was the pilot flying and initiated the go-around procedures as previously briefed. Tower assigned us heading 260 and an altitude but the altitude assignment was initially unclear. Captain; the pilot monitoring; queried Tower to repeat altitude assignment; Tower repeated 2100 and Captain (CA) and FO worked together to reconfigure the aircraft and fly heading 260 and climb to 2100. After turning to 260 we went IMC. Tower directed us to switch to ZZZ. CA asked Tower for ZZZ Approach frequency. I typed ZZZ frequency into the radio to ease crew workload. CA contacted ZZZ and we were assigned new heading 180 and new altitude of 5000. CA set 5000 and FO set heading 180 in Mode Control Panel (MCP). CA declared minimum fuel. While returning for ILS XXR; ATC questioned our flight path and thought we deviated from assigned heading. ZZZ Controller informed us he had a phone number for us to write down and call after landing. The Controller gave us a few seconds to find a writing utensil/paper to write the number. I wrote down XXX-XXX-XXXX to back up CA . CA repeated phone number to ZZZ Controller. The remainder of the flight was uneventful. We received vectors to ILSXXR; landed; taxied to gate 1; shutdown on taxiway near gate 2 in preparation for required tow-in into gate 2. After we completed flying duties and all checklists we contacted ZZZ.",,"While on short final to Runway XXR at ZZZ; Tower clears Aircraft Y to taxi into position and hold on XXR. We had been cleared to land. Aircraft Y was then cleared for take off. At app. 700 AGL; Tower directs us to go-around. The go-around procedure was initiated and Tower gave us a heading of 260 degrees and an altitude of 2100. Departure gave us a new heading of 180 degrees and an altitude of 5000. While on a heading of 180 degrees; finishing up our procedures and climbing through app. 3000; we were told to call Tower after landing and to copy down a phone number. ATC was under the impression that we had been on a heading of 280 instead of 260. We were in and out of clouds and in proximity of terrain when requested to write down the number to call.",,"B787 first officers reported a conflict on short final and a go-around issued by ATC. The pilots were later informed they had deviated from their assigned track during the missed approach maneuver.",
2212055,202502,0601-1200,DCA.Airport,DC,,,,1000,,,,,,,,Tower DCA,,Helicopter,,2,Part 91,VFR,,,Other Holding Pattern,Visual Approach,Class B DCA,,,,,,,,,,,,,,,,,,,,,,,,,,,,Tower DCA,Air Carrier,Commercial Fixed Wing,,2,Part 121,IFR,Passenger,,Final Approach,Visual Approach,Class B DCA,,,,,,,,,,,,,,,,,,,,,,,,Facility DCA.Tower,,Government,Local,Air Traffic Control Fully Certified,,,Training / Qualification; Workload; Situational Awareness; Other / Unknown,,,2212055,,,,,,,,,,,,ATC Issue All Types; Deviation / Discrepancy - Procedural Published Material / Policy; No Specific Anomaly Occurred Unwanted Situation,,,Person Air Traffic Control,In-flight,Air Traffic Control Separated Traffic; Flight Crew Executed Go Around / Missed Approach,Human Factors,Human Factors,"DCA has been suspended from using Pilot Applied and Tower Applied Visual Separation per 7110.65AA. There is already a TFR and a NOTAM in place which are directly conflicting as they restrict different parts from helicopters in close proximity to the airport. The suspension of visual separation went into effect; introduced complexity while introducing risk to DCA and PCT TRACON. Aircraft X was being held approximately 3 miles west of DCA as we are required to provide radar separation between helicopters and fixed wing aircraft in a Class B airspace (1.5 miles or 500 feet). Aircraft X reported that he was minimum fuel while waiting for a gap in the arrivals to be able to proceed back to DCA. Aircraft Y was roughly 3.5 miles south of the field on a visual approach and already cleared to land when I gave him go-around instructions to climb and maintain 3000 feet; turn left heading of 280 in accordance with DCA and PCT's LOA (Letter of Agreement) for go-around procedures. Aircraft Z was approximately 5 miles behind Aircraft Y on a visual approach; also already cleared to land when I also issued a go-around instruction to climb and maintain 3000 feet. Coordination was done at the assistant Local Control position with the Final Controller who was already inundated with other arrivals behind Aircraft Z and an aircraft who was doing checks nearby only adding to the already complex and busy operation at PCT. I told Aircraft Z to continue with his present heading until further advised to not turn him directly towards the Aircraft Y and then issued Aircraft Z the 280 heading when he was already well above Aircraft X and past the point where he would be in direct conflict with Aircraft Y.Recommendation: Allow controllers to use the tools that are prescribed within the 7110.65 as it is the way we are trained to work at a VFR Tower. We are being forced to use minimum radar separation rules while only having a Radar Qualification CBI (Computer Based Instruction) that I had years ago at a different VFR Tower that also had a different class of airspace.",,,,"DCA Tower Controller reported the suspension of visual separation and the use of minimum radar separation at DCA Airport has led to increased complexity; risk; and go-arounds for arrivals.",
2236362,202504,1801-2400,ROA.Airport,VA,,,,6000,,,,,,,,TRACON ROA,Air Carrier,Commercial Fixed Wing,,2,Part 121,IFR,Passenger,,Climb,,Class C ROA,,,,,,,,,,,,,,,,,,,,,,,,GPWS,,X,Malfunctioning,TRACON ROA,,Any Unknown or Unlisted Aircraft Manufacturer,,,,,,,,,Class C ROA,,,,,,,,,,,,,,,,,,,,,,,,Aircraft X,Flight Deck,Air Carrier,Pilot Flying; Captain,Flight Crew Air Transport Pilot (ATP); Flight Crew Instrument; Flight Crew Multiengine,,,,,,2236362,Aircraft X,Flight Deck,Air Carrier,Pilot Not Flying; First Officer,Flight Crew Multiengine; Flight Crew Instrument; Flight Crew Air Transport Pilot (ATP),,,,,,2240871,ATC Issue All Types; Aircraft Equipment Problem Less Severe; Conflict Airborne Conflict; Deviation - Altitude Overshoot; Deviation / Discrepancy - Procedural Clearance; Inflight Event / Encounter CFTT / CFIT,,,Automation Aircraft RA; Automation Aircraft Terrain Warning; Person Flight Crew,In-flight,Flight Crew FLC complied w / Automation / Advisory,Procedure; Aircraft,Procedure,"ROA Departure cleared us to 5200'. Once we got to that altitude a terrain alert with climb warning occurred. We started climbing and advised Departure that we need to climb to 6000'. Departure responded that MSA in that area was 5100' and they don't understand why we got such alert. We continued climbing to 6000' as alert climbing was still occurring. Few minutes after climbing; another traffic was descending and RA alert occurred with traffic 400' above. RA gave us a descend alert and we responded to RA and descended until conflict cleared.Cause: Departure clearing to altitude close to mountain terrains.Suggestion: ROA has been a constant terrain issue to us and I suggest that Departure give us at least 6000' instead of 5100'. Yes we were above mountains but terrain alerts always occur in that area at altitudes less than 5500'. Happened before on descent to final and on another departure couple months ago.",,"After diverting to ROA due to windshear / minimum fuel at ZZZZ; refueled and were cleared to depart ROA. After initial departure; assigned 5200 feet while crossing terrain. Received GPWS alert; directing climb. Began climb and notified ATC; who argued with us that 5200 was the MVA in that sector. We continued climb for terrain anyway; as directed by GPWS; and requested 6000 feet. As we leveled out; received RA for traffic; directing descent. Descended to approximately 5800 feet until clear of conflict and able to return to 6000 feet.Cause: While 5200 is the legal minimum vector altitude in that sector; it is not enough to prevent our on-board systems from reacting to the terrain. ATC did a poor job managing our route and necessary altitude with other inbound traffic in the area.Suggestion: Higher altitude out of ROA due to terrain and our GPWS system.",,"Air carrier flight crew reported having recurring terrain alerts while departing out of ROA and climbed to a higher altitude for terrain but while doing so; received an RA. The flight crew suggested ATC should clear the flight crew to a higher departure altitude for terrain.",
2253811,202506,,IAH.Airport,TX,,,450,,,VMC,Rain; Thunderstorm,,,,,Tower IAH,Air Carrier,Commercial Fixed Wing,,2,Part 121,IFR,Passenger,,Final Approach,Visual Approach,Class B IAH,,,,,,,,,,,,,,,,,,,,,,,,,,,,Tower IAH,,Any Unknown or Unlisted Aircraft Manufacturer,,,,,,,,,,,,,,,,,,,,,,,,,,,,,,,,,Aircraft X,Flight Deck,Air Carrier,Captain; Pilot Flying,Flight Crew Air Transport Pilot (ATP); Flight Crew Instrument; Flight Crew Multiengine,Flight Crew Last 90 Days 49.23; Flight Crew Type 817.97,,Other / Unknown,,,2253811,,,,,,,,,,,,ATC Issue All Types; Conflict Ground Conflict; Critical; Ground Incursion Runway; Inflight Event / Encounter Fuel Issue,,,Person Air Traffic Control,In-flight,Air Traffic Control Issued New Clearance; Air Traffic Control Provided Assistance; Air Traffic Control Separated Traffic; Flight Crew Executed Go Around / Missed Approach,Airspace Structure; Human Factors,Ambiguous,"Around 450' on approach to runway 26R; IAH tower told us to go around because of traffic still on the runway. We had a normal and uneventful go-around. We declared minimum fuel since our alternate was DFW and the go-around used much of our contingency fuel. ATC gave us priority handing and we had a successful approach and landing.",,,,"Air carrier Captain reported a traffic conflict with another aircraft on the runway; when on final approach for landing. ATC issued go-around instructions and the Captain declared minimum fuel and returned for a landing.",
2288155,202509,,ZZZ.Airport,US,,,,1500,,VMC,,,,,,Tower ZZZ,Air Carrier,B737 Undifferentiated or Other Model,,2,Part 121,IFR,Passenger,,Final Approach,,Class B ZZZ,,,,,,,,,,,,,,,,,,,,,,,,,,,,Tower ZZZ,Air Carrier,Commercial Fixed Wing,,2,Part 121,IFR,,,Final Approach,,Class B ZZZ,,,,,,,,,,,,,,,,,,,,,,,,Aircraft X,Flight Deck,Air Carrier,Pilot Flying; Captain,Flight Crew Instrument; Flight Crew Multiengine; Flight Crew Air Transport Pilot (ATP),,,,,,2288155,,,,,,,,,,,,ATC Issue All Types; Conflict Airborne Conflict; Deviation / Discrepancy - Procedural Published Material / Policy; Inflight Event / Encounter CFTT / CFIT; Inflight Event / Encounter Fuel Issue,,,Automation Air Traffic Control; Automation Aircraft Terrain Warning; Automation Aircraft RA; Person Flight Crew; Person Air Traffic Control,In-flight,Air Traffic Control Issued Advisory / Alert; Flight Crew Executed Go Around / Missed Approach; Flight Crew FLC complied w / Automation / Advisory,Airport; Procedure; Human Factors,Procedure,"On the RNAV ZZZZZ visual XXL we had pairing traffic to the parallel Runway.  At approx. 1500ft AFE (Above Field Elevation) we received a TCAS RA that commanded a descent.  I followed the RA down to 1000ft where tower issued us a low altitude alert and I elected to Go Around.  We were re-sequenced for another visual approach to XXL.  This time we were given a heading to intercept the localizer so we flew the ILS for course guidance on our visual approach.  We received an RA at about 1500ft which again commanded a descent.  I followed the RA again down to 1000ft where we received a 'GLIDESLOPE' aural and tower again issued a low altitude alert.  I called another Go-around and was resequenced again for a third visual to XXL.  At this point we were indicating 5;000lbs of fuel onboard.  I advised my FO that if we went below 4600lbs we would be declaring Minimum Fuel as we would be committed to landing ZZZ.  ZZZ1 was a 600lb fuel burn from ZZZ.  The third visual approach was completed to a landing without any issues due to better staggering of the pairing traffic.",,,,"B737 Captain received multiple TCAS RA alerts followed by low altitude alerts due to parallel approaches.",
2288407,202509,1801-2400,ZZZ.Airport,US,,,0,,,,,,,,,Tower ZZZ,Personal,M-20 Series Undifferentiated or Other Model,,1,Part 91,VFR,Personal,,Initial Climb,None,Class D ZZZ,,,,,,,,,,,,,,,,,,,,,,,,Oil Filler Cap,,X,Improperly Operated,,,,,,,,,,,,,,,,,,,,,,,,,,,,,,,,,,,,Facility ZZZ.Tower,,Government,Local,Air Traffic Control Fully Certified,Air Traffic Control Time Certified In Pos 1 (yrs) 8,,Communication Breakdown; Time Pressure; Workload,Party1 ATC; Party2 ATC,,2288407,,,,,,,,,,,,ATC Issue All Types; Aircraft Equipment Problem Critical; Ground Event / Encounter Loss Of Aircraft Control; Ground Excursion Runway,,,Person Air Traffic Control; Person Flight Crew,In-flight,Air Traffic Control Issued New Clearance; Air Traffic Control Provided Assistance; Flight Crew Landed in Emergency Condition; Flight Crew Overcame Equipment Problem; Flight Crew Regained Aircraft Control; Flight Crew Requested ATC Assistance / Clarification; Flight Crew Returned To Departure Airport; General Flight Cancelled / Delayed,Human Factors; ATC Equipment / Nav Facility / Buildings; Aircraft,Aircraft,"Aircraft X; a VFR Mooney; was departing runway XXR northwest bound. Shortly after becoming airborne Aircraft X stated they needed to return to the runway. The CIC was able to immediately call the crash truck using the dial line at the back of the tower because the direct crash phone is out of service. The CIC (Controller In Charge) had to call the crash team twice because they hung up on the initial call. I had no other traffic in the airspace so I offered the Mooney the option to make a teardrop or enter the downwind; whatever the pilot needed and felt most comfortable doing reference the emergency situation they were experiencing. The piloted decided they wanted to make a teardrop and return; I cleared Aircraft X to land runway XYL and gave the wind. Due to the close proximity to the runway I did not want to distract the pilot with questions of the nature of the emergency; fuel; and souls on board. When the pilot was over the numbers I asked the pilot to check wheels down since I did not observe his nose light on. Aircraft X decided on a go around; stating he was too tight and high. I then offered the pilot to perform another teardrop and return to runway XXR or enter the downwind. The pilot said they would like to try the teardrop again. I asked the pilot if they had time and felt comfortable if they could state the nature of the emergency; he said that the oil filter flap and the cowling were unsecured. Once in the upwind I offered runway XA to the pilot; he declined; I re-cleared Aircraft X to land runway XXR. It appeared Aircraft X touched down at approximately taxiway 1 and kept going into the grass at the end of the runway. When the plane appeared to stop I told the pilot that the emergency vehicles were on the way; asked if he was okay; and when able to shut off the plane. The pilot stated they were okay and he continued to taxi the plane around in the grass and return to the runway to exit onto taxiway 1. I again verified that the pilot was okay and asked them to contact ground once he cleared the runway. He taxied under his own power back to the ramp. We need a working direct phone to the emergency crash team. Not having a working line is dangerous and unacceptable. I think if there was a way to extend the runway; add a longer overrun; or EMAS would be ways to help protect other aircraft from going off the end of the runway.",,,,"A Tower Controller reported a light aircraft returning to land due to aircraft problems rolled off the end of the runway. No damage or injuries; and the aircraft taxied to the ramp under its own power.",
