 ,Time,Time,Place,Place,Place,Place,Place,Place,Place,Environment,Environment,Environment,Environment,Environment,Environment,Aircraft 1,Aircraft 1,Aircraft 1,Aircraft 1,Aircraft 1,Aircraft 1,Aircraft 1,Aircraft 1,Aircraft 1,Aircraft 1,Aircraft 1,Aircraft 1,Aircraft 1,Aircraft 1,Aircraft 1,Aircraft 1,Aircraft 1,Aircraft 1,Aircraft 1,Aircraft 1,Aircraft 1,Aircraft 1,Aircraft 1,Aircraft 1,Aircraft 1,Aircraft 1,Aircraft 1,Aircraft 1,Aircraft 1,Aircraft 1,Aircraft 1,Aircraft 1,Aircraft 1,Aircraft 1,Aircraft 1,Component,Component,Component,Component,Aircraft 2,Aircraft 2,Aircraft 2,Aircraft 2,Aircraft 2,Aircraft 2,Aircraft 2,Aircraft 2,Aircraft 2,Aircraft 2,Aircraft 2,Aircraft 2,Aircraft 2,Aircraft 2,Aircraft 2,Aircraft 2,Aircraft 2,Aircraft 2,Aircraft 2,Aircraft 2,Aircraft 2,Aircraft 2,Aircraft 2,Aircraft 2,Aircraft 2,Aircraft 2,Aircraft 2,Aircraft 2,Aircraft 2,Aircraft 2,Aircraft 2,Aircraft 2,Aircraft 2,Aircraft 2,Aircraft 2,Person 1,Person 1,Person 1,Person 1,Person 1,Person 1,Person 1,Person 1,Person 1,Person 1,Person 1,Person 2,Person 2,Person 2,Person 2,Person 2,Person 2,Person 2,Person 2,Person 2,Person 2,Person 2,Events,Events,Events,Events,Events,Events,Assessments,Assessments,Report 1,Report 1,Report 2,Report 2,Report 1,
ACN,Date,Local Time Of Day,Locale Reference,State Reference,Relative Position.Angle.Radial,Relative Position.Distance.Nautical Miles,Altitude.AGL.Single Value,Altitude.MSL.Single Value,Latitude / Longitude (UAS),Flight Conditions,Weather Elements / Visibility,Work Environment Factor,Light,Ceiling,RVR.Single Value,ATC / Advisory,Aircraft Operator,Make Model Name,Aircraft Zone,Crew Size,Operating Under FAR Part,Flight Plan,Mission,Nav In Use,Flight Phase,Route In Use,Airspace,Maintenance Status.Maintenance Deferred,Maintenance Status.Records Complete,Maintenance Status.Released For Service,Maintenance Status.Required / Correct Doc On Board,Maintenance Status.Maintenance Type,Maintenance Status.Maintenance Items Involved,Cabin Lighting,Number Of Seats.Number,Passengers On Board.Number,Crew Size Flight Attendant.Number Of Crew,Airspace Authorization Provider (UAS),Operating Under Waivers / Exemptions / Authorizations (UAS),Waivers / Exemptions / Authorizations (UAS),Airworthiness Certification (UAS),Weight Category (UAS),Configuration (UAS),Flight Operated As (UAS),Flight Operated with Visual Observer (UAS),Control Mode (UAS),Flying In / Near / Over (UAS),Passenger Capable (UAS),Type (UAS),Number of UAS Being Controlled (UAS),Aircraft Component,Manufacturer,Aircraft Reference,Problem,ATC / Advisory,Aircraft Operator,Make Model Name,Aircraft Zone,Crew Size,Operating Under FAR Part,Flight Plan,Mission,Nav In Use,Flight Phase,Route In Use,Airspace,Maintenance Status.Maintenance Deferred,Maintenance Status.Records Complete,Maintenance Status.Released For Service,Maintenance Status.Required / Correct Doc On Board,Maintenance Status.Maintenance Type,Maintenance Status.Maintenance Items Involved,Cabin Lighting,Number Of Seats.Number,Passengers On Board.Number,Crew Size Flight Attendant.Number Of Crew,Airspace Authorization Provider (UAS),Operating Under Waivers / Exemptions / Authorizations (UAS),Waivers / Exemptions / Authorizations (UAS),Airworthiness Certification (UAS),Weight Category (UAS),Configuration (UAS),Flight Operated As (UAS),Flight Operated with Visual Observer (UAS),Control Mode (UAS),Flying In / Near / Over (UAS),Passenger Capable (UAS),Type (UAS),Number of UAS Being Controlled (UAS),Location Of Person,Location In Aircraft,Reporter Organization,Function,Qualification,Experience,Cabin Activity,Human Factors,Communication Breakdown,UAS Communication Breakdown,ASRS Report Number.Accession Number,Location Of Person,Location In Aircraft,Reporter Organization,Function,Qualification,Experience,Cabin Activity,Human Factors,Communication Breakdown,UAS Communication Breakdown,ASRS Report Number.Accession Number,Anomaly,Miss Distance,Were Passengers Involved In Event,Detector,When Detected,Result,Contributing Factors / Situations,Primary Problem,Narrative,Callback,Narrative,Callback,Synopsis,

96565,198810,0601-1200,CLE,OH,,,0,,,VMC,,,Night,,,Tower CLE,Air Carrier,Medium Large Transport; Low Wing; 2 Turbojet Eng,,2,,IFR,Passenger,,Taxi; Parked,,,,,,,,,,,,,,,,,,,,,,,,,,,,,,,,,,,,,,,,,,,,,,,,,,,,,,,,,,,,,,,,,,,Air Carrier,Captain; Pilot Flying,Flight Crew Air Transport Pilot (ATP),,,,,,96565,,,,,,,,,,,,Deviation / Discrepancy - Procedural FAR; Deviation / Discrepancy - Procedural Clearance; Ground Incursion Runway,,,Person Flight Crew,,General None Reported / Taken,,Human Factors,"RUNWAY INCURSION ON TAXI-OUT FOR TAKE-OFF ON RUNWAY 23L AT CLE. NO ACTION REQUIRED BY TWR. I FEEL THE LIGHTING AND MARKINGS AT THE INTERSECTION OF RUNWAYS 23L AND 28 ARE VERY POOR.",,,,"ACR MLG UNAUTH RWY ENTRY.",
472547,200005,0601-1200,ORD.Airport,IL,,0,0,,,VMC,10,,Daylight,CLR,,Tower ORD.Tower,Air Carrier,Medium Large Transport; Low Wing; 2 Turbojet Eng,,2,Part 121,IFR,Passenger,,Landing,,,,,,,,,,,,,,,,,,,,,,,,,,,,,,Tower ORD.Tower,,MU-300 Diamond 1/1A,,2,Part 91,,,,Taxi,,,,,,,,,,,,,,,,,,,,,,,,,,Aircraft X,,Air Carrier,Captain; Pilot Flying,Flight Crew Flight Engineer; Flight Crew Flight Instructor; Flight Crew Air Transport Pilot (ATP),Flight Crew Last 90 Days 150; Flight Crew Total 12000,,,,,472547,Aircraft X,,Air Carrier,Pilot Not Flying; Flight Engineer / Second Officer,Flight Crew Multiengine; Flight Crew Instrument; Flight Crew Commercial,,,,,,,Conflict Ground Conflict; Less Severe; Deviation / Discrepancy - Procedural FAR; Deviation / Discrepancy - Procedural Published Material / Policy; Ground Incursion Runway,,,Person Flight Crew; Person Air Traffic Control,,General None Reported / Taken,Human Factors,Human Factors,"ON BEING CLEARED TO LAND AT ORD ON RWY 09R WE WERE NOT ISSUED A LAHSO CLEARANCE; JUST; 'CLEARED TO LAND RWY 09;' WE EVEN VERIFIED THIS AT 1000 FT AGL BECAUSE I WAS UNSURE OF THE CALL. AS WE WERE ROLLING OUT ON RWY 09R; BETWEEN 90 KTS AND 80 KTS; WHICH WE STILL CONSIDER THE HIGH SPEED REGIME; WE WERE CALLED BY ORD TOWER AND ASKED TO TURN OFF ON TXWY M6; AT THE SAME TIME WE SAW A MITSUBISHI DIAMOND JET CROSS OUR RUNWAY AT TXWYS. WE WERE BETWEEN TXWY M5 AND TXWY M6 AT THE TIME OF THE CALL. WE WERE STOWING REVERSERS AND PREPARING TO MAKE THE TURN WHEN AN REGIONAL JET CROSSED RIGHT BEHIND THE DIAMOND JET. UPON CALLING THE TOWER AT ORD; THE TOWER SUPERVISOR SAID THAT THEY; TECHNICALLY COULDN'T CLEAR US FOR A LAHSO OPERATION BECAUSE THERE WAS A 4 KT TAILWIND. BUT THAT THE TOWER CONTROLLER THOUGHT THAT WE WOULD BE SLOWED ENOUGH THAT HE COULD CROSS THE 2 AIRCRAFT. I BROUGHT UP THAT THE DIAMOND JET WAS ON OUR RWY BEFORE WE HAD ACKNOWLEDGED BEING ABLE TO MAKE TXWY M6 AND THAT IF WE HAD A HYDRAULIC MALFUNCTION THAT THE OPERATION COULD HAVE BEEN A REAL MESS. HE TECHNICALLY COULDN'T GIVE US A LAHSO CLEARANCE DUE TO THE TAILWIND BUT HE DID THE OPERATION ANYWAY. THE RUNWAY WAS LEGALLY OURS AS THE LANDING AIRCRAFT AND A RUNWAY INCURSION OR TWO WAS CAUSED BY ORD TOWER.",,,,"DURING LANDING ROLL; ORD ATCT CTLR INSTRUCTED MLG CREW TO TURN OFF AT TAXIWAY M-6. BEFORE THE CREW COULD ACKNOWLEDGE; TFC WAS OBSERVED AHEAD CROSSING THE RWY.",
716407,200611,0601-1200,EVV.Airport,IN,,,0,,,VMC,,,Daylight,,,Tower EVV.Tower,Air Carrier,Regional Jet 200 ER/LR (CRJ200),,2,Part 121,IFR,Passenger,,Taxi,,,,,,,,,,,,,,,,,,,,,,,,,,,,,,,,,,,,,,,,,,,,,,,,,,,,,,,,,,,,,,,,,Aircraft X,,Air Carrier,Check Pilot,,Flight Crew Total 13000; Flight Crew Type 5000,,,,,716407,Aircraft X,,Air Carrier,Pilot Flying; Captain,,,,,,,,Deviation / Discrepancy - Procedural Clearance; Ground Incursion Runway,,,Person Flight Crew,,,Human Factors; Chart Or Publication; Airport,Human Factors,"THERE I WAS; CONDUCTING A LINE CHECK; WHEN I OBSERVED A CREW MIS-READ RUNWAY SIGNS AND MARKINGS. THIS RESULTED IN THEIR RI CROSSING THE HOLD SHORT LINE FOR RWY 4 AT TXWY F WITHOUT A CLEARANCE. (NOTE THAT THIS WAS NOT A RUNWAY INCURSION BY DEFINITION; SINCE THERE WAS NO CONFLICTING TRAFFIC.) THE CREW SCREWED UP; BUT THEY HAD A LOT OF HELP FROM POOR AIRPORT SIGNAGE AND MARKINGS AND AN AMBIGUOUS CLEARANCE FROM ATC. THE TAKEOFF WAS PLANNED FOR RWY 4 AT TXWY F; DUE TO AIRPORT CONSTRUCTION. THE CLEARANCE WAS TO TAXI VIA RWY 18 AND TXWY F; HOLD SHORT OF RWY 4 ON TXWY F AND CLEAR OF RWY 18. TXWY F IS SHORT; WITH TWO HOLD SHORT LINES ABOUT 50 FEET APART; ONE FOR RWY 4-22 AT THE WEST END AND ONE FOR RWY 18-36 FURTHER EAST. IT IS NOT POSSIBLE TO HOLD SHORT OF RWY 4 ON TXWY F AND REMAIN CLEAR OF RWY 18-36 AT THE SAME TIME IN AN AIRPLANE THIS SIZE. THIS CREW TAXIED TO THE BACK SIDE OF THE RWY 18-36 HOLD SHORT MARKING IN AN EFFORT TO COMPLY WITH THE CLEARANCE BEFORE REALIZING THAT THEY HAD CROSSED THE CORRECT HOLD SHORT LINE IN THE PROCESS. A TAKEOFF CLEARANCE FROM THE TOWER FOLLOWED LESS THAN A MINUTE THEREAFTER. I AM SUGGESTING SEVERAL COUNTER MEASURES TO SOLVE THIS PROBLEM: 1) REMIND ATC THAT A TRANSPORT AIRCRAFT HOLDING SHORT OF RWY 4 AT TXWY F WILL ENCROACH ON RUNWAY RWY 18-36; AND VICE VERSA DUE TO THE SHORT LENGTH OF THE TAXIWAY. 2) PUBLISH A COMPANY NOTAM AS ABOVE; CAUTIONING FOR CLOSELY-SPACED RWYS. THIS NOTAM MAY BE CANCELLED WHEN AIRPORT CONSTRUCTION IS COMPLETED. 3) REPAINT THE EXISTING HOLD SHORT (FADED AND WORN) MARKINGS TO COMPLY WITH MODERN STANDARDS. DOUBLE-WIDE OUTLINE IN CONTRASTING PAINT; AND THE 150 FT 'ZIPPER' MARKING; AS PER THE COMMERCIAL CHART MANUAL INTRODUCTION. 4) REPLACE THE BLANK BACK SIDES OF THE RWY HOLD SHORT SIGNS WITH RWY BOUNDARY SIGNS AS PER COMMERCIAL CHART. 5) WIG-WAGS AND HOLD SHORT SIGNS ON BOTH SIDES OF THE TXWY WOULDN'T HURT. 6) PUT A DESIGNATION ON THE COMMERCIAL CHART. 7) PUBLISH A SEPARATE 10-9 CHART. THIS WOULD ALLOW THE SCALE TO BE EXPANDED TO SHOW MORE DETAIL; SUCH AS THE LOCATION OF HOLD SHORT LINES.CALLBACK CONVERSATION WITH RPTR REVEALED THE FOLLOWING INFO: THE UNUSUAL TAXI RTE WAS DONE BECAUSE OF CONSTRUCTION ON THE ARPT REQUIRING THE USE OF AN INTERSECTION TKOF. THE ERROR WAS USED AS A TRAINING OPPORTUNITY ONCE DISCOVERED. THERE WAS NO OTHER TFC INVOLVED.",,,,"CRJ200 CREW AT EVV RPTS INADVERTENT RWY INCURSION ON RWY 4 AT TXWY F DUE TO POSITION OF HOLD LINES; BUT REMAINS CLEAR OF RWY 18 AS REQUESTED.",
758634,200710,0601-1200,EDDM.Airport,FO,,0,0,,,Marginal,,,,,,Tower EDDM.Tower,Air Carrier,Widebody Transport,,3,Part 121,IFR,Passenger,,Taxi,,,,,,,,,,,,,,,,,,,,,,,,,,,,,,,,,,,,,,,,,,,,,,,,,,,,,,,,,,,,,,,,,Aircraft X,,Air Carrier,Pilot Not Flying; Captain,,Flight Crew Last 90 Days 220; Flight Crew Total 17000; Flight Crew Type 525,,,,,758634,,,,,,,,,,,,Conflict Ground Conflict; Less Severe,,,Person Flight Crew,,General None Reported / Taken,Procedure; Airport,Airport,"THIS TXWY B1 AND TXWY B2 SHOULD BE DESIGNATED A HOTSPOT -- NOT FOR RUNWAY INCURSION; BUT BECAUSE IF 1 WIDEBODY AIRCRAFT IS CLEARED TO HOLD SHORT ON TXWY B1 AND ANOTHER ON TXWY B2 (AS WAS THE CASE ON THIS FLIGHT); IF BOTH PROCEED TO THE NON-IFR HOLD SHORT LINE; IT APPEARS THAT THERE IS SERIOUS POTENTIAL FOR WINGTIP-TO-WINGTIP COLLISION IF EITHER IS CLEARED TO LINE UP AND WAIT. HAD WE PULLED UP TO THE NON-IFR HOLD SHORT LINE AND THE A340 HOLDING AT THE NON-IFR HOLD SHORT LINE ON TXWY B2 BEEN TOLD TO MOVE FORWARD; I WOULD BE SURPRISED IF A WINGTIP COLLISION WOULD NOT HAVE OCCURRED.",,,,"AN ACR CAPT REPORTS POTENTIAL WINGTIP TO WINGTIP CONFLICT AT EDDM ON TXWYS B1 AND B2.",
818774,200901,,DWH.Airport,TX,,,0,,,VMC,,,Daylight,,,Tower DWH.Tower,Air Taxi,Small Aircraft; High Wing; 1 Eng; Fixed Gear,,1,Part 135,,Cargo / Freight / Delivery,,Taxi,,,,,,,,,,,,,,,,,,,,,,,,,,,,,,,,,,,,,,,,,,,,,,,,,,,,,,,,,,,,,,,,,Aircraft X,,,Pilot Flying; Single Pilot,Flight Crew Commercial; Flight Crew Instrument; Flight Crew Multiengine,Flight Crew Last 90 Days 120; Flight Crew Total 2400; Flight Crew Type 300,,,,,818774,Facility DWH.Tower,,Government,Local,,,,,,,,Deviation / Discrepancy - Procedural FAR; Deviation / Discrepancy - Procedural Clearance; Ground Incursion Runway,,,Person Air Traffic Control,,General None Reported / Taken,Airport; Human Factors,Human Factors,"I WAS CLEARED FOR LANDING ON RUNWAY 17R; THIS WAS A VISUAL APPROACH WITH THE WEATHER CLEAR. UPON TOUCHDOWN; TOWER ADVISED TO TURN LEFT ON TAXIWAY ECHO AND CONTACT GROUND. AFTER TURNING LEFT ON ECHO; I CONTINUED TO ROLL WHILE SWITCHING FREQUENCIES AND CONTACTING GROUND CONTROL. DURING THIS TIME I INADVERTENTLY ROLLED INTO THE APPROACH ZONE FOR RUNWAY 17L CAUSING A RUNWAY INCURSION. AT THE TIME I WAS UNAWARE OF THE INCURSION AND GROUND CONTROL ADVISED TAXI TO PARKING WITH NO MENTION OF INCURSION. WHEN I CALLED TO GET MY OUTBOUND CLEARANCE; THE TOWER ADVISED I DID NOT HOLD SHORT OF RUNWAY 17L BEFORE CONTACTING GROUND AND THAT I NEED TO BE MORE CAREFUL NEXT TIME. NOTHING MORE WAS SAID AFTER THAT. I DEPARTED UNEVENTFULLY AFTER OBTAINING CLEARANCE. AS FAR AS I AM AWARE; THERE WAS NO CONFLICT WITH ANY OTHER TRAFFIC AND NO OTHER AIRCRAFT WERE OBSERVED IN THE VICINITY OR ON SHORT FINAL. THE SPACE ON TAXIWAY ECHO BETWEEN RUNWAY 17R AND THE HOLD SHORT LINE FOR RUNWAY 17L IS BARELY AN AIRPLANE LENGTH APART; AND THAT IS FOR A LIGHT-TURN. TOWER NEVER INSTRUCTED ME TO EXIT LEFT ON ECHO AND HOLD SHORT RUNWAY 17L; THEN CONTACT GROUND CONTROL. IF THIS INSTRUCTION HAD BEEN COMMUNICATED; THE INCURSION WOULD NOT HAVE HAPPENED BECAUSE I WOULD HAVE BEEN AWARE OF THE IMMEDIATE STOP REQUIRED UPON EXITING THE RUNWAY NEEDED TO HOLD SHORT FOR RUNWAY 17L. DUE TO SUCH CLOSE PROXIMITY OF RUNWAY 17R AND RUNWAY 17L; TOWER SHOULD ADVISE LANDING TRAFFIC TO HOLD SHORT BEFORE SWITCHING TO GROUND; THEN THE PROBLEM WOULD BE SOLVED BECAUSE LANDING TRAFFIC WOULD BE AWARE BEFORE EXITING THE RUNWAY THE NEED TO HOLD SHORT OF RUNWAY 17L. I ALSO BELIEVE THE AIRPORT NEEDS MUCH BETTER MARKINGS OF THE HOLD SHORT LINES. THE PAVEMENT IS OLD AND FADED AND THE LINES ARE DIFFICULT TO SEE IN GOOD WEATHER LET ALONE NIGHT OR IMC. BETTER SIGNAGE WOULD ALSO HELP SOLVE THE PROBLEM ALONG WITH NOTES ON APPROACH PLATES ADVISING THIS TO BE A HOTSPOT. THIS WAS MY FIRST TIME INTO THIS FIELD.",,,,"A SMALL TRANSPORT PILOT CROSSED THE APPROACH PATH TO DHW RUNWAY 17L AT TAXIWAY E; CITING FADED HOLD SHORT LINES AND A MIS-COMMUNICATION PROBLEM.",
821975,200902,1201-1800,MYNN.Airport,FO,,0,0,,,VMC,,,Daylight,,,Tower MYNN.Tower,Corporate,Citation Excel (C560XL),,2,Part 91,,Passenger,,Taxi,,,,,,,,,,,,,,,,,,,,,,,,,,,,,,,,,,,,,,,,,,,,,,,,,,,,,,,,,,,,,,,,,Aircraft X,,Corporate,First Officer; Pilot Not Flying,Flight Crew Air Transport Pilot (ATP),,,,,,821975,,,,,,,,,,,,Conflict Ground Conflict; Less Severe; Ground Incursion Runway,,,Person Flight Crew,,General None Reported / Taken,Human Factors,Human Factors,"The owners arrived approximately 30 minutes after scheduled departure time. I could tell that the Captain was rushing; as I have flown with him before; and he was acting in a hurried manner. He began reciting (not reading) the Before Starting Engines checklist as I got seated in the cockpit. Engine Start and call for taxi were per SOPs; with us verifying the route and hold short instructions. Ground told us to taxi to Runway 14; via Taxiway A (and I think Taxiway G was the second taxiway); hold short Runway 14. For the purposes of this recollection; I do not remember the second taxiway; and I do not have access to the diagram; however; we understood that we would hold short of Runway 14 on Taxiway A; then when cleared; cross; turn left on the parallel taxiway; and taxi to Runway 14. This was verified; and in the scratch pad on the FMS per our SOPs. Once clear of aircraft; and directed by the Captain; I went heads down; and began running the taxi checklist. Around the time that I was getting to the anti-ice; the Captain; while rolling began testing the rudder bias. This surprised me; as he did not mention that he would be doing it. The result was that we began rolling even faster. I remarked; as a reminder: 'Alpha to hold short of 14;' and he repeated back; hold short of 14. I continued trying to check the anti-ice now that the power was back to idle. As I scanned up to check the illumination of the anti-ice lights on the annunciator panel; I realized we were very close to the runway; and simultaneously as I said 'hold short;' I slammed on the brakes. Being that I was seated in the right seat; and looking at the annunciator panel; I could also see a Hawker 400 in the rollout on Runway 14. Looking back; I could see the hold short line behind the wing. About the same time; Ground came on and told us that the Hawker was holding for us; and we could continue our taxi to Runway 14. The flight was normal from this point. Incidentally; the plane that rolled out to within about 1;000 FT of our location; was a company Hawker 400; also operating as a revenue flight. We must follow our SOPs. When we deviate from SOPs we challenge our fellow crew members; we leave them in the dark; because they cannot be mind readers; and anticipate our moves if they aren't standard. Beyond that; we don't own these airplanes; our owners do; and they contract with our company to provide the safest transportation available. With safety being no sacrifice; we must not break down our own safety thresholds. Simply stated; SOPs were violated by conducting the rudder bias check under motion. In addition; attempting to check the rudder bias under motion; while approaching an active runway reduced our safety threshold by speeding our taxi; diverting attention; which ultimately led to an active runway incursion. We also need to make sure that we are verifying we are cleared to cross; activating the appropriate aircraft lighting; and involving both pilots in a challenge and response method of verifying runway crossing instructions; as per our SOPs. This needs to be done in preparation for runway crossing -- not when we are 1/2 way across it. Had this happened (had I been challenged with: 'clear on the left&'); I would have been able to; if nothing else; stomp on the brakes to prevent the runway incursion. As far as the airport is concerned; the pavement in MYNN is very light in color; yet not white concrete. It almost appears as some type of shell material on this part of the taxiway. The hold short lines have no 'Black line behind the yellow markings.' The result is that the line; while of good quality paint; is of low contrast; making it difficult to see; particularly in the early morning or late afternoon due to sun angles. While there are 2 small red marked runway location signs; the hold short line is difficult to see and significantly degrades the standard of safety that we are used to seeing in the States; particularly with new enhanced hold short markings. Perhaps we should add a company note about this to alert crews of the problem.",,,,"With the First Officer; Reporter; heads down conducting the Before Takeoff Checklist and the Captain preoccupied performing a rudder system check; their Cessna 560 encroached on the active runway.",
823510,200902,0601-1200,CRP.Airport,TX,,0,0,,,,,,,,,Tower CRP.Tower,Air Carrier,Medium Transport,,2,Part 121,IFR,Passenger,,Taxi,,,,,,,,,,,,,,,,,,,,,,,,,,,,,,,,,,,,,,,,,,,,,,,,,,,,,,,,,,,,,,,,,Aircraft X,,Air Carrier,Captain; Pilot Flying,Flight Crew Air Transport Pilot (ATP),,,,,,823510,,,,,,,,,,,,Deviation / Discrepancy - Procedural FAR; Other Airport Signage,,,Person Flight Crew,,General None Reported / Taken,Airport,Airport,"Ground gave us clearance to taxi and hold short Runway 13 from the gate via B3 and B Taxiway. Upon turning from B3 intersection onto Taxiway B; I noticed there was no sign confirming I was actually turning onto B Taxiway. There was a small yellow sign with an arrow to 13 '13 ->;' but no actual Taxiway B sign. I had to stop and refer to my commercial chart along with coordinating with my First Officer to confirm we were on the correct taxiway. All taxiways should be clearly marked with a taxiway sign on either side of an intersection. This becomes even more critical if one of taxiways; as B3 does at CRP; leads to a runway. If we had turned wrong; we could have ended up with a runway incursion at this intersection. VERY HAZARDOUS.",,,,"An air carrier Captain reported poor markings at CRP airport; at the intersection of Taxiway B and B3.",
823875,200902,0001-0600,MKE.Airport,WI,,0,0,,,VMC,,,Night,,,Tower MKE.Tower,Air Carrier,EMB ERJ 170/175 ER/LR,,2,Part 121,IFR,Passenger,,Taxi,,,,,,,,,,,,,,,,,,,,,,,,,,,,,,,,,,,,,,,,,,,,,,,,,,,,,,,,,,,,,,,,,Aircraft X,,Air Carrier,Pilot Flying; Captain,Flight Crew Air Transport Pilot (ATP),,,,,,823875,,,,,,,,,,,,Deviation / Discrepancy - Procedural FAR; Other Safety Suggestion,,,Person Flight Crew,,,Chart Or Publication; Aircraft; Human Factors; Procedure,Ambiguous,"I am reporting to make a suggestion for reducing confusion in an airport Hot Spot. No deviation and no runway incursion occurred; but there was come confusion at the intersection. We were cleared from the terminal to taxi via Taxiway G and Taxiway E to Runway 19R at Taxiway V. After turning onto Taxiway E; I was unsure of whether to continue ahead on Taxiway E to cross Runway 25R (I had missed Taxiway V while turning onto Taxiway E); so I brought the aircraft to a stop to check. While stopping; Ground called to confirm that we were holding short of Runway 19R/Intersection V. Ground stated we had missed the Taxiway V turn; but full length Runway 19R was available and cleared us to taxi to Runway 19R full length. The aircraft never crossed the line for Runway 25R until after accepting the second clearance from the Controller to taxi full length Runway 19R. After being cleared across Runway 25R on Taxiway E; we were cleared for takeoff for Runway 19R full length (TLR performance had already been set up for full length Runway 19R). A possible Runway 25R incursion was avoided both because I stopped the aircraft as soon as I became uncertain about crossing another runway and an alert Ground Controller was also on the lookout for potential problems. For the Runway 19R/Intersection V departure; if you're coming from Taxiway G; you should never really make a turn onto Taxiway E; you just cross it when transitioning to Taxiway V. My suggestion would be to issue this taxi clearance as 'taxi via Taxiway G and Taxiway V to Runway 19R for intersection V departure.' Omitting 'Echo' from the taxi clearance and plan makes sense because you never really use Taxiway E. With the Taxiways G-E-V clearance; once you've completed a turn onto Taxiway E; then you've already missed Taxiway V. Neither Taxiway G nor Taxiway V cross Runway 25R; so close adherence to a Gold-Victor taxi plan would greatly reduce the risk of a Runway 25R incursion at Taxiway E. Contributing to the confusion was the fact that another aircraft (an Airbus) had already taxied full length on Taxiway E. I had read the latest MKE memo and the blue page; but these memos make more reference to the Runway 25L/31 Hot Spot and the latest 2 of the 3 memos did not mention the Runway 19R/Intersection V Hot Spot; though I see that the back of the airport diagram describes it perfectly. I mistook the latest information to be fully descriptive of all of the Hot Spot risks in MKE and it turns out there are multiple areas of difficulty. In the future; I will include in the brief the specific risks identified on the diagram for every Hot Spot in the taxi plan. I will interpret intersection departures (for my plane or another) as a trigger for extra caution for taxi and situational awareness. When in use; the fact of the intersection departure deserves highlighting during performance and departure brief (at the gate) as well as takeoff brief (during taxi) so as to reinforce the plan that this won't be a full length departure.",,,,"An air carrier pilot suggests that when Ground Control clears aircraft from the terminal for a takeoff at Runway 19R Intersection V; the clearance not include Taxiway E because that can lead to an aircraft missing Taxiway V and incurring Runway 25R.",
824311,200902,0601-1200,BOS.Airport,MA,,,0,,,VMC,10,,Daylight,25000,,Tower BOS.Tower,Air Carrier,Large Transport; Low Wing; 2 Turbojet Eng,,3,Part 121,IFR,Passenger,,Taxi,,,,,,,,,,,,,,,,,,,,,,,,,,,,,,,,,,,,,,,,,,,,,,,,,,,,,,,,,,,,,,,,,Aircraft X,,Air Carrier,Captain; Pilot Flying,Flight Crew Air Transport Pilot (ATP),Flight Crew Last 90 Days 253; Flight Crew Total 25000; Flight Crew Type 3200,,,,,824311,Aircraft X,,Air Carrier,Relief Pilot; Pilot Not Flying,Flight Crew Air Transport Pilot (ATP),Flight Crew Last 90 Days 250; Flight Crew Total 18000; Flight Crew Type 6500,,,,,824288,Deviation / Discrepancy - Procedural Clearance; Deviation / Discrepancy - Procedural FAR; Ground Incursion Runway,,,Person Air Traffic Control,,General None Reported / Taken,Human Factors,Human Factors,"Problem: Runway incursion -- crossing active runway without clearance. Aircraft pushed back from Gate at BOS approximately XA30 and called for taxi at XA34. Initial instruction was to 'taxi to Runway 33L; hold short of Runway 27.' Moments later; while on Taxiway K; instructions changed to accommodate arriving aircraft to 'taxi via Taxiways E; B; C.' which entailed transitioning to Taxiway E via E1. From the intersection of Taxiways B and C; I was following B757 out to the runway. We ran the taxi checklist on Taxiway C; changed over to Tower frequency; and followed the B757 all the way to the approach end of Runway 33L; crossing Runway 27 at approximately XA46 -- roughly 10-11 minutes after the initial taxi instructions were received. The B757 did not seem to slow or stop at the Runway 27 intersection; and I followed it across to Runway 33L. Tower radioed to expedite the crossing; and that was my first indication that I perhaps did not have clearance to cross. There was a small commuter aircraft on final to Runway 27 approximately 2 miles out. There was no go-around and no threat of a near miss. As I was taxiing onto Runway 33L for takeoff; Tower inquired if we were returning that day and requested a phone call (Tower provided a phone number) and said there was a 'possible pilot deviation.' I contacted the Tower upon arrival at destination. Contributing factors: pilot in command had worked 7 of the last 8 days; including 3 days of training/simulator requiring commute. Last 3 days required getting up at XA00 AM and driving 1 hour to airport for 1 day trip and then driving home 1 hour. 2 days prior to incident; the trip involved mechanical problem requiring an aircraft ship change; followed by reroute to Caribbean destination due to the aircraft not being extended overwater capable; resulting in over 9 hours of flying time round trip and arriving home over 2 hours late. The next 2 days; trips required XA00 AM get-up. I recognize pilot fatigue is insidious; and though I thought I was fit for duty on this day; obviously I was not as sharp as I could have/should have been. Also; when the taxi reroute instructions were given; we should have clarified the hold short instruction.",,,,"A very experienced air carrier crew crossed BOS Runway 27 without clearance. The three pilot crew was very surprised at their complacency. The captain was also fatigued.",
831760,200904,,EAU.Airport,WI,,,0,,,,,,,,,Tower EAU.Tower,Air Carrier,Commercial Fixed Wing,,2,Part 121,IFR,Passenger,,Taxi,,,,,,,,,,,,,,,,,,,,,,,,,,,,,,,,,,,,,,,,,,,,,,,,,,,,,,,,,,,,,,,,,Aircraft X,,Air Carrier,First Officer; Pilot Not Flying,Flight Crew Commercial,Flight Crew Total 2500; Flight Crew Type 1200,,,,,831760,,,,,,,,,,,,Ground Incursion Taxiway,,,Person Flight Crew,,General None Reported / Taken,Airport; Human Factors,Airport,"On a flight this past winter I nearly had a runway incursion at EAU. It had snowed recently and all surfaces were covered with thin snow. Neither the Captain or I had much experience at EAU and were unfamiliar with the taxiway layout. We started to taxi and were instructed to taxi via D; A to Runway 22. We read back and understood the clearance. As soon as we started moving I went heads-down to work on takeoff numbers and run the before takeoff checklist. I looked up a minute or so later and saw a runway ahead and no taxiway to either side. I was confused about our position as we were not supposed to be crossing any runways. The Captain appeared uncertain also as he had slowed down. I said; 'stop; this doesn't look right.' He stopped and we determined we had missed our turn onto A; and were on D holding short of Runway 22. I asked ATC for permission to make a 180 degree turn on 22 and proceed via D; left on A to Runway 22. We were cleared as requested and continued the taxi without further incident. I had assumed that we missed the turn because the signage was covered with snow. On a recent trip back to EAU we were given the same taxi route. This day there was no snow so I was able to look at the signage. When on Taxiway D holding short of A; looking northwest; a right turn will take you to Runway 22. However; there is no signage to indicate A Taxiway. The only visible signage indicates you are on D. Looking far to the left you can see a position sign for A; down near 14. There are no conventional directional signs for A; or even any nearby position sign looking right. This is obviously no excuse for what occurred; but for pilots unfamiliar with the airport this lack of signage makes situational awareness much more difficult. We were unfamiliar with the airport. Also; I was heads down when I should have been assisting with navigation.Callback conversation with reporter revealed the following information: Reporter stated he believes the nearest sign to identify Taxiway A is at the intersection of 14/32.",,,,"Air carrier flight crew at EAU had a near runway incursion while taxiing out for departure; First Officer recognized the situation in time to avoid the incursion; but cites the lack of signage as a contributing factor.",
836334,200905,0601-1200,ZZZ.Airport,US,,,0,,,VMC,,,Daylight,,,Ground ZZZ,Air Carrier,Light Transport; High Wing; 2 Turboprop Eng,,2,Part 121,IFR,Passenger,,Taxi,,,,,,,,,,,,,,,,,,,,,,,,,,,,,,,,,,,,,,,,,,,,,,,,,,,,,,,,,,,,,,,,,Aircraft X,Flight Deck,Air Carrier,Pilot Not Flying; First Officer,,,,Workload; Communication Breakdown; Confusion,Party1 ATC; Party2 Flight Crew,,836334,Aircraft X,Flight Deck,Air Carrier,Captain,,,,Confusion; Communication Breakdown,Party1 ATC; Party2 Flight Crew,,836335,ATC Issue All Types; Deviation / Discrepancy - Procedural FAR; Ground Incursion Taxiway,,,Person Flight Crew,Taxi,Air Traffic Control Issued New Clearance; Flight Crew Requested ATC Assistance / Clarification,Airport; Human Factors,Human Factors,"In this event the crew taxied without a clearance onto an active taxiway. The taxi clearance was given to a different flight that was adjacent to this flight on the ramp. The Captain misunderstood the taxi instructions that were given. Because no other taxiing aircraft were involved; no runway incursion occurred; and the crew followed clearance instructions issued by Ground Control for a different flight to taxi from the same ramp area; safety was not really compromised. Our flight was delayed 15 minutes due to a maintenance issue. This was the last leg of a two-day trip. After completing all the paperwork and checklists; a pushback clearance was received and the flight pushed off. The number two engine was started and the after start checklist was completed. I called ramp for taxi and was told 'Spot XX and ground point nine.' Since we were almost at Spot XX already; as soon as the Captain started forward and turned I switched to the ground frequency.  Ground Control was very busy; but soon after I switched over there was a brief break and I keyed the microphone and announced; 'Flight ABC; Spot XX; information Papa.' Ground did not respond; but continued handling aircraft in different areas of the airport. After we were stopped at Spot XX; another flight (DEF) called Ground for taxi from Spot; adjacent to us. As far as I know; we were number one coming out of the alley. Ground did not respond to flight DEF's call either. Ground continued to be very busy. After a couple minutes; and as soon as I could without stepping on another transmission; I called ground again; 'Flight ABC; Spot XX; Papa.'  Following the second or perhaps third time I called Ground; the Controller responded with something like: 'Flight DEF taxi to Runway XXL via Echo and hold short of XXR at Echo.' This was the exact instruction we were expecting; but it was not our call sign.  Upon hearing the clearance; our Captain released the parking brake and began to taxi. I almost keyed the mike; but paused while I considered the incorrect flight number; and the First Officer from Flight DEF; answered Ground with the read-back. I turned to the Captain and said something like; that wasn't our flight number or that wasn't for us. The Captain disagreed and said he heard our flight number and continued taxiing.  While I had my head turned left to address the Captain; he saw the Captain of Flight DEF to our right wave us on; as if the clearance was for us; number one coming out of the alley; even though the First Officer from Flight DEF read back the clearance. This just added to the confusion. In the very short time it took us to travel from Spot XX to the hold-short line between the ramp and Taxiway Hotel; the Captain told me what he saw and asked if I had seen the other Captain wave us on. I had not; and told him so. I also expressed my doubts again that we were cleared to taxi.  I began to question what I heard; especially given the Captain's confidence and the fact that he continued taxiing. I quickly turned on our transponder in hopes it would alert the controller; who was still extremely busy. As soon as another transmission ended  (and before crossing the hold-short line) I keyed the mike again and said; 'Ground; confirm Flight ABC is cleared to Taxi XXL; hold short XXR.' Ground again did not respond. Soon we were crossing the hold line onto Hotel; then making the turn onto Echo.  The Captain and I discussed it a little more; but I remember being rather upset with the Captain and feeling like there was not much else I could do. The Ground frequency was so congested it wasn't possible to get a word in.  Fortunately the Captain decided to stop on Echo about halfway from Hotel to Kilo to resolve the issue. There was a break on the frequency and he keyed the mike and spoke to Ground.  This time ground responded. It was immediately apparent that Ground was confused and that the clearance was issued for the other Carrier flight. After a brief exchange between Ground andour Captain; the Captain from Flight DEF confirmed to Ground that they were number two behind us. Ground then issued a proper taxi clearance for our flight. We continued the taxi and flight to our destination without further incident; or comment from ATC regarding the confusion.  Of minor note; when being cleared into position-and-hold on Runway XXL; the tower controller read our flight number incorrectly. We confirmed the correct flight number before taxiing into position. As with any event; there were multiple factors that contributed to this crew taxiing without a clearance. The most significant factor was the heavy congestion on the Ground Control frequency and our belief that Ground must have heard one of our several calls despite the fact that they had not acknowledged our call sign. The fact that the flight was delayed contributed to the crew's stress and motivation to taxi for departure as quickly as possible. Poor CRM and communication between the First Officer and Captain was a significant factor. I was timid based on passed history with this Captain and I never clearly and confidently told the Captain to stop the plane when I saw him taxiing without a clearance. Certain hazardous attitudes; including get-home-it is and aspects of anti-authority; invulnerability; and macho definitely affected the Captain's decision making. In avoiding a recurrence of this event I could say the obvious; such as: confirm a clearance if there is any doubt; don't proceed when there is any doubt regarding a clearance; if both pilots don't agree; discuss it and come to agreement before action is taken; slow down; be more proactive and confident in my own experience and judgment; be more clear and assertive when I see the Captain taking inappropriate action; etc.  However; I don't feel that any of these things will prevent a re occurrence of a similar event. The root cause of this event was a breakdown of CRM that stems from certain attitudes held by a few of our more senior and very experienced Captains and their pairings with certain First Officers. In talking with other First Officers and Captains that have flown with some of these senior Captains when they were First Officers; there seems to be consensus. A few of our best; most experienced; and most senior Captains; who have been flying the same plane; in command from the Captain's seat for decades; have developed a dominant; almost single-pilot approach to running the cockpit. First Officers are seen as significantly inferior and at times not worthy. Important decisions are made without consulting with the First Officer. Often First Officer input is dismissed and discouraged. Often First Officers are reprimanded in a demeaning and inappropriate way for their human mistakes and inexperience. The result is a breakdown of proper teamwork and open communication between pilots in the cockpit; and an operation that decays toward a single-pilot operation by the Captain. First Officers; depending on their personality; often feel powerless to address these issues; and feel like their jobs might be in jeopardy if they did.  In this case; the Captain clearly disregarded the First Officer's input and proceeded as he saw fit in his overconfident manor. The two-pilot concept and CRM are extremely important in preventing common errors. Even the best of us are all susceptible to human error; and Standard Operating Procedures are in place as a safety net to help prevent errors. Often these senior Captains are so good that the SOPs don't apply to them. They develop their own techniques that are sometimes in direct opposition to SOPs. I even questioned the Captain on this trip about one such repeated action that I felt was unsafe. The response was an explanation of why it was safe for him to do it. Again; I reference the hazardous attitude that the rules don't apply to him.",,"As we pushed back another company flight was also pushing. The other flight completed it's pushback prior to us and called ramp for taxi. They were told to taxi to Spot XY. We completed our pushback and called ramp for taxi and were instructed to taxi to Spot XX. Both aircraft reached their respective spots at the same time and attempted to contact ground for taxi. Ground frequency at this airport is marginal on a good day but on this day with traffic volume; and taxi way closures it was challenging to say the least. After the First Officer had made a call; I thought that we were given instructions to taxi to Runway XXL via E; and to hold short of XXR. Anticipating that my First Officer would respond I started to taxi. Before the First Officer could respond the First Officer of the aircraft on Spot XY read back what I thought was our clearance. I stopped the aircraft and over the congestion of the ground frequency my First Officer stated that he thought the clearance had been for the other aircraft. I said that I thought it had been for us and that the other flight had read back our clearance in error. Looking across to the other aircraft I saw the captain of that aircraft waving us on. This reinforced my belief that the taxi clearance had been our aircraft. As I taxied onto Taxiway E the First Officer said again that he thought the clearance had been for the other aircraft. I stopped our aircraft and called ground and asked ground to verify our clearance. Ground said that the clearance had been for the other aircraft and then he cleared us to taxi via the same route.My error was trapped by my First Officer and his willingness to challenge me.This incident happened because I started to taxi without clear instructions understood by both crewmembers. Additionally; I should not have started to taxi until my First Officer had read back the clearance and we had communicated those instructions within our cockpit.",,"Commuter Captain begins to taxi from ramp spot believing another aircraft's clearance was for him. The First Officer did not read back the clearance and informed the Captain the clearance was not for them. After taxiing some distance; the aircraft is stopped and clarification received; frequency congestion was an issue.",
837821,200906,1201-1800,CLE.Airport,OH,,,0,,,VMC,,,Daylight,,,Ground CLE,Air Carrier,B737 Undifferentiated or Other Model,,2,Part 121,IFR,Passenger,,Taxi,,,,,,,,,,,,,,,,,,,,,,,,,,,,,,Ground CLE,Air Carrier,Commercial Fixed Wing,,2,Part 121,IFR,Passenger,,Taxi,,,,,,,,,,,,,,,,,,,,,,,,,,Aircraft X,Flight Deck,Air Carrier,First Officer; Pilot Not Flying,,Flight Crew Last 90 Days 168; Flight Crew Type 1400,,Communication Breakdown,Party1 ATC; Party2 ATC; Party2 Flight Crew,,837821,Aircraft X,Flight Deck,Air Carrier,Pilot Flying; Captain,,Flight Crew Last 90 Days 197; Flight Crew Type 10000,,Communication Breakdown,Party1 ATC; Party2 ATC; Party2 Flight Crew,,837824,Conflict Ground Conflict; Less Severe; Deviation / Discrepancy - Procedural Clearance; Ground Incursion Runway,,,Person Air Traffic Control,Taxi,Air Traffic Control Issued New Clearance,Procedure; Human Factors,Human Factors,"After push we were cleared J; J2; hold short of Kilo. While taxiing we were cleared Kilo; Lima; hold short Pad 5. We were #2 holding short of Pad 5 behind another carrier. Ground then cleared us to taxi Lima; November; hold short of 6R on November; monitor Tower on 120.9. We waited for the other carrier to taxi; but he remained holding short of Pad 5. We switched back to Ground and asked if the other carrier was going to taxi. The other carrier started to move and we received a new clearance from Ground: Lima; Tango; hold short of 6R on Tango; monitor Tower. Tower cleared us to cross 6R at Tango. First Officer noticed the other carrier coming right to left down Taxiway Golf and asked the Captain if he saw the other carrier. We were never told to hold short of Golf or give way to the other carrier. The Captain said he did and held short of Golf Taxiway on Tango. Just after the other carrier passed; the Tower cleared us for position and hold on 6L. As we taxied across the hold short line; the other carrier asked Tower if they were still cleared for takeoff. The Captain stopped the jet short of the runway but passed the hold short line. The Tower then instructed us to taxi down and then clear of the runway. We asked if a 180 would work better and Tower cleared us for the 180 back onto Tango then right on Taxiway Golf. The other carrier departed 6L; then we were cleared for takeoff. We had a runway incursion due to Tower clearing us for position and hold; when it had previously cleared a regional jet for a full length departure. The Cleveland Airport operational setup when using 6L and 6R seems questionable.  Ground has planes switch to Tower extremely early; and it seems that there was a lot of confusion between Ground and Tower.  Also; if we were going to follow another carrier for takeoff; why did we not just follow them to the runway? Ground/Tower crossed the other carrier on November and then had us go down to Tango.  This set up our taxiway/runway incursion.  I never heard the other carrier get cleared for takeoff.  How early did Tower clear the plane for takeoff?  We had to switch back to Ground when other carrier had us blocked back at Pad 5.  Is that when the takeoff clearance was issued? As Aircrew; we knew Ground/Tower had made 2 mistakes prior to our clearance for position and hold. We should have slowed down and been ready for additional problems.",,,,"A B737 flight crew had a runway incursion following CLE ATC clearance confusion.",
840502,200906,1201-1800,BOI.Airport,ID,,,,3500,,VMC,10,,Daylight,10000,,Tower BOI,Government,Super King Air 300,,2,Part 91,IFR,Passenger,,Final Approach,Visual Approach,,,,,,,,,,,,,,,,,,,,,,,,,,,,,Tower BOI,Other unknown,Small Transport,,,Part 91,,Other unknown,,Taxi,None,,,,,,,,,,,,,,,,,,,,,,,,,Aircraft X,Flight Deck,Government,Captain; Pilot Not Flying,Flight Crew Air Transport Pilot (ATP),Flight Crew Last 90 Days 140; Flight Crew Total 9600; Flight Crew Type 425,,Communication Breakdown; Confusion; Workload; Situational Awareness; Distraction,Party1 Flight Crew; Party2 ATC,,840502,,,,,,,,,,,,Conflict Airborne Conflict; Deviation / Discrepancy - Procedural Clearance; Ground Incursion Runway,Horizontal 2500; Vertical 500,N,Person Flight Crew,In-flight,Air Traffic Control Issued New Clearance; Flight Crew Became Reoriented; Flight Crew Took Evasive Action,Human Factors; Procedure,Procedure,"Conducting a visual approach to Boise Gowan Field (KBOI) at the end of an IFR leg. We were cleared to land on 28L following a regional jet on final for 28R with a caution for wake turbulence. We acknowledged and proceeded. I was Captain and my partner was at the controls. On short final Aircraft Y; that was holding short; taxied onto the runway at the departure end. Being focused on reviewing the landing checklist; I don't recall the Tower issuing a clearance to the Aircraft Y to enter the runway. My partner asked if Tower had cleared the aircraft onto the runway and transmitted the question on tower frequency. Tower hesitated; then told us to execute a left 360. Being fully configured and close to the ground; I gave the command to go-around; add power and accelerate straight ahead; then I selected flaps approach and we began a climb. We extended upwind in order to clear the new tower under construction; then Tower cleared us to turn left downwind. As we flew downwind; Tower cleared Aircraft Y for takeoff. We were then cleared to land; turned final and executed a normal landing. Everything normal after that; nothing said by Tower or Ground to us.Because of the sequence of events and the fact that our approach had been a long straight-in; we believe Tower had forgotten us and had cleared Aircraft Y to enter the runway; then was momentarily surprised by us. The obvious thing is that had we not taken action; we may have hit the aircraft on the runway. Aircraft Y did not clear the approach area before entering the runway and tower did not give either of us any commands until we spoke up. While it wasn't razor close; it was much closer than ever should have occurred.A classic runway incursion. Vigilance is the only way to avoid these events. Complacency is the enemy.",,,,"A BE-30 pilot reported that a high performance single engine aircraft taxied on to BOI Runway 28L without clearance. The crew queried the aircraft's runway position where upon ATC issue a go-around and cleared the incurring aircraft for takeoff.",
845220,200907,1201-1800,CLE.Airport,OH,,,0,,,VMC,,,Daylight,,,Ground CLE,Air Carrier,Light Transport; Low Wing; 2 Turbojet Eng,,2,Part 121,IFR,Passenger,,Taxi,,,,,,,,,,,,,,,,,,,,,,,,,,,,,,,,,,,,,,,,,,,,,,,,,,,,,,,,,,,,,,,,,Aircraft X,Flight Deck,Air Carrier,Captain; Pilot Flying,Flight Crew Flight Instructor; Flight Crew Air Transport Pilot (ATP); Flight Crew Instrument; Flight Crew Multiengine,Flight Crew Last 90 Days 220; Flight Crew Total 14000; Flight Crew Type 3000,,Communication Breakdown,Party1 ATC; Party2 Flight Crew,,845220,,,,,,,,,,,,ATC Issue All Types; Deviation / Discrepancy - Procedural Clearance,,,Person Flight Crew,Taxi,General None Reported / Taken,Human Factors; Procedure,Procedure,"Aircraft was issued taxi instructions which contribute to runway incursion potential. Upon leaving the ramp area in Cleveland; we were instructed to 'taxi to 24R for departure; hold short taxiway Romeo'. That instruction was clear and we held short of Romeo. The next taxi instruction was to taxi to runway 24R via R;B;G;S hold short Runway 24L. We were not sure if we were cleared to cross runway 24L but because we were given taxi instructions to runway 24R we THOUGHT we might have been cleared to cross. We asked the controller if we were instructed to hold short runway 24L and he said we were. We held short. When we asked the controller why he issued the instructions this way; he responded 'that is the policy; we are required to do it that way'. This 'procedure' is not a good one and could lead pilots down the path of a runway incursion. All that should have been said in the second clearance is 'Taxi up to and hold short of runway 24L at Romeo'. When given clearance to cross; THEN issue the full route clearance to runway 24R. CLE has had some issues with runway incursions recently and I suspect that this 'procedure' could have contributed to the problem.",,,,"Air carrier taxiing for departure at CLE to Runway 24R was given multiple taxi instructions; confusing the flight crew as to Runway 24L crossing clearance; reporter indicating new required ATC taxi phraseology is confusing.",
846943,200908,1201-1800,PHL.Airport,PA,,,0,,,,,,Daylight,,,Ground PHL,Air Carrier,Large Transport; Low Wing; 2 Turbojet Eng,,2,Part 121,IFR,Passenger,,Taxi,,,,,,,,,,,,,,,,,,,,,,,,,,,,,,,,,,,,,,,,,,,,,,,,,,,,,,,,,,,,,,,,,Aircraft X,Flight Deck,Air Carrier,Captain; Pilot Flying,,,,Communication Breakdown,Party1 ATC; Party2 Flight Crew,,846943,,,,,,,,,,,,Deviation / Discrepancy - Procedural Clearance; Ground Incursion Runway,,,Person Air Traffic Control,Taxi,General None Reported / Taken,Human Factors; Procedure; Weather,Human Factors,"On taxi out; ramp assigned us Spot XX and then to contact ground.  There were a lot of aircraft on the ground and although there was no weather in PHL; there was weather in some of the outlying areas.  We were given taxi instructions to basically follow the other aircraft to Runway 27L.  Normally these instructions are Hotel-Echo-Kilo.  We were on Hotel taxiway when the controller told us that the Woodstown (OOD) departures were shut down due to weather and that he/she would have to hold us somewhere and give us a different route.  At this time they gave us taxi instructions; Hotel-Kilo short of Lima. These instructions were read back by my First Officer.  No instructions were given to hold short of Runway 35; which did not seem to be in use as we taxied.  As we continued on Hotel; I cleared final and saw no aircraft on final. Then as we were just sticking our nose out onto Runway 35; the controller said; you made a wrong turn; expedite across Runway 35; traffic one and a half mile final. I quickly crossed the runway without incident in plenty of time; similar to a normal crossing. I did finally see the other aircraft on final near the end of the crossing.  He was a small commuter aircraft that had been approaching from an unusual angle.  After the crossing; the Controller said nothing about a runway incursion or any reference to what just happened.  In fact; the Controller was very friendly and helpful throughout the rest of our communications while trying to get us on our way.  The rest of the flight went without incident. I do not know whether this will end up being a statistical runway incursion but I am sure that it was not a good thing to be crossing a runway that had an aircraft on final when the controller did not expect it.  I think some confusion may have taken place in the Controller's mind as they contemplated where to put us because of the closed departure route.  In hind sight; the Controller probably meant to give different instructions.  The clearance we understood and acknowledged allowed us to do exactly what we did and the controller probably realized that later on.  In my mind; the instructions were reasonable and clear and made sense so that we could be taken out of line and moved somewhere to shut down if need be.  Runway 35 had not seemed to be used that afternoon and I 'cleared' final as I always do before crossing.  The small size and unusual sideways angle that the commuter was approaching from along with some haze prevented me from seeing him at the distance he was away.  As it turned out; there was no immediate danger but hopefully with better communication during an unusual event; this kind of incident can be prevented. I think that the present clearances given that allow aircraft to cross all runways when a clearance is given to a certain point should probably be changed.  In the future all communication from ATC that involve crossing a runway should specifically say cleared to cross that runway whether the runway is in use or not.",,,,"Air carrier taxiing for departure at PHL crossed Runway 35 to comply with taxi clearance; interpreting ATC instructions as authority to cross the runway; ATC questioned flight crew reference the crossing.",
848659,200908,0601-1200,ZZZ.Airport,US,,,0,,,,Clear,,,CLR,,Tower ZZZ,Air Carrier,Widebody; Low Wing; 2 Turbojet Eng,,2,Part 121,IFR,Passenger,,Taxi,,,,,,,,,,,,,,,,,,,,,,,,,,GPWS,,X,Design,,,,,,,,,,,,,,,,,,,,,,,,,,,,,,,,,,,,Aircraft X,Flight Deck,Air Carrier,Pilot Not Flying,,Flight Crew Last 90 Days 250; Flight Crew Total 12000; Flight Crew Type 3000,,Situational Awareness; Human-Machine Interface; Communication Breakdown; Distraction,Party1 ATC; Party2 Flight Crew,,848659,,,,,,,,,,,,ATC Issue All Types; Aircraft Equipment Problem Critical; Ground Event / Encounter Other / Unknown,,,Automation Aircraft Other Automation; Person Flight Crew,Taxi,General None Reported / Taken,Company Policy; Human Factors; Aircraft,Aircraft,"Both events were with the new RAAS.  After pushback and beginning to taxi while transitioning from Alpha to Bravo; the RAAS announced approaching XXL which cause ATC to be partially blocked while they were telling us to hold short of taxiway for an aircraft exiting the runway.  Luckily; I saw the aircraft because it was clear out. I repeated hold short assuming the call was for us.  Had it been an IFR day; the RAAS would have caused a lot of confusion due to interrupting the ground controller.  The second occasion was while holding in position for takeoff on Runway XXL.  The tower; we assumed; cleared the aircraft on Runway YL for takeoff.  We couldn't hear the full radio call because RAAS was so loud in the cockpit we could not hear the full ATC clearance. This caused us to temporarily loose situational awareness because of this new technology being too loud. I think this is a great technology; but the volume issue must be addressed.  Let's not have a runway incursion caused from the new runway incursion system.","The reporter stated that the RAAS technology is a wonderful safety tool but its current implementation makes its presence a hazard. The RAAS alert volume overrides all internal and external radio communications. The reporter's Company suggested that he learn to multitask his communications skills and turn up the VHF volume to compete with the RAAS volume. The reporter stated that was totally contrary to safety and the suggested method to deal with the RAAS volume would further degrade flight station communication; situational awareness; and runway safety.",,,"An air carrier pilot comments that the RAAS warning volume is too loud and interferes with important internal and ATC radio communications.",
850326,200908,1801-2400,DFW.Airport,TX,,,0,,,,,,,,,Tower DFW,Air Carrier,MD-80 Series (DC-9-80) Undifferentiated or Other Model,,2,Part 121,IFR,Passenger,,Taxi,,,,,,,,,,,,,,,,,,,,,,,,,,,,,,,,,,,,,,,,,,,,,,,,,,,,,,,,,,,,,,,,,Aircraft X,Flight Deck,Air Carrier,,,,,Other / Unknown; Situational Awareness,,,850326,,,,,,,,,,,,No Specific Anomaly Occurred All Types,,,Person Flight Crew,Taxi,General None Reported / Taken,Procedure,Procedure,"I was gratified when plans were announced to build new taxiways at the South end of the East side runways. These taxiways; built for $66 million; would ensure that there are no runway incursions because no crossing of runways would be required. That's good news; in my view: I don't have to worry about causing or being victimized by a runway incursion. Incredibly; six months after completion of the project; the taxiways are rarely ever used - leaving me; the air traffic controllers and other aircraft vulnerable as usual. It is incomprehensible why this very expensive and effective means of eliminating runway incursions is not being used. In a south flow; all arrivals should land on the outboard 2 runways; then taxi in on these new taxiways; which 'eliminate' runway crossings. The departing aircraft can taxi as normal for takeoff on Runway 17L; also without crossing any runways. On a north flow; departing aircraft could avoid any runway crossing by taxiing out to Runway 35C and 35R on the new taxiway; arrivals could land on Runway 35L and clear the runway; again; with no runway crossing required. I have landed on Runway 17L and requested the new taxiway to taxi in (it wasn't offered; but it was approved). I noted another aircraft behind us took the old route; requiring the crossing of two active runways. We never stopped; taxiing smoothly; and by the time the aircraft on the traditional route had been cleared twice to cross; we were within 400 yards of him; having never stopped taxiing. The suggestions I have made do require a slight change to present north ops - but that is no way reduces capacity; it's just different. If DFW and the FAA are serious about reducing runway incursions; why is this $66 million dollar solution being ignored? As a pilot; I would welcome the safety margin provided by the new taxiways - I don't want to be the one who screws up a crossing or is the victim of someone else's mistake.",,,,"A MD80 pilot commented that the new DFW Taxiways P; ES; M and JS if utilized could prevent all runway incursions on the east side of the airport. They are currently not offered and unutilized.",
853590,200909,0601-1200,TRK.Airport,CA,,,0,,,VMC,,,,CLR,,UNICOM TRK,Fractional,Citation Excel (C560XL),,2,Part 91,,Passenger,,Taxi,,,,,,,,,,,,,,,,,,,,,,,,,,,,,,UNICOM TRK,FBO,PA-25 Pawnee,,1,Part 91,,Other Tow Plane,,Takeoff / Launch,,,,,,,,,,,,,,,,,,,,,,,,,,Aircraft X,Flight Deck,Fractional,Pilot Flying; Captain,Flight Crew Air Transport Pilot (ATP),,,Confusion; Distraction; Situational Awareness; Communication Breakdown,Party1 Flight Crew; Party2 Flight Crew,,853590,Aircraft X,Flight Deck,Fractional,Pilot Not Flying; Captain,Flight Crew Air Transport Pilot (ATP),,,Situational Awareness; Distraction; Confusion; Communication Breakdown,,,853589,Conflict Ground Conflict; Less Severe; Deviation / Discrepancy - Procedural Published Material / Policy,,N,Person Flight Crew,Taxi,General None Reported / Taken,Procedure; Airport; Human Factors,Human Factors,"It was a nice clear morning at TRK airport.  Pilot Not Flying announced on the UNICOM frequency that we were leaving the ramp and taxiing to Runway 28 for departure.  There were glider operations departing Runway 19 and landing Runway 01.  All other aircraft were landing/departing Runway 28.  Winds were calm.  On taxiway 'A'; as we were approaching the Runway 19 intersection; the Pilot Not Flying called out the right side was clear of traffic. I observed and announced to the Pilot Not Flying that there was a tow plane and glider on my side stopped at the end of the runway.  The PIC made another announcement on the UNICOM that we were approaching and would be crossing Runway 19 enroute to Runway 28. The tow plane pilot did not reply on UNICOM.  I observed that the glider wingtip was resting on the runway indicating that they were not moving.  It appeared they were just staging for departure. They were more than a half mile away from the intersection. I decided it was safe to cross the runway.  Just as we were crossing the hold short line for Runway 19 ; the tow plane pilot began his takeoff roll and for the first time we heard him on the radio. He asked 'what are you doing? ' adding that 'he was departing and we should stop'.  At the same time the Pilot Not Flying was saying 'go;go; go'.  Stopping at that point was not a safe option.  I concurred with the Pilot Not Flying that it was best to continue across the runway; which we did.  This action provided much more separation between aircraft than if I would have stopped. I later noticed that the tow plane and glider became airborne about halfway between the takeoff position of Runway 19 and the intersection of taxiway 'A'.  At that time we were approximately 1;000 feet past the intersection of Runway 19 and taxiway 'A'.The tow plane pilot; however; was very upset and unprofessional on the radio. According to him; we were entirely at fault.  Neither I nor the Pilot Not Flying heard a takeoff announcement from the tow plane pilot. I had the tow plane and glider in sight; approximately 3;000 feet away.  They did not appear to be moving; I decided it was safe to cross the runway. At no time did I feel the safety of our passengers; my fellow crew member; our aircraft or the other aircraft was in jeopardy.  Had we stopped when the tow plane pilot started yelling to 'stop' the separation distance would have then been critical.  In hindsight; I could have stopped the the aircraft on the taxiway and tried to establish direct radio contact with the tow plane pilot to verify his intentions.  However; because of his distance away; from the intersection; I did not deem it necessary.  I am certain that the tow plane pilot did not power up for takeoff until after we had announced we would be crossing Runway 19.  Perhaps he did not hear our call; otherwise he could have also verified our intentions. Either way; TRK is an uncontrolled airport.  Pilots are not required to have a radio or to report their intentions.  It is a see and avoid environment.  The intersection is designated as Hot Spot 1 on the airport diagram; with a note that pilots departing Runway 28 can not see aircraft departing Runway 19. Therefore; perhaps simultaneous departures off Runway 28 and Runway 19 should be prohibited; particularly since aircraft radios are not even required. Even when radios are used; it is obvious that everyone's intentions are not always understood. Fortunately in our case; when eastbound on taxiway 'A' you do have visual reference to Runway 19.  I was able to see and avoid the other aircraft. It would be a much safer airport if everyone used same the runway.  The tow plane and gliders were departing Runway 19; then landing on Runway 01 to facilitate their operations.  All of the other traffic were using the longer Runway 28 for both departures and landings.",,"At first the Pilot Flying seemed startled and possibly confused and actually slowed down the aircraft on the runway. He may have done this in response to the voice on the radio saying 'stop; stop; stop'. Since we were already partially on the runway; and the conflicting traffic was still somewhat far away and moving slowly. I say to him in a loud and clear voice; 'Go! Go! Go! - he's taking off!'. He then added power and we taxied clear of the runway.After we arrived at our destination; the Pilot Flying and I talked the matter over. I have to admit that I was angry with him. He flat out admitted that he saw the tow plane and glider on Runway 19 but continued to taxi across. With my head turned to the south; away from the conflict; I did not realize that there was a runway incursion occurring before it was too late to do anything other than power up and get across Runway 19.  I found his explanation to be informative and I began to realize that the fault was not all ours. The First Officer stated that when he first saw the tow plane and glider; they were stationary on Runway 19 and the glider appeared to have a wingtip resting on the runway. At this point we were still approaching the intersection; my head was turned to the south and I had yet to make a radio call. Understand that the tow plane and glider appeared to be at the beginning of Runway 19; near the threshold and this is approximately 3;000 feet away from the intersection. So for the Pilot Flying it would be hard to make an exact judgment on whether they were moving or not. He stated to me that he did not think they were taking off or about to. He felt that there was no safety issue and that is why he continued to taxi across Runway 19. Although I found the explanation acceptable; I still believe that we should have held short of Runway 19 until we could ascertain the intentions of the tow plane pilot. So for this reason we are somewhat at fault. I do not believe that we are totally to blame. The fact is that it is an uncontrolled field. It is not unusual for the glider operators to push a glider into position onto the runway and then hook up to the tow plane. All of which is time consuming affair. I can see how the Pilot Flying must have thought that they were still in the process of hooking the glider to the tow plane. I do have a commercial pilot certificate; glider privileges. Although not current; I know that the tow plane does not taxi from the ramp to the runway with the glider attached. The gliders are pushed into position and then attached to the tow plane. So I have no problem believing that the First Officer thought they were not ready to take off and were hooking up. Also; as stated above; I believe that the tow pilot had the obligation to not begin his takeoff roll until he was certain we were going to hold short of his runway. We could clearly see him from our position and there is no doubt in my mind that he could see us taxiing. After all; our jet must stick out like a sore thumb at TRK since this airport is mostly used for light general aviation activities.",,"A C560 and a towplane and glider experienced a ground conflict at an uncontrolled airport.",
856457,200910,0001-0600,DTW.Airport,MI,,,0,,,VMC,,,Night,,,Ground DTW,Air Carrier,Large Transport; Low Wing; 2 Turbojet Eng,,2,Part 121,IFR,Passenger,,Taxi,,,,,,,,,,,,,,,,,,,,,,,,,,,,,,,,,,,,,,,,,,,,,,,,,,,,,,,,,,,,,,,,,Aircraft X,Flight Deck,Air Carrier,Captain; Pilot Flying,Flight Crew Air Transport Pilot (ATP),,,Situational Awareness,,,856457,,,,,,,,,,,,Deviation / Discrepancy - Procedural Clearance; Ground Incursion Runway,,,Person Flight Crew,Taxi,Air Traffic Control Issued New Clearance,Airport; Chart Or Publication; Environment - Non Weather Related; Human Factors,Airport,"Inadvertent runway incursion on 4/22L at DTW. After a normal landing on 3R; we were given instructions to taxi via W4; W; cross 27R; P4; cross 3L; M3; south on M; V; Y to K13.  We completed the taxi instructions as far as the intersection of 4R.  Instead of turning all the way onto Y; I turned onto the high-speed exit Y11 for 4R/22L.  The runway was closed at the time.  When we realized we were on a runway; we notified the tower and ground told us to exit at the next available exit (Y12).  We proceeded via Y; K13 to our gate.The intersection of 4R/22L at V is a very large and complicated intersection with six possible directions to take.  Even though a hotspot is depicted on the airport diagram; the Y11 high-speed turnoff is not part of the hotspot circle.  The intersection is very poorly marked; especially at night.  There are several taxiway centerlines available which are unmarked.  When I approached the intersection; the intended direction; Taxiway Y is more than a 90 degree turn when traveling west on Victor.  I inadvertently made the 90 degree turn which turned out to be the Y11 exit for 22L.  Fortunately; the runway was closed.  When I realized my mistake we immediately notified the tower and exited the closed runway at the first available exit.The signage is not overly helpful.  I would suggest that the leadoff taxi lines have yellow painted boxes depicting the designation of the taxi line.  These are found at other airports with large intersections.  SFO comes to mind.  Also; an expanded hotspot circle would be helpful on the chart and perhaps an expanded depiction of that critical intersection.",,,,"An air carrier flight crew at DTW experienced a runway incursion when they entered Runway 4R/22L as opposed to turning onto Taxiway Y as cleared.",
858435,200911,0001-0600,PIT.Airport,PA,,,0,,,VMC,,,Daylight,,,Tower PIT,Air Carrier,B737-700,,2,Part 121,IFR,Passenger,,Taxi,,,,,,,,,,,,,,,,,,,,,,,,,,,,,,,,,,,,,,,,,,,,,,,,,,,,,,,,,,,,,,,,,Aircraft X,Flight Deck,Air Carrier,Captain,,Flight Crew Last 90 Days 201; Flight Crew Type 201,,Situational Awareness; Communication Breakdown; Confusion,Party1 Flight Crew; Party2 ATC,,858435,Aircraft X,Flight Deck,Air Carrier,First Officer,,Flight Crew Last 90 Days 230,,Communication Breakdown; Confusion; Situational Awareness,Party1 Flight Crew; Party2 ATC,,858436,Deviation / Discrepancy - Procedural Published Material / Policy; Ground Incursion Runway,,,Person Flight Crew,Taxi,General None Reported / Taken,Airport; Procedure; Human Factors; Chart Or Publication,Airport,"After pushback; we were cleared to taxi to Runway 28C via taxiways V and E. Approximately 2000 feet from the departure end of Runway 28C; we switched to PIT Tower frequency. On Taxiway E still parallel to 28C and about 200 feet from the departure end of the runway; we encountered conflicting runway signage and taxiway markings. The sign indicated 28C-APCH while the markings indicated hold short. I realize this is a commerical chart page 10-7 note but the note also says that PIT Tower will issue hold short at the 28C-APCH line; a clearance we did NOT receive. There is an extremely high probability of a runway incursion under the present circumstances as flight crews do not typically hold short at the 28C-APCH point without specific instruction to do so by the controlling facility. We would normally hold at the Rwy 28C/10C sign. Either the verbal instruction to hold short should consistently be given or; better yet; the conflicting sign and markings should be resolved.",,"After pushback we were cleared to taxi to Runway 28C at PIT by Taxiway V and E. On E we changed to Tower frequency. On E we encountered conflicting taxiway signage and markings. We went just past the hold short line. The sign indicated 28C-Approach; but the line was marked hold short. There is a note on the 10-7 page to that effect; but that ATC will advise. That call did not happen. The signage needs to be changed.",,"An Air Carrier flight crew was confused by the PIT 28C signage '28C-APCH' on Taxiway E at the HOLD SHORT marking because ATC did not issue a verbal 'Hold Short' instruction as anticipated because of a published Airport Note.",
859637,200911,1201-1800,MIA.Airport,FL,,,0,,,VMC,,,Daylight,CLR,,Ground MIA,Air Carrier,B757-200,,2,Part 121,IFR,Passenger,,Taxi,,,,,,,,,,,,,,,,,,,,,,,,,,,,,,,,,,,,,,,,,,,,,,,,,,,,,,,,,,,,,,,,,Aircraft X,Flight Deck,Air Carrier,Captain; Pilot Flying,,,,Confusion; Situational Awareness; Distraction,,,859637,Aircraft X,Flight Deck,Air Carrier,First Officer; Pilot Not Flying,,,,Situational Awareness; Distraction; Confusion; Workload,,,859638,Deviation / Discrepancy - Procedural Clearance; Ground Incursion Runway,,,Person Air Traffic Control; Person Flight Crew,Taxi,Air Traffic Control Issued New Clearance,Environment - Non Weather Related; Human Factors,Human Factors,"This was a routine flight in the middle of a three day trip. We left on schedule and did not feel rushed. We were pushed back and sent to our spot after normal disconnect. Approaching our assigned spot; I understood the clearance to be to taxi to Runway 8R via November. The Copilot asked the Controller for a repeat; but I understood it the first time. I saw and crossed the line depicting the non-movement area controlled by ramp onto the area controlled by Ground Control; but did not interpret this as Taxiway N. My map was out; but I was not referencing it at the moment because I knew that there were two taxiways parallel to Runway 8R between the ramp and the runway; Mike and November. I saw the first taxiway beyond the ramp was Mike; which I had positively identified by the standard black sign with yellow marking; by process of elimination; the next one would be November. Note the flawed logic here that is pivotal to what happened. I was devoting full attention on acquiring the same type of black sign to positively identify November while the Copilot was reading me closeout information. With a reasonably slow taxi I crossed Mike and made a bid to turn down the next one. As instantly as I was looking for the taxiway marking I was expecting to see; I looked right past the several hold short markings that undoubtedly were there. While I had not seen the verification I was seeking; if it had registered as doubt; I would have certainly stopped the airplane and vocalized it. I had started the turn west when I saw the white edge stripe and the dashed centerline characteristic of a runway ahead of me. Correctly interpreting what I saw as a runway that I was about to turn onto; with an aircraft on the runway; I aggressively turned to point my airplane between two blue taxi lights; preparing to put it in the grass if necessary. There were some radio calls on our frequency about the situation that I missed; but the Controller seemed calm and without imminent concern. The Controller issued a clearance at that point; something like join Taxiway M. It took me a minute to be sure I had room to make the turn; but was able and was put in line for takeoff with very little else said about it from Tower. This event had many of the ingredients of runway incursions we have learned about in training. I allowed expectations to affect my situational awareness and the Copilot was heads down right at a crucial point. While I don't think complacency played any role in this event; I do think my many times in MIA; in combination with relatively few recently; negatively affected my situational awareness. The sense of familiarity was my enemy; despite my awareness of construction changes I still had an overall sense of equilibrium about the airport layout. I am speculating that Taxiway N has fewer signs of the type I was looking for because of its continuous connection to the ramp. I should have been looking for markings painted on the surface. Because I mixed present airport configuration with past experience I was actually closer to the runway than I thought possible. I have respect for the seriousness of a runway incursion and this experience illustrates the endless need for high vigilance.",,"Once the aircraft cleared the ramp; I tore the closeout slip from the ACARS printer and calculated the persons onboard. About this time the closeout arrived at the Pegasus FMS and I proceeded to 'accept' and 'load' the performance data and takeoff data and check the load closeout against the performance numbers. I was heads-down during this time. I thought I felt the aircraft turn left; which is what I expected. The next thing I felt was a sharp turn left and a stop that caused me to look up. I saw some blue edge marker lamps; apparently on the west corner of Runway 08R and the M7 exit. I also saw an aircraft far down the west end of the pavement going slow; but with its landing light on. I don't remember his exact words; but the Captain said he though we just taxied onto Runway 08R. After a few seconds to assess what I was seeing; I said that yes; I thought we were on Runway 08R. There seemed to be no immediate danger and Ground Control asked us if we could taxi west on 08R and exit at M6. We then continued to taxi; with Ground Control concurrence on Runway 08R for takeoff. After finishing the checklists and making self-assessments as to our composure; we took off and flew uneventfully to our destination. The left turn I felt while working the closeout was probably only the jog from N to M rather than a turn onto a short N numbered taxiway. I don't know exactly how long I was heads down; but I estimate perhaps 30 seconds. In retrospect; I should have restricted my head down time to only a few seconds at a time and more closely monitored the taxi.",,"A B757 Captain taxiied onto Runway 8R after leaving the ramp and mistaking taxiway Mike for November and so then believing Runway 8R was Taxiway M.",
867483,201001,1201-1800,MIA.Airport,FL,,0,0,,,VMC,,,,,,Tower MIA,Air Carrier,Large Transport; Low Wing; 2 Turbojet Eng,,2,Part 121,IFR,Passenger,,Taxi,,,,,,,,,,,,,,,,,,,,,,,,,,,,,,Tower MIA,Air Carrier,Commercial Fixed Wing,,2,Part 121,IFR,Passenger,,Final Approach,,Class B ZZZ,,,,,,,,,,,,,,,,,,,,,,,,Aircraft X,Flight Deck,Air Carrier,Captain; Pilot Flying,Flight Crew Air Transport Pilot (ATP),Flight Crew Last 90 Days 79; Flight Crew Total 10700; Flight Crew Type 2771,,Confusion; Communication Breakdown; Situational Awareness,Party1 Flight Crew; Party2 ATC; Party2 Flight Crew,,867483,,,,,,,,,,,,Conflict Ground Conflict; Critical; Deviation / Discrepancy - Procedural Clearance; Deviation / Discrepancy - Procedural FAR; Ground Incursion Runway; Ground Incursion Taxiway,,N,Person Air Traffic Control,Taxi,Air Traffic Control Issued New Clearance; Air Traffic Control Issued Advisory / Alert; Flight Crew Executed Go Around / Missed Approach,Human Factors; Airport,Human Factors,"Miami Ground Control directed us to taxi to Runway 27 via Taxiway P. After turning onto Taxiway P we switched to Tower frequency who cleared us into 'Position and Hold' on Runway 27 while we were still taxiing. The First Officer completed the final items on the Before Takeoff Checklist while I taxied the aircraft to Runway 27 via Taxiways P and Q8. We inadvertently taxied through the Runway 27 threshold extension (slight extended threshold) and continued on Taxiway Q8 toward Runway 30. The tower directed us to hold short of Runway 30; followed almost immediately by 'Stop!' We realized the error just as the Tower directed us to stop. I immediately stopped the aircraft; but had already taxied across the hold short line for Runway 30. An air carrier flight was on 2 to 3 mile final and Tower directed the flight to go around. We then taxied to Runway 27 and departed. I later called the controllers at Miami Tower and accepted responsibility for the incident; there were no ATC Controller errors contributing to this incident.Factors: 1. This runway intersection is a designated runway incursion hot spot; (HS3) on the airport diagram. 2. Even though it was the First Officer's leg to fly; I did not insure that the crew discussed or briefed the runway incursion hot spot during the departure briefing. 3. When cleared position and hold onto Runway 27; I did not visually confirm the correct runway with the First Officer and instead allowed the First Officer to go heads down to complete the Before Takeoff Checklist. 4. Complacency due to a perceived familiarity with Miami International Airport contributed directly to the error. 5. The flight was also slightly rushed due to the short taxi. Instead of slowing down to provide adequate time and to preclude errors; I allowed the crew to rush to complete all required Before Takeoff Checklist items while taxiing to the assigned runway.",,,,"An air carrier flight crew crossed the runway to which they were cleared into position and taxied across the hold short line for a nearby intersecting runway.  An aircraft on final was directed to go around.",
875664,201002,1801-2400,JFK.Airport,NY,,,0,,,VMC,,,Night,,,Ground JFK,Air Carrier,Regional Jet 900 (CRJ900),,2,Part 121,IFR,Passenger,,Taxi,,,,,,,,,,,,,,,,,,,,,,,,,,,,,,,,,,,,,,,,,,,,,,,,,,,,,,,,,,,,,,,,,Aircraft X,Flight Deck,Air Carrier,Pilot Flying; First Officer,,Flight Crew Last 90 Days 100; Flight Crew Total 6000; Flight Crew Type 4200,,Confusion; Situational Awareness; Distraction,,,875664,,,,,,,,,,,,Ground Event / Encounter Other / Unknown,,,Person Flight Crew,Taxi,General None Reported / Taken,Airport,Airport,"I operated a Part 121 flight.  We encountered a taxi situation which I believe is a safety hazard.  During a night time operation we were given taxi instructions via 'B' to runway 31L at 'KK.'   Upon entering taxiway 'B' we noticed the centerline lights were out for several thousand feet (from about taxiway 'MA' almost to 'KK.').   JFK; LGA; EWR; and PHL apparently operate under some FAA waiver or order that allows night operations with no blue taxiway lights. This is an aviation hazard by itself. I've done some research and I believe the taxiway waiver allows 'retroreflective markers' in lieu of lights when centerline lights are available. The blue markers on the sticks in JFK are NOT visible at night with normal taxi lighting. With no operable centerline lights on taxiway 'B' it is a virtually invisible taxiway and runway/taxiway intersections are impossible to determine.   I brought the outage to the attention of the ground controller on 121.9. I asked if it was legal to use for Part 121 traffic when there were no operational lights for several thousand feet. He appeared to be aware of the outage but was unconcerned and stated that 'Port Authority hasn't closed it...' so it was therefore safe to use as an active taxiway.  All the above airports desperately need blue taxiway lights for surface movement safety and runway incursion avoidance. FAA AC 120-74A; pg 25 paragraph 4; specifically directs pilots to use taxiway side lights as a matter of procedure to identify intersections and avoid runway incursions during taxi operations.   If centerline lights are not available during night and low visibility at the above airports with the ill- advised hazardous FAA waiver for blue taxiway lights; the taxiway should be NOTAMed out of service as unsafe and not used.",,,,"An Air Carrier pilot noted that taxiway lights on JFK's taxiway 'B' between Taxiways 'MA' and 'KK' are inoperative and the Retrorlextive Markers are not visible at night.",
887158,201005,1201-1800,FCM.Airport,MN,,,0,,,,,,,,,Ground FCM,Corporate,PC-12,,1,Part 91,IFR,Passenger,,Taxi,,,,,,,,,,,,,,,,,,,,,,,,,,,,,,,,,,,,,,,,,,,,,,,,,,,,,,,,,,,,,,,,,Facility FCM.Tower,,Government,Local; Flight Data / Clearance Delivery,Air Traffic Control Fully Certified,,,,,,887158,Aircraft X,Flight Deck,Corporate,Single Pilot; Pilot Flying,Flight Crew Flight Instructor; Flight Crew Commercial; Flight Crew Instrument,Flight Crew Last 90 Days 100; Flight Crew Total 9000; Flight Crew Type 500,,Communication Breakdown; Situational Awareness; Confusion,Party1 ATC; Party2 Flight Crew,,888878,ATC Issue All Types; Deviation / Discrepancy - Procedural Clearance; Ground Incursion Runway,,,Person Air Traffic Control,,Air Traffic Control Issued New Clearance,Procedure; Airport; Human Factors,Human Factors,"I was working Ground Control when Aircraft X called for IFR clearance.  I issued the IFR clearance; which the pilot read back correctly.  The pilot advised he had the current ATIS; and was ready to taxi; requesting Runway 10R.  I coordinated a crossing of Runway 10L at Golf with Local.  I issued taxi instructions - 'turn right; taxi to Runway 10R via Alpha; Golf; cross Runway 10L at Golf.'  I verified the pilot had the latest convective SIGMETS and icing reports for the area.  A short time later; it appeared the aircraft was not going to stop in time to hold short of Runway 10R.  I instructed the aircraft to hold short of Runway 10R but by the time he stopped; he was across the hold lines.  I then had him continue crossing Runway 10R at Golf and taxi to Runway 10R full-length via Bravo; and I issued the 'possible pilot deviation' statement to the pilot.  Recommendation; our airport has a very high runway incursion rate.  In fact; at one point; we were leading the nation in runway incursions.  As a result of this; various runway safety action teams and other committees and management personnel have come up with all kinds of special phraseology; unique rules; statements on the ATIS; etc. that we are required to use.  For example; we are required to instruct pilots to either 'turn left' or 'turn right' out of parking.  This; combined with a 'left' or 'right' in the runway they are taxied to; can confuse the pilot; and this resulted in an increase in the rate of incorrect read backs.  Management does not see things this way; though; they just like to look like they are doing something to address the problem; to get the Region off their backs.  It does not seem to matter to anybody if their 'fix' to the runway incursion problem actually makes things worse.  At a certain point; it gets ridiculous.  I think in this situation; it may have helped the pilot if I had re-iterated to hold short of Runway 10R at Golf; even though the pilot cannot cross the runway he/she is taxied to without specific clearance to do so.  On the other hand; I think it is a double-edged sword.  If we continue to dumb down our phraseology and re-iterate things that we should not have to; then eventually when the runway incursion rate subsides; and all the runway safety action teams and special phraseology go away; pilots may think the lack of re-iterating hold short instructions is by default a clearance to cross.  In short; I am not sure what the solution to this problem is; other than doing a better job of educating our local pilots of the rules.",,"I listened to ATIS and received clearance ATC clearance from Ground Control.  I requested taxi clearance for Runway 10R.  The airplane was located on the north side of the parallel Runways 10L (3;900 FT) & 10R (5;000 FT).  I requested Runway 10R for takeoff for the greater safety margin of the extra runway length.  The Ground Controller instructed me to 'make a right turn; taxi to Runway 10R via Alpha; the north parallel taxiway; and Gulf; the crossing taxiway of Runway 10L and 10R; and cross Runway 10L on G.'  I understood the Ground Controller wanted me to taxi to the departure end of Runway 10R by taking the only route to the departure end which is Alpha; Gulf and Bravo; the south of 10R parallel taxiway.  I proceeded to taxi down Alpha; and Gulf as per the taxi instructions.  When I was on Runway 10R the Ground Controller said hold short of Runway 10R.  Then the Controller said continue and take a right on Bravo and taxi to the end.  After arriving at my destination airport I telephone the FCM Tower.  They stated that the Ground Controller said that he/she wished they would have given me a hold short of 10R instruction on the taxi clearance; indicating it was the Controllers intention to depart me from the Gulf intersection on 10R.  This made no sense to me because the only reason I requested Runway 10R was to have a longer runway for departure and by making a Gulf intersection departure it would have given me a shorter runway.  I did not request an intersection departure.  The Controller did not ask me if I could accept an intersection departure.  I would not have accepted an intersection departure.  I understand there are some regulatory changes that will be taking effect next month that will address this situation.  Ground Controllers will be required to state in the taxi clearance either; 'cross runway;' or 'hold short of runway' for all runway crossings.",,"FCM Controller and PC-12 pilot described a miscommunication event which resulted in a runway incursion.",
891453,201005,1201-1800,MYNN.Airport,FO,,,0,,,VMC,10,,Daylight,12000,,Ground MYNN,Corporate,Citation III; VI; VII (C650),,2,Part 91,IFR,Passenger,,Taxi,,,,,,,,,,,,,,,,,,,,,,,,,,,,,,,,,,,,,,,,,,,,,,,,,,,,,,,,,,,,,,,,,Aircraft X,Flight Deck,Corporate,Captain; Pilot Flying,Flight Crew Flight Instructor; Flight Crew Instrument; Flight Crew Air Transport Pilot (ATP); Flight Crew Multiengine,Flight Crew Last 90 Days 100; Flight Crew Total 7500; Flight Crew Type 450,,Confusion; Situational Awareness,,,891453,,,,,,,,,,,,Deviation / Discrepancy - Procedural Clearance; Deviation / Discrepancy - Procedural FAR; Ground Incursion Runway,,,Person Flight Crew,Taxi,General None Reported / Taken,Airport; Human Factors,Airport,"We were leaving the FBO ramp and received a taxi clearance to 'taxi to Runway 14 via Lima; hold short of 14'. Lima goes out of the FBO ramp but the taxiway hold short lines for Runway 14/32 are placed a long way back from the runway; are very faint and worn; and there are no other signs or markings. They are not where you would normally expect them to be as they are actually closer to the ramp than the runway. Because they are poorly marked; and there are no other signs we missed them as we were running the checklists. We did stop well before the runway intersection; but when we asked where the hold short lines were; we had already passed them. If it would have been lower visibility due to rain; it could have been a very different situation with a runway incursion possible. Corrective measures would be to repaint these lines where pilots can actually see them; as well as the addition of signs/lights like all major airports have; especially due to the remote location of this intersection on the airport.",,,,"A C650 Captain advised the hold short lines on Taxiway L short of Runway 32/14 at MYNN are worn; faint and barely distinguishable. The recognition problem is exacerbated by their location closer to the FBO ramp than to the runway itself.",
892787,201006,0601-1200,ANE.Airport,MN,,,0,,,IMC,Rain; 2,,,700,,CTAF ANE,Fractional,Learjet 45,,2,Part 91,,Passenger,,Taxi,,,,,,,,,,,,,,,,,,,,,,,,,,,,,,,,Cessna Citation Mustang (C510),,,,,,,Takeoff / Launch,,,,,,,,,,,,,,,,,,,,,,,,,,Aircraft X,Flight Deck,Fractional,Captain; Pilot Not Flying,Flight Crew Air Transport Pilot (ATP),,,Communication Breakdown; Situational Awareness,Party1 Flight Crew; Party2 Flight Crew,,892787,,,,,,,,,,,,Conflict Ground Conflict; Critical; Deviation / Discrepancy - Procedural Published Material / Policy,,Y,Person Flight Crew,Taxi,,Human Factors; Airport; Weather,Human Factors,"After an uneventful flight; approach and landing on Runway 9; we were taxiing to the FBO when we almost had a collision with a Citation Mustang departing Runway 18.  The taxi from our landing runway of 9 to the FBO required us to cross Runway 18 at Taxiway B.  The Tower was closed and the weather was IFR at the time.  We were making required and extra radio calls on CTAF to notify anyone at the airport of our position.  The visibility was around 2 miles in light rain with approximately a 700' overcast cloud deck.  Due to trees; we were having a hard time seeing the approach end of Runway 18 as we approached.  As we neared the hold short line; we both noticed an aircraft departing Runway 18 at the same time; but he had not made any radio calls on CTAF.  We were able to stop our taxi; and did not cross the hold line for Runway 18 so a runway incursion did not occur.  We estimated that if we had not stopped in time; we would have been hit on the side of the aircraft as we crossed the runway.  We had 4 passengers in the back; and they commented that 'Wow; that was close.'  We made several radio calls to the aircraft; but he did not respond.  We assume he got an IFR release from departure; and then never switched back to CTAF to broadcast his intentions to takeoff.  Our standard operating procedure of making sure we both check each way on a runway before crossing really saved the day.",,,,"LR45 Captain approaching Runway 18 on Taxiway B at ANE using CTAF procedures; is surprised by a Cessna Mustang departing Runway 18. No communication could be established with the Mustang pilot on CTAF after the event.",
893230,201006,1201-1800,MMMX.Airport,FO,,,0,,,VMC,,,Daylight,,,Ground MMMX; Tower MMMX,Air Carrier,B757 Undifferentiated or Other Model,,2,Part 121,IFR,Passenger,,Taxi,,,,,,,,,,,,,,,,,,,,,,,,,,,,,,,,,,,,,,,,,,,,,,,,,,,,,,,,,,,,,,,,,Aircraft X,Flight Deck,Air Carrier,Pilot Flying; Captain,Flight Crew Instrument; Flight Crew Multiengine; Flight Crew Flight Instructor; Flight Crew Flight Engineer; Flight Crew Commercial,Flight Crew Last 90 Days 137; Flight Crew Total 12000; Flight Crew Type 137,,Training / Qualification; Confusion; Communication Breakdown; Situational Awareness,Party1 ATC; Party2 Flight Crew,,893230,,,,,,,,,,,,Deviation / Discrepancy - Procedural Clearance; Ground Incursion Runway,Vertical 1000,,Person Air Traffic Control,Taxi,Air Traffic Control Issued Advisory / Alert,Airport; Human Factors,Human Factors,"Departing Mexico City I was given a clearance from ground control to taxi via B3; A1 to Runway 05R. Taxiing on A1; Ground switched us to Tower and Tower asked us if we had a problem as an aircraft did a go around on 05R. We replied no and Tower replied that she had told us to hold short of 05R; taxi into position and wait Runway 05R. We had incurred into the over run for 05R.  There were no runway markings or any indication that we were just touching the edge of the extended center line of 05R except for the white lead in markings to the runway 05R. The chart briefing page showed a Runway Incursion Hot Spot but showed a stop line prior to 05R. The hold short line was not on the Taxiway A1. Runway markings need to be placed on taxiway A1 (noting runway 05R ahead). We took off from MMMX with no other incident. Preventive Measure: In Hot Spot info note that the runway extended centerline for the over run for 05R at taxiway A1 is not well marked.",,,,"B757 Captain reports runway incursion at MMMX after being cleared to Runway 5R via Taxiway A1. The intersection of A1 and 5R is reported as not well marked with no hold bars.",
899920,201007,1201-1800,MCI.Airport,MO,,,0,,,Mixed,,,Daylight,,,Ground MCI,Air Carrier,B737 Undifferentiated or Other Model,,2,Part 121,IFR,Passenger,,Taxi,,,,,,,,,,,,,,,,,,,,,,,,,,,,,,,,,,,,,,,,,,,,,,,,,,,,,,,,,,,,,,,,,Aircraft X,Flight Deck,Air Carrier,Captain,Flight Crew Air Transport Pilot (ATP),Flight Crew Last 90 Days 190,,Confusion; Situational Awareness; Distraction; Communication Breakdown,Party1 Flight Crew; Party2 ATC,,899920,,,,,,,,,,,,Deviation / Discrepancy - Procedural Clearance; Deviation / Discrepancy - Procedural Published Material / Policy; Ground Incursion Taxiway,,,Person Flight Crew,Taxi,Air Traffic Control Issued Advisory / Alert; Flight Crew Became Reoriented; Flight Crew Returned To Clearance,Chart Or Publication,Chart Or Publication,"After pushback from Gate; taxi instructions were given that seemed to conflict with a Company plane taxiing into an adjacent Gate that was behind and to the right of us. We proceeded the only direction that cleared us from the gate area and Company. The Commercial Airport charts do not depict Taxiway D or an island median on the ramp the same way which confused the real time visual picture. As I was trying to rectify the taxi clearance with the charted and actual taxiway layout; we were given a different clearance to use L; M; and B Taxiways to 19R. We were already on D passing L as previously cleared. Ground Control informed us that we had missed L and to now take D; B; and hold short of M. As the Controller commented that we missed L; I referred back to the charts and missed the hold short of M instruction while questioning myself on the chart depiction. As we proceeded on D; then B; and approaching M; Company was holding short of B on M waiting for us so there was no indication to me to hold short of M. After passing M; Ground Control informed us we were supposed to hold short of M. We apologized for the misunderstanding and proceeded with no further conflict to 19R. The taxiway charts depiction needs to be revised to avoid a confusing situation that tends to momentarily distract from the job at hand. I knew where I was on the airport and was not concerned about a runway incursion.  Visibility was not an issue so the need to stop and sort out the chart confusion seemed excessive and time consuming; but it would have been the prudent thing to do. I also should have called upon my First Officer; but didn't because he was busy reworking the takeoff data due to changing weather.",,,,"The MCI Airport Diagram chart depicts an island behind gates 40 through 43 which is no longer present. The commercial Parking Gate Coordinates chart depicts Taxiway D ending at Taxiway L when in fact it continues to Runway 19R.",
936021,201103,,ATL.Airport,GA,,,0,,,,,,,,,Tower ATL,Air Carrier,B757 Undifferentiated or Other Model,,2,Part 121,IFR,Passenger,,Taxi,,,,,,,,,,,,,,,,,,,,,,,,,,Air/Ground Communication,,X,Design,,,,,,,,,,,,,,,,,,,,,,,,,,,,,,,,,,,,Aircraft X,Flight Deck,Air Carrier,First Officer,Flight Crew Air Transport Pilot (ATP),,,Communication Breakdown; Distraction,Party1 Flight Crew; Party2 ATC,,936021,,,,,,,,,,,,ATC Issue All Types; Ground Event / Encounter Other / Unknown,,,Person Flight Crew,Taxi,General None Reported / Taken,Airport; ATC Equipment / Nav Facility / Buildings,ATC Equipment / Nav Facility / Buildings,"There is; and has been a serious frequency 'bleed over' at the ATL airport. This is most noticeable in the vicinity of Taxiway T and its intersection with both runways 9L and 9R. There is a problem with the ATIS frequency momentarily interfering with the ATL Control tower; at times; making it hard to hear the Tower instructions. This is an obvious breech of safety and a potential runway incursion hazard. This has been an ongoing problem over the last couple of years.","The reporter stated that the interference is primarily on the south side of 9L on Taxiway T. He recently had an FAA Inspector on the jumpseat who witnessed the ATIS interference and the ATC communications disruption that resulted. The Inspector requested that a report be filed; so that attention to the potential problem could be addressed beyond the local level.",,,"An air carrier pilot reported ATIS frequency bleedover on ATL Tower frequency primarily on Taxiway T near Runway 9L and 9R.  The pilot reports this is an ongoing problem.",
969670,201109,1201-1800,DCA.Tower,DC,,,0,,,VMC,,,Daylight,,,Tower DCA,Air Carrier,Medium Transport; High Wing; 2 Turboprop Eng,,2,Part 121,IFR,Passenger,,Taxi,,,,,,,,,,,,,,,,,,,,,,,,,,,,,,,,,,,,,,,,,,,,,,,,,,,,,,,,,,,,,,,,,Aircraft X,Flight Deck,Air Carrier,Captain; Pilot Flying,Flight Crew Air Transport Pilot (ATP),,,Time Pressure; Situational Awareness; Distraction; Confusion; Communication Breakdown; Training / Qualification,Party1 Flight Crew; Party2 ATC,,969670,Aircraft X,Flight Deck,Air Carrier,Pilot Not Flying; First Officer,Flight Crew Commercial,,,,,,969883,Deviation / Discrepancy - Procedural Clearance; Ground Incursion Runway,,,Person Flight Crew,Taxi,General None Reported / Taken,Airport; Environment - Non Weather Related; Human Factors; Chart Or Publication,Ambiguous,"Upon exiting Runway 15 at DCA; we were instructed by Tower to hold short of Runway 19 at Taxiway M.  The First Officer read back the instructions which I then repeated to him.  The hold short line for 15 and 19 are extremely close together (there is insufficient room for larger aircraft to exit 15 fully and still remain short of 19 on Taxiway M).  By the time I had acknowledged the hold short instructions we had cleared the first hold short line (exiting Runway 15); and about to cross the hold short line for Runway 19.  I had confused this hold short line for the 15 hold short line; and passed the Runway 19 hold short line before realizing my error.  ATC repeated the hold short instructions.  Once clear of conflicting traffic; ATC cleared us to cross Runway 19 and taxi to the gate.  My limited familiarity with DCA airport and high workload caused the momentary confusion which led to the incursion.  The approach and runway exiting plan was briefed thoroughly during the approach briefing.  We had the airport diagram to refer to and knew our taxi route; which included the 'Hot Spots' (one happens to be at taxiway M on the other side of Runway 19 (the terminal side).  We still nevertheless managed to miss the hold short line; meaning that additional vigilance was needed. I would suggest A 'Hot Spot' or a note on the 10-9 airport diagram at Taxiway M between Runway 15/33 and 1/19 could provide an additional safety measure.  Additionally; it should be noted that there is insufficient room for larger aircraft to exit 15 fully and still remain short of 19 on Taxiway M.",,"We landed 15 in DCA; We were given instructions to exit at Mike Taxiway and hold short Runway 19. As we cleared Runway 15 the hold line for 19 and exit line for 15 are closely spaced together. Our aircraft length and close proximity of the hold short line of Runway 19 and exit on 15 on Mike caused our aircraft's nose to be slightly over the hold short line for 19. There was no go-around or aborted takeoff off 19 due to our runway incursion. I feel this area should be listed as a 'hot spot' and longer aircraft should continue rollout to the end of 15. If we had held short of 19 on Taxiway Mike; our tail would've have not cleared Runway 15 exit line therefore; 15 would still be considered as having an aircraft on an active runway.",,"An air carrier aircraft landed on Runway 15 and exited at Taxiway M but because the hold short lines for Runway 19 and 15 are so close large aircraft may not be clear of both runways at either hold short line.",
978013,201111,1201-1800,DEN.Tower,CO,,,0,,,VMC,,,Daylight,,,Ramp DEN,Air Carrier,B737-700,,2,Part 121,IFR,Passenger,,Taxi,,,,,,,,,,,,,,,,,,,,,,,,,,Communication Systems,,X,Design,,,,,,,,,,,,,,,,,,,,,,,,,,,,,,,,,,,,Aircraft X,Flight Deck,Air Carrier,First Officer,,Flight Crew Last 90 Days 161; Flight Crew Type 2000,,Confusion; Human-Machine Interface; Communication Breakdown,Party1 Flight Crew; Party2 ATC; Party2 Ground Personnel; Party2 Other,,978013,Aircraft X,Flight Deck,Air Carrier,Captain,Flight Crew Air Transport Pilot (ATP),Flight Crew Last 90 Days 301; Flight Crew Type 6600,,Distraction; Human-Machine Interface; Communication Breakdown,Party1 Flight Crew; Party2 ATC,,978381,Aircraft Equipment Problem Less Severe; Deviation / Discrepancy - Procedural Clearance; Deviation / Discrepancy - Procedural Published Material / Policy; Ground Event / Encounter Other / Unknown,,,Person Flight Crew,Taxi,General None Reported / Taken,Aircraft; Human Factors; Procedure,Procedure,"After clearing 35L; I contacted Ground and relayed our gate information; received taxi clearance M to CN to ramp; and acknowledged the clearance. I looked up the Ramp frequency on the company chart and looked over to VHF 1. The flight deck lighting conditions made it appear the Control Head light indicating the active frequency was for the window closest to me so I tuned the far window to Ramp. I completed my after landing flow and attempted my Company Ground call. I received no answer so I checked the switch on VHF 2. It indicated correctly so I tried Company again. Still no answer so I checked the company chart; which showed I was on the correct frequency.  I tried Company again and this time received an answer. As I checked the ATIS slip to confirm the gate was the same; the Captain said we had switched to Ramp too early mentioning taxiing traffic ahead. I looked up saw an aircraft exiting the ramp turning North and one coming from our right; which was slowing to a stop. I looked at VHF 1 saying I didn't intend to switch windows so I flipped the switch toward me and attempted to reach Ground; but I was still on Company. I pushed the button on the communication control panel for VHF 1 as I checked VHF 1 again and noticed I was on Tower because I had changed the window that was on Ground Control to Ramp. I started looking up Ground Control on the company airport chart; but we were approaching the gate so I contacted Ramp Control for clearance to the gate and then began wondering what had just happened. Preventative Measures:'I check the active window on the radios 98% of the time by checking the switch position on the radio; but it seemed very clear which indicator light was on. If; like the -300; the inactive window lined out; or if the control head had a single window you changed frequencies on and used an arrow switch to move it to the active window like our NAV radio; it would greatly assist in preventing error.",,"After landing during taxi in; I was focusing on the correct taxi route to the gate. Approaching the ramp area; I noticed two other airplanes that might become a conflict with our planned route. There was no mention from ATC regarding these two airplanes. I mentioned this to the First Officer. During his troubleshooting of the situation; he realized we had prematurely switched to Ramp Control from Ground Control. After his discovery; we were close enough to call Ramp for clearance to the gate; which we did. I never felt that there was any danger of collision or runway incursion or I would have stopped the airplane immediately. The urgency to contact Company for the 'on the ground' call and the Audio Panel Selector switch back lighting being intermittent may have been contributing factors.",,"Air Carrier taxiing to the gate at DEN experienced difficulty with radio equipment frequency selection and appropriate procedures to follow regarding ATC and company requirements.",
979222,201111,0601-1200,IAD.Tower,VA,,,0,,,VMC,,,Daylight,,,Tower IAD,Air Carrier,Learjet 60,,2,Part 135,IFR,Passenger,,Taxi,None,,,,,,,,,,,,,,,,,,,,,,,,,,,,,,,,,,,,,,,,,,,,,,,,,,,,,,,,,,,,,,,,Aircraft X,Flight Deck,Fractional,Captain,Flight Crew Air Transport Pilot (ATP); Flight Crew Flight Instructor; Flight Crew Instrument; Flight Crew Multiengine,Flight Crew Last 90 Days 70; Flight Crew Total 9000; Flight Crew Type 1200,,Communication Breakdown; Confusion; Situational Awareness,Party1 ATC; Party2 Flight Crew,,979222,,,,,,,,,,,,Deviation / Discrepancy - Procedural Clearance; Deviation / Discrepancy - Procedural FAR; Ground Incursion Runway,,,Person Air Traffic Control,Taxi,Air Traffic Control Issued Advisory / Alert; Air Traffic Control Issued New Clearance; Flight Crew Became Reoriented,Human Factors; Procedure,Human Factors,"Upon reaching number 3 in line for takeoff Runway 30; after an approximate 20-minute wait in line with aircraft initially numbering around 20 for departure; a runway incursion involving my aircraft occurred. Both crew members heard the Tower Control say something to the effect (call sign); able to make the right turn on Quebec for an intersection departure Zulu; 10;000 FT remaining? The pilot not flying working the radios this particular leg; and looked at me for concurrence; I nodded and verbalized 'of course'; he then acknowledged to the Tower Controller we could accept the intersection departure. We both heard next 'right turn on Quebec; left turn on Zulu; for Runway 30 Intersection Zulu departure'. I assumed the Tower Controller for whatever reason; was taking us in front of the other two aircraft for departure; a seemingly logical conclusion at the time given the taxi instructions to maneuver around the two aircraft in front of us. I called for the before takeoff checklist; turned around and advised the passenger we were cleared onto the runway for departure; and proceeded to taxi as instructed via Quebec and Zulu for 30; to wait for further takeoff clearance. We were now conducting the challenge response before takeoff checklists and each crewmember respectively turning on appropriate switches; arming spoilers; etc. as I taxied via Quebec and Zulu. Upon crossing the hold short line I looked left as I always do; and saw the aircraft that was #1 moving into position on the runway now behind us. The First Officer asked me as I was crossing the hold short line 'are we going to hold or go into position?' I replied; 'We were cleared onto the runway'; the First Officer did not question or challenge me; or the Tower Controllers instructions any further; so I continued to taxi onto the runway. Once we took position for departure; and were lined up with the centerline waiting takeoff clearance; the Tower Controller said something to the effect 'that is not what I wanted you to do; exit the runway immediately on Yankee; right on Quebec; right on Zulu; and Hold Short Runway 30.' We then heard him say to the aircraft that pulled onto the runway behind us to cancel takeoff clearance. The Tower Controller advised us we had not been cleared onto the runway; that the aircraft behind us had been cleared for takeoff; and instructed us to take down a telephone number for possible pilot deviation. The jet on the runway was re-cleared for takeoff; we were subsequently next in sequence and cleared for takeoff. Once at a safe cruise altitude I called the Tower Supervisor on the cockpit satellite phone. I was very apologetic for our misunderstanding of instructions. He advised me that he listened to the tapes. The Supervisor told me that the Tower Controller did not say 'line-up and wait or cleared for takeoff.' I acknowledged that we (crew) agree and did not hear him say either of those two phrases that the crew confusion came into play as he did not say 'hold short' either. I understand the pilot's responsibility to query ambiguous ATC instructions; that I should have stopped the aircraft and clarified what was expected of us. I told him I was sorry and certainly would never cross a hold short line again unless I specifically heard the terminology 'line up and wait' or 'cleared for takeoff.' The Supervisor advised he was filing a pilot deviation.",,,,"LJ60 Captain describes the circumstances leading up to a runway incursion at IAD.",
979457,201111,1801-2400,ZZZ.Airport,US,,,0,,,VMC,,,Night,,,Tower ZZZ,Air Carrier,Regional Jet 900 (CRJ900),,2,Part 121,IFR,Passenger,,Taxi,,,,,,,,,,,,,,,,,,,,,,,,,,,,,,Tower ATL,,Any Unknown or Unlisted Aircraft Manufacturer,,,,,,,Takeoff / Launch,,,,,,,,,,,,,,,,,,,,,,,,,,Aircraft X,Flight Deck,Air Carrier,First Officer; Pilot Not Flying,Flight Crew Multiengine; Flight Crew Air Transport Pilot (ATP); Flight Crew Flight Instructor; Flight Crew Instrument,Flight Crew Last 90 Days 150; Flight Crew Total 3500; Flight Crew Type 1000,,Communication Breakdown,Party1 Flight Crew; Party2 ATC,,979457,,,,,,,,,,,,ATC Issue All Types; Conflict Ground Conflict; Critical; Ground Incursion Runway,Horizontal 300; Vertical 1600,,Person Air Traffic Control; Person Flight Crew,Taxi,Air Traffic Control Issued New Clearance,Human Factors; Procedure,Human Factors,"I; the First Officer; was the pilot flying and landed uneventfully on XYL. While clearing XYL at N2; the last high speed; the controls were transferred to the Captain. During the control transfer the Captain replied to two separate radio transmissions from the Tower. First; 'Hold short of Runway XYR at Tango;' and the second; 'Monitor Tower.' Both instructions were acknowledged and read back by the Captain. The Captain already had the Tower frequency for Runway XYR in the standby and switched it over to the active channel. I verified the new frequency that the Captain had selected because we had not yet heard any transmissions on the new frequency. The Captain had loaded the correct frequency in RTU 1. The after-landing checklist was called for by the Captain and I began the after-landing flow. My flow pattern was interrupted when Tower issued us crossing instructions for XYR stating; '[Callsign]; cross Runway XYR; join Lima; contact Ground.' The Captain turned on the exterior lights and increased the thrust while I read back the Tower's crossing instructions. As we began rolling we noticed what we thought at the time was an aircraft lining up for position on the runway we were crossing. Initially this did not concern us as it is a common practice at airports across the nation. However; a few seconds after crossing the hold short line and on the active departure runway; we both noticed movement. The aircraft that we thought was only positioning for departure on the runway had turned its takeoff and landing lights on and we saw it accelerating towards us. At this point; the nose of our aircraft was crossing the runway center line. The departing aircraft rotated and climbed over us as we continued to cross. As all this was happening Tower realized what was going on; that he had given us a clearance to cross and an airplane was departing. Tower quickly told us to hold position. I replied that we were 'Already rolling;' as I watched in utter stupor as the departing airplane climbed over our fuselage. Needless to say; everyone was shaken at what could have happened. After crossing and clearing the runway we were quickly told to contact Ground. I attempted to query the Controller as to what had happened; but my calls went ignored. After contacting Ground I requested a phone number for the Tower. I spoke with the Supervisor after we returned to gate. Obviously; and even though [we] remembered receiving and reading back the crossing clearance; we wanted to make sure that we had not been a cause of this incident. The Tower Supervisor informed me that they had reviewed the tapes and we had received a crossing restriction and read it back correctly. The other aircraft had also been given a takeoff clearance; which occurred prior to our aircraft joining the frequency. However; the Tower Supervisor noted that the Tower had attempted to amend those instructions but that it had not been received. Neither I nor the Captain ever heard any instructions to stop other than once we were on the runway. An hour later and on the next leg; we were cleared to take off from Runway XXL well prior to reaching the hold short line. There was another aircraft behind us who was subsequently cleared into position on our runway. I noticed that between the two clearances; ours and the aircraft behind us; the Tower Controller's voice was different because of a shift change. I queried the new Controller to verify our takeoff clearance. I believe that a similar situation could have existed during our runway incursion an hour earlier. We never heard anyone give the aircraft a takeoff clearance.",,,,"A CRJ900 First Officer reported that after they were cleared to cross a RWY; an aircraft took off and overflew their aircraft as they were taxiing across.",
981950,201112,0601-1200,ZZZ.Airport,US,,,0,,,VMC,,,Daylight,,,Tower ZZZ,Air Carrier,B737 Undifferentiated or Other Model,,2,Part 121,IFR,Passenger,,Taxi,None,,,,,,,,,,,,,,,,,,,,,,,,,,,,,Tower ZZZ,Corporate,Learjet 45,,2,Part 135,IFR,Passenger,,Initial Climb,,Class B ZZZ,,,,,,,,,,,,,,,,,,,,,,,,Facility ZZZ.Tower,,Government,Handoff / Assist,Air Traffic Control Fully Certified,,,Situational Awareness; Distraction; Confusion; Communication Breakdown; Workload,Party1 ATC; Party2 ATC,,981950,Facility ZZZ.Tower,,Government,Local,Air Traffic Control Fully Certified,,,Situational Awareness; Distraction; Workload; Time Pressure,,,981963,ATC Issue All Types; Conflict Ground Conflict; Critical; Deviation / Discrepancy - Procedural Published Material / Policy; Ground Incursion Runway,Vertical 15,,Person Flight Crew,In-flight,Flight Crew Took Evasive Action,Procedure; Human Factors,Human Factors,"VIP movement was about 15 minutes out. Everyone was preparing the airport for the arrival. In order to get a few more departures out we used Runway XXR for departures while landing on Runway XXC. As an assist; we watch over the Local Controller along with helping coordinate. Normally XXR is considered inactive unless needed. Seeing as we did need it; it was considered hot and Local Control owned the runway. Air Carrier X landed Runway XXC and was told to turn right on 'B' and cross Runway XXR; as he was halfway down the runway. Later aircraft Y was cleared for takeoff on Runway XXR. I was unsure if the Local Controller did in fact clear Air Carrier X to cross due to coordination with other employees on the VIP movement. Once I looked back to verify he was stopping; he had a good speed; so I told Local to verify he is stopping. Also; a Supervisor was plugged in for the VIP movement who had the same response; 'Make sure he is stopping.' Air Carrier X stopped on his own; so we thought the proper hold short was given. Air Carrier X informed us he was told to cross. If Air Carrier X did cross he would have been okay; but not by much. Runway XXR is usually inactive and by habit people are used to crossing it without thinking. Once it is hot; it can be hard to stray yourself from the norm; especially when traffic is high. I am unsure at the moment on how to prevent this; maybe hold short bar lights.",,"[I] departed aircraft Y off Runway XXR. Air Carrier X landed on Runway XXC and told to turn right off Runway XXC and cross Runway XXR instead of hold short. Air Carrier X spotted the departure off Runway XXR and stopped short of runway. [I] was distracted by a helicopter; increased traffic; and pressure to clear up the airport before the VIP arrival.Recommendation; move the Local Control position to the north side of Tower for better view and less blind spots.",,"Tower Controller and flight crew described a ground conflict event where ATC cleared an arrival Air Carrier to cross a runway and then cleared an aircraft for takeoff from that same runway. The Air Carrier stopped after noting the departure.",
983251,201112,0001-0600,ZZZ.Airport,US,,,0,,,,,,,,,Tower ZZZ,Air Carrier,Regional Jet 700 ER/LR (CRJ700),,2,Part 121,IFR,Passenger,,Taxi,None,,,,,,,,,,,,,,,,,,,,,,,,,,,,,Tower ZZZ,Air Carrier,MD-82,,2,Part 121,IFR,Passenger,,Takeoff / Launch; Taxi,,,,,,,,,,,,,,,,,,,,,,,,,,Facility ZZZ.Tower,,Government,Local,Air Traffic Control Fully Certified,,,,,,983251,,,,,,,,,,,,ATC Issue All Types; Conflict Ground Conflict; Less Severe,,,Person Air Traffic Control,,General None Reported / Taken,Human Factors,Human Factors,"After beginning a mid shift; and less than 30 minutes after assuming responsibility for all East Tower Local and Ground positions combined; I cleared a CRJ7 to land on Runway 17C. Almost simultaneously; I taxied a MD82 to Runway 17R; an action which would require a release from the West Tower due to his SID. Another CRJ had landed prior to the CRJ7 and I had routed the other CRJ via Taxiway's M and EM with instructions to hold short Runway 17R before I eventually crossed him and taxied him to the ramp. The CRJ7 touched down on Runway 17C; exited at M3 high-speed and I instructed him to cross Runway 17R at K8; then turn left on Lima and remain on Local East-1 frequency. Immediately afterwards; the MD82 reached Runway 17R and I obtained a departure release from the West Tower. I cleared the MD82 for take off with instructions to proceed to the first RNAV fix on his SID. I observed the CRJ7 turning westbound on K8 and remembered that I had given him permission to cross Runway 17R. I immediately queried the MD82 as to whether or not they had crossed the hold-short line and when they responded in the affirmative I immediately canceled their take off clearance with instructions to 'taxi onto the runway' only. I then queried the CRJ7 as to whether he was still short of the Runway 17R hold-short line and when he answered in the affirmative; I instructed him to 'hold short of Runway 17R' which he acknowledged. I then re-cleared the MD82 for takeoff and when airborne; I instructed the CRJ7 to cross Runway 17R and to remain on Tower frequency. Honestly; this incident occurred largely due to fatigue from lack of sleep between my day shift and mid shift. For whatever reason; it was the previous CRJ's 'hold short' instruction and routing which my mind transposed over that which I had given to the CRJ7! In the future; I will utilize alertness aids such as caffeinated drinks or more rest between shifts to reduce the possibility of significant errors in judgment. While upset and shaken upon realizing this mistake; I do believe that my actions were timely in recognizing and correcting my mistake and prevented a loss of separation or runway incursion. As a rule; I don't believe that I fully grasped how physically and intellectually fatigued I was following my day shift. This incident; frankly; was terrifying to me and maximum alertness ensued immediately thereafter!",,,,"Tower Controller described a near conflict event when issuing conflicting runway occupancy clearances; the reporter listing fatigue resulting from a quick turn from the day to mid shift as a causal factor.",
993185,201202,0001-0600,IAH.Airport,TX,,,0,,,,,,,,,Tower IAH,Air Carrier,B737 Undifferentiated or Other Model,,2,Part 121,IFR,Passenger,,Takeoff / Launch,None,,,,,,,,,,,,,,,,,,,,,,,,,,,,,Tower IAH,Air Carrier,EMB ERJ 145 ER/LR,,2,Part 121,IFR,Passenger,,Taxi,,,,,,,,,,,,,,,,,,,,,,,,,,Facility IAH.Tower,,Government,Ground,Air Traffic Control Fully Certified,,,Situational Awareness,,,993185,,,,,,,,,,,,ATC Issue All Types; Conflict Ground Conflict; Critical; Deviation / Discrepancy - Procedural Clearance; Ground Incursion Runway,,,Person Air Traffic Control,,General None Reported / Taken,Procedure; Human Factors; ATC Equipment / Nav Facility / Buildings; Airport,Procedure,"I was working Ground Control and had noticed that an E145 was taxiing down Taxiway WP extraordinarily slowly; so slowly that there were several airplanes behind him that taxied out several minutes later; in my opinion it was extremely excessive; and a major cause of this runway incursion. This got the pilots and the Local Controller a little anxious to get departures rolling before we start taking delays. The Local Controller put the conflict E145 into position on 33L at WL; several minutes later the ASDE-X alarmed and I looked up thinking it was a false alert to realize that the aircraft made a wrong turn and was trying to LUAW on 33R as a 737 was mid takeoff roll. Local then said she saw it ahead of the alert and told the aircraft to hold position as the 737 took off. The runway status lights need to be turned on; these have been in the works for too long. Some pilots are taxiing excessively slowly at times which has caused other problems reference crossing runways as controllers are not expecting them to taxi so slowly or get too anxious and irritated. The ASDE-X did not alarm with enough time to stop a catastrophic accident if Local had not stopped the E145. I did not see the situation developing; but from what I saw the ASDE-X did not sound with enough warning time to correct the situation. Perhaps it would be a good idea to set up a different kind of alert similar to a CA that would alert the Tower if a situation could possibly develop.",,,,"IAH Controller described a developing runway incursion event; prevented by Local Control intervention; the reporter listing runway status lighting procedures and delayed ASDE-X alarms as causal factors.",
1035554,201208,0601-1200,DCA.Airport,DC,,,0,,,VMC,,,,,,Tower DCA,Air Carrier,Regional Jet CL65; Undifferentiated or Other Model,,2,Part 121,IFR,Passenger,,Taxi,,,,,,,,,,,,,,,,,,,,,,,,,,,,,,,,,,,,,,,,,,,,,,,,,,,,,,,,,,,,,,,,,Aircraft X,Flight Deck,Air Carrier,Captain; Pilot Flying,Flight Crew Air Transport Pilot (ATP),,,Situational Awareness,,,1035554,,,,,,,,,,,,ATC Issue All Types; Ground Incursion Runway,,,Person Flight Crew,Taxi,General None Reported / Taken,Procedure; Airport; Human Factors,Ambiguous,"We were taxiing on Taxiway J; and told to hold short of Runway 1/19 on Taxiway F. We held short as instructed. We were then cleared across Runway 1/19; and told to hold short of Runway 33 and monitor Tower on the other side. As I was taxiing toward Runway 33; I realized I had also crossed Runway 4/22 without obtaining a clearance. The controller didn't mention it and we departed on Runway 33 after a short delay. ATC never mentioned my mistake. However; under current FAA and ICAO guidance; we are required to obtain explicit permission to cross all runways we encounter. I noticed that I was on a runway as I taxied across it.The runway layout in DCA is conducive to this type of error. The close proximity of Runway 4/22 and Runway 1/19 where Taxiway F crosses is a contributing factor. There are no hold short lines to warn you that you are about to cross another runway; the runways are too close for standard hold short lines. Further; the Airport Diagram for DCA does not have this particular intersection identified as a runway incursion hot spot. Taxiway G's intersection with Runway 1/19 is identified as a 'Hot Spot;' but Taxiway F where it crosses 1/19 and then immediately crosses 4/22 is not identified as a hot spot. If the controllers expect aircraft to cross both runways darn near simultaneously; they should clear us across both runways in the same clearance. If they ever expect us to hold short of 4/22 after crossing 1/19; I think they have unrealistic expectations. I believe that holding short of 4/22 on Taxiway F would place the tail of my airplane too close to traffic taking off on 1/19. But technically; a specific crossing clearance is required. So either way; there is a safety issue....if a pilot stops to comply with the 'technically correct' methodology and awaits a further clearance across 4/22; he could jeopardize aircraft taking off on 1/19 behind him. But assuming you're cleared to cross a runway for which you did not receive an explicit clearance is also unsafe. I rolled clear of the runway on the other side. DCA controllers need to be aware of this issue and issue explicit clearance to cross BOTH runways when utilizing Taxiway F to get traffic over to Runway 33. Company pilots need to be aware of this issue and specifically request clearance to cross 4/22 if they do not receive it when they're cleared across 1/19. Perhaps the FAA needs to designate the intersection of Taxiway F with 1/19 and 4/22 as a hot spot.",,,,"After being cleared to cross Runway 1 on Taxiway F hold short of Runway 33; Air Carrier Captain realizes that he has also crossed Runway 4 without a clearance.",
1049479,201211,1201-1800,ZZZ.Airport,US,,,,,,VMC,,,Daylight,,,Tower ZZZ,Air Carrier,EMB ERJ 145 ER/LR,,2,Part 121,,Passenger,,Landing,,Class D ZZZ,,,,,,,,,,,,,,,,,,,,,,,,,,,,Tower ZZZ,,Cessna Aircraft Undifferentiated or Other Model,,,,,,,Taxi,,,,,,,,,,,,,,,,,,,,,,,,,,Aircraft X,Flight Deck,Air Carrier,Pilot Not Flying; Captain,Flight Crew Air Transport Pilot (ATP),,,Situational Awareness,,,1049479,Aircraft Y,Flight Deck,,,,,,Communication Breakdown; Confusion; Situational Awareness,Party1 ATC; Party2 Flight Crew,,,Conflict Ground Conflict; Less Severe; Ground Incursion Runway,,N,Person Flight Crew,In-flight,General None Reported / Taken,Human Factors; Airport; Environment - Non Weather Related; Procedure,Procedure,"Landing on Runway XXR at approximately 1-2 mile final approach; I heard an aircraft call ready for takeoff. Tower replied 'Callsign; hold short of Runway XXR'. In very broken English the aircraft replied; 'Authorized into position.' This grabbed my undivided attention due to the fact that we were very close to landing on the same runway that apparently someone else was going to enter. The Tower replied with; 'Negative! Hold short of Runway XXR.' I visually scanned for traffic on the runway or entering the runway. I saw a small Cessna aircraft on Taxiway B moving towards Runway XXR. I was far enough away that I couldn't see where the hold short line was. Unable to distinguish if a runway incursion had occurred but clearly aware that there was some radio confusion about whether or not this airplane was going to hold short and the Cessna was definitely moving towards the runway; I verbalized that the airplane was moving. I continued to watch the Cessna move towards the runway getting ready to call for a go-around. About 15-20 FT prior to where the taxiway blacktop turned into the runway concrete; the Cessna stopped moving and made a radio call stating 'Hold short of XXR.' I continued to watch the aircraft to make sure it did indeed stop; and it appeared it had stopped moving. At this point of our approach I could see that the Cessna was a full aircraft length past the runway hold short line. I again debated calling for a go-around or for the Tower to call for the go-around; and ultimately decided to continue to land. I came to this decision in part due to our very low altitude; the fact that the Tower had not made any radio comments about the runway incursion; and the Cessna had seemed to grasp the fact that we were on short final and was not moving anymore. Another factor in my decision was the fact that the runway hold short line on Runway XXR is abnormally far from the runway. Even though the Cessna was completely past the line it was still only about 1/2 the way to the runway from the hold short line; about 15-20 FT away. I decided it would be safer to land the plane. After rethinking the events I now wish I would have executed the go-around.",,,,"EMB-145 continued approach to landing after observing a Cessna aircraft come to a stop past the hold-short line of an intersecting taxiway on the same runway.",
1050470,201211,,DFW.Airport,TX,,,0,,,VMC,,,,,,Ground DFW,Air Carrier,MD-80 Series (DC-9-80) Undifferentiated or Other Model,,2,Part 121,IFR,Passenger,,Taxi,,,,,,,,,,,,,,,,,,,,,,,,,,,,,,,,,,,,,,,,,,,,,,,,,,,,,,,,,,,,,,,,,Aircraft X,Flight Deck,Air Carrier,Captain,Flight Crew Multiengine; Flight Crew Air Transport Pilot (ATP),Flight Crew Last 90 Days 240; Flight Crew Total 20000; Flight Crew Type 18500,,Workload; Confusion,,,1050470,,,,,,,,,,,,ATC Issue All Types; Deviation / Discrepancy - Procedural Published Material / Policy,,,Person Flight Crew,Taxi,Flight Crew Requested ATC Assistance / Clarification,Procedure; Human Factors,Procedure,"DFW Ground Control and my airline use coded standard taxi routes for outbound and inbound taxi operations at DFW airport. There are some serious safety issues with this that need to be addressed. 1. Not all the controllers us the standard routes. They are not used with other carriers at DFW and the controllers don't always give us a standard routes; some say 'cleared to 17C via Kilo; Echo; Gulf.' The next day the same route is: 'Cleared to 17C via the inner.' 2. The coded standard routes forces us to be heads down during taxi. This is a runway incursion waiting to happen; and for what? These clearances do absolutely nothing to help the pilots. Their sole benefit is take work away from the Ground Controller and allow them to pass the buck for compliance and legality on to the cockpit. In other words; these clearances shift work and stress from Ground Control and transfer it to the cockpit. I therefore assume the responsibility and do the work that the Ground Controller is getting paid to do. Controlling aircraft on the ground is their job; not mine! I am doing the Ground Controller's job at a time that I am juggling nine balls already. THIS IS UNSAFE ON SO MANY LEVELS AND SHOULD BE STOPPED IMMEDIATLEY. There is no real benefit to these asinine clearances. There is only increased risk to the safe operation of my aircraft. I have therefore refused these clearances since they were begun. I will not accept them.",,,,"Air Carrier departing DFW voiced concern regarding the 'Coded Taxi Routes' used for his company; noting inconsistency of use by ATC and cockpit workload as complicating factors.",
1064264,201301,1201-1800,DCA.Airport,DC,,,0,,,VMC,,,,,,Tower DCA,Air Carrier,EMB ERJ 145 ER/LR,,2,Part 121,,Passenger,,Takeoff / Launch,,,,,,,,,,,,,,,,,,,,,,,,,,,,,,Tower DCA,Air Carrier,Commercial Fixed Wing,,2,Part 121,,,,Taxi,,,,,,,,,,,,,,,,,,,,,,,,,,Aircraft X,Flight Deck,Air Carrier,Captain; Pilot Flying,Flight Crew Air Transport Pilot (ATP),,,Situational Awareness; Confusion; Human-Machine Interface,,,1064264,Aircraft X,Flight Deck,Air Carrier,First Officer; Pilot Not Flying,,,,,,,1064266,ATC Issue All Types; Deviation / Discrepancy - Procedural Clearance; Ground Incursion Runway,,,Person Flight Crew,,Air Traffic Control Issued New Clearance,ATC Equipment / Nav Facility / Buildings; Human Factors; Procedure,ATC Equipment / Nav Facility / Buildings,"Air Carrier X had just landed Runway 19 in DCA. We were cleared to line up and wait. Air Carrier X was exiting the runway and we were cleared for take off. As soon as we could visually see Air Carrier X was clear of Runway 19 we started to depart. For whatever reason; Air Carrier X decided to stop immediately after their aircraft cleared the runway however it was still showing an alert on the ground surveillance RADAR in ATC because they did not pull off far enough. ATC told us to abort take off; but we were already at V1 and had insufficient runway to reject the take off. We continued without incident and there was never any question on separation. When we landed; I spoke to the Tower Supervisor who indicated that it was not our fault in anyway. He also stated that they had the separation with Air Carrier X and they believe it was a malfunction of the electronic runway incursion system. ATC should make sure that all aircraft pull completely off the active runway before issuing a take off clearance.",,"[Narrative 2 contains no additional information.]",,"Air Carrier departure from DCA elected to continue take off because of V1 speed even though an abort instruction was issued by ATC because of a slow exiting previous landing aircraft.",
1089541,201305,1201-1800,ACT.Airport,TX,,,0,,,VMC,10,,Daylight,4000,,Tower ACT,Corporate,Light Transport; Low Wing; 2 Turbojet Eng,,2,Part 91,IFR,Passenger,,Taxi; Landing,None,,,,,,,,,,,,,,,,,,,,,,,,,,,,,,,,,,,,,,,,,,,,,,,,,,,,,,,,,,,,,,,,Aircraft X,Flight Deck,Corporate,Captain; Pilot Flying,Flight Crew Air Transport Pilot (ATP); Flight Crew Flight Instructor; Flight Crew Multiengine,Flight Crew Last 90 Days 45; Flight Crew Total 9800; Flight Crew Type 1100,,Confusion; Distraction,,,1089541,,,,,,,,,,,,Deviation / Discrepancy - Procedural Clearance; Ground Incursion Runway,,,Person Air Traffic Control,Taxi,Air Traffic Control Issued Advisory / Alert; Flight Crew Became Reoriented; Flight Crew FLC complied w / Automation / Advisory,Procedure; Airport; Environment - Non Weather Related,Ambiguous,"Upon landing at Waco airport on Runway 14; we proceeded to roll out on the full length of the runway. As we approached Taxiway B3; we were instructed by the Tower Controller to exit on Taxiway B2. At the moment; approaching B3 we assumed that B2 was the next taxiway turnoff. As we rolled off the end of Runway 14; we found ourselves on the overrun to Runway 14 (chevron taxiway marking). At this point we were approaching Runway 19 and slowed to stop to query the Tower Controller regarding our taxi instructions which did not include crossing Runway 19. Before we were able to question the Tower Controller; a second Controller instructed us to do a 180 turn on the runway and exit on Taxiway B3. As instructed; we complied with those instructions and proceeded to exit the Runway at B3. Approximately 1 minute later; the Tower instructed us to contact the Approach/Tower phone number to discuss a possible pilot deviation. We learned during that phone conversation; that the overrun for Runway 14 is a non-movement area. Further; because we had rolled out in this non-movement area; we were in violation of a runway incursion; even though we never moved on to the adjacent Runway 19 at any point. Subsequent to our phone discussion with the Tower Supervisor; we are still rather confused as to what we did wrong other then taxing on to the overrun portion of Runway 14. It should be noted there are no airport signs; directions or notes on the airport surface or more importantly; on our airport runway charts that identify this area as a non-movement area.","The reporter stated that he is still unclear what the runway incursion event was which the Controller referenced. His concentration was on the short field landing and at the time he was traveling at no more than 5 miles per hour and missed the taxiway sign so thought what turned out to be the overrun was Taxiway B-3. The reporter stated that the Controller whom he spoke with stated that they were having 'all kinds of problems with aircraft in that area.' What the reporter believes is that the signage on Runway 14 approaching the runway end should state that area is a non-movement area because it is not possible to see the overrun chevrons in a short aircraft.",,,"A pilot landed on ACT Runway 14 and after missing Taxiway B-3 entered the area beyond the runway's end where he was given a 180 degree turn to Taxiway B-3 and advised of a runway incursion in the non-movement area.",
1090486,201305,1201-1800,BWI.Airport,MD,,,0,,,,,,,,,Ground BWI,Air Carrier,B737-800,,2,Part 121,,Passenger,,Taxi,,,,,,,,,,,,,,,,,,,,,,,,,,,,,,,,,,,,,,,,,,,,,,,,,,,,,,,,,,,,,,,,,Aircraft X,Flight Deck,Air Carrier,Pilot Not Flying; First Officer,Flight Crew Air Transport Pilot (ATP),,,Confusion,,,1090486,Aircraft X,Flight Deck,Air Carrier,Pilot Flying; Captain,Flight Crew Air Transport Pilot (ATP),,,Confusion; Distraction; Situational Awareness,,,1090496,Deviation / Discrepancy - Procedural Clearance; Ground Incursion Taxiway; Ground Incursion Runway,,,Person Air Traffic Control,Taxi,Air Traffic Control Issued New Clearance; Air Traffic Control Issued Advisory / Alert; Flight Crew Became Reoriented,Airport; Human Factors,Human Factors,"We were given a taxi clearance to taxi to Runway 28 via: Alpha-Papa1-Uniform cleared to cross Runway 22. After receiving our taxi clearance; the Captain briefed the taxi and we departed the ramp area. We got distracted when we saw another airplane and we missed the turn onto Alpha taxiway. The next thing we knew; we were getting a call from the Ground Controller saying we were on Runway 28. When we missed the left turn on Alpha; we ended up on Echo taxiway and entered the runway. There were no other airplanes on Runway 28 and we were told to taxi down to Uniform 1. The area in question is HS-3 on the airport diagram. When you leave the ramp area; it is important to make sure you turn left immediately. We let ourselves get side-tracked by the other aircraft.",,"After pushback; we were released between pier B and C facing southeast. The Before Taxi checklist was completed and we received the following taxi clearance from Ground Control: 'Flight #; taxi to Runway 28; via Alpha; Papa One; Uniform; cross Runway 22.' From our position; Papa One was obscured by a building. I briefed that we would make a left turn on Alpha followed by a right turn on Papa One for the runway crossing. As we pulled forward; I may have become distracted by an aircraft taking off; and commented that it was odd that they would clear us to cross a runway prior to it actually being clear. As we approached the runway; we both visually cleared left and right; and I proceeded to cross. I noticed that something didn't seem quite right about the same time that the Tower told us to hold position. Somehow; we had proceeded ahead on Echo and began to cross Runway 10-28 instead of 4-22. We were instructed to proceed down the runway and exit at Uniform One. Apparently; my distraction from the aircraft taking off was a contributing factor in the improper execution of the briefed taxi route; and a runway incursion resulted. I would like to note that we visually cleared both ends of the runway and final approach; and that there were no go-arounds or aborts; I would also like to note that we were very fortunate that visibility was excellent that day If the capability exists; I would respectfully ask the FAA to look at the runway/taxi signs while facing South on Taxiway Echo. I honestly thought that I was in the correct position prior to the incursion; although obviously I was not.",,"B737 flight crew reports a runway incursion at Taxiway E and Runway 28 at BWI. Taxi instructions were to taxi via A; P1; U to Runway 28. The turn onto A was never executed.",
1098542,201307,0601-1200,SJC.Airport,CA,,,0,,,VMC,,,Daylight,,,Tower SJC,Air Taxi,Challenger 300,,2,Part 135,IFR,Passenger,,Taxi,,,,,,,,,,,,,,,,,,,,,,,,,,,,,,,,,,,,,,,,,,,,,,,,,,,,,,,,,,,,,,,,,Aircraft X,Flight Deck,,Pilot Flying,Flight Crew Air Transport Pilot (ATP),,,Communication Breakdown; Confusion; Situational Awareness; Fatigue,Party1 ATC; Party2 Flight Crew,,1098542,,,,,,,,,,,,Deviation / Discrepancy - Procedural Clearance; Ground Incursion Runway,,,Person Flight Crew,Taxi,Flight Crew Took Evasive Action; Flight Crew Became Reoriented,Airport; Human Factors,Human Factors,"We were cleared to taxi to Runway 30L at SJC.  After arrival at the hold short line Tower cleared us to cross 30L.  He said; 'cleared to cross 30L and sort of angle to the right across to hold short of Runway 30R at taxiway Alpha.'  I taxied across and turned 45 degrees right; and  looked for the 'A' sign.  I only saw one taxiway Alpha sign; straight ahead; and briefly continued towards it.  I then realized that the sign I was looking at was on the far side of runway 30R and that the hold short line I had crossed was not the exit one for 30 left; but the approaching one for 30 right.  I immediately executed a hard right turn and returned the aircraft behind the line.  We had gone over the hold short line by a bit over one plane length.  After the event; I realized that I would have had to turn a hard 90 degree right turn to have seen the taxiway sign we were intended to see;  and that it was not easily visible once past the hold line for 30 left.  The Controller's instructions to angle across the hold area were a bit confusing; the distance between the two hold lines is not much wider than the airplane is long; which would not allow you to turn at an angle less than 90 degrees.  As soon as I had turned 45 degrees right to follow the 'angle' instructions the front of the airplane was past the hold short line.  Confusion as to the location of the intended alpha sign was a distraction; I was focused on the location of the sign rather than the  hold short lines.  We had been told to expect a 30 left departure; so the monitoring pilot had looked down at his iPad to check the runway length and departure  procedure; and only for a few seconds.Any time a controller says something that is not standard it should cause the crew to be extra careful before trying to follow it.  Runway changes require the crew to check performance; change the box; maneuver the airplane; and splits the attention of the crew.  Slow down and don't feel pressured to be ready for an immediate takeoff.  There was no hot spot chart indicator for this location on the airport; that combined with our expecting to take off 30L meant we had not briefed that area of the ground chart.  I could or should have held position until we had both looked at the chart.  Just crossing a runway  and holding short of the next one is not usually that confusing; so it did not seem necessary.  I have never had a runway incursion before.  I was too complacent about presuming how to follow the 'just angle across' instructions.  I was  overconfident.  We had duty days of 13;12;10;11;12 the first five days of rotation.  Day six we did not fly; but I could still tell I was tired this morning; day  seven.  We were originally supposed to end up the week close to home tonight after one leg; but the sched changed with a repo leg today and  found out day 8 was going to be a long road show day ending up far from home late in the day.  Some distraction from this.  Not sure how to  avoid other than don't let the busy sched distract you.",,,,"CL300 Captain reports a runway incursion while attempting to hold short of Runway 30R at SJC.  The taxi instructions were to cross Runway 30L (at B) and angle to hold short of 30R at A.  The hold line for 30R was crossed while attempting to locate Taxiway A.",
1103472,201307,1201-1800,ELP.Airport,TX,,,0,,,VMC,,,Daylight,,,Ground ELP,Air Carrier,B737-500,,2,Part 121,IFR,Passenger,,Taxi,,,,,,,,,,,,,,,,,,,,,,,,,,,,,,,,,,,,,,,,,,,,,,,,,,,,,,,,,,,,,,,,,Aircraft X,Flight Deck,Air Carrier,Captain,Flight Crew Air Transport Pilot (ATP),Flight Crew Last 90 Days 198,,Situational Awareness; Communication Breakdown; Confusion; Human-Machine Interface,Party1 Flight Crew; Party2 ATC; Party2 Flight Crew,,1103472,,,,,,,,,,,,ATC Issue All Types; Conflict Ground Conflict; Less Severe; Deviation / Discrepancy - Procedural Clearance,,N,Person Air Traffic Control,Taxi,Air Traffic Control Issued Advisory / Alert; Air Traffic Control Issued New Clearance; Flight Crew FLC complied w / Automation / Advisory,Airport; Human Factors; Procedure,Procedure,"Clearing Runway 22 after landing; I thought the Controller stated; 'Exit the runway at Hotel.  Remain this frequency and taxi to the gate.'  I thought; 'Cool;' and changed pages on the EFB IPad to the airport page to reconfirm the location of our gate. Next thing I know the Controller says; 'Company Flight Number; STOP!' I hit the brakes and saw that another aircraft was lifting off on Runway 26. The Controller intervention had prevented what would have been a runway incursion. I looked at the First Officer and asked; 'I thought he said taxi to the gate?' The First Officer replied; 'No; he said to hold short of the approach end of 8.'  The Tower Controller then cleared us to the gate.Beyond the obvious failure to communicate intentions and verify; the lack of signage and standard hold short runway markings at that end of the airport has always been a problem.",,,,"After exiting Runway 22 on Taxiway H in ELP; a B737-500 Captain believed he had been cleared 'to the gate.'  Instead; as they approached the lengthy overrun of Runway 8/26; Ground Control alerted they had been cleared to '...hold short of [the approach end] of runway eight.",
1147320,201401,0601-1200,BUR.Airport,CA,,,0,,,VMC,,,Daylight,,,Ground BUR,Air Carrier,B737-700,,2,Part 121,,Passenger,,Taxi,,,,,,,,,,,,,,,,,,,,,,,,,,,,,,,,,,,,,,,,,,,,,,,,,,,,,,,,,,,,,,,,,Aircraft X,Flight Deck,Air Carrier,Captain,,Flight Crew Last 90 Days 268,,Confusion,,,1147320,,,,,,,,,,,,Deviation / Discrepancy - Procedural Clearance; Ground Incursion Runway,,,Person Air Traffic Control,Taxi,Air Traffic Control Issued New Clearance; Flight Crew Became Reoriented,Procedure; Airport; Human Factors,Human Factors,"Just prior to push; new ATIS came out which favored Runway 33 vs 15 for departure. Completed new takeoff data and called for taxi and was cleared by Ground to taxi to Runway 33 via Runway 26; with no hold short instructions. I taxied down 26 and I knew that I was not cleared to enter 33 but was unsure where to hold exactly as there is no hold short line painted on Runway 26 for Runway 33. Began to make a short left turn toward the departure end of 33 and as I was stopping at what looked like a hold short line; was told to stop there as well by Ground. We never crossed that line and there was no runway incursion; but after reviewing the airport diagram and company briefing pages; it appeares that was the hold short for 26 coming the other direction. Was cleared to switch to Tower and departed without incident. Not sure why we were cleared to taxi on 26 to 33 as there is no published taxiway to get to 33 other than back taxi on 33 which we were not cleared to do.  There was no further query from ATC on this event. I think to avoid this problem in the future with Runway 33 departures; all taxiing aircraft should be on the taxiway around the terminal which is properly marked with hold short lines.",,,,"B737 Captain reports being cleared to taxi via Runway 26 to Runway 33 at BUR but is unsure of which hold line is the correct one for Runway 33. After takeoff it is determined that a runway incursion may have occurred.",
1168194,201404,1201-1800,DTW.Airport,MI,,,0,,,VMC,,,,,,Tower DTW,Air Carrier,Medium Transport; Low Wing; 2 Turbojet Eng,,2,Part 121,IFR,Passenger,,Taxi,,Class B DTW,,,,,,,,,,,,,,,,,,,,,,,,,,,,Tower DTW,Air Carrier,Medium Large Transport,,2,Part 121,IFR,Passenger,,Taxi,,Class B DTW,,,,,,,,,,,,,,,,,,,,,,,,Aircraft X,Flight Deck,Air Carrier,First Officer; Pilot Not Flying,Flight Crew Air Transport Pilot (ATP),,,Distraction; Communication Breakdown; Confusion,Party1 ATC; Party2 Flight Crew,,1168194,,,,,,,,,,,,ATC Issue All Types; Deviation / Discrepancy - Procedural Clearance; Ground Incursion Runway,,,Person Air Traffic Control,Taxi,Air Traffic Control Issued New Clearance; Air Traffic Control Separated Traffic; Flight Crew Returned To Clearance,Environment - Non Weather Related; Human Factors,Human Factors,"During taxi out in DTW on Runway 22L; we had a readback misinterpretation with DTW Tower. The CA and I were next in line for takeoff for the runway; and I heard a clearance from Tower 'Aircraft X line up and wait.' I repeated the clearance and the Captain and I agreed we were cleared into position. Around the exact same time of us crossing the runway hold line another aircraft on the field reported a coyote running toward the active runway. Once the Tower had completed the coyote call he asked who was holding in position. I stated 'Aircraft X.' The Controller then stated 'I didn't clear Aircraft X.  Aircraft Y verify number one holding short the runway.' Aircraft Y confirmed he was number one. We were then cleared for takeoff and continued with the flight. When we were handed off to Cleveland Departure they gave us the DTW Tower phone number to call. We continued onto ZZZ normally and called when we secured the aircraft at the gate. When we called the DTW Tower phone number; the Controller who was working ground answered our call.  He stated 'I was working ground at the time and I dropped your strip and got the flights out of order.' He additionally added he did not think the Supervisor would pull the tapes and review this as there was (a direct quote) 'No runway incursion.'We could have verified with Tower we were cleared into position. However; we did read the clearance back and received no clarification or corrections. The Controller was also dealing with the coyote and was possibly distracted and when he looked up to the runway expecting to see a [medium large transport] he saw us. With the distractions adding up we could have been more proactive.",,,,"Pilot reports of Control Tower advising they were not told to LUAW; when the pilot read it back and heard nothing in return from the Tower.",
1174192,201405,1801-2400,DTW.Airport,MI,,,0,,,VMC,,,Daylight,,,Tower DTW,Air Carrier,Medium Large Transport,,2,Part 121,IFR,Passenger,,Taxi,,Class B DTW,,,,,,,,,,,,,,,,,,,,,,,,,,,,Tower DTW,Air Carrier,B737 Undifferentiated or Other Model,,2,Part 121,IFR,Passenger,,Takeoff / Launch,,,,,,,,,,,,,,,,,,,,,,,,,,Facility DTW.Tower,,Government,Ground,Air Traffic Control Fully Certified,Air Traffic Control Time Certified In Pos 1 (mon) 5,,Communication Breakdown,Party1 ATC; Party2 Flight Crew,,1174192,Aircraft X,Flight Deck,Air Carrier,First Officer,Flight Crew Air Transport Pilot (ATP); Flight Crew Flight Engineer,Flight Crew Last 90 Days 150; Flight Crew Total 14000; Flight Crew Type 339.29,,Communication Breakdown,Party1 ATC; Party2 Flight Crew,,1176461,Conflict Ground Conflict; Critical; Deviation / Discrepancy - Procedural Clearance; Deviation / Discrepancy - Procedural FAR; Deviation / Discrepancy - Procedural Published Material / Policy; Ground Incursion Runway,,,Automation Air Traffic Control,Taxi,Air Traffic Control Provided Assistance; Flight Crew Returned To Clearance,Airport; Procedure,Procedure,"Aircraft X called ready for taxi and I told him 'RWY 4R taxi via K-12; Yankee cross RWY 9L ATIS information  is current' A standard taxi route we give every day on a north flow. He said something like 'K-12 cross RWY 9L and we will pick up Kilo.' I am positive he read back the correct runway to cross but I did not correct him on the incorrect ATIS code. He said that he was going to pick up the ATIS so I thought that would suffice; I then turned around to get the proposed departure strips from CD and put them in their assigned bays as is one of my duties as a Ground Controller.  The ASDE-X alerted and I turned around to see that the aircraft had started to cross RWY 4R at Y-12 and an Air Carrier was on departure roll.  I told the pilot to speed up for traffic on the runway and continue across the runway as I thought this was the only option to get him off the runway in time. The Local Controller attempted to tell the departing carrier to abort takeoff but they were already lifting their nose-wheel off the ground. The departing carrier went over top of Aircraft X which was still at least partially on the runway I think. One factor I believe was the fact that we are required to tell them to cross RWY 9L even know that runway was and is almost always closed. I think this created confusion in the cockpit as to the fact that they were cleared across a runway.",,"Pushed back off gate and received full reroute clearance. Was given taxi instructions and taxi commenced while my head was down programming the FMS.Taxi instructions were not followed and a runway incursion took place with no event.  No aircraft deviation was required. Flight continued as planned.",,"DTW Ground Controller describes scenario where an aircraft crosses an active runway with a departure rolling down the runway. Pilot describes situation differently; where no aircraft deviation was required. Another Air Carrier over flew the taxiing aircraft.",
1176615,201406,1801-2400,SFO.Airport,CA,,,0,,,VMC,,,Dusk,,,Tower SFO,Air Carrier,Commercial Fixed Wing,,2,Part 121,IFR,Passenger,,Taxi,,,,,,,,,,,,,,,,,,,,,,,,,,,,,,,,,,,,,,,,,,,,,,,,,,,,,,,,,,,,,,,,,Aircraft X,Flight Deck,Air Carrier,Captain; Pilot Flying,Flight Crew Air Transport Pilot (ATP),,,,,,1176615,Aircraft X,Flight Deck,Air Carrier,Pilot Not Flying; First Officer,Flight Crew Air Transport Pilot (ATP),,,Confusion,,,1176613,ATC Issue All Types; Deviation / Discrepancy - Procedural Clearance; Deviation / Discrepancy - Procedural Published Material / Policy; Ground Event / Encounter Other / Unknown; Ground Incursion Runway,,,Person Flight Crew,Taxi,Flight Crew Became Reoriented,Airport; Environment - Non Weather Related; Human Factors,Airport,"We landed [Runway] 28R at SFO at the dark side of dusk. Exited onto Taxiway T and were instructed to hold short of [Runway] 28L. The taxi lights on Taxiway T were bright and they reduced clarity of the taxi area and the hold short line was not illuminated. We saw neither side amber stop lights nor yellow sequencing hold lights indicating the location of the hold short line/bar. I was taxing slowly and was very cautious as per the notes on the airport page. There were no taxi edge lights or runway edge lights illuminated either. I did stop but ended up with 2/3 of the aircraft past the hold short line; well clear and short of [Runway] 28L. We called Tower and informed them of our position.The hold short line lights on Taxiway T for [Runway] 28R were not illuminated. No lights; sequencing lights; nothing to properly indicate the hold short line/bar location at dusk the taxiway t lights so bright they further reduced visual awareness. The airport page also did not show the location of the hold short line or if it was light.[They need to] illuminate the hold short line properly and put the location of the hold short bar on airport page.",,"We had a runway incursion in SFO on [runways] 28R/L off of Taxiway T. This was my first flight into SFO. The Captain and I briefed numerous times on the hotspots and taxi speeds; plus the general layout of SFO operations with company pages. Our approach was uneventful to [Runway] 28R. Upon touchdown and at safe taxi speed the Captain was going to exit before Taxiway T but there was on aircraft on it. Tower informed us to then proceed to Taxiway T and hold short of [Runway] 28L; at this time the Captain is taxiing at a slow rate of speed as the aircraft exits [Runway] 28R onto [Taxiway] T. As we began to taxi on [Taxiway] T I noticed the edge lights were not on; just the bright centerline lights. As we continued to taxi on [Taxiway] T the Captain and I were looking for the hold short line for [Runway] 28L. I began to notice the left runway and told the Captain that [Runway] 28L is in front of us and to hold short. We continued searching for hold short bars/line. At this point I felt we may have passed it and queried Tower. While we were stopped on [Taxiway] T we continued to search for hold short bars; lines; lights!! We couldn't identify anything that looked like hold short lines for [Runway] 28L. The hold short lights/bars were not on; the taxi edge lights were off and the runways lights for [Runway] 28L were off. Basically the only lights on were the centerline lights to exit the [Runway] 28R and were very bright to the point of not being able to identify things. If hold short lines/bars are installed; turn them on. If not installed; install them and require airport pages to depict where hold shorts are for runways with close proximity.",,"After a dusk landing; an Air Carrier flight crew; unfamiliar with SFO; exited Runway 28R at Tango and were cleared to hold short of Runway 28L; a common clearance due to the proximity of the two runways. When neither pilot observed the closely spaced 28L/R hold short lines they continued to taxi beyond the line and only held short when the First Officer saw the left runway and alerted the Captain. The reporters cited the lack of lighting on the hold short lines; the fact the runway lights for 28L were not illuminated and the lack of depiction of hold short lines on airport charts as contributing factors.",
1181168,201406,0601-1200,BHM.Airport,AL,,,0,,,,,,,,,Ground BHM,Air Carrier,Regional Jet 200 ER/LR (CRJ200),,2,Part 121,IFR,Passenger,,Taxi,,,,,,,,,,,,,,,,,,,,,,,,,,,,,,,,,,,,,,,,,,,,,,,,,,,,,,,,,,,,,,,,,Aircraft X,Flight Deck,Air Carrier,Captain,Flight Crew Air Transport Pilot (ATP),,,Confusion; Other / Unknown,,,1181168,,,,,,,,,,,,No Specific Anomaly Occurred All Types,,,Person Flight Crew,Taxi,Flight Crew Became Reoriented,Airport; Human Factors,Ambiguous,"When taxiing from the ramp area to Taxiway A at A5; there is a real lack of taxiway and runway signs. There is no above ground red sign marking Runway 6-24's location and a runway incursion would be very easy to do at A5 especially since 6-24 is so close to the ramp area. There also is no above ground yellow sign labeling Taxiway A when you taxi to Runway 6. There is only one sign which has the number 6 on it with an arrow pointing to its location to taxi to. Finally; I feel that a hot-spot should be designated on the Airport Diagram where A5 meets Runway 6-24.",,,,"CRJ200 Captain reports a paucity of above ground signs indicating Runway 6-24 is close approaching Taxiway A5 at BHM.",
1182527,201406,1201-1800,FRG.Airport,NY,,,0,,,VMC,,,Daylight,,,Tower FRG,Air Taxi,Medium Transport; Low Wing; 2 Turbojet Eng,,1,Part 135,IFR,Passenger,,Taxi,,,,,,,,,,,,,,,,,,,,,,,,,,,,,,,,,,,,,,,,,,,,,,,,,,,,,,,,,,,,,,,,,Aircraft X,Flight Deck,Air Taxi,Pilot Flying; Single Pilot,Flight Crew Air Transport Pilot (ATP); Flight Crew Flight Instructor; Flight Crew Multiengine,Flight Crew Last 90 Days 200; Flight Crew Total 6800; Flight Crew Type 2100,,Confusion; Communication Breakdown,Party1 Flight Crew; Party2 ATC,,1182527,,,,,,,,,,,,ATC Issue All Types; Deviation / Discrepancy - Procedural Clearance,,,Person Flight Crew,Taxi,Air Traffic Control Provided Assistance; Flight Crew Became Reoriented,Airport,Airport,"I landed Runway 19 in FRG; Farmingdale; NY. I turned left off the runway onto G3 and was instructed 'taxi Gulf cross Runway 14 to the FBO.' You enter the FBO's ramp utilizing G4 Taxiway. I taxied north on Taxiway G. When I entered the actual surface of Runway 14/32 I see a hold short line on the runway running north south and a red runway sign on either side saying 1/19. To taxi across Runway 14/32 and stay on Taxiway G you must cross this hold short line completely from east to west. I stopped the aircraft on Runway 14 and asked the Tower if I was cleared to cross Runway 19 to stay on Taxiway G. The Tower replied that the hold short line was not for me; it was for aircraft landing Runway 32 to hold short of 19. I understand his statement and if you look at the airport diagram you see the LAHSO depicted there.The LAHSO depiction and the actual painting of the lines on Runway 32 are in two different places. According to the airport diagram you would never cross the hold short line; while at the actual airport you cross over the Runway 1/19 hold short lines while taxiing north on Taxiway G. I proceeded to ask the Tower again if I can cross the 19 hold bars to continue north and now he became frustrated with me. Eventually we worked it out and I continued taxiing. This is extremely confusing and unsafe. The Tower kept stressing how those hold bars were for landing 32 short of 19. I understand that. What I don't understand is how a pilot would be expected to know that they don't need permission to cross these specific hold bars. A student pilot or someone with less experience is going to get told this and one day this is going to lead to a serious runway incursion there or somewhere else. One of two things needs to happen: The Tower needs to acknowledge those hold bars and clear aircraft to hold short of them or cross them.  Or; the hold bars need to be repainted just west of Taxiway G so they will remain off your side the entire taxi. You cannot train pilots that some hold bars are ok to cross without permission while others are not.",,,,"Pilot reports of confusion while taxiing about hold short bars that he isn't sure if he should cross or not.",
1188839,201407,0601-1200,HTO.Airport,NY,,,0,,,VMC,,,Dawn,,,Ground HTO,,Light Transport,,2,,IFR,Passenger,,Taxi,,,,,,,,,,,,,,,,,,,,,,,,,,,,,,,,,,,,,,,,,,,,,,,,,,,,,,,,,,,,,,,,,Aircraft X,Flight Deck,,Pilot Not Flying; First Officer,Flight Crew Air Transport Pilot (ATP),,,Confusion; Situational Awareness,,,1188839,,,,,,,,,,,,No Specific Anomaly Occurred All Types,,,Person Air Traffic Control; Person Flight Crew,Taxi,Air Traffic Control Issued New Clearance; Flight Crew Became Reoriented,Human Factors; Procedure; Chart Or Publication,Human Factors,"Ground issued a taxi clearance to taxi to Runway 10; via Runway 16 and Alpha.  We were parked at the main terminal ramp.  Trying to figure out where to exit the ramp; we stopped at the hold short line; of what turned out to be Runway 16/34.  Runway 4/22 is depicted on the airport Diagram as a closed runway; and does not have the runway numbers depicted.  We realized this; and before we could ask to use 16/34 to taxi to (closed) Runway 4; ATC told us to utilize Runway 16 to Runway 4 to Alpha to hold short Runway 10.  Based upon various parking conditions and congestion; it would be very easy to depart the ramp area; and mistake Runway 16/34 as a parallel taxiway due to its close relative position to the ramp area; and narrow width.  The lack of a Runway 4/22 on the Airport Diagram; congested; small ramp; added to the confusion and increase workload.  Additionally; this airport does not utilize the enhanced runway hold short markings; and the hold short markings at Taxiway A and Runway 10 are a bit faded.    Additionally; Ground Control mentioned to us that the AWOS frequency needs to be activated; and sometimes works by keying the microphone 3 times.  This isn't listed as a NOTAM; or on the Jeppesen chart. Please update Company Ops Notes to include these items.  Please recommend that ATC be cognizant of these issues when issuing taxi clearance to our aircraft; and provide an initial progressive taxi; whether requested or not; to ensure that the aircraft make the proper exit at the North end of the terminal ramp to avoid a potential for runway incursion by entering Runway 16/34 unintentionally.  Issues with the AWOS should be resolved as an issuance of a NOTAM; especially considering that HTO is a part-time Tower; without Radar surveillance.",,,,"First Officer reports confusion after being cleared by HTO Ground to taxi via Runway 16 and Taxiway A to Runway 10. The crew winds up holding short of Runway 16/34 at Taxiway F.",
1223326,201412,1801-2400,SJC.Airport,CA,,,0,,,,,,Night,,,Tower SJC,Air Carrier,B737-800,,,Part 121,,Passenger,,Taxi,,,,,,,,,,,,,,,,,,,,,,,,,,,,,,,,,,,,,,,,,,,,,,,,,,,,,,,,,,,,,,,,,Aircraft X,Flight Deck,Air Carrier,Pilot Flying; Captain,Flight Crew Air Transport Pilot (ATP),,,Communication Breakdown; Confusion; Time Pressure; Situational Awareness; Workload,Party1 Flight Crew; Party2 Flight Crew; Party2 ATC,,1223326,Aircraft X,Flight Deck,Air Carrier,First Officer; Pilot Not Flying,Flight Crew Air Transport Pilot (ATP),,,Communication Breakdown; Fatigue; Time Pressure; Situational Awareness,Party1 Flight Crew; Party2 Flight Crew,,1223475,Deviation / Discrepancy - Procedural Clearance; Ground Incursion Runway,,,Person Air Traffic Control; Person Flight Crew,Taxi,Air Traffic Control Issued Advisory / Alert; Flight Crew Took Evasive Action; Flight Crew Became Reoriented,Human Factors; Airport; Environment - Non Weather Related,Ambiguous,"My First Officer landed the aircraft on runway 12R at SJC; at approximately 60kts I took control of the aircraft and rolled out to taxiway 'Charlie'. Tower instructed us to hold short of runway 12L; which was acknowledged and previously briefed. Clearing the runway I looked up and turned off the landing lights as I heard the first officer say 'that's the Hold Short' I responded 'no it's not'; he replied 'yes it is Stop'. I immediately stop the aircraft; which came to rest with the nose beyond the 'Hold Short' line. The tower was immediately notified; and the aircraft which had landed 12L clear runway well prior to taxiway 'Charlie'. Possible factors that may have contributed to this event: Did not realize the 'hold short' was that close. Lack of situational awareness. Distracted with securing landing lights. Still mentally preoccupied with the last minute approach change. Still mentally preoccupied with last minute attempt from tower to change runways; which was refused; ironically; to try and minimize distraction or confusion. Night time. Please note: Neither pilot was heads down. Thanks to the First Officer's quick recognition and situational awareness; although an incursion event did result; his diligence brought me back in the loop and prevented a more serious incident. If I had responded appropriately to his first comment it's possible this event could have been prevented.",,"I think contributing factors of this runway incursion were that we had been really 'jerked around' by ATC with numerous last-minute and unexpected clearance changes during the STAR and IAP; we were too accommodating to ATC causing us to become task saturated; loss of situational awareness; fatigue caused by a delayed departure and landing at SJC an hour later than scheduled it was night/dark; the runways at SJC are very closely spaced; and we did not pre-brief that that fact.",,"Captain lost situational awareness after landing roll and incurred a closely spaced parallel runway.",
1240058,201502,0001-0600,ORD.Airport,IL,,,0,,,,,,,,,Tower ORD,Air Carrier,Medium Large Transport,,2,Part 121,IFR,Passenger,,Taxi,None,,,,,,,,,,,,,,,,,,,,,,,,,,,,,Tower ORD,Air Carrier,Medium Transport; Low Wing; 2 Turbojet Eng,,2,Part 121,IFR,Passenger,,Taxi,None,,,,,,,,,,,,,,,,,,,,,,,,,Facility ORD.TOWER,,Government,Other / Unknown,Air Traffic Control Fully Certified,Air Traffic Control Time Certified In Pos 1 (yrs) 4,,Situational Awareness,,,1240058,Facility ORD.TOWER,,Government,Local,Air Traffic Control Fully Certified,Air Traffic Control Time Certified In Pos 1 (yrs) 1.1,,Situational Awareness,,,1240939,Conflict Ground Conflict; Less Severe; Deviation / Discrepancy - Procedural Published Material / Policy; Deviation / Discrepancy - Procedural Clearance; Ground Incursion Runway,,,Automation Air Traffic Control,Taxi,Air Traffic Control Issued Advisory / Alert,Human Factors; Procedure,Human Factors,"I heard the aural alarm go off on the Airport Service Detection Equipment (ASDE)-X for 28R; looked up and saw Aircraft X on 28R at taxiway F while Aircraft Y on departure roll.I was not directly involved with the incident; I only witnessed it.",,"I was working North Local Control (NLC) landing runway 27L during the event. My workload was low; but the workload of the other controllers was much greater. As I was working my position; the Airport Service Detection Equipment (ASDE) alerted 'Warning..........runway 28R occupied.' After I heard warning; I quickly scanned my runway and then scanned the ASDE before the runway 28R occupied came through the speaker. As the location was apparent I noticed the blinking circles on the ASDE on 28R.  I then thought to myself 'It must be a false target;' but I did notice that a tagged aircraft and symbol for an aircraft was crossing runway 28R at taxiway Foxtrot. We routinely receive false/nuisance alerts usually involving runway 32L and taxiiing aircraft or false targets.  After realizing I didnt have any conflicts I spun around to look out the window.  It was then that I saw a Aircraft Y pointing northeast on the runway as an aircraft was departing (Aircraft X). As I noticed this Aircraft X passed Aircraft Y on the runway.  There was very little time between the alert and seeing the aircraft pass each other. It also appeared that there was very little distance between the two aircraft and I was very shook up as I have no idea how they avoided each other.I have never in my XX years of ATC been that terrified. I was not involved with either of the aircraft on my frequency. I just witnessed the runway incursion. I will say that there was little to say or offer for assistance as the event happened so fast and at the point we all realized what was happeneing; the time just wasnt there. The distance between EE and F on runway 28R is approx 1;900 feet. ASDE alerted in between N4/N5 and the departure aircraft seemed to be going very fast when I saw it out the window.At this point I'm not sure how the aircraft got on the runway. I was not directly involved with either aircraft. There are a few things that need to be highlighted in this event. 1) The constant false/nuisance alerts on runway 32L invlovling taxiing aircraft can lead to complacency with the alerts. 2) The ASDE leads not with where the aircraft are but 'Warning.'  Valuable time is spent letting us know a situation exists but wastes time we could use to avert a situtaion if it led with the location; especially when you have more than one runway in your jurisdiction.",,"ORD Tower controllers report of a runway incursion they observed.",
1266786,201505,0601-1200,FRG.Airport,NY,,,0,,,VMC,,,Daylight,,,Tower FRG,Corporate,Boeing Company Undifferentiated or Other Model,,1,Part 91,None,Passenger,,Taxi,,,,,,,,,,,,,,,,,,,,,,,,,,,,,,,,,,,,,,,,,,,,,,,,,,,,,,,,,,,,,,,,,Aircraft X,Flight Deck,Corporate,Captain,Flight Crew Flight Engineer; Flight Crew Air Transport Pilot (ATP); Flight Crew Flight Instructor; Flight Crew Multiengine,Flight Crew Last 90 Days 70; Flight Crew Total 10990; Flight Crew Type 45,,Confusion; Distraction; Situational Awareness,,,1266786,,,,,,,,,,,,ATC Issue All Types; Conflict Ground Conflict; Less Severe; Deviation / Discrepancy - Procedural Clearance; Ground Incursion Runway,Horizontal 80; Vertical 100,,Person Flight Crew,Taxi,,Human Factors; Procedure,Procedure,"We were cleared to be towed across the active runway 19 at FRG at the approach end of the runway (taxiway G7). We told the tower of our intentions to be turned around on the runway; and pushed back off the runway for engine start. We were in intercom contact with the ground tow crew. After we were turned around on the runway and being pushed back off the runway; the tower controller asked us how long until we would be clear of the runway. At this time I noticed an aircraft on about a 1 mile final approaching the runway. I stated that we were not clear of the runway; but would be shortly; and would call when we were clear of the hold short line. The aircraft on final continued and passed over us while a small portion of the aircraft; and the tow vehicle; were still on the runway side of the hold short line. The aircraft on final did not receive any go-around instructions that we heard. Once the aircraft and tow vehicle were clear of the runway; about 20 seconds after the landing aircraft passed our position; we reported clear of the runway. We were surprised that the aircraft was not told to go-around due to our position on the runway. The aircraft passed over/abeam our position about 100 feet in the air and landed well down the runway from our position. There was no imminent danger. However; with the current industry-wide emphasis on runway incursions; we felt it important to report this possible runway incursion.This was a very unusual request from an unusual aircraft; necessitated by the limited ramp space and the need to move the aircraft away from a very busy and populated ramp. We thought the tower controller understood our request; however they may not have gleaned how long we would need to turn the aircraft around on the runway. The tower was very busy on this Memorial Day weekend. The tower position was a good distance from the location; probably making it difficult to determine our exact position. It is quite possible that they did not realize that we were not completely clear of the runway as the landing aircraft passed our position. In the future; a more thorough discussion of our intentions will be made so that there is no misunderstanding or lack of awareness of the consequences of our intended operation.",,,,"Pilot reports of being under tow and crossing a runway. Aircraft on final is not sent around; but overflies the aircraft under tow and lands down further on the runway.",
1277725,201507,1201-1800,ZZZ.Airport,US,,,0,,,VMC,,,Daylight,,,Ground ZZZ; Tower ZZZ,Air Carrier,EMB ERJ 145 ER/LR,,2,Part 121,IFR,Passenger,,Taxi,,,,,,,,,,,,,,,,,,,,,,,,,,,,,,,,,,,,,,,,,,,,,,,,,,,,,,,,,,,,,,,,,Aircraft X,Flight Deck,Air Carrier,Pilot Flying; First Officer,Flight Crew Air Transport Pilot (ATP),,,Situational Awareness; Time Pressure; Distraction; Confusion; Communication Breakdown,Party1 Flight Crew; Party2 ATC,,1277725,Facility ZZZ.Tower,,Government,Ground; Instructor,Air Traffic Control Fully Certified,,,Communication Breakdown; Training / Qualification; Confusion,Party1 ATC; Party2 Flight Crew,,1277450,Deviation / Discrepancy - Procedural Clearance; Ground Incursion Runway; Ground Incursion Taxiway,,,Person Air Traffic Control; Person Flight Crew,Taxi,Air Traffic Control Issued Advisory / Alert; Air Traffic Control Issued New Clearance,Airport; Environment - Non Weather Related; Human Factors,Human Factors,"When we pushed from [gate]; clearance informed us we had 9 minutes to wheels up.  Ground control gave us: 'C; B2; B; D; for RWY XX.' As we approached the end of the north ramp/western ramp area short of RWY XX; we saw barricades as NOTAM'd.  We slowed and I looked down at my -9 page and stated we take a right on B and right on D.  I heard the Captain (CA) say 'huh' and I looked back at my -9.  I felt the aircraft moving and looked up to see we had turned left on D and were crossing runway XY.  Ground control stated we had crossed an active runway and told us to hold short H.  The CA returned the call acknowledging the mistake.  We were then told right H; right A; cross RWY XY; short RWY XX at C.  At that point ground control told us they would be making a call about a pilot deviation and to contact tower.  We contacted tower and were cleared for takeoff.Threats: (1) rushing to make our wheels up time (2) the barricades at the North West end of the ramp which appeared to block the route.Errors: We should have stopped the aircraft to confirm the route when it became apparent that there was confusion. We should have confirmed clearance to cross RWY XY. I should have been more assertive in my understanding of the instructions.  I should not have relied on what I perceived as the CA's familiarity with the airport.Unwanted situation:  (1) crossing an active runway without clearance; (2) loss of situational awareness.Even when flying with a veteran CA; it is critical to check/cross-check all clearances on the ground and in the air.  Even the best intentioned crews operating within company and FAA SOP's are susceptible to errors.",,"Training on Ground Control with a trainee that had approximately 40 hrs total time on position. Trainee instructed aircraft to taxi via C; B2; B; D; to Runway XX as C was closed between D and B2 for construction. The aircraft read back the taxi route correctly. When Aircraft X came to D; the aircraft turned left towards Runway XY instead of right towards Runway XX; and the Local Controller saw it first and asked what the aircraft was doing as we attempted to correct the situation by advising Aircraft X to hold short of Runway XY. Aircraft X came back and asked if the transmission was for them; and I overrode the trainee and said hold short of Runway XY again; which the aircraft read back while already across the hold lines and on the Runway XY pavement. I then advised the aircraft to turn onto H and hold short of XX; and that they had crossed an active runway. We coordinated for the aircraft to cross XY towards XX on A and gave the brasher warning to the pilot before switching them to LC for departure.The hold lines for XY and D are so close to the B intersection that once an aircraft turns at a descent speed there is almost no way to prevent an incursion. In hindsight; possibly keying up and saying 'stop' or 'hold position' may have stopped the aircraft quicker; but I still believe the aircraft would have been across the hold lines. I personally caught a pilot a few weeks ago attempting to do the same thing in time to correct it; and my trainee said he did the same thing last week. The construction on Taxiway C; as well as the close intersection of D and A on the way to Runway XX must cause some confusion with pilots. The only other thing that I can think to prevent this is to tell the aircraft RIGHT turn on D to RWY XX; or to say A instead to prevent confusion. I don't believe that what was issued for taxi instructions was wrong; but maybe further clarification may have helped. Pavement markings and I believe wigwags were already in place for XY and D; and an airport diagram would clearly define a right turn on D for XX either way.",,"An EMB-145 flight crew incurred a runway while rushing for a time constrained takeoff with complex taxi instructions because of a closed taxiway.",
1278958,201507,0601-1200,PSP.Airport,CA,,,0,,,VMC,,,Daylight,,,Tower PSP,Air Carrier,Medium Large Transport; Low Wing; 2 Turbojet Eng,,2,Part 121,IFR,Passenger,,Taxi,,,,,,,,,,,,,,,,,,,,,,,,,,,,,,Tower PSP,,Any Unknown or Unlisted Aircraft Manufacturer,,,,,Training,,Final Approach,,Class D PSP,,,,,,,,,,,,,,,,,,,,,,,,Aircraft X,Flight Deck,Air Carrier,Captain; Pilot Flying,Flight Crew Air Transport Pilot (ATP),,,Situational Awareness; Confusion,,,1278958,Aircraft X,Flight Deck,Air Carrier,First Officer; Pilot Not Flying,Flight Crew Air Transport Pilot (ATP),,,Confusion; Situational Awareness; Distraction,,,1278960,Deviation / Discrepancy - Procedural Clearance; Ground Incursion Runway,,,Person Air Traffic Control,Taxi,Air Traffic Control Issued Advisory / Alert; Flight Crew Became Reoriented,Airport; Human Factors; Environment - Non Weather Related,Human Factors,"We were in PSP.  The airport is going through runway construction; 13R/31L; 13L/31R; and taxiway Charlie are all affected.  We were on a quick turn where another aircraft was broken and just deplaned.  The gate agents filled up our plane with as many from the other flight as they could.  We were about 10 minutes late off the gate.   We were taxing out to 31L.  The controllers instructions were B; W; A runway 31L.  We started both engines on the ramp due to the relative short taxi and the unfamiliar construction on the normal runway 13R/31L which is now located on taxiway Charlie.  As we approached Taxiway A; we were ready to depart.  I noticed the construction but anticipated the hold short line would be on the other side of the old 31L; now under construction.  I did not even notice the hold short lines on the SW side of the runway under construction. We taxied across the old runway and as we were coming up to the new 31L we both noticed that the runway was right there and coming up fast.  Tower at that point called us and cleared us for takeoff.  There was a GA plane about two miles out cleared for a low approach; practice Instrument Approach. We took off and before the tower handed us to SoCAL departure he asked us to take a number and call the tower after we landed.  After arriving I called PSP tower and talked to the Controller.  He told me that we did have a runway incursion and asked me what happened.  I explained that I Missed the hold short lines of the normal runway completely and I had anticipated them being just before the active runway.  We talked about the plane on approach and that when the controller saw us said 'OH SHOOT' and decided to clear us for takeoff.  ATC said that they had enough separation between the two aircraft.  He also said that on the ATIS was a remark about the hold short lines being in their original place; before the runway under construction.  He said that it would be handled by QA and probably a deviation.  I talked the event over with my First Officer (FO) and we both never noticed the hold short lines. We talked about being much more vigilant.  I brought up the part about the ATIS and he remarked that 'you know; we only listen to the parts that we need and tune out the rest.'  We discussed that in-depth about how important the remarks are. I had been caught on the other side of that before; another story; years ago.  Being he got the ATIS and the clearance; I did not hear the remarks.   This was a case of me anticipating where the lines should be and not noticing where they really were. On another note with the runways moved; the ACARS do not recognize the runway. Upon arrival we use the cards but when we went to depart we could not bring up the weight and balance or the V speeds. I had my FO start a paper weight and balance and I called dispatch to inform them for other crews.  He explained to me that for the ACARS to work you had to load '31L temp' for the runway.  It was not on the release and not in any memo or email that I have seen.  This is another argument for 10-7.  If someone has pertinent information to a flight it needs to be disseminated to the crews; especially the ones flying to that airport.  For the incursion; I will be more vigilant and asked more questions about any construction or taxiway closers.  I do suggest that the company put out a short memo or email explaining the changes to PSP runways and taxiways including a diagram of where the hold short lines are.  They are not depicted on the airport diagrams.  Even a note on the release to make the pilots aware of the changes.  I have been flying to PSP for 15 years and am very familiar with the airport. This may have caused me not to be as cautious I would probably be at an airport that I was not so accustomed to.  I will not let that happen again.  Also I have notice MANY FOs neglect to write down the remarks; taxiway closers; runway closers; LLWS; etc.  This needs to be instilled in the pilots' heads(not just the FO's) the importance of the remarks.On the other note with the ACARS; this is information that the pilots NEED. A 10-7; memo; email; on the release; whatever it takes.  When you are punching in numbers in the ACARS at push time and you now realize that you have to do a written weight and balance; it adds that much more pressure to the crew.  If we had the information from the start things run smoother.",,"[Report narrative contained no additional information.]",,"Air carrier flight crew report a runway incursion and other operational considerations at PSP due to runway construction.",
1281063,201507,0001-0600,HNL.Airport,HI,,,0,,,VMC,10,,Daylight,35001,,Ground HNL; Tower HNL,Corporate,Medium Transport; Low Wing; 2 Turbojet Eng,,2,Part 91,IFR,Passenger,,Taxi,,,,,,,,,,,,,,,,,,,,,,,,,,,,,,,,,,,,,,,,,,,,,,,,,,,,,,,,,,,,,,,,,Aircraft X,Flight Deck,Corporate,First Officer; Pilot Flying,Flight Crew Air Transport Pilot (ATP),Flight Crew Last 90 Days 70; Flight Crew Total 12800; Flight Crew Type 2500,,Situational Awareness; Confusion,,,1281063,Aircraft X,Flight Deck,Corporate,Pilot Flying; Captain,Flight Crew Air Transport Pilot (ATP),Flight Crew Last 90 Days 175; Flight Crew Total 15000; Flight Crew Type 875,,Situational Awareness; Confusion,,,1281340,ATC Issue All Types; Deviation / Discrepancy - Procedural Published Material / Policy; Ground Event / Encounter Other / Unknown; Ground Incursion Runway,,,Person Air Traffic Control,Taxi,Air Traffic Control Issued Advisory / Alert; Air Traffic Control Issued New Clearance; Flight Crew Became Reoriented,Chart Or Publication; Human Factors; Procedure; Airport,Human Factors,"After landing on RWY 8L at HNL we were taxiing to the East Ramp. Tower cleared us to cross RWY 4L and Hold Short of RWY 4R on Delta Taxiway. There are two Hold Short lines on Taxiway Delta between Rwy 4L and 4R which are in close proximity to one another. The two opposing Hold Short lines are different than at most airports with parallel runways adjacent to one another in that the Hold Short line are painted in reverse. At most airports (PDK taxiways between RWY 3L and RWY 3R; MDW taxiways between RWY 4L and RWY 4R; as an example) the aircraft would cross the first runway and proceed across the first painted Hold Short line to stop the aircraft prior to the second painted Hold Short line which is short of the second runway.At HNL on Taxiway Delta between runway 4L and 4R; the intent is for the aircraft stop short of the first painted Hold Short line rather than the second painted Hold Short line. Thus the painted Hold Short lines are reversed or non-standard compared to most airports. It's important to note that stopping short of the first painted Hold Short line in this particular situation leaves the tail of our sized aircraft to overhang the runway (4L in this case) the aircraft was instructed to cross. Having any portion of an aircraft overhanging a runway is not a normal practice given Tower's instructions were to; 'cross runway 4L...'  In our confusion with this non-standard set of painted Hold Short lines on Taxiway Delta between Rwy 4L and 4R; we failed to notice the difference and crossed the first painted Hold Short line and held short of RWY 4R at the second painted Hold Short line which required a call to the tower. We contacted the Tower and the Tower stated that this happens a lot at this intersection. Given the Tower's comment it's odd that there are five Hot Spots on this airport; but Taxiway Delta between RWY 4L and RWY 4R is not one of them.Some takeaways to prevent this from occurring again at airport where the painted Hold Short lines are reversed:1) Tower Phraseology - Tower can easily prevent this from occurring again by either waiting to cross the aircraft at a point in time where the aircraft can cross both runways without Holding Short of the second runway or give the following instructions; 'Cross RWY 4L; but Hold Short of the first painted Hold Short lines on Taxiway Delta. Using standard phraseology with non-standard Hold Short markings sets the pilot up for failure unless the pilot is very vigilant.2) Pilots have to be vigilant; identify and confirm the painted Hold Short lines and understand their intent. It's important to note that unless an aircraft departed one of the neighboring Hawaiian Islands; the crew may be on the back side of a long duty day which diminishes a pilot's ability to recognize a non-standard situation similar to this one.As the Tower Controller stated; 'This happens a lot...' and if nothing changes it's probably going to happen again to a good crew that's trying to do the right thing.",,"[Our aircraft] was cleared to cross 4L at Delta and hold short of 4R at PHNL; aircraft nose crossed the first set of hold short lines which with put it in the runway incursion zone. After researching and talking to PHNL tower; I found this is a known hotspot and has the honor of having the top runway incursion of any airport because of this nonstandard situation. At other airports; an aircraft crosses a runway and the first set of hold short lines which are for the runway being crossed and the 2nd second set of lines are for the runway the aircraft is approaching. This is normal or standard; PHNL is the opposite and cause cockpit confusion. Although this is a known problem at PHNL; there are no hotspot markings for taxiway Delta on the taxi chart and tower / ground control doesn't advised the crews to hold short on the first set of lines when given clearance to cross 4L.Solution would be better markings on taxiways; hotspot notation added to taxi charts; and tower ground advises crews of the problem area when giving clearances the runways.",,"After landing at HNL a corporate jet crew was cleared to cross Runway 4L on Taxiway D; hold short of Runway 4R. However; confused they crossed the Runway 4R hold short line when the 4R hold line was approached before the opposite direction 4L hold line.",
1296891,201509,,ZZZ.Airport,US,,,0,,,,,,,,,Ground ZZZ,Air Carrier,B737 Undifferentiated or Other Model,,2,Part 121,IFR,Passenger,,Taxi,,,,,,,,,,,,,,,,,,,,,,,,,,Checklists,,X,Design,,,,,,,,,,,,,,,,,,,,,,,,,,,,,,,,,,,,Aircraft X,Flight Deck,Air Carrier,Captain; Pilot Flying,Flight Crew Air Transport Pilot (ATP),Flight Crew Last 90 Days 85,,Distraction; Workload,,,1296891,,,,,,,,,,,,Deviation / Discrepancy - Procedural Published Material / Policy,,,Person Flight Crew,Taxi,General None Reported / Taken,Company Policy; Human Factors,Company Policy,"I am writing to express my extreme concern over the new procedures for taxi before receiving the final weight and balance. Even during a simple taxi; the procedures add significant distraction and uncertainty to our flight. I have been trying to give these procedures a chance; but every time I find them cumbersome; distracting; and; as they are presently written; I find them categorically unsafe. They add significant and unnecessary risk to the taxi environment; and they must be revoked or revised immediately to prevent a taxiway or runway incursion or worse. The potential fuel and engine wear savings are simply not worth this risk. Some of my most pressing concerns with the procedures include: 1. They drastically increases heads-down time for the FO. a. Completing the procedure and checklist can take two minutes or more under ideal circumstances; without interruption from ATC or others (which requires restarting the checklist). I encourage the company and FAA to consider that if this is safe; how can it be considered unsafe to contact operations or maintenance control while on the ground? b. The 737 FM advises First Officers to 'Avoid heads-down in high-risk areas such as ramps; intersections; hot spots; and runways.' At many airports; particularly ORD; EWR; SFO; and others; this is nearly impossible to accomplish under normal taxi scenarios. It was this provision that dictated our past operating practices where taxi was the ONLY focus for both pilots. Now; the FO is taken out of the loop for significant amounts of time; exposing the flight to unnecessary risk. c. The 737 FM also says the First Officer 'must maintain situational awareness at all times while the aircraft is moving.' Personal experience has shown this to be challenging at best for first officers completing these procedures; especially when compounded with single engine taxi procedures; even at airports with relatively simple taxi routings. Only by stopping the aircraft can this be done safely. 2. This procedure prioritizes minimal fuel and engine wear savings at the expense of increased risk during the taxi phase of flight. a. While I agree in concept with the intent of the procedure; crews on the B737 should not be required to obtain new takeoff data if the weight and balance shows the actual aircraft weight is less than or equal to that of the planned weight on the flight plan. This is what the Airbus fleet does; and it would eliminate significant risk. 3. Issues with the Before Takeoff Checklist. (To The Line) a. Checklist is non-linear flow. The FO moves in and out of the FMC; checking various items on several pages; often leading to the FMC not being set correctly (Legs Page or Takeoff Page) for takeoff.b. It is excessively complicated (evidenced by numerous parentheses to remind FO what to check--the only checklist even using parentheses.)c. It is read/do; not flow/verify as all other checklists are. (I realize it is intended to be flow/verify; but the nature of the checking requires it to basically be treated as read/do). d. It is difficult if not impossible for the captain to adequately follow and crosscheck inputs/responses without stopping the aircraft on the taxiway. The push to do the checklist during the taxi encourages a 'texting while driving' effect of weaving along taxiway; distracting the captain from his/her primary task of taxiing the plane and listening to ATC; substantially increasing the risk of hitting an obstacle or having a ground incursion. e. It eliminates effective verbalize; verify; monitor of critical changes; requiring captain to simply 'trust' FO made correct changes. f. It encourages the flight crew to complete the checklist prior to second engine start; because of time constraints. Doing so causes the flight crew to skip between and around multiple checklists. g. It should be titled the Taxi With Weights checklist.I am not normally resistant to procedural changes as I understand there isa lot of discussion that goes into them and that sound business fundamentals are at their heart. But this procedure is the first change I find to be incredibly dangerous as the procedures are presently written. Planning; critical FMC entries; and crew briefings should be done at the gate; not on the taxiway; except for the most abnormal situations. This procedure flips that years-long practice on its head in order to achieve financial performance. And I'm sincerely hopeful the company or the FAA will recognize that these procedures need to be revoked and revised immediately.",,,,"B737 Captain reported his concerns with his company's new policy of entering weight and balance information into the FMC during taxi instead of prior to leaving the gate.",
1302239,201510,1801-2400,BOS.Airport,MA,,,0,,,,,,Night,,,Tower BOS,Air Carrier,Large Transport,,2,Part 121,IFR,Passenger,,Taxi,,,,,,,,,,,,,,,,,,,,,,,,,,,,,,,,,,,,,,,,,,,,,,,,,,,,,,,,,,,,,,,,,Facility BOS.TOWER,,Government,Ground,Air Traffic Control Fully Certified,Air Traffic Control Time Certified In Pos 1 (yrs) 2.5,,Situational Awareness; Communication Breakdown; Confusion,Party1 ATC; Party2 Flight Crew,,1302239,,,,,,,,,,,,Deviation / Discrepancy - Procedural Clearance; Ground Incursion Taxiway; Ground Incursion Runway,,,Person Air Traffic Control,Taxi,Air Traffic Control Separated Traffic; Air Traffic Control Issued New Clearance; Air Traffic Control Provided Assistance; Flight Crew Became Reoriented,Airport; Environment - Non Weather Related; Human Factors,Airport,"Aircraft X landed on Runway 27. I issued exiting instructions: 'Aircraft X; turn right on [taxiway] K then turn right on [taxiway] M.' They were read back correctly. I looked away for something else; then looked back and Aircraft X had missed the right turn on M and was continuing straight ahead on K; which then crosses the active departure runway. I was able to stop the aircraft to avoid a runway incursion; but only because I had looked back in that direction in time.I am submitting this to add to the database of potential runway incursions. There is nothing else that can be done. Unfortunately; here at Boston; the airport and runway layout is so complex that it is not conducive to mitigating runway incursions. In every configuration; active runway crossings with a majority of the traffic are necessary and more incursions are avoided only because of the vigilance of the controllers.",,,,"An aircraft taxiing to parking missed a turn and was proceeding toward an active runway. ATC noticed the deviation and corrected the pilot. The aircraft had been issued correct instructions and read the instructions back correctly.",
1303872,201510,1201-1800,MIA.Airport,FL,,,0,,,VMC,,,,,,,Air Carrier,A320,,2,Part 121,IFR,Passenger,,Taxi,,,,,,,,,,,,,,,,,,,,,,,,,,,,,,,,,,,,,,,,,,,,,,,,,,,,,,,,,,,,,,,,,Aircraft X,Flight Deck,Air Carrier,First Officer; Pilot Not Flying,Flight Crew Air Transport Pilot (ATP),,,Situational Awareness,,,1303872,,,,,,,,,,,,Deviation / Discrepancy - Procedural Clearance; Ground Incursion Runway,,,Person Air Traffic Control,Taxi,Flight Crew Became Reoriented,Airport; Human Factors; Procedure,Human Factors,"This was a runway incursion that occurred while taxiing out to the active runway; no part of the aircraft was beyond the holdbar; but the holdbar used was the incorrect one; designed not for the runway in use but for landing aircraft on adjacent runway. The actual area is designated a 'Hot Spot' and was briefed by the captain at the gate but not obvious to my captain while taxiing out. I was 'inside' (not looking out) while carrying out my First Officer (FO) duties and was not able to assist my captain at that point during taxi. The ground controller was very graceful and pointed out our mistake for 'future reference.' No immediate safety consequences apply. I would like to add that my Captain and I initially felt there was no need for an ASAP report; but I decided to file the report because I'm finding safety issues; hazards and threats starting to spring up while flying the line with even with experienced captains; that if left uncheck will cause aircraft damage; injury; or death. I am no spring chicken: have been with this company for nearly 13 years and have previous experiences at other major airlines that ended due to career advancement or furlough. I hope you take my report seriously and for those that have not been in the right seat for a while; to listen carefully and remember that we have many inexperienced new-hires; and very junior captains. I would like to include the training department and the architects of SOPs that have set up conflicting FO responsibilities to be nearly impossible to comply with in the real world; with the possibility of rendering the FO with an always at fault/lose-lose situation. This airport's Hot Spot (HS) 5 is depicted for a good reason. It was briefed and not obvious to the captain. I believe that if my task responsibilities were lighter or less completed I would have been able to follow along with the captain during his taxi. There was never a moment of doubt or curiosity that would have triggered my attention. I believe this particular hot spot will keep on bringing more and more incursions; especially with those unfamiliar with the airport. I've flown to military and civilian airports where controllers issue taxi instructions with hold short remarks such as 'hold short of taxiway XYZ by (a particular landmark; chart depiction (i.e. 'the box') or stationary object)' as emphasis of a particular location. The most obvious characteristic about HS 5 is it's triangular shape. Designating and depicting HS 5 as 'the triangle' at this airport on charts; and ATC asking pilots to 'hold short of the triangle' would bring 'heads up' to pilots unfamiliar with the airport to pay attention and force them to figure where this 'triangle' is; to make sure they hold short where they are supposed to. I really believe this is the easiest and best solution for this airport. The following applies to this particular experience and others as well. First; feel free to ask any of our check airmen how many tasks and items are taken care of by the FO from the time the airplane pushes back until takeoff. The workload is intense; and is no secret; as some of our check airmen will proudly tell you to the exact number of how many there are. This of course; comes with great conflict while trying to help a captain find his way around. Either checklists/procedures will be done in error/skipped; or taxiway/runway incursions are going to occur. Where the SOPs are not helping: now combine the previous threat with (especially the latest one) 'no heads down while in a turn;' that brings another checklist implications per SOP on checklists: 'If a checklist is interrupted and any uncertainty exists regarding the last item performed; it must be re-accomplish 'Uncertainty' is stated here in a very liberal way; since the captain and FO are leaving it to their short term memory if the task or item had been 'really' performed -truly a Russian roulette. There are also 'flows' where attention and concentration is critical; andthe likeliness of a captain holding short of a turn for an FO to finish up is not only impractical but could impact airport traffic flow and perhaps a reprimand from ground controllers; try that at [another busy airport] right? The system in place will always find a way to blame the pilots if they were to fail; especially the FO. I flew with an experienced captain not long ago that had complete disregard to my workload. We were in ATL and had a runway change and new ATIS coming up; and we now had an intersection departure assigned and we were #2 for takeoff; with the #1 already lining up on the runway. We had ample time to accomplish everything; but this captain elected to speed through the taxiways. I even asked him; 'Hey; slow down a little;' his answer; 'I'm doing the best I can.' Right; at 30 kts down the taxiway; and he left it unchanged; unbelievable! I verbalized how uncomfortable I was while doing things in extreme pressure while lining up on the runway. I later thought and wondered if we ever did the before-takeoff brief. I was extremely furious. I didn't say anything and waited until cruise altitude to see if he would say anything; but he never did. On a later flight on this same pairing and same captain we are taxiing very early in the morning out of [another airport]; I copied the taxiing instruction clearly; understood it; and he had no questions. So I'm going about my flows (inside) and a moment later ground control is yelling at us because we missed a turn on a taxiway. He was speeding along in his taxiing and not paying attention. He didn't say anything! Maybe this is all 'normal' to him! I'm sure you are asking yourselves: so why didn't you bring this up? Short answer: (And be ready; I'm going to spill the beans here.) Because I'm done with the careless tribal culture of a few of our captains. I am the one that through the years have spent numerous amount of hours with professional standards 'baby-sitting' some of our most unprofessional captains. I have even written up a problem captain; a captain that professional standards have asked me to write up because they; are done with him. [Chief Pilot] contacts me to tell me that 'the truth lies somewhere between what I said and what he said; and that they will not do anything about it.' As you can see; I'm done with the captain baby-sitting. On a more personal note; the training department failed me on my initial attempt to upgrade; not because what I didn't know; but because of their own internal issues. My instructor was clueless on what the checkairmen where requiring on certain maneuvers. On my subsequent second attempt the checkairman failed me on a maneuver that was 'passed' on the previous original checkride; while I was doing exactly the same procedures. This lack of standardization and leadership IS affecting and/or WILL affect operations. It will trickle down. I have been a victim of this poor system in many facets; I'm trying to do my best to then be shot down. Very demoralizing frankly. You have to figure how all this fits in the big picture and also figure out what level of safety you want this airline to operate. I'm not holding my breath; and you can see why.",,,,"A320 First Officer reports a runway incursion during taxi out to Runway 8R at MIA. The area is designated as hotspot 5 and has its own inset box to explain the confusing hold short lines.",
1304256,201510,0001-0600,SMF.Tower,CA,,,0,,,VMC,,Poor Lighting,Night,,,Tower SMF,Air Carrier,Large Transport; Low Wing; 2 Turbojet Eng,,2,Part 121,IFR,Passenger,,Landing,Visual Approach,Class C SMF,,,,,,,,,,,,,,,,,,,,,,,,,,,,Tower SMF,Personal,Twin Beech 18,,2,Part 91,VFR,Personal,,Taxi,,,,,,,,,,,,,,,,,,,,,,,,,,Facility SMF.Tower,,Government,Local,Air Traffic Control Fully Certified,Air Traffic Control Time Certified In Pos 1 (yrs) 8,,Situational Awareness; Distraction; Human-Machine Interface,,,1304256,,,,,,,,,,,,ATC Issue All Types; Conflict Ground Conflict; Less Severe; Ground Incursion Runway,,,Person Flight Crew,,Air Traffic Control Issued New Clearance; Flight Crew Executed Go Around / Missed Approach,ATC Equipment / Nav Facility / Buildings; Airport; Environment - Non Weather Related; Human Factors,Environment - Non Weather Related,"I was taking the position from a fellow tower controller; that had sequenced a BE18 in front of a [Large Transport] with a fast overtake. When I officially had the position; the BE18 was on landing roll; and [Large Transport] was on about a 1.5 mile final. The BE18 rolled by exit after exit; and looked like he would be able to take the midfield exit at A8. I instructed the pilot to 'turn right at A8 and contact ground .7 off the runway'. He turned the aircraft eastbound and both myself and my ground controller determined that he was clear of the runway. Apparently; however; he had made the turn and stopped on the runway; and [Large Transport] on very short final (who had a better vantage point from that angle) determined that he was not entirely clear and initiated a go around. It seemed very odd that this aircraft would have stopped on the runway; as there should have been ample time for him to clear before the [Large Transport] reached the threshold. A couple of minutes later we figured out why the BE18 stopped on the runway: a half hour earlier; when the previous tower controller had turned on the lights at sunset; she had neglected to turn on any taxiway lights on the field. The BE18 must have been having a hard time seeing the unlit taxiway.In hindsight; I should not have taken the position with the squeeze play the previous controller had been attempting to make work. If I would have known some of the decisions that were made prior to myself entering the tower cab; I would have waited until the [Large Transport] was on the ground. Second; I should have double checked all of the lights prior to taking the position from this controller. I saw the beacon and runway lights and assumed everything was on. I should have double checked; though. I didn't have time to check them once I had taken the position; as my focus was too great on making sure not to have a runway incursion.",,,,"Aircraft landing at SMF delayed runway exit at taxiway. Following arrival noticed the aircraft still partially on the runway and initiated a go-around. The Tower Controller had failed to turn on the taxiway lights after sunset causing the first aircrafts confusion and delay exiting the runway.",
1308786,201511,1201-1800,DAY.Tower,OH,,,0,,,IMC,Fog,,Daylight,,2000,Ground DAY,Corporate,Light Transport; Low Wing; 2 Turbojet Eng,,2,Part 91,IFR,Passenger,,Taxi,None,,,,,,,,,,,,,,,,,,,,,,,,,,,,,Tower DAY,Air Carrier,Medium Transport; Low Wing; 2 Turbojet Eng,,2,Part 121,IFR,Passenger,,Takeoff / Launch,,Class C DAY,,,,,,,,,,,,,,,,,,,,,,,,Facility DAY.Tower,,Government,Local; Ground,Air Traffic Control Fully Certified,Air Traffic Control Time Certified In Pos 1 (yrs) 16.0,,Communication Breakdown; Situational Awareness,Party1 ATC; Party2 Flight Crew,,1308786,Aircraft X,Flight Deck,Corporate,Pilot Flying; Captain,Flight Crew Air Transport Pilot (ATP),Flight Crew Last 90 Days 45; Flight Crew Total 5300; Flight Crew Type 300,,Communication Breakdown,Party1 Flight Crew; Party2 ATC,,1309547,ATC Issue All Types; Conflict Ground Conflict; Critical; Deviation / Discrepancy - Procedural Clearance; Ground Incursion Runway,Vertical 30,,Person Flight Crew,Taxi,Air Traffic Control Issued New Clearance; Flight Crew Became Reoriented; Flight Crew Requested ATC Assistance / Clarification; Flight Crew Returned To Clearance,Weather; Human Factors; Airport,Human Factors,"I was working local and ground combined. Weather at the airport was IFR with no aircraft visibility. RVR for Runway 18 was 2000 feet. Aircraft were requesting this runway for departure. Aircraft X requested taxi to runway. I taxied Aircraft X via Taxiway N to hold short of the runway. While Aircraft X was in the taxi a previous runway arrival was clear of the runway. I cleared Aircraft Y for takeoff. Aircraft X advised holding short of the runway. I cleared Aircraft X to cross the runway while Aircraft Y was departing. Aircraft X advised Aircraft Y passed over him and that his front gear was just past the hold short lines for the runway.I have no recommendation at this time. I am still trying to decipher the event and why it happened with my longevity and experience.",,"We were taxing westbound. Ground Control cleared our aircraft to cross the runway. The controller was working both tower and ground. As I approached the runway in fog my co-pilot yelled out. I brought the airplane to a stop about three feet into the runway. As we looked right I could see an [aircraft] passing overhead from right to left; about 30 feet over our aircraft. We alerted the ground controller to the runway incursion and continued on with our mission without further delay once he recleared our runway crossing.We have arranged a cordial visit to the Control Tower to see how we as pilots can better work with the controllers to prevent these mistakes in the future.",,"A Controller cleared an aircraft for takeoff at the same time they cleared an aircraft to cross the runway at an intersection. The First Officer saw the departing aircraft and told the Captain to stop. The taxiing aircraft was about three feet past the white runway edge line.",
1314306,201512,1201-1800,RNO.Airport,NV,,,0,,,VMC,,,Daylight,,,Ramp RNO,Air Taxi,Super King Air 200,,2,Part 135,IFR,Passenger,,Taxi,,,,,,,,,,,,,,,,,,,,,,,,,,,,,,,,,,,,,,,,,,,,,,,,,,,,,,,,,,,,,,,,,Aircraft X,Flight Deck,Air Taxi,Captain; Pilot Flying,Flight Crew Air Transport Pilot (ATP); Flight Crew Multiengine,Flight Crew Last 90 Days 93; Flight Crew Total 2735; Flight Crew Type 850,,Distraction; Situational Awareness,,,1314306,Aircraft X,Flight Deck,Air Carrier,First Officer; Pilot Not Flying,Flight Crew Flight Instructor; Flight Crew Instrument; Flight Crew Commercial; Flight Crew Multiengine,Flight Crew Last 90 Days 112; Flight Crew Total 3870; Flight Crew Type 185,,Distraction; Situational Awareness,,,1314570,Deviation / Discrepancy - Procedural Clearance; Ground Incursion Runway,,,Person Air Traffic Control,Taxi,Flight Crew Became Reoriented,Human Factors,Human Factors,"Reno ground cleared us to taxi and hold short of 16L via J. I mistakenly crossed 16L and came to stop holding at 16R. I was obviously not paying close attention to my taxi as I was setting my instrument departure into the GPS. In an attempt to expedite the before takeoff checks I was setting up the GPS; normally a function reserved for the PNF. I am very ashamed of my mistake; I am embarrassed; and I am disappointed in my airmanship and know how dangerous my mistake was. Thank God nothing bad happened as a result; other than reprimanding by the FAA and/or my own company.",,"I was concerned about the runway distance to take off at the intersection of Taxiway Lima and 16L and was still studying the taxi diagram. I was frustrated with this Captain as he has a habit of not completing everything prior to taxiing and trying to rush the flight when there is no need or purpose to hurry. It would have only taken a few minutes to load the flight plan in the GPS prior to taxiing. I was also frustrated because he was trying to do everything instead of flying as a crew. If he was going to taxi prior to having the flight plan loaded he should have focused on taxiing and asked me to load the flight plan.While I was trying to figure out the runway length available for takeoff from intersection Lima I had my head/eyes down looking at the airport diagram and unbeknownst to me the Captain was still focused on loading the flight plan in the GPS (while taxiing) and crossed the hold short line onto Runway 16L. The Ground Controller told us to stop immediately which I acknowledged via radio and the Captain stopped. The Ground Controller told us we had just taxied onto an active runway and to continue forward and hold short of Runway 16R. I acknowledged these instructions and to my amazement the Captain taxied forward a few feet and stopped prior to clearing 16L while he continued to load the flight plan in the GPS. As I motioned for him to keep taxiing forward the Ground Controller said the same. At this point I was livid and told the Captain to stop with the GPS and to focus outside and taxi. I told him this is why I like to load everything in the GPS prior to taxiing or taking off. At this point he finally agreed with me.The cause of the runway incursion was the divided attention of the Captain as he was taxiing and his rush to depart. My attention was divided as well as I was looking at the airport diagram and trying to prevent an incident like this from occurring. I cannot force a Captain to load the flight plan prior to taxiing nor can I force them to let me load it while they taxi; but I can admonish them earlier and if they do not listen then make sure I do nothing but look outside and make sure they comply with instructions while they make the foolish choice to divide their attention inside while taxiing.This runway incursion was not deliberate or intentional and was an eye opener for me on how the flying pilot needs to focus on being in control of the airplane on the ground and in the air. It also taught me that I need to keep focused outside the minute I see the flying pilot dividing his attention while taxiing.",,"BE200 flight crew reported a runway incursion when both pilots were distracted approaching the runway.",
1314676,201512,1201-1800,ZZZ.Airport,US,,,0,,,VMC,,,Daylight,,,Tower ZZZ,Air Carrier,EMB ERJ 190/195 ER/LR,,2,Part 121,IFR,Passenger,,Takeoff / Launch,,,,,,,,,,,,,,,,,,,,,,,,,,,,,,Ground ZZZ,Air Carrier,Commercial Fixed Wing,,2,Part 121,IFR,,,Taxi,,,,,,,,,,,,,,,,,,,,,,,,,,Aircraft X,Flight Deck,Air Carrier,First Officer; Pilot Not Flying,Flight Crew Air Transport Pilot (ATP),,,,,,1314676,,,,,,,,,,,,Conflict Ground Conflict; Less Severe; Deviation / Discrepancy - Procedural Published Material / Policy; Ground Incursion Runway,,,Person Flight Crew,In-flight,General None Reported / Taken,Airport,Airport,"Landing aircraft was clearing [the runway]. We were holding in position and subsequently cleared for takeoff as the landing aircraft was clearing. Landing aircraft failed to clear the hold short line before stopping after exiting. The aircraft was clear of the white runway edge lines. At more than 100 kts we recognized the possibility of a runway incursion. Per standard brief; it was prudent and SAFE to continue since we were above 80 kts in the high speed reject phase of takeoff. We rotated about 1000 ft prior to the intersection.",,,,"ERJ-190 First Officer reported continuing takeoff during a potential runway incursion event.",
1323826,201601,1801-2400,LAX.Airport,CA,,,0,,,VMC,,Poor Lighting,Night,,,Ground LAX,Air Carrier,Large Transport; Low Wing; 2 Turbojet Eng,,2,Part 121,IFR,Passenger,,Taxi,,,,,,,,,,,,,,,,,,,,,,,,,,Aero Charts,,X,Design,,,,,,,,,,,,,,,,,,,,,,,,,,,,,,,,,,,,Aircraft X,Flight Deck,Air Carrier,Captain,Flight Crew Air Transport Pilot (ATP),,,Workload; Confusion; Distraction; Situational Awareness,,,1323826,,,,,,,,,,,,Conflict Ground Conflict; Less Severe; Deviation / Discrepancy - Procedural Published Material / Policy; Ground Event / Encounter Other / Unknown,,,Person Flight Crew,Taxi,Flight Crew Took Evasive Action; Flight Crew Became Reoriented,Airport; Chart Or Publication,Airport,"We were taxiing (at night) from the D-8 to Runway 24L at E-8. I reviewed the taxi plan on the Jepps chart with my FO since I had not been back to LAX since the runway 24L construction project began. I taxied slowly but still found it to be extremely difficult to get to 24L at E-8 from this direction due to poor taxiway line markings and confusing taxi lights at night. This is a serious night hazard that deserves immediate attention so we don't damage an aircraft; have an inadvertent taxiway excursion or (worse) a runway incursion. Also; I believe it would help if the Jepps 10-7 page had an enlarged diagram showing this specific taxi area in better detail.",,,,"A Captain taxiing at night to LAX Runway 24L via Taxiway D-8; E-8 became confused because the signage and lighting were reportedly not clear.",
1328768,201602,0001-0600,SEA.Airport,WA,,,,,,,,,,,,Tower SEA,Air Carrier,Q400,,2,Part 121,IFR,Passenger,,Final Approach; Landing,,Class B SEA,,,,,,,,,,,,,,,,,,,,,,,,,,,,,,Any Unknown or Unlisted Aircraft Manufacturer,,,,,,,Taxi,,,,,,,,,,,,,,,,,,,,,,,,,,Aircraft X,Flight Deck,Air Carrier,Captain; Pilot Not Flying,Flight Crew Air Transport Pilot (ATP),,,Situational Awareness,,,1328768,,,,,,,,,,,,ATC Issue All Types; Conflict Ground Conflict; Less Severe,,,Person Flight Crew,In-flight,Air Traffic Control Issued New Clearance,Human Factors,Human Factors,"Inbound; initially expecting runway 16R; then switched to 16L for a visual approach due to traffic on approach to 16R. Switched to tower; then cleared to land 16L. Just prior to landing 16L; heard tower controller give [another] flight that had just landed 16R a clearance to cross 16C and 16L. Since we were about to land 16L; I made a quick call to the tower that we were on short final to 16L. The controller immediately had [the other aircraft] hold short 16L; which they did. We landed uneventfully.I could see the [other] flight on the taxiway approaching 16C when the clearance to cross 16L was given. Based on the timing; had [the other aircraft] continued to cross 16L as cleared; we likely would have arrived at that intersection on the runway at the same time. Luckily for all of us; we were paying attention and heard the clearance given to [the other aircraft] to cross the runway we were about to land on and were able to avoid a runway incursion.The controller stated after landing that we were the first to land 16L in a while. Due to the complexity of SEA and that the vast majority of flights land 16R; anytime there is a runway change can create an Expectation Bias or Loss of Situational Awareness among the controllers and/or pilots. Obviously mistakes have and will be made with runway changes; so it's important that we pay attention to what's happening around us. In this case; a clearance that was not for us had a direct impact on our flight.",,,,"Q400 Captain reported he was on short final to SEA Runway 16L when he heard Tower clear another aircraft to cross the runway. Tower cancelled that clearance after a heads-up from the reporter.",
1339547,201603,0601-1200,AGC.Airport,PA,,,0,,,VMC,10,,Daylight,,,Ground AGC,Air Taxi,Light Transport; Low Wing; 2 Turbojet Eng,,2,Part 135,IFR,Passenger,,Taxi,None,,,,,,,,,,,,,,,,,,,,,,,,,,,,,,,,,,,,,,,,,,,,,,,,,,,,,,,,,,,,,,,,Aircraft X,Flight Deck,Air Taxi,Captain; Pilot Flying,Flight Crew Instrument; Flight Crew Multiengine; Flight Crew Air Transport Pilot (ATP),Flight Crew Last 90 Days 55; Flight Crew Total 8500; Flight Crew Type 2500,,Confusion; Distraction; Fatigue; Situational Awareness,,,1339547,Aircraft X,Flight Deck,Air Taxi,Pilot Not Flying; First Officer,Flight Crew Instrument; Flight Crew Multiengine,,,,,,1338644,Deviation / Discrepancy - Procedural Clearance,,,Person Flight Crew,Taxi,Air Traffic Control Issued New Clearance; Flight Crew Became Reoriented,Airport; Human Factors,Human Factors,"This event was a situation that almost led to a runway incursion. Myself and the SIC had a very early start to the day (4am show) and are not a crew that normally flies together. These may have nothing to do with the incident; but both are worth noting. We had a position leg to AGC where we picked up passengers at the FBO. We received a clearance to taxi to RW28 via Taxiway Alpha and had been cleared to cross RW13-31. An airplane was taking off on RW28 as we were taxiing. We were the only two aircraft on the airport in motion. I am unsure whether ground and tower were combined on the same frequency. We have Jepps built into the avionics on our aircraft and the appropriate airport diagram was displayed with the aircraft depicted at the time. As we exited; I taxied perpendicular to Taxiway Alpha; so as not to shortcut across the ramp. As we approach Alpha; we never saw a sign for Alpha and actually taxied unknowingly onto A3. We had mistaken RW13-31 for taxiway A. As we approached runway RW13-31; we realized our error and stopped the aircraft short of Runway 13-31. This took place at the A3 taxiway. Because of A3's close proximity to the runway and the ground controller's lack of knowledge of our intent to stop; he instructed us to stop. At that time we were almost at a complete stop. We never crossed onto the runway until we were cleared to taxi on it afterwards. This was all located in a Hotspot on the diagram (HS1). I feel that when I became convinced that runway 13-31 was the taxiway that I was looking at; I became fixated on this and did not take heed from the rest of the information that I had to use. We did not brief the hotspots before or during the taxi; which now seems like a prudent thing to do. The lack of delineation of ramp to taxiway also contributed to my confusion. Nowhere is there any signage to show taxiway A from the direction that I came. The fact that I chose to take the perpendicular route to the taxiway still seems to be a prudent thing to do; but added to my fixation on the taxiway. Looking at the diagram it seems like this would not be possible; but I am afraid it was. In addition; the fact that the SIC had his head down for part of the taxi; to read a checklist; contributed to the confusion once he looked up. He had to reevaluate our current position and figure out what my intentions were. Also the fact that we both were not paying 100% attention to the taxi; while operating in close proximity to a runway; took away the doubling checking that would have been there if we had both been paying attention.",,"After accomplishing the After Start Checklist we proceeded with a right turn out of the ramp area. Once headed in the correct direction I commenced reading the Taxi Checklist items and shortly thereafter heard over the radio to STOP. We had inadvertently crossed through taxiway alpha and onto A3 headed for Runway 31.A3 is approximately 20 feet long in length and is where we came to a stop. At no point did the aircraft cross the hold short lines onto Runway 31. The visual perception as you approach Alpha from afar is that Runway 31 or 28 could be taxiway Alpha. This entire area is noted as a Hot Spot area on charts. I feel that a combination of where you exit this particular ramp from along with constricted taxiways and runway intersections can be visually misleading.",,"Light transport flight crew taxied onto Taxiway A3 towards Runway 13-31 at AGC after mistaking the runway for Taxiway A.",
1342722,201603,1801-2400,ZZZ.Airport,US,,,0,,,VMC,,,,,,Tower ZZZ,Air Carrier,B737-900,,2,Part 121,IFR,Passenger,,Taxi,,,,,,,,,,,,,,,,,,,,,,,,,,,,,,,,,,,,,,,,,,,,,,,,,,,,,,,,,,,,,,,,,Aircraft X,Flight Deck,Air Carrier,Pilot Flying; Captain,Flight Crew Air Transport Pilot (ATP),Flight Crew Last 90 Days 155; Flight Crew Type 30,,Workload; Communication Breakdown,Party1 Ground Personnel; Party2 Flight Crew,,1342722,,,,,,,,,,,,Deviation / Discrepancy - Procedural Published Material / Policy,,,Person Flight Crew,Taxi,General None Reported / Taken,Company Policy; Human Factors; Procedure,Ambiguous,"Flight was a 737-900ER. After landing we received an ACARS message that due to center of gravity loading; 25 bags would have to be offloaded from the aft pit before we deplaned passengers. This was the first we heard of the issues; and it came at a very congested time in the cockpit when clearing the runway and trying to navigate taxi instructions. We had little time to coordinate with the flight attendants and passengers. However; the station/ramp did not follow the procedure. The ramp went immediately to the forward pit first to start unloading bags; and the Customer Service Representatives (CSR) immediately opened the jetway and wanted to offload passengers. My First Officer said the same experience had recently happened to him at [another airport]. The ACARS sends a confusing message about offloading bags from the aft pit before any passengers can get off the airplane. This confusing message comes at an extremely inconvenient time; and could potentially cause a taxi deviation or runway incursion. Likewise; the station seems to not know anything about this procedure; and the crew has to try and rush and intervene with ramp loaders and jetway drivers while trying to shut down the engines and secure the cockpit. We had flown for 5 and 1/2 hours with the load of passengers and bags determined; but didn't get this message until after landing. This procedure is not working. It is dangerous for the flight crew trying to taxi and park the aircraft; and the baggage handlers and gate agents are apparently not receiving the information at all.",,,,"B737-900 Captain reported receiving critical information regarding offloading procedures at the last minute taxiing into gate.",
1346392,201604,1801-2400,ZZZ.Airport,US,,,0,,,VMC,,,Daylight,,,Tower ZZZ,Air Carrier,Large Transport; Low Wing; 2 Turbojet Eng,,2,Part 121,IFR,Passenger,,Takeoff / Launch,,,,,,,,,,,,,,,,,,,,,,,,,,,,,,Tower ZZZ,,Commercial Fixed Wing,,2,,IFR,,,Taxi,,,,,,,,,,,,,,,,,,,,,,,,,,Aircraft X,Flight Deck,Air Carrier,Captain; Pilot Flying,Flight Crew Air Transport Pilot (ATP),,,Situational Awareness; Communication Breakdown,Party1 Flight Crew; Party2 ATC,,1346392,Facility ZZZ.Tower,,Government,Local; Handoff / Assist,Air Traffic Control Fully Certified,Air Traffic Control Time Certified In Pos 1 (yrs) 8,,Situational Awareness; Confusion; Communication Breakdown,Party1 Flight Crew; Party2 ATC,,1346223,ATC Issue All Types; Conflict Ground Conflict; Critical; Deviation / Discrepancy - Procedural Published Material / Policy,,,Person Flight Crew,In-flight,General None Reported / Taken,Human Factors,Human Factors,"My leg. Tower cleared us to line up and wait on Runway XXL. As we began to taxi onto runway and still perpendicular to runway heading; tower cleared us for takeoff. Spacing seemed tight; but we still had to make the 90 degree turn before we could start takeoff roll. Even so; I listened to FO's readback of takeoff clearance and no subsequent transmission from tower. So everything seemed totally normal as preceding aircraft was now at normal spacing ahead. So I applied takeoff power and started our takeoff roll. As we accelerated through approximately 100 to 110 knots; I noticed a business jet crossing the runway well ahead of us. I instantly calculated that this aircraft would clear the runway well before we got to his position. I also; at the same time watched to make sure that two other air carrier aircraft waiting to cross runway were holding their position. They were and I continued the takeoff roll. Also at the same time I pointed out to the FO and our jumpseater of the aircraft crossing in front of us. We made normal takeoff and tower told us to switch to departure as if nothing happened. FO readback the handoff transmission. Then he informed tower that the business jet had crossed the runway in front of us during our takeoff roll. This was followed by silence on tower frequency as we switched to departure. We continued on to our destination.",,"I was working Local Assist. I observed LE1 controller somewhat confused about something that just happened which I did not catch because I was temporarily distracted with watching the traffic operations on another landing runway making sure that the aircraft landed safely. I did not hear what happened but I knew something was not right by the way the local controller was acting. I asked him if everything was ok and he said no. He then was kind of confused because he thought he did not issue a takeoff clearance to an aircraft in position because he was crossing the departure runway at three different points. Because I did not hear what had transpired I was very unsure of what happened myself but I did hear the local controller say that he thinks he just had a runway incursion. I found out later that a business jet crossed Runway XXL with an aircraft departing it at the same time. From my understanding Local Control was trying to issue a landing clearance to Flight X who had just checked on for Runway XXC but local control mistakenly said 'Flight X Runway XXC cleared for takeoff' and the air carrier who was holding in position took it as his departure clearance. The air carrier rolled and lifted with a business jet jet crossing in front of him; but was well clear of the runway before the air carrier was anywhere near his intersection.Personally I feel that I could have done a better job of assisting LE1 but I feel also that we should have had Runway XXR position with another local controller.",,"Air carrier flight crew and Local Controller reported the First Officer accepted a takeoff clearance that was not for them and they took off while a business jet was crossing downfield. The Local Controller mistakenly said 'cleared for takeoff' with the call sign of an aircraft on final when he meant to say 'cleared to land.'",
1379165,201608,0601-1200,SFO.Tower,CA,,,0,,,,,,Daylight,,,Tower SFO,Air Carrier,Large Transport; Low Wing; 2 Turbojet Eng,,2,Part 121,IFR,Passenger,,Taxi,,,,,,,,,,,,,,,,,,,,,,,,,,,,,,,,,,,,,,,,,,,,,,,,,,,,,,,,,,,,,,,,,Facility SFO.Tower,,Government,Local,Air Traffic Control Fully Certified,Air Traffic Control Time Certified In Pos 1 (yrs) 8,,Time Pressure; Communication Breakdown; Situational Awareness,Party1 ATC; Party2 Flight Crew,,1379165,,,,,,,,,,,,ATC Issue All Types; Deviation / Discrepancy - Procedural Clearance,,,Person Air Traffic Control,Taxi,Air Traffic Control Issued New Clearance; Flight Crew Requested ATC Assistance / Clarification; General Flight Cancelled / Delayed,Manuals; Airport; Procedure,Manuals,"Aircraft X was holding in position on Runway 01R and was told by Local Control; 'Aircraft X RNAV to TYDYE; RWY 01R cleared for takeoff.' The pilot keyed up the frequency and spent approximately 10 seconds trying to mumble his way through the RNAV phraseology. He was wondering out loud on frequency if he shouldn't have been issued 'RNAV to TIPRE' which is the first fix depicted on his flight plan that was issued from Clearance Delivery before realizing that TYDYE was the first fix off of the runway; then realizing it was not depicted on the PDR portion of the clearance; and then finally saying 'cleared for takeoff.' By this time; so much time had passed that the Local Control had to immediately cancel his takeoff clearance to prevent a runway incursion with the aircraft arriving on runways 28. I was the controller being relieved. The RNAV phraseology is useless in our normal L28/D01 configuration and only adds to frequency congestion while also creating confusion for pilots and controllers alike. It makes runway incursions more likely as it takes longer to clear aircraft for takeoff; and when we are busy we frequently only have a few second window to get those planes rolling before they need to be shut down for aircraft that are landing on the crossing runways. The extra phraseology not only occupies time on frequency; but it slows down the pilot's reaction times as they aren't pushing the throttles forward right when they are cleared for takeoff; but rather taking time to check their routing in their FMS before engaging the throttles. In an airport such as ours where; during busy rushes; each takeoff clearance only has about a 3-4 second window in which it can happen; that extra time is unacceptable and a distinct safety hazard. The extra 'tightness' of what are already tight holes can cause controllers to have tunnel vision and focus more on whether that operation is going to work; while becoming distracted away from other tasks and aircraft that also require attention to maintain separation.I recommend that we remove the 'RNAV to...' phraseology from being required when there aren't multiple possible fixes to RNAV to on a given SID. Knowing that aircraft has received and acknowledged the clearance is more than sufficient. The 'RNAV to' phraseology only adds confusion and creates more opportunities for errors from both pilots and controllers. It is unnecessary and unsafe and shouldn't be required when there is only one RNAV to point on a given SID.",,,,"SFO Local Controller reported a pilot took too long to read back their RNAV departure instructions with their takeoff clearance. The Controller had to cancel the clearance.",
1386318,201609,0001-0600,PNS.Airport,FL,,,0,,,VMC,,,,,,Tower PNS,,Light Transport,,2,Part 91,VFR,Passenger,,Landing,Visual Approach,Class C PNS,,,,,,,,,,,,,,,,,,,,,,,,,,,,Tower PNS,Personal,Small Aircraft,,,Part 91,IFR,Personal,,Taxi,None,Class C PNS,,,,,,,,,,,,,,,,,,,,,,,,Facility PNS.Tower,,Government,Local,Air Traffic Control Developmental,,,Workload; Situational Awareness; Distraction; Communication Breakdown; Training / Qualification,Party1 ATC; Party2 Flight Crew,,1386318,Facility PNS.Tower,,Government,Local; Instructor,Air Traffic Control Fully Certified,Air Traffic Control Time Certified In Pos 1 (yrs) 1,,Workload; Communication Breakdown; Distraction; Situational Awareness,Party1 ATC; Party2 Flight Crew,,1386319,ATC Issue All Types; Conflict Ground Conflict; Less Severe; Deviation / Discrepancy - Procedural Clearance; Deviation / Discrepancy - Procedural Published Material / Policy; Ground Incursion Runway,,,Person Air Traffic Control,,Air Traffic Control Issued Advisory / Alert; Air Traffic Control Issued New Clearance; Flight Crew Requested ATC Assistance / Clarification,Environment - Non Weather Related; Airport; Aircraft; Human Factors; Procedure,Procedure,"I was training with an instructor on Local Control. The event started with me verbally requesting the inactive Runway 17; to which Ground Control gave me permission to use. The memory aid was used to indicate the runway was now Local Control jurisdiction. After which I moved my focus to the training C172's that were in the active runway 8's downwind. I gave the C172 holding instruction to protect for a possible go around on the crossing runway. As Aircraft X became closer to Runway 17 and was committed to the landing I returned my focus to the C172's in the downwind for Runway 8. Instructed the C172's to roll out on the downwind to rejoin the pattern. During the roll out the second C172 holding east of the crossing runway rolled out before the first C172 west of the crossing runway. I decided to re-sequence and issued control instructions. One of the C172 misunderstood the instructions and began to converge with the other so my attention was out the window looking at the aircraft which put my back to Aircraft X which was in the short final area. I resolved the situation with the C172's and returned to my scan to find Aircraft X rolling out and Aircraft Y had finished it's crossing of Aircraft X's landing runway at taxiway D.I'm not sure of when Aircraft Y began its crossing or if Aircraft X noticed the incursion. Simultaneously as I noticed the incursion Aircraft X was committed to landing and the nose of the aircraft was dropping and it would have been unsafe to send the aircraft around. At their closest they appeared 2000 plus feet away. No pilot in command acknowledged the incursion or question any instructions. The Controller Instructor was focused with me on the actions happening opposite of the runway incursion. All memory aids and communication were used according to standards. I have no knowledge of what could have happened or instructions given to Aircraft Y on ground control. Due to my lack of knowledge on what happened in the Ground Control position I have no recommendations. All current procedures and memory aids were used appropriately.",,"[Report narrative contained no additional information.]",,"Tower Controller trainee and trainer reported not noticing an aircraft taxiing across a runway while another aircraft was landing due to distraction from traffic in the pattern.",
1389318,201609,1201-1800,ZZZ.Airport,US,,,0,,,,,,Daylight,,,Tower ZZZ,Air Carrier,Regional Jet 200 ER/LR (CRJ200),,2,Part 121,IFR,Passenger,FMS Or FMC,Takeoff / Launch,None,,,,,,,,,,,,,,,,,,,,,,,,,,,,,Tower ZZZ,Air Carrier,Regional Jet 900 (CRJ900),,2,Part 121,IFR,Passenger,,Taxi,,,,,,,,,,,,,,,,,,,,,,,,,,Facility ZZZ.Tower,,Government,Coordinator; Supervisor / CIC,Air Traffic Control Fully Certified,Air Traffic Control Time Certified In Pos 1 (yrs) 1,,Situational Awareness; Training / Qualification,,,1389318,Aircraft X,Flight Deck,Air Carrier,Pilot Not Flying; Captain,Flight Crew Air Transport Pilot (ATP),,,Distraction; Situational Awareness,,,1389485,ATC Issue All Types; Conflict Ground Conflict; Less Severe; Deviation / Discrepancy - Procedural Clearance,,,Person Flight Crew; Person Air Traffic Control,Other Takeoff Roll,Flight Crew Requested ATC Assistance / Clarification,Human Factors; Procedure,Human Factors,"I was working CC/CIC so that the supervisor could build currency time on Local South. While working the position the ASDE-X alerted to Runway 17 occupied. I looked over to see a CRJ2 about 1/3 of the way down the runway on departure roll; and a CRJ9 parked on L3 around 2/3s of the way down the runway. I could not assess if the CRJ9 was across the hold bars due to the distance from the tower. By the time that I realized where the conflict was and then that the Local Controller was not cancelling the takeoff clearance (the CRJ2 was now more than halfway down the runway); I felt the situation was not safe to tell the Local Control to cancel the takeoff clearance. The CRJ2 rotated and appeared to overfly the Taxiway L3 intersection by 100 feet AGL.By the time the ASDE alerted to the situation; it seemed that it was far too late to make a timely correction to the situation. The warning itself seems too long; and the aircraft speed at which it triggers on a departure roll seems high. A ding or other warning sound instead of the word 'warning'; or a slower speed on departure roll triggering the 'occupied' warning could increase the time available to fix a situation like this.",,"We lined up on runway 17 and noticed another CRJ was near the runway some distance down the runway. I hesitated briefly to verify the other aircraft was clear of the runway and stopped before transferring the controls to the First Officer for takeoff. Later in the takeoff roll we noticed that while the other aircraft was clear of the actual runway; it was well past the hold-short line on we believe taxiway N. Since the aircraft was stopped and we were near V1 we determined that it was safer to continue the takeoff roll. At a safe altitude I contacted tower and copied a phone number. Later on the phone I verified with the MSP tower controller that the other aircraft had stopped beyond the hold short line. It is also believed that the other CRJ was being operated by maintenance personal working for another carrier.The root cause was failure of the other aircraft at taxiway N to stop short of the hold short line. Contributing factors might have been inability of both us; and tower to verify the runway incursion zone was clear from our respective distances. Vigilance on the part of all parties to verify that the runway is clear prior to starting a takeoff roll.",,"A Tower Controller and CRJ200 Captain reported an aircraft was cleared for takeoff with another aircraft exiting the runway stopped on a taxiway but not past the hold short lines.",
1409022,201612,0001-0600,SFO.Airport,CA,,,0,,,,,,Night,,,Ground SFO,Air Carrier,Medium Transport; Low Wing; 2 Turboprop Eng,,2,Part 121,IFR,Passenger,,Taxi,,,,,,,,,,,,,,,,,,,,,,,,,,,,,,Tower SFO,Air Carrier,Large Transport,,2,Part 121,IFR,Passenger,,Takeoff / Launch,,,,,,,,,,,,,,,,,,,,,,,,,,Facility SFO.TOWER,,Government,Ground,Air Traffic Control Fully Certified,Air Traffic Control Time Certified In Pos 1 (yrs) 6.0,,Situational Awareness; Human-Machine Interface; Communication Breakdown; Confusion,Party1 ATC; Party2 Flight Crew,,1409022,Facility SFO.TOWER,,Government,Local,Air Traffic Control Fully Certified,Air Traffic Control Time Certified In Pos 1 (yrs) 8.0,,,,,1409287,ATC Issue All Types; Conflict Ground Conflict; Less Severe; Deviation / Discrepancy - Procedural Clearance; Ground Incursion Runway,,,Automation Air Traffic Control; Person Air Traffic Control,Taxi,Air Traffic Control Issued New Clearance; Air Traffic Control Separated Traffic; Flight Crew Executed Go Around / Missed Approach; Flight Crew Requested ATC Assistance / Clarification; Flight Crew Became Reoriented,Aircraft; Airport; Environment - Non Weather Related; ATC Equipment / Nav Facility / Buildings,Aircraft,"I was working ground control and instructed Aircraft X initially to taxi to Runway 28L via Taxiway A; Taxiway F and to cross Runways 01L and 01R. For traffic requesting pushback; I amended the clearance to at Taxiway D join Taxiway Bravo and continue Taxiway F and to cross Runway 01 again. The pilot did not read back the second instruction. I then gave them traffic to pass behind and said continue Taxiway D; B. The pilot read that back. While Aircraft Y was on take-off roll on Runway 28L; Aircraft X made a wrong turn at Taxiway J and crossed the Runway 28L hold short bars but was clear of the runway edge. The ASSC (Airport Surface Surveillance Capability) safety logic alarmed and alerted me to the situation and I told Aircraft X to stop. Aircraft Y was able to depart and the next arrival for Runway 28L was sent around. I taxied Aircraft X off the runway and informed him of a possible pilot deviation. After calling the tower the pilot said he was training the other pilot and was not aware of the wrong turn until they had already crossed the hold bars. It was also night time and dark.We have just had the RWSL (Runway Safety Light) system installed. The lights are located at Runway 28L and E but not at Runway 28L and J. I think this may have created some confusion for the pilot and he may have thought he was crossing Runway 1L because Taxiway showed red and Taxiway J did not. Also; I should have given the full taxi instructions again for clarity.",,"I was working Local control. We were landing and departing on Runways 28L/R. It was night with decent visibility; but the ground was wet as showers had been rolling through on and off. I cleared Aircraft Y for takeoff on Runway 28L after issuing the wind. I told Aircraft Z to cross Runway 28L at the approach end and line up and wait on Runway 28R and I cleared Aircraft A to land on Runway 28R; again issuing the wind. When Aircraft Y was rolling at a high rate of speed down Runway 28L near intersection P; the Airport Surface Surveillance Capability (ASSC) alerted that Runway 28L was occupied. I looked at the ASSC and saw a circle around the tag for Aircraft Y ; and an additional circle around an aircraft target at the intersection of Taxiway J and Runway 28L. At this point Aircraft Y was approximately between Taxiway L and Runway 01R and I realized that there was nothing I could say to affect the outcome. I thought the planes had a good chance of hitting. At their closest point; Aircraft Y still appeared to at least have their mains on the ground and Aircraft X appeared to be on Taxiway J; completely past the hold bars; but it was unclear if he was past the runway edge line. Aircraft Y lifted off shortly thereafter. Aircraft B was on final for Runway 28L and I issued go around instructions with a heading of 265 in order to create divergence between them and Aircraft Y in the upwind. I then coordinated with Ground Control to allow Aircraft X to continue on to Runway 28L/10R so that they could exit at Runway 19R/01L. Though I believe that there was nothing we could do from within the tower to prevent this incident from the point that the Airport Surface Surveillance Capability (ASSC) alerted; I believe that the alert could have gone off a little earlier (perhaps when Aircraft X crossed the hold bars for Taxiway J). I also think that the lack of Runway Safety Lights (RWSL) lighting at Taxiway J; when there is RWSL lighting at Taxiway E; along with poor signage indicating the location of Taxiway J when traveling eastbound on Taxiway B; can lead a pilot to falsely believe that they are entering Taxiway F rather than Taxiway J and that it is safe to cross. RWSL's should be installed on Taxiway J. Another change that would help would be in the way ASSC alerts. When ASSC alerts it puts a circle around the aircraft involved and it brings up their full data blocks. The full data blocks add clutter and confusion and do not help the situation at all. Rather than a full data block; it would be more helpful if ASSC brought up only the callsign and made the font size larger than the other fonts on the screen for the aircraft that are being pointed out to be in conflict with each other. This would help far more than the full datablocks which end up overlapping and cluttering the screen and making it impossible to read in the short amount of time that would be needed to respond.",,"Tower Controller reported a taxiing aircraft making a wrong turn and crossed the hold short bars of an active runway while another aircraft was taking off.",
1410301,201612,1201-1800,SDF.Airport,KY,,,0,,,,,,Night,,,Ground SDF,Air Carrier,B737 Undifferentiated or Other Model,,2,Part 121,IFR,Passenger,,Taxi,,,,,,,,,,,,,,,,,,,,,,,,,,,,,,,,,,,,,,,,,,,,,,,,,,,,,,,,,,,,,,,,,Aircraft X,Flight Deck,Air Carrier,Pilot Flying; Captain,Flight Crew Air Transport Pilot (ATP),Flight Crew Last 90 Days 224,,Situational Awareness,,,1410301,Aircraft X,Flight Deck,Air Carrier,First Officer; Pilot Not Flying,Flight Crew Air Transport Pilot (ATP),Flight Crew Last 90 Days 132,,Situational Awareness,,,1410314,Deviation / Discrepancy - Procedural Clearance; Ground Incursion Taxiway,,,Person Air Traffic Control; Person Flight Crew,Taxi,Air Traffic Control Issued New Clearance; Flight Crew Became Reoriented,Airport; Human Factors,Airport,"Cleared to taxi to Runway 35L via Juliet Golf Bravo. Cleared across Runway 11. Both pilots had taxi charts displayed and were outside during taxi. From Juliet; turned right on Golf and started trying to identify Bravo. Not sure what signage exists for Bravo; but never saw it. Being dark and not seeing a Bravo sign; taxied past Bravo. Almost immediately approached hold short line and signage for Runway 35L. Recognizing an imminent runway incursion; started braking to stop. Simultaneously; First Officer and Ground Controller called for a stop. Aircraft was stopped short of Runway 35L hold lines. Subsequently cleared for further taxi to Runway 35L. After missing Bravo; all parties immediately recognized [the] threat and took immediate and appropriate action. Marked on chart as HS4 and briefed. This did not prevent [the] mistake; but probably helped ameliorate it. Bottom line; this is a very confusing intersection; especially at night.Other than not making mistake; not sure what else I could have done. As I said; I am not sure what signage exists at this intersection or if it is lighted. Perhaps better signage would help.",,"Even knowing that this was a hot spot; we messed up. The turn onto B from G is a 120 degree left at a point where multiple taxiways intersect. Because the surface area of pavement is so large; there is no place for signs near the taxi lines. It would benefit greatly from signage painted on the pavement.",,"B737 flight crew reported a taxi deviation at SDF citing poor signage and markings as contributing.",
1421413,201701,1801-2400,CLT.Airport,NC,,,0,,,VMC,,,Night,,,Ground CLT,Air Carrier,Widebody Transport,,2,Part 121,IFR,Cargo / Freight / Delivery,,Taxi,,,,,,,,,,,,,,,,,,,,,,,,,,,,,,,,,,,,,,,,,,,,,,,,,,,,,,,,,,,,,,,,,Aircraft X,Flight Deck,Air Carrier,Captain; Pilot Flying,Flight Crew Air Transport Pilot (ATP),,,Situational Awareness; Training / Qualification; Communication Breakdown; Confusion,Party1 Flight Crew; Party2 Flight Crew; Party2 ATC,,1421413,,,,,,,,,,,,Deviation / Discrepancy - Procedural Published Material / Policy; Deviation / Discrepancy - Procedural Clearance; Ground Incursion Taxiway,,N,Person Flight Crew,Taxi,Air Traffic Control Provided Assistance; Flight Crew Returned To Clearance; Flight Crew Became Reoriented,Airport; Human Factors; Environment - Non Weather Related; Chart Or Publication,Human Factors,"Taxied out of our CLT ramp to runway 18L; and the ATC instructions were 'Taxi via Alpha; join taxiway Charlie; hold short of Runway 23.' Reference CLT Taxi Diagram; page 10-9. Previously the First Officer and I had discussed the intersection in question between Alpha and Charlie; noted that it was a runway incursion hot spot (HS1); noted that there were some 'islands' along the taxiways; and that from the diagram it was hard to tell on which side of the island was taxiway Alpha located.While taxiing on Alpha; thinking that the first 'island' encountered was that island that seemed to split Alpha in two; I turned the airplane onto taxiway Golf and quickly realized we had made a wrong turn. ATC told us to hold our position because the area ahead of us was under construction. We attempted a 180 thinking we had enough room for the turn but soon realized we didn't have the space for the turn so we stopped the maneuver before getting stuck sideways. About 5 minutes later ATC was able to provide a 'follow me' vehicle that got us through the construction site (which was clear) and to taxiway Charlie towards Runway 18L.I blame the event on my unfamiliarity with the field and poorly lit taxiway signs; a poorly depicted diagram; but specially my failure to cross check and ask ATC when I wasn't 100% sure of my taxi route. Using the ground position feature and the clearer picture of the iPad would have helped understand the cleared taxi route.",,,,"Air carrier Captain reported mistakenly turning onto Taxiway Golf from Alpha towards a construction area during night operations.",
1428301,201702,0001-0600,MIA.Airport,FL,,,0,,,VMC,10,,Daylight,9000,,Tower MIA,Air Carrier,Widebody Transport,,2,Part 121,IFR,Passenger,,Taxi,,,,,,,,,,,,,,,,,,,,,,,,,,,,,,,,,,,,,,,,,,,,,,,,,,,,,,,,,,,,,,,,,Aircraft X,Flight Deck,Air Carrier,First Officer; Pilot Not Flying,Flight Crew Air Transport Pilot (ATP),Flight Crew Last 90 Days 200; Flight Crew Total 18000; Flight Crew Type 1500,,Time Pressure; Workload,,,1428301,,,,,,,,,,,,Deviation / Discrepancy - Procedural Clearance; Deviation / Discrepancy - Procedural Published Material / Policy; Ground Incursion Runway,,,Person Air Traffic Control,Taxi,Air Traffic Control Issued Advisory / Alert; Flight Crew Became Reoriented,Airport; Human Factors,Human Factors,"During pushback from the gate; rechecked the ATIS and discovered that there was a runway change from 26L to 8R. Started the engines and entered the new runway data into the FMS and briefed the Captain on the new SID procedures for 8R and the proposed taxi route (Papa to Mike) and the Hotspot at the intersection of Papa and Mike. The Captain acknowledged the runway change; the new SID procedures; the new taxi plan; and the location of the 8R hotspot. Received taxi instructions from Ground to taxi to runway 8R via Papa and Mike taxiways; for runway 8R. Approaching the hold short line for Runway 8R; I noticed that the Captain was still progressing at a somewhat rapid pace and advised him of the need to hold short at the first set of hold short lines just in front of us. The Captain replied that he had flown into and out of Miami numerous times and was confident that the second set of hold short lines; further in front of us; was the appropriate hold short line for Runway 8R. As I saw no safety issue involved in proceeding to the second set of hold short lines; I deferred to the Captain's judgement; having flown into and out of Miami only a handful of times and never before having taken off on Runway 8R. While holding short of the improper hold short line; Miami tower cleared us for takeoff on 8R and subsequently added that the next time we taxi to runway 8R to make sure that we do not cross the 8R hold short line; which was behind us. I believe the primary human factors event that caused this runway incursion was task saturation. Learning of the runway change during the pushback/engine start procedure caused a number of critical steps to be accomplished in a (self-induced) short amount of time. Changing the flight plan; re-entering the performance numbers for a new runway; re-briefing the SID procedures for that runway; and then briefing the new taxi route; caused us not to brief in great enough detail the importance of the hotspot at the end of our taxi route. I believe if we had started off with the Runway 8 brief at the gate; as opposed to while taxiing out; that the outcome of this taxi would not have resulted in a runway incursion. [My company] has been very good at explaining to aircrews the history of runway incursions on this runway and the importance of extreme vigilance in taxiing to this runway. Although I had never taken off from Runway 8R; my antennae were up because I had done a lot of prior reading from numerous [company] publications on the importance of holding short at the proper set of lines. With all this prior knowledge; I felt it would be intuitive when I reached the hold short area as to which set of lines would be proper to hold short of. Even though I did tell the Captain that I felt we needed to hold short of the first set of lines; I relied on his judgement that the second set of lines was proper. In retrospect; I should have shown him the documentation in both the airport diagram and the Company pages that clearly states that the first set of lines is the proper hold short point for runway 8R.",,,,"Air Carrier First Officer reported advising the Captain to hold short at the first set of hold bars approaching Runway 8R on Taxiway M at MIA. After continuing across; the Tower informed the crew that they had crossed the hold line then cleared them for takeoff.",
1441867,201704,0601-1200,CYYZ.Airport,ON,,,0,,,IMC,Rain,,Daylight,,,Tower CYYZ,Air Carrier,B737 Undifferentiated or Other Model,,2,Part 121,IFR,Passenger,,Takeoff / Launch,,,,,,,,,,,,,,,,,,,,,,,,,,,,,,Tower CYYZ,Air Carrier,EMB ERJ 145 ER/LR,,2,Part 121,IFR,Passenger,,Taxi; Takeoff / Launch,,,,,,,,,,,,,,,,,,,,,,,,,,Aircraft X,Flight Deck,Air Carrier,First Officer; Pilot Flying,Flight Crew Air Transport Pilot (ATP),Flight Crew Last 90 Days 220; Flight Crew Total 10071; Flight Crew Type 1265,,Situational Awareness,,,1441867,Aircraft X,Flight Deck,Air Carrier,Pilot Not Flying; Captain,Flight Crew Air Transport Pilot (ATP),Flight Crew Type 1621,,,,,1441874,Conflict Ground Conflict; Critical; Deviation / Discrepancy - Procedural Clearance; Ground Incursion Runway; Inflight Event / Encounter Weather / Turbulence,,,Person Air Traffic Control,Taxi,Air Traffic Control Issued Advisory / Alert; Air Traffic Control Issued New Clearance; Flight Crew Took Evasive Action,Human Factors,Human Factors,"Because of the wind gusts and rain we elected to make a max thrust TO on 06L with the GOPUP One Departure which gave us a V1 speed of approximately 111 kts. We were cleared for takeoff and everything was normal. Aircraft were landing on 06R and at V1 speed I noticed an EMB145 that had landed clearing onto taxiway D3 (I think; but maybe it was D5). It was supposed to hold short of our runway but at approximately 130-140 kts we could see it had missed its hold short area. If the aircraft continued onto our runway I think we could have rotated and cleared it but it would have been close. The tower called for them to stop and they did so just on the edge of our runway. I steered our aircraft just to the left of centerline to give us some extra room and we took off at our normal rotate speed. After we changed freq ATC asked us a couple of questions and we continued to destination without other incident.",,"[Report narrative contained no additional information.]",,"B737 flight crew taking off and an EMB145 flight crew instructed to hold short reported a runway incursion at CYYZ.",
1445685,201705,1201-1800,GGG.Airport,TX,,,0,,,VMC,,,Daylight,,,Tower GGG,Fractional,Small Transport,,2,Part 91,IFR,Passenger,,Taxi,,,,,,,,,,,,,,,,,,,,,,,,,,,,,,,,,,,,,,,,,,,,,,,,,,,,,,,,,,,,,,,,,Aircraft X,Flight Deck,Fractional,Captain; Pilot Not Flying,Flight Crew Air Transport Pilot (ATP),,,,,,1445685,Aircraft X,Flight Deck,Fractional,Pilot Flying; First Officer,Flight Crew Air Transport Pilot (ATP),,,,,,1445686,Ground Incursion Runway,,,Person Flight Crew,Taxi,,Human Factors,Human Factors,"Upon landing at GGG; the winds were gusting to 30 knots; and we had 10 knot loss short final. The First Officer (FO) landed smoothly but long trying to counter the effects of the wind. Construction was taking place along taxiway Golf and the exit at November was closed. At taxiway Bravo there were several ground ops vehicles giving the illusion that Bravo was closed as well. The FO slowed the aircraft prior to runway 36 as we waited for the tower to give us taxi instructions; but the tower was busy with a back and forth transmission with another aircraft that was inbound to the airport. The transmissions continued long enough that we taxied and tried to exit runway 36 un-commanded by the tower onto runway 31 and exited at Lima for the ramp. It was at this time that the tower informed us that they considered this to be a runway incursion and a pilot deviation; and to call the tower.The only choice that we had was to stop on the runway prior to runway 31 and wait for the transmissions to cease between the tower and the other aircraft and ask for taxi instructions from the tower.",,"[Report narrative contained no additional information.]",,"Corporate Jet flight crew reported a runway incursion after landing at GGG due to construction and communication issues.",
1449783,201705,1201-1800,DFW.Airport,TX,,,0,,,,,,Daylight,,,Tower DFW,Air Carrier,Regional Jet 900 (CRJ900),,2,Part 121,IFR,Passenger,,Landing; Taxi,,,,,,,,,,,,,,,,,,,,,,,,,,,,,,,,,,,,,,,,,,,,,,,,,,,,,,,,,,,,,,,,,Aircraft X,Flight Deck,Air Carrier,Captain; Pilot Flying,Flight Crew Air Transport Pilot (ATP),,,Confusion; Workload,,,1449783,,,,,,,,,,,,ATC Issue All Types; Deviation / Discrepancy - Procedural Published Material / Policy,,,Person Flight Crew,Taxi,General None Reported / Taken,Airport; Human Factors; Procedure,Procedure,"I am writing the report to make a point about procedures I feel need to be considered at DFW based on a report I had to file as a result of a crew error last week. Today; landing on 18R I had a very similar experience to what lead to a runway incursion a week ago. Specifically; being given the clearance to cross the inboard Runway 18L during the high speed portion of exiting 18R during a change of flight and radio responsibilities while an aircraft is exiting a runway at high speed. Today; as we were exiting Runway 18R at high speed we were cleared to cross 18L at intersection W8. W8 is an intersection that doesn't even exist at DFW. The correct intersection to cross was 'G8'. We were told to 'Keep our speed up and cross W8'. While moving at a good speed; we had to confirm with the tower controller the correct intersection from one that did not even exist. I have an issue with this policy of clearing aircraft to cross the inboard runway when they have not even cleared the runway they're landing on. I understand that rapid crossing of runway 18L may lead to more efficient flow of aircraft; but obviously it has led to at least one runway incursion where I and my crew have earned an investigation for a crew error due to an accidental crossing of the inboard runway (18L) at DFW. Today; as a result of pressure to clear aircraft across the runway to pass on to ground; our tower controller cleared us to cross at an intersection that does not even exist at DFW. My new crew had to question the controller as to the correct intersection to cross while we were rolling at high speed off the runway. This is really bad as far as I'm concerned. As we rolled across G8; this time with a legal clearance we cleared to the left to see another aircraft pointing at us on 18L in a line up and wait position. All of this could be averted; as well as the report I had to file last week as well as the paperwork my crew had to fill out; if we just decided that we will not cross across the inboard runway until they have cleared and stopped off the outboard runway. While more efficient time wise; it is a bad idea to clear pilots across one active runway; when they haven't even cleared the runway they landed on. Telling a pilot to cross the inboard 18L and keep the speed up to cross is just plain bad and asking for more runway incursions in the future. The fact one occurred is one too many considering the importance of this issue to the FAA. As a Captain of a flight last week that had a runway incursion; I have had to file reports as well as FAA forms documenting both my flight experience as well as my FOs experience as a result of a mistake made at 70 kts exiting a runway during a flight control and radio transfer. Today; a controller can make one mistake in clearing our aircraft to cross a runway at an intersection that does not even exist in Dallas and the crew had to catch the mistake and clarify. Regardless if it delays efficiency by 10 seconds it is safer to clear pilots across the north [east] Runway 18L when they have slowed or stopped and have safely cleared 18R.",,,,"CRJ-900 Captain reported being cleared to cross Runway 18L via W8 at DFW while rolling out on Runway 18R and 'keep your speed up'. Taxiway G8 was what the Controller meant to say and caused confusion. The reporter believes that this type of clearance is not safe and may have led to his runway incursion previously.",
1450965,201705,1801-2400,SAN.Tower,CA,,,0,,,,,,Dusk,,,Ground SAN,Air Carrier,Medium Large Transport; Low Wing; 2 Turbojet Eng,,2,Part 121,IFR,Passenger,,Taxi,None,,,,,,,,,,,,,,,,,,,,,,,,,,,,,Tower SAN,Air Carrier,Medium Large Transport; Low Wing; 2 Turbojet Eng,,2,Part 121,IFR,Passenger,,Final Approach,,Class B SAN,,,,,,,,,,,,,,,,,,,,,,,,Facility SAN.Tower,,Government,Other / Unknown,Air Traffic Control Fully Certified,Air Traffic Control Time Certified In Pos 1 (yrs) 6,,Workload; Training / Qualification; Situational Awareness; Communication Breakdown; Confusion,Party1 ATC; Party2 ATC,,1450965,,,,,,,,,,,,ATC Issue All Types; Conflict Ground Conflict; Less Severe; Deviation / Discrepancy - Procedural Clearance; Ground Incursion Runway,,,Person Air Traffic Control,Taxi,General None Reported / Taken,Procedure,Procedure,"Ground had coordinated to cross Aircraft X behind Aircraft Y at Bravo 4. Aircraft Y was on a 1.5 mile final and Aircraft X was approaching Bravo 6 and ground told Aircraft X to cross the runway at Bravo 4 while Aircraft Y was still on a 1 mile final. I said 'No!' Since aircraft had not passed the intersection yet and was still in the air. Controller said; 'It's OK because she said Bravo 4.' I assume they are using the anticipated runway separation.I tried to get clarification if this is allowed but do not have an answer. It seems to leave a lot of room for error/runway incursion. Aircraft X could have crossed at Bravo 6 since they cross there half the time; thinking it's what controller meant since there was someone on final or Aircraft Y could have tried to speed up to cross at Bravo 4 before the landing traffic etc. I would like clarification/reference in 7110.65 where either you are allowed to or when you are [not] allowed to say cross. We have had a lot of briefings on runway incursions but maybe reiterate when you are permitted to start an aircraft to cross. It seems to be a widespread problem here that controllers say cross way too early; when landing or departing aircraft are still a whole intersection from reaching the crossing point.",,,,"SAN Tower Controller reported confusion with guidance on issuing crossing clearance to aircraft too early.",
1463032,201707,0601-1200,ATL.Airport,GA,,,0,,,VMC,,,Daylight,,,Tower ATL,Air Carrier,Large Transport; Low Wing; 2 Turbojet Eng,,2,Part 121,IFR,Passenger,,Taxi,,,,,,,,,,,,,,,,,,,,,,,,,,,,,,Tower ATL,Air Carrier,Medium Transport; Low Wing; 2 Turbojet Eng,,2,Part 121,IFR,Passenger,,Takeoff / Launch,,,,,,,,,,,,,,,,,,,,,,,,,,Aircraft Y,Flight Deck,Air Carrier,Pilot Not Flying; First Officer,Flight Crew Air Transport Pilot (ATP),,,Confusion; Distraction; Workload; Situational Awareness,,,1463032,Aircraft Y,Flight Deck,Air Carrier,Pilot Flying; Captain,Flight Crew Air Transport Pilot (ATP),,,,,,1463029,ATC Issue All Types; Conflict Ground Conflict; Critical; Deviation / Discrepancy - Procedural Clearance; Ground Incursion Runway,,,Person Air Traffic Control; Person Flight Crew,Taxi,Air Traffic Control Issued New Clearance; Flight Crew Rejected Takeoff,Procedure; Human Factors,Human Factors,"We were operating flight Aircraft Y. It was like a regular flight until we were asked to line up and wait on 27R/LC. Tower crossed an airplane further down the runway while we waited for our clearance. Once tower cleared us for take off; we started our take off roll. I made 80 knots call and Captain acknowledged it and few seconds later I heard Captain saying something and he sounded surprised; so I looked up and realized that there was a another aircraft (Aircraft X) further down the runway which seemed like it was moving and attempting to cross the runway. Since there is a hump on 27R; it was hard to make out at first but as we were getting closer we both realized that they are not going to stop and were in fact crossing the runway.At this time we both unanimously decided that it was best to abort the takeoff. We were reaching approximately 120 knots at this point. Captain initiated the aborted take off and I made the calls and informed the tower that we were aborting. There was silence on the frequency. We started our abort close to Juliet or Delta taxiway and we slowed down to our taxi speed by M12 and Uniform taxiway and cleared the runway at M6; which is where Aircraft X was crossing the runway. We did not hear tower clearing Aircraft X to cross the runway. However; Aircraft X inquired from tower that if they were clear to cross the runway or not but they were simply asked to go to the ground. We ran our immediate action checklist and QRH and our brakes were very hot at this time. We called maintenance and we all agreed that we needed to go back to the gate for inspection; considering it was a high speed abort. We arranged and returned to a new gate. Maintenance got on board and we got an aircraft swap and we continued with rest of our day uneventful.High Speed Abort. Brakes were very hot. It could have been a very dangerous situation.Always pay attention. Our work is very fast paced and we always have to be aware of our surroundings at all times. Don't wait for ATC instructions if it does not look right and is unsafe; always chose the conservative side and let ATC know.",,"We were cleared for takeoff and during the takeoff roll I saw Aircraft X crossing our runway. I initiated a rejected takeoff around 120 knots near taxiway Delta. ATC was immediately notified and we were at taxi speed relatively quickly. We exited the runway; made a PA to the passengers; contacted the Flight Attendant; ran the [QRH]; contacted maintenance and arranged for a gate return. Runway incursion by Aircraft X during our takeoff roll.",,"Atlanta Tower Controllers and two pilots involved reported a runway incursion because of a missed and incorrect read back.",
1467130,201707,1801-2400,ZZZ.Airport,US,,,0,,,,,,,,,,Air Carrier,Commercial Fixed Wing,,,Part 121,,Passenger,,Taxi,,,,,,,,,,,,,,,,,,,,,,,,,,,,,,,,,,,,,,,,,,,,,,,,,,,,,,,,,,,,,,,,,Gate / Ramp / Line,,Air Carrier,Other / Unknown,,,,,,,1467130,,,,,,,,,,,,Deviation / Discrepancy - Procedural Published Material / Policy; Ground Event / Encounter Other / Unknown,,,Person Ground Personnel; Person Maintenance,Other Ground Operation,General None Reported / Taken,Airport; Procedure,Procedure,"Towbar-less Tug Operators are daily; being ordered by Management to operate their tugs in an unsafe manor as judged by the Tug Driver. As I am being forced to often operate the tug and aircraft on company property and ATC controlled airspace; I find in many situations I am no longer confident of a safe outcome.It is my opinion that this station has an unsafe SOP that has resulted in a Runway incursion in the recent past; as well as other 'near misses' that are not reported because nothing happened; however; they may be an indicator of the unsafe SOP.No remedies to these incursions or ATC misunderstandings have ever been implemented at this station. Other issues of safe operation include chronic Ramp congestion that often does not allow safe movement of the Tug.This forced demand from the company is in conflict with their own [manual]. I believe there is a real safety issue here that requires a resolution from outside the station.Management still needs to move metal around the airport; understandable. However; as the environment has changed over the last few years (for several reasons) at ZZZ both within the company and ATC concerning safe aircraft movement our old procedures are no longer acceptable. Management demanding that [towbar-less tug] operators continue to move aircraft without addressing this safety issue is unacceptable for obvious reasons; the most obvious one being the safety of the flying public and of course myself.I'm suggesting a committee be set up outside this station to provide: a clarification on [our manual] (Tow operations member job description) Does the [tug] operator have the authority to determine the appropriate number of personnel for a safe move of that aircraft?I'm also suggesting that this station's SOP concerning the tug be reviewed and that new policies be implemented that will allow us to move ahead safely and not threatened.",,,,"Maintenance employee reported that they are ordered by management to operate tugs in an unsafe manner.",
1473221,201708,1801-2400,FRG.Airport,NY,,,0,,,,,,,,,Tower FRG,,Medium Large Transport; Low Wing; 2 Turbojet Eng,,2,Part 91,IFR,Passenger,,Taxi,None,,,,,,,,,,,,,,,,,,,,,,,,,,,,,Tower FRG,,Light Transport; Low Wing; 2 Turbojet Eng,,,,IFR,Passenger,,Takeoff / Launch,None,,,,,,,,,,,,,,,,,,,,,,,,,Facility FRG.TOWER,,Government,Trainee; Ground,,,,Confusion; Situational Awareness; Training / Qualification; Workload,,,1473221,Aircraft Y,Flight Deck,Corporate,Pilot Not Flying; Captain,Flight Crew Air Transport Pilot (ATP),,,Situational Awareness,,,1473392,ATC Issue All Types; Conflict Ground Conflict; Less Severe; Deviation / Discrepancy - Procedural Published Material / Policy; Ground Incursion Runway,,,Person Air Traffic Control,Taxi,Air Traffic Control Issued New Clearance; Flight Crew Became Reoriented; Flight Crew Requested ATC Assistance / Clarification,Procedure; Human Factors; Company Policy; Airport,Human Factors,"I took over the Ground Control position. Ground owned the inactive runway. I worked normally; taxiing aircraft back and forth across the inactive runway on their way to and from the active runway as needed. Due to volume and complexity; the local controller implemented Land and Hold Short (LAHSO) to bring in Aircraft X that had popped up on the radar. He requested runway 01/19 from me and I gave it to him; giving him the bar memory aid. I placed the vertical bars across my strip bays; as is the procedure here as a reminder when you give away your runway.As soon as Aircraft X landed and was rolling past my aircraft holding short; I requested the inactive runway back from local. He verbally gave me back the runway as well as the memory aid and I immediately continued working; removing my vertical bars; putting my Runway bar back in its place and picking up where I left off by crossing the inactive runway with aircraft. He also continued working on getting ready for his next departure; Aircraft Y. In the meantime; Aircraft X; being a large jet; rolled through the main intersection and exited the runway and called me for taxi back to the ramp. Getting him back would require him to now cross over the active runway. I kept my flow going and answered him right away telling him to taxi the same way I would instruct him if I owned the active runway.He seemed uncertain and responded with a crossing involving the Runway. I corrected him and repeated myself that he taxi via B and cross the active Runway. He read back the instructions and proceeded to begin creeping forward. Almost immediately the Local Controller said; 'Wait I'm departing ...!' Immediately after that the Controller in Charge (CIC) and another Controller in the tower jumped up and shouted at me to 'Stop that guy!' as they pointed to Aircraft X. Realizing what was happening and the mistake I'd made I keyed up immediately and said 'Hold short!' as I read the IFR strip for the call sign; then right away keyed up again and more specifically said; 'Aircraft X hold short.' At the same instant this was happening; the CIC and Controller also shouted at local to cancel Aircraft Y's takeoff clearance.Instantly local canceled Aircraft Y's clearance and instructed him to taxi clear of the runway which he did. Aircraft Y had just begun his roll and stopping was no trouble and likewise for Aircraft X; he had barely begun moving and stopped instantly but he was just over the hold short lines thus fouling the runway. As for why this incident happened; I can only attribute it to lack of practice using LAHSO and switching back and forth between runways in use in such a short amount of time. I had just trained on runway 01 the session prior to this and that was also still fresh on my mind.Leading up to the event was as follows. I certified on ground a few weeks ago and am currently early in my training hours on local. I began my day at XA00 with training on local with Runway 01 being the active. The traffic was extremely busy for me and my trainer took over. As developmental we are expected to follow along; move the strips; do the writing; and otherwise be prepared to jump right back into controlling traffic when your trainer hands it back to you. It's not uncommon to be taken on and off training multiple times during a one hour session as your trainer takes over for a few minutes and then hands the reins back over to you. I was completely immersed in the proceedings during that busy hour and once over; we went downstairs to debrief. This was just past XB00. My trainer very thoroughly went over mistakes; suggestions; and then we went into the conference room to use the whiteboard for more detailed dissection of the last hour's problems and other similar scenarios. Before we realized it the hour was up. At XC00 another controller going back upstairs to relieve the controllers on position shouted over that he was going up. We wrapped it up and immediately headed for the elevator to work once more without having taken a break at all that hour. Once upstairs I took over the ground position and began working. The incident happened about half an hour into this session.More familiarity and practice with Land and Hold Short Operations (LAHSO) and everything that it entails is my biggest recommendation at this point. I think adding clear verbal cues during complex operations could help tremendously as well. We already do this sometimes during crossings; verbally announcing 'I'm crossing now' (even though it's not required) to double check one final time that we all remember what we agreed to. During LAHSO; something like; 'I'm landing 01 now' or 'I'm departing 32 now' while everything is still in flux could help clear up any confusion and reaffirm where everything stands.",,"[Report narrative contained no additional information.]",,"A flight crew and Ground Controller reported the Ground Controller taxied them across an active runway that another aircraft was beginning its takeoff roll on.",
1480225,201709,0601-1200,LAX.Airport,CA,,,0,,,VMC,,,Daylight,,,Tower LAX,Air Carrier,Large Transport; Low Wing; 2 Turbojet Eng,,2,Part 121,IFR,Passenger,,Taxi,,,,,,,,,,,,,,,,,,,,,,,,,,,,,,Tower LAX,Air Carrier,Large Transport; Low Wing; 2 Turbojet Eng,,2,Part 121,IFR,Passenger,,Takeoff / Launch,,,,,,,,,,,,,,,,,,,,,,,,,,Aircraft X,Flight Deck,Air Carrier,Captain; Pilot Flying,Flight Crew Air Transport Pilot (ATP),,,Confusion; Situational Awareness,,,1480225,Aircraft Y,Flight Deck,Air Carrier,Pilot Flying; Captain,Flight Crew Air Transport Pilot (ATP),Flight Crew Total 15400,,Situational Awareness,,,1480227,Conflict Ground Conflict; Less Severe; Deviation / Discrepancy - Procedural Clearance; Deviation / Discrepancy - Procedural Published Material / Policy; Ground Incursion Runway,,,Person Flight Crew,Taxi,Air Traffic Control Issued Advisory / Alert; Flight Crew Rejected Takeoff; Flight Crew Requested ATC Assistance / Clarification,Human Factors,Human Factors,"The F/O landed on Runway 24R in LAX. I took control of the aircraft on the runway; and exited onto Taxiway AA. Tower told us to hold short of 24L. I saw the bars that I thought were the runway clear lines for 24R; just in front of me. I continued forward; focused on a faded line that I somehow mistook for the hold short line. The F/O said for me to stop. I then noticed the red stop lights. I didn't jam on the brakes; which I should have; as I went past the hold short line. I asked him to tell the Tower that I was past the hold short line. The Tower had cleared [another] aircraft for takeoff around the same time. There was a slight delay for the Tower to tell the aircraft to reject the takeoff. Even with that; the aircraft wasn't very far down the runway. I believe they may have pulled off at Taxiway Whiskey. After that; we were cleared to taxi across Runway 24L and turn left onto Taxiway Echo and taxi and hold just past [taxiway] AA. We were given a phone number to call for a possible deviation.I need to be more alert! I'm sure the F/O assumed I was going to stop at the right place. The F/O said that he was going to push the brakes himself. I told him he should have. I really don't know how this can be prevented in the future as it happened so quickly. Other than help with the brakes when the F/O is seeing something you are not; and vice versa. Totally my fault.",,"After initiating takeoff roll on Runway 24L at LAX; we were issued a takeoff cancelled clearance due to an aircraft runway incursion at the departure end of the runway. Reject procedure was accomplished at 110 knots; aircraft was stopped in the first half of the runway; exited runway per Tower instructions. Notified Flight Attendants to remain seated; referenced QRH for any additional rejected takeoff considerations; loaded the performance program with reject information to obtain brake cooling requirements; ascertained brake cooling could be accomplished at the gate. Informed passengers of reasons of the event and to convey that there were no problems with aircraft and our plan to return to a gate for brake cooling per our procedures. We contacted LAX Operations and obtained a gate. We parked aircraft at Gate XX with nose chocks and brakes released and contacted Dispatch and Maintenance Control to discuss plan of action and series of events. Maintenance downloaded FDR (Flight Data Recorder) and checked brake energy computations. No injuries to crew; passengers or aircraft.",,"Arriving and departing air carrier flight crews reported a runway incursion at LAX which resulted in a rejected takeoff.",
1480982,201709,,OAK.Airport,CA,,,0,,,,,,,,,Ground OAK,Air Carrier,Large Transport; Low Wing; 2 Turbojet Eng,,2,Part 121,IFR,Passenger,,Taxi,,,,,,,,,,,,,,,,,,,,,,,,,,,,,,,,,,,,,,,,,,,,,,,,,,,,,,,,,,,,,,,,,Aircraft X,Flight Deck,Air Carrier,Pilot Not Flying; Captain,Flight Crew Air Transport Pilot (ATP),,,Situational Awareness,,,1480982,,,,,,,,,,,,Deviation / Discrepancy - Procedural Clearance; Ground Incursion Runway,,,Person Flight Crew,Taxi,Flight Crew Became Reoriented,Airport; Human Factors,Human Factors,"Crew planned for a departure from Runway 29; the temporary runway; formerly Taxiway Whiskey; from Taxiway Uniform to expedite departure. The performance software directed a flaps 10 takeoff with normal bleed configuration. We completed the Before Taxi Checklist and were directed to taxi to Runway 30 at Uniform; which was a standard clearance for an expedited departure prior to the advent of temporary Runway 29. The FO repeated 'Company Flight XXX; taxi to Runway 30 at Uniform' and I said 'taxi to Runway 30 at Uniform.'This series of COMM errors led to a taxi expectation bias. I; from habit; continued rolling down Uniform at approximately 20 knots. There was no traffic on final for Runway 29. I called for the Before Takeoff Checklist and slowed down to approximately 10 knots to complete the checklist. I did not notice a definitive hold short line at Taxiway Uniform prior to Runway 29. Just as we completed the checklist; my FO said; 'Whoa; whoa; did we just cross the hold short line for 29?'We had; indeed; as it is not well marked with signs; wig-wags or a line; and my old habit pattern was to taxi to Runway 30 at Uniform; looking for those familiar markings. By now our speed was about two knots. Before we could say anything to Tower; Tower cleared us for takeoff at Runway 29; but the runway incursion had already occurred. I lined up the aircraft with a slow turn to line up on centerline and we proceeded to takeoff. There was strong expectation bias given the COMM between ATC and between Crew Members. That; and a lack of strong hold short markings for Runway 29 at Uniform; led to this runway incursion.The temporary Runway 29 in OAK needs better signage and markings to help prevent this incident. The hold short line for Runway 29 at Uniform must be more visible to prevent future occurrences. This is a non-standard runway configuration; and as such; it will be a hazard whilst construction on Runway 30 continues.",,,,"Air carrier Captain reported a runway incursion at OAK airport on the temporary Runway 29 due signage issues.",
1485103,201710,,BOS.Airport,MA,,,0,,,VMC,,,,,,Ground BOS,Air Carrier,B737 Undifferentiated or Other Model,,2,Part 121,IFR,Passenger,FMS Or FMC,Taxi,,,,,,,,,,,,,,,,,,,,,,,,,,,,,,,,,,,,,,,,,,,,,,,,,,,,,,,,,,,,,,,,,Aircraft X,Flight Deck,Air Carrier,Captain; Pilot Flying,Flight Crew Air Transport Pilot (ATP),Flight Crew Type 2769,,Situational Awareness,,,1485103,Aircraft X,Flight Deck,Air Carrier,First Officer; Pilot Not Flying,,,,Situational Awareness,,,1485466,Deviation / Discrepancy - Procedural Clearance; Ground Incursion Runway,,,Person Flight Crew,Taxi,Flight Crew Became Reoriented; Flight Crew Took Evasive Action; General Physical Injury / Incapacitation,Human Factors,Human Factors,"We thoroughly briefed the taxi including the hot spots; expected route; and runway crossings. I elected to taxi with both engines running to minimize distractions. I had expected to taxi Alpha; Charlie; cross 4L; 4R; Delta; cross 33L to 27. We were cleared Echo; Bravo; Charlie; cross 4L hold short of 4R. I looked at my taxi chart [and] read it back to the First Officer but for some reason I thought that M was Bravo in my mind. We had trouble up linking the weights into the FMC and the First Officer was heads down setting up the box. I approached 4L at Echo turned on my lights announced; 'Clear left on this runway are you clear right?' The First Officer said yes looked to his right and put his head back down. He then [saw] I was crossing 4L at the wrong intersection said 'Stop! Stop!' and slammed on the brakes trying to keep us from a runway incursion. We stopped just after the hold short bar. ATC saw that we were stopped [and] told us we had missed Bravo but were lucky because it was a closed runway. The flight attendants said that two of them were banged up a little but did not want to return to the gate to seek medical attention and wanted to continue on the flight. One flight attendant said that a cart fell on her arm and hurt it and the other said she hurt her back when she slammed into the coffee pot in first class.",,"I thought we failed because I failed to see us miss the B taxiway sooner. Additionally; we failed because as soon as I said; 'stop'; the Captain should have done just that - it is easier to have a conversation when you're not moving.",,"B737 flight crew reported two flight attendants were injured by an abrupt stop to avoid a runway incursion.",
1490121,201710,0601-1200,MYNN.Airport,FO,,,0,,,VMC,,,Daylight,,,Tower MYNN,Air Carrier,Medium Large Transport; Low Wing; 2 Turbojet Eng,,2,Part 121,IFR,Passenger,,Taxi,,,,,,,,,,,,,,,,,,,,,,,,,,,,,,,,,,,,,,,,,,,,,,,,,,,,,,,,,,,,,,,,,Aircraft X,Flight Deck,Air Carrier,Pilot Flying; Captain,Flight Crew Air Transport Pilot (ATP),Flight Crew Type 7000,,Situational Awareness; Confusion,,,1490121,Aircraft X,Flight Deck,Air Carrier,Pilot Not Flying; First Officer,Flight Crew Air Transport Pilot (ATP),Flight Crew Type 1200,,Confusion; Situational Awareness,,,1490256,ATC Issue All Types; Conflict Ground Conflict; Less Severe; Deviation / Discrepancy - Procedural Published Material / Policy; Deviation / Discrepancy - Procedural Clearance; Ground Incursion Runway,,,Person Flight Crew,Taxi,General None Reported / Taken,Airport; Procedure; Human Factors,Procedure,"After generally conducting [a] normal approach to landing by my First Officer; I assumed control of our aircraft on the landing rollout on Runway 9 in Nassau; Bahamas. Tower instructed us to turn left on Taxiway Bravo and hold short of Runway 14 for traffic taking off. During our approach briefing; we planned on that taxiway; understood; and read back ATC's instructions. I exited our landing runway and had my head up in preparation for holding short of the intersecting runway; runway 14. I followed through with my simple after landing flows and in a matter of just a few seconds to turn our lights off; we had already rolled past both hold short lines. I also was not taxiing at any significant rate of speed. Additionally; the taxiway diagram is deceiving in its length between both runways. I immediately applied our brakes aggressively and stopped prior to the actual runway. It was during this time that a Turboprop aircraft was lifting off some 1000 feet prior to our position and climbing out. In all the times I have landed at Pindling International; I do not think I have ever experienced this scenario. I admit and accept full responsibility for my actions with no excuse for not holding short of the respective runway. With that information in mind however; I hope this information is passed along through our Safety Department. This NEEDS to be addressed as a Runway Incursion Hotspot on our Jeppesen Charts. In addition; I firmly believe that Taxiway Bravo should not even necessarily be used by large aircraft. I do not believe; while looking at Airport Diagrams and the layout of both hold short lines for each runway on that taxiway; that our aircraft can even fit legally between both lines. Google maps indicates that there is approximately 50 feet between each line. There is a notation on the chart; Taxiway Bravo by Airport Authorization. But that does not preclude per se the safety and legality of a jet of our size; or even larger from properly maneuvering through that area. Perhaps an additional notation concerning taxiway bravo could be in order. A note that indicates how short it is; and/or hotspot indications?",,"While taxiing post landing in MYNN we were told to take Taxiway Bravo from Runway 9 and hold short of 14. I read back to ATC; pilot flying repeated; and we did our post landing flows very quickly after exiting runway; however in that very short period of being heads down we passed the hold short bars for Runway 14. We did not cross the intersecting Runway 14 however. The main issue is the hold bars for 27 and 14 are only 50 feet apart; so once clear of one; you are across the other. The diagram notes only state 'TWY B by airport authorization' however they do not state it as a hot spot or indicate nonstandard markings. Airport has nonstandard markings; and Taxiway Bravo is very short and should not be used by aircraft of our category when asked to hold short. The 10-7 page should make note of this as well as the taxiway diagram should depict a hot spot or some other note about how difficult holding short of 14 is.",,"Air carrier flight crew reported after landing on Runway 9 at MYNN; they exited at Taxiway B and crossed the hold line for Runway 14 while trying to determine if they were clear of Runway 9.",
1512201,201801,1201-1800,PHX.Airport,AZ,,,0,,,,,,,,,Tower PHX,Air Carrier,B737 Undifferentiated or Other Model,,2,Part 121,IFR,Passenger,FMS Or FMC,Taxi,,,,,,,,,,,,,,,,,,,,,,,,,,,,,,Tower PHX,Air Carrier,B737 Undifferentiated or Other Model,,2,Part 121,IFR,Passenger,FMS Or FMC,Takeoff / Launch,,,,,,,,,,,,,,,,,,,,,,,,,,Aircraft X,Flight Deck,Air Carrier,Captain; Pilot Flying,Flight Crew Air Transport Pilot (ATP),Flight Crew Type 2114,,Communication Breakdown,Party1 Flight Crew; Party2 ATC,,1512201,Aircraft X,Flight Deck,Air Carrier,Pilot Not Flying; First Officer,,Flight Crew Total 2479,,Communication Breakdown,Party1 ATC; Party2 Flight Crew,,1512486,ATC Issue All Types; Conflict Ground Conflict; Critical; Deviation / Discrepancy - Procedural Published Material / Policy; Ground Incursion Runway,,,Person Flight Crew,Taxi,Flight Crew Took Evasive Action,Human Factors,Human Factors,"After landing on runway 7R in Phoenix; we were told to hold short of 7L. After several minutes; I believed I heard the tower clear Aircraft Y; a B737 for takeoff on runway 7L. Shortly after that; a clearance was given for Aircraft Z; another B737; to cross 7L. After that; we were given clearance to cross 7L. Having believed I had heard a takeoff clearance for 7L [Aircraft Y]; I took extra time to clear for aircraft on departure roll. I noted that Aircraft Y did appear to be on takeoff roll; I held short of the runway at taxiway F8. Aircraft Z crossed [Runway 7L] downfield when the tower controller realized he had given conflicting clearances. Aircraft Y was told to cancel takeoff clearance. We were told to hold short of 7L; which was not a problem. Aircraft Z cleared the active runway; and noted they had gotten red runway incursion lights half way across the runway as they were crossing.",,"[Report narrative contained no additional information.]",,"B737 flight crew reported a Tower Controller issued a runway crossing clearance while a departing aircraft was on takeoff roll. Tower Controller canceled the clearance after recognizing the conflict.",
1524066,201803,0601-1200,BNA.Airport,TN,,,0,,,,,,Daylight,,,Ground BNA,Air Carrier,Large Transport; Low Wing; 2 Turbojet Eng,,2,Part 121,IFR,Passenger,,Taxi,,,,,,,,,,,,,,,,,,,,,,,,,,,,,,,,,,,,,,,,,,,,,,,,,,,,,,,,,,,,,,,,,Aircraft X,Flight Deck,Air Carrier,First Officer; Pilot Not Flying,Flight Crew Air Transport Pilot (ATP),,,Distraction; Confusion; Situational Awareness,,,1524066,Aircraft X,Flight Deck,Air Carrier,Pilot Flying; Captain,Flight Crew Air Transport Pilot (ATP),,,Confusion; Situational Awareness; Distraction,,,1524065,Deviation / Discrepancy - Procedural Clearance; Deviation / Discrepancy - Procedural Published Material / Policy; Ground Incursion Taxiway,,,Person Flight Crew,Taxi,Air Traffic Control Issued New Clearance; Flight Crew Became Reoriented; Flight Crew Requested ATC Assistance / Clarification,Chart Or Publication; Human Factors,Human Factors,"Upon pushback in BNA; ground control advised an Expected Departure Clearance Time (EDCT) of 10 minutes from push. Not an issue with little traffic and closeout received. Taxi clearance is T4; L; H; Runway 2R. During taxi on L; we are running the Before Takeoff checklist; reviewing takeoff data when the Captain stoped the aircraft and realizes that L turned into L8 which is hold short point for Runway 31 (which was closed). Ground control noticed and gave us taxi instructions onto Runway 31 and loop back around to L7 and pick up L to continue to Runway 2R. Rest of flight was uneventful. Ground mentioned it was a common occurrence. A review of the 10-9 shows that although L appears to parallel Runway 31; it actually bends left and narrows as it intersects with H. L as we proceeded turns into L8. Taxiway designation is deceptive. While this was not a safety issue for us; it seems that it could lead a flight crew into a potential runway incursion under the right circumstances (low visibility/night/unfamiliar) and therefore might require some marking or other highlight to the Jeppesen chart to prevent reoccurrence.",,"[Report narrative contained no additional informatin.]",,"Air carrier flight crew reported a misleading taxiway designation and depiction on the BNA airport diagram which led to a taxiway incursion.",
1524303,201802,1801-2400,SAT.Airport,TX,,,,,,VMC,,,,,,Tower SAT,Air Carrier,A319,,2,Part 121,IFR,Passenger,,Takeoff / Launch,,,,,,,,,,,,,,,,,,,,,,,,,,,,,,Tower SAT,Air Carrier,Commercial Fixed Wing,,2,,IFR,,,Taxi,,,,,,,,,,,,,,,,,,,,,,,,,,Aircraft X,Flight Deck,Air Carrier,First Officer; Pilot Flying,Flight Crew Air Transport Pilot (ATP); Flight Crew Instrument; Flight Crew Multiengine,,,Situational Awareness,,,1524303,,,,,,,,,,,,Conflict Ground Conflict; Critical; Ground Incursion Runway,,,Person Flight Crew,In-flight,Flight Crew Took Evasive Action,Human Factors,Human Factors,"During takeoff on Runway 04 and near V1 speed; Aircraft Y made a runway incursion from the cargo ramp south of midfield. Captain assumed control; selected TOGA; and rotated ahead and over Aircraft Y. I assumed PM duties and we continued on without further incident.Review of ATC communications with Aircraft Y; and follow up afterwards on how runway incursion error chain occurred.",,,,"A319 First Officer reported an aircraft taxied onto the runway ahead of them during their takeoff roll.",
1545265,201805,0601-1200,MMCU.Airport,FO,,,0,,,VMC,,,Daylight,,,,Air Carrier,EMB ERJ 145 ER/LR,,2,Part 121,IFR,Passenger,FMS Or FMC,Taxi,,,,,,,,,,,,,,,,,,,,,,,,,,,,,,,,,,,,,,,,,,,,,,,,,,,,,,,,,,,,,,,,,Aircraft X,Flight Deck,Air Carrier,Pilot Flying; Captain,Flight Crew Instrument; Flight Crew Multiengine; Flight Crew Air Transport Pilot (ATP),,,Communication Breakdown; Situational Awareness,Party1 Flight Crew; Party2 ATC,,1545265,,,,,,,,,,,,ATC Issue All Types; Conflict Ground Conflict; Critical,,,Person Flight Crew,Taxi,Air Traffic Control Issued New Clearance; Flight Crew Requested ATC Assistance / Clarification; Flight Crew Took Evasive Action,Human Factors; Procedure,Procedure,"We briefed the hotspots and how we would mitigate them. We did all briefs and checklists before taxi and this helped us both stay heads up. We called for taxi clearance and were told to 'cross all runways; back taxi into position on 36R.' We noticed a fleet of GA aircraft takeoff and noticed some were leveling off at 100-150 feet to depart which was unusual.We cleared left and right as we crossed the other runways. Immediately after crossing the [Runway] 36R hold short line I saw one of the Cessna 206s at about 100-150 feet and on a right base. With their altitude and close pattern it was unclear which runway they were going to until they turned a very short final. We stopped the aircraft and asked Tower if he was landing our runway. The controller apologized then spoke Spanish to the other pilot so I don't know what was said. I'm guessing we were completely across the hold short line and our nose was about 5-6 feet into the actual runway. The Cessna leveled off at about 20 feet and flew down the runway. He passed very close by us and I assume landed beyond us (I could not see it). Passengers commented after the flight about seeing the plane pass by their window. We then were cleared to back taxi again.Threats - Mexico; language barrier sometimes; hotspots; multiple runway crossings; unusual patterns by other aircraft; Short taxi. Errors - ATC cleared them to land while we were cleared to back taxi. UAS - Runway Incursion.Good TEM (Threat and Error Management) helped us catch this when we did though; as we were both heads up at the time. Especially out of this airport I will keep a better lookout for planes that might be flying a nonstandard pattern.",,,,"EMB-145 Captain reported a landing light aircraft passed within 20 feet of their aircraft as they were preparing for takeoff at MMCU.",
1553480,201806,1801-2400,ORD.Airport,IL,,,0,,,,Rain; Thunderstorm,,Night,,,Ground ORD,Air Carrier,EMB ERJ 170/175 ER/LR,,2,Part 121,IFR,Passenger,FMS Or FMC,Taxi,,,,,,,,,,,,,,,,,,,,,,,,,,,,,,,,,,,,,,,,,,,,,,,,,,,,,,,,,,,,,,,,,Aircraft X,Flight Deck,Air Carrier,Captain; Pilot Flying,Flight Crew Instrument; Flight Crew Air Transport Pilot (ATP); Flight Crew Multiengine,,,Confusion; Situational Awareness,,,1553480,,,,,,,,,,,,Deviation / Discrepancy - Procedural Published Material / Policy,,,Person Flight Crew,Taxi,Flight Crew Became Reoriented,Chart Or Publication; Human Factors,Chart Or Publication,"Near runway incursion. No deviation; just suggesting safety improvements. Late night and delayed flight. Light rain at the field. Heavy traffic backed up runways and taxiways. Given instructions to taxi to runway 9R via A; A2; Runway 4; H; short of R. Normal taxi route is A; A6; R. We briefed the nonstandard taxi route and talked about the close proximity to 9R and looking at the taxi diagram concluded it required to taxi northeast on runway 4 for a couple feet then make the left turn on H. Upon reaching runway 4; straight ahead looked unlit like it was grass so I made the slight right turn and looked left for H. When I looked back straight; I noticed the hold short line for runway 9R less than 10 feet in front of me. I stopped the aircraft then saw taxiway H and made the left turn. We never crossed the hold short line but was shocked to see it so close to us. The rain reduced the visibility and the nonstandard route probably led to the confusion. Suggestions: I do not recall that area being particularly lit by taxiway lights; nor did I notice the taxiway signs. There were several lead on and lead off taxi lines from the multiple runways. The hold short lines were not enhanced with the 'wig wag' lights. After asking several other pilots; they agree the taxi diagram can be misleading. I would suggest a Hot Spot being added to that area for taxiing on runway 4 to taxiway H.",,,,"EMB-175 Captain reported the taxi diagram in ORD can be misleading and suggested a HOTSPOT should be added to the airport chart.",
1573853,201808,1201-1800,ZZZ.Airport,US,,,0,,,,,,Daylight,,,Tower ZZZ,Air Carrier,B737-700,,1,Part 121,IFR,Passenger,,Taxi,,,,,,,,,,,,,,,,,,,,,,,,,,,,,,,,,,,,,,,,,,,,,,,,,,,,,,,,,,,,,,,,,Aircraft X,Flight Deck,Air Carrier,Pilot Flying; Captain,Flight Crew Instrument; Flight Crew Multiengine; Flight Crew Air Transport Pilot (ATP),Flight Crew Last 90 Days 376,,Situational Awareness,,,1573853,Aircraft X,Flight Deck,Air Carrier,First Officer; Pilot Not Flying,Flight Crew Air Transport Pilot (ATP); Flight Crew Multiengine; Flight Crew Instrument,Flight Crew Last 90 Days 471,,Communication Breakdown,Party1 Flight Crew; Party2 ATC,,1574716,ATC Issue All Types; Deviation / Discrepancy - Procedural Published Material / Policy,,,Person Air Traffic Control,Taxi,,Company Policy; Procedure; Human Factors,Human Factors,"One would have thought we caused a runway incursion with this 'event'. First off; I DO NOT appreciate ZZZ's handling of the situation. We landed and were initially given the standard taxi routing. Tower instructed us to hold short of a runway which we complied with. Eventually; we were cleared to cross the runway and to contact Ground Control; amid the chaos that is ZZZ. Now; here's where the alleged 'crime' was committed. Are you ready for it? My First Officer; he read back the clearance; and responded with only HALF of our call sign; calling us 'XXXX.' OUTRAGEOUS! Right? If it appears as if I'm making a mockery of all this; I now am. We were given a phone number to call once in the gate.I had no idea what this was about; but I did; lightheartedly. The Ground Control Supervisor; in his monotone demeanor; began explaining to me the nature of my crime. I chuckled; because I carry a spirited disposition. This was about when Mr. Ground Control Supervisor became very angry. He asked if I was 'laughing' at him. No; I was not. I was chuckling at the situation. Well; that was enough to sound the alarms; and call in the National Guard. I became a good little student and shut my mouth; and listened; intently. Once off the phone; I decided to make a few other phone calls. I called the Union. The Union told me to NEVER call 'the number.' This was the first time in my career this has happened; how was I to know? So; the Union told me that we have been in hot water; the Union used more colorful language; with ZZZ. I was given the phone number of our ATC Representative; who handles this kind of business. I talked to ATC Representative; and he gave me a schooling too. Lesson learned.Right about the time I got off the phone with the Union and ATC Representative; my Chief Pilot calls me. WOW! This thing was escalating QUICKLY. Chief Pilot is frantically asking what I did; because Mr. Ground Control Supervisor apparently had called him. Upset; because of my spirited disposition; Mr. Ground Control Supervisor was determined to push this issue as far; and as fast; as he could. Chief Pilot asked if I'd call back and apologize to Mr. Ground Control Supervisor; I guess I hurt his feelings. Now I'm in a pickle; because ATC Representative told me to NEVER call that number. Here I am again; calling the number that I'm not supposed to be; to bring back honor to my defamed airline; apparently. 'Take one for the team;' was Chief Pilots advice. I did; against ATC Representative's wishes. The last words out of Mr. Ground Control Supervisors mouth were; 'No problem. We're good.' That was it. Those words tell me that all is forgiven; and I HOPE IT IS.Again; you would have thought we caused a catastrophic meltdown at ZZZ with the way this was handled. On taxi out of ZZZ; we heard all sorts of botched up call signs and readbacks. I can't help but feel; maybe; perhaps; it is possible; Company is being a tad discriminated against. Now; I want to give a quick note on my 'spirited disposition.' For example; my father passed away a few months ago. In talking to the coroner; I happened to chuckle and laugh with her a little bit. Certainly not out of disrespect to my father; god no; but because it is the way I choose to handle things. Even tough situations. It helps me keep a cool head and deal with the situations at hand. I really don't want to hear any more of this; and I hope I didn't offend anyone with my; accurate; reenactment of the day's event. I don't know. Maybe I need to; specifically; bid away from ZZZ. There is nothing that can come of this. Proper phraseology will certainly help to mitigate any further wrong-doing.",,"We were holding short of the runway. Tower told us cross the runway and contact Ground Control. I read back the clearance as given to us. Tower came back on the frequency and said 'please say full call sign.' Unbeknownst to me; I failed to add Company to the beginning of my read back. I apologized and said 'Company XXXX.' After checking into ramp for clearance to our gate; we were told to call ATC. The Captain called the phone number given to us. He was speaking to the Tower/Ground Supervisor. From what I heard of the conversation; surprisingly; the tone was somewhat adversarial. The Supervisor said he is always onto his guys to ensure the entire call sign of each aircraft is used. The Captain agreed and said we (him and I) would discuss using the full call sign; which we did.Apparently; the Supervisor did not like the tone of the Captain's remarks and said he did not appreciate how we were going to handle the situation. The Supervisor thought we were not seeing the seriousness of the situation. At that point the phone call was concluded. The Captain then called the Union Rep as well as the Company ATC Rep for further guidance. The Captain also received a call from the Chief Pilot wanting to know what was going on in ZZZ. Apparently; the Supervisor called the Chief Pilot directly. The Captain explained the situation to the Chief Pilot. The Chief Pilot asked the Captain if he would call back the Supervisor and apologize one more time. The Captain obliged. He called the Supervisor back and apologized. The Supervisor ended the phone call with 'No problem. We're good.' Even though ZZZ is very busy; don't let trying to repeat instructions so fast that you fail to use proper and complete phraseology. Take your time and pay attention to detail with consideration to the environment where you are operating.",,"Air carrier flight crew reported the First Officer failed to use the complete call sign when acknowledging taxi instructions.",
1579731,201809,1801-2400,LAR.Airport,WY,,,0,,,,,,,,,CTAF LAR,,Commercial Fixed Wing,,2,,IFR,Passenger,,Taxi,,,,,,,,,,,,,,,,,,,,,,,,,,Aero Charts,,X,Design,,,,,,,,,,,,,,,,,,,,,,,,,,,,,,,,,,,,Aircraft X,Flight Deck,,Pilot Not Flying; Captain,Flight Crew Commercial,,,Situational Awareness,,,1579731,,,,,,,,,,,,Deviation / Discrepancy - Procedural Published Material / Policy,,,Person Flight Crew,Taxi,General None Reported / Taken,Chart Or Publication,Chart Or Publication,"At LAR airport; most ground/taxi signage doesn't match Jeppesen plate with no NOTAM saying otherwise. A runway incursion/loss of situational awareness by pilot is highly likely with this situation. Please correct ASAP. Incorrect plates. Please update Jepp plates.",,,,"Air carrier Captain reported the signage in LAR Airport does not match the Jeppesen plate.",
1583591,201810,0601-1200,BUR.Airport,CA,,,0,,,,,,Daylight,,,Ground BUR,Air Carrier,EMB ERJ 170/175 ER/LR,,2,Part 121,IFR,Passenger,,Taxi,,,,,,,,,,,,,,,,,,,,,,,,,,,,,,,,,,,,,,,,,,,,,,,,,,,,,,,,,,,,,,,,,Aircraft X,Flight Deck,Air Carrier,Pilot Flying; Captain,Flight Crew Air Transport Pilot (ATP),,,Situational Awareness,,,1583591,Aircraft X,Flight Deck,Air Carrier,Pilot Not Flying; First Officer,Flight Crew Air Transport Pilot (ATP),,,,,,1583592,Deviation / Discrepancy - Procedural Clearance; Deviation / Discrepancy - Procedural FAR; Ground Incursion Runway,,,Person Air Traffic Control; Person Flight Crew,Taxi,Air Traffic Control Issued Advisory / Alert,Procedure; Human Factors; Airport,Human Factors,"After push back we were cleared to taxi to Runway 15 and cleared to cross Runway 8. I began the taxi and noticed an A320 parked at gate and noticed the tail was further out than the regional jets that usually park there. In the interest of proper clearance with the Airbus; I steered the aircraft slightly left which caused the left wing to go past the Runway 15 hold line. There were no aircraft on Runway 15 at that time. I then taxied normally to Runway 15. Ground Control asked me to call the Tower; and they told me that I had a runway incursion. Continued normal flight. An Airbus parked at [gate] gives very little room to taxi by which makes you naturally focus on having proper clearance and not focus on the Runway 15 hold line.",,"Taxiing to RWY15 at BUR the Captain started taxiing left toward the taxiway edge line to ensure clearance from an A320 parked at [an adjacent] gate. I double checked our clearance and then told him we were clear and that he needed to come further right to the taxiway centerline. He agreed and made the correction. Just prior to crossing RWY08 ground stated 'possible pilot deviation' and gave us a phone number to call. Upon reaching the hold short we pulled into the holding area and the Captain called the phone number. The flight then continued without incident.",,"EMB-175 flight crew reported ATC advised them of a runway incursion taxiing for takeoff at BUR when they swung wide to increase clearance to a parked A320.",
1591438,201811,0601-1200,ZZZ.Airport,US,,,0,,,VMC,,,,,,CTAF ZZZ,Air Carrier,Cessna 402/402C/B379 Businessliner/Utiliner,,2,Part 135,IFR,Passenger,,Taxi,,Class E ZZZ,,,,,,,,,,,,,,,,,,,,,,,,,,,,CTAF ZZZ,,Cessna Twin Piston Undifferentiated or Other Model,,,,,,,Final Approach,,Class E ZZZ,,,,,,,,,,,,,,,,,,,,,,,,Aircraft X,Flight Deck,Air Carrier,Pilot Flying; Captain,Flight Crew Instrument; Flight Crew Multiengine; Flight Crew Air Transport Pilot (ATP),,,Situational Awareness; Time Pressure; Communication Breakdown,Party1 Flight Crew; Party2 Flight Crew,,1591438,,,,,,,,,,,,Conflict Ground Conflict; Less Severe; Deviation / Discrepancy - Procedural Published Material / Policy; Ground Incursion Runway,,,Person Flight Crew,Taxi,Flight Crew Took Evasive Action,Human Factors,Human Factors,"While back taxiing on runway XX at ZZZ Airport; another twin Cessna; Aircraft Y; announced a 1 mile final on runway XX and then stated that 'they had the aircraft lights in sight on the runway.' Before entering the runway; the First Officer had made several radio calls on CTAF announcing our position and intentions. At no point over the course of the time since we turned the avionics on to the back taxi on runway XX did we hear another aircraft make a radio call. When we entered runway XX to back taxi; both the FO (First Officer) and I checked left and right and did not see an aircraft on final for runway XX. As soon as we became aware of the aircraft on final for Runway XX; I quickly turned the airplane around and exited onto runway XY. Had I not had all aircraft lights on while taxiing; I believe there would have been a high likelihood of a runway incursion leading to an accident.Both the First Officer and I followed company SOP and adhered to all applicable regulations to avoid a runway incursion. I believe the cause and fault lies with the pilot of the other aircraft; Aircraft Y; who failed to monitor ZZZ CTAF and make appropriate radio calls. Additionally; he did not have the appropriate lights illuminated on his aircraft that would have alerted us to his position on final before we entered runway XX.",,,,"C402 Captain reported hearing an aircraft on final approach during back-taxi at non-towered airport.",
1604127,201812,0001-0600,MSP.Airport,MN,,,0,,,,,,,,,Tower MSP,Air Carrier,Commercial Fixed Wing,,2,Part 121,IFR,Passenger,,Taxi,None,,,,,,,,,,,,,,,,,,,,,,,,,,,,,Tower MSP,Air Carrier,Bombardier/Canadair Undifferentiated or Other Model,,,Part 121,IFR,Passenger,,Final Approach,Other Instrument Approach,Class B MSP,,,,,,,,,,,,,,,,,,,,,,,,Facility MSP.Tower,,Government,Local,Air Traffic Control Fully Certified,Air Traffic Control Time Certified In Pos 1 (yrs) 0.5,,Situational Awareness,,,1604127,,,,,,,,,,,,ATC Issue All Types; Conflict Ground Conflict; Critical; Deviation / Discrepancy - Procedural Clearance; Ground Incursion Runway,,,Person Air Traffic Control,Taxi,Air Traffic Control Separated Traffic,Human Factors,Human Factors,"I was working the Local Control South position. I observed Aircraft X on Runway 22 approaching Runway 12R/30L. Due to the aircraft's taxi speed I concluded the Aircraft X would be unable to stop without causing a runway incursion. At the same time Aircraft Y was approximately on a half mile final to Runway 12R. I told Aircraft Y to go around. I then observed Aircraft X cross Runway 12R on Runway 22 and turn onto taxiway Whiskey. Wigwag lights and retractable barriers installed at the intersection of 12R/30L and Runway 4/22.",,,,"MSP Tower Controller observed a fast taxing aircraft and sent the aircraft on final around.",
1612432,201901,0601-1200,ZZZ.Airport,US,,,0,,,VMC,,,,,,Ground ZZZ,Air Carrier,Regional Jet 900 (CRJ900),,2,Part 121,IFR,Passenger,FMS Or FMC,Taxi,,,,,,,,,,,,,,,,,,,,,,,,,,,,,,Ground ZZZ,Air Carrier,Regional Jet 900 (CRJ900),,2,Part 121,IFR,Passenger,FMS Or FMC,Taxi,,,,,,,,,,,,,,,,,,,,,,,,,,Aircraft X,Flight Deck,Air Carrier,Pilot Flying; Captain,Flight Crew Multiengine; Flight Crew Instrument; Flight Crew Air Transport Pilot (ATP),,,,,,1612432,Aircraft X,Flight Deck,Air Carrier,First Officer; Pilot Not Flying,Flight Crew Instrument; Flight Crew Multiengine; Flight Crew Air Transport Pilot (ATP),,,,,,1612435,ATC Issue All Types; Conflict Ground Conflict; Less Severe; Deviation / Discrepancy - Procedural Clearance; Ground Incursion Runway,,,Person Flight Crew,Taxi,Flight Crew Requested ATC Assistance / Clarification; Flight Crew Returned To Clearance,Human Factors; Procedure,Procedure,"After landing on Runway XXR in ZZZ; we [exited] and were cleared to cross [another runway] and hold short of Runway XXL; behind a company aircraft. We were then both cleared to cross Runway XXL. The aircraft in front of us being cleared to cross and hold short of K. They stopped immediately after crossing the runway instead of holding short of K; leaving us no space to clear the hold short line. My First Officer contacted ground as quickly as possible to let them know of the issue. Then we both looked to the left and saw an aircraft taking off from Runway XXL while we were still on the runway.I do not think there was much more that me or my First Officer could have done in this case. We communicated to the best of our ability with ATC and the aircraft in front of us on frequency in order to move off of the runway and past the hold short line as quickly as possible. Luckily; we were on the far departure end of the runway and the runway incursion went without incident.",,"After landing Runway XXR; was given taxi with a clearance to hold short of Runway XXL. We were behind [Company traffic] and they were having language difficulties with tower. Eventually; both of us were cleared to cross Runway XXL. [Company traffic] was told to hold short of K but failed to pull far enough up to allow us to clear the runway. We were clear of runway but not clear of hold short line; I immediately notified ground we were not clear but ground had language issues with [Company traffic] to get the aircraft to move forward. I looked and saw that an aircraft was cleared for takeoff on Runway XXL and was airborne before we cleared the runway. I informed the captain and ground of the runway incursion. Have tower ensure to give clearances that allow both aircraft to clear runway when 2 or more aircraft are clear on the same taxiway. This is true for both inside runways at ZZZ.",,"CRJ-900 flight crew reported being unable to taxi clear off a runway due to preceding aircraft stopping; which resulted in runway incursion.",
1619989,201902,1201-1800,FCM.Airport,MN,,,0,,,VMC,clear; 10,,,12000,,Ground FCM,Corporate,Small Transport,,2,Part 91,IFR,Passenger,,Taxi,None,,,,,,,,,,,,,,,,,,,,,,,,,,,,,Tower FCM,Personal,Skyhawk 172/Cutlass 172,,1,Part 91,,Other Pattern Work,,Takeoff / Launch,,Class C FCM,,,,,,,,,,,,,,,,,,,,,,,,Aircraft X,Flight Deck,Corporate,Pilot Flying,Flight Crew Multiengine,Flight Crew Last 90 Days 150; Flight Crew Total 16500; Flight Crew Type 6500,,Situational Awareness; Confusion,,,1619989,Facility FCM.twr,,,Ground,Air Traffic Control Fully Certified,Air Traffic Control Radar 10.5,,Communication Breakdown,Party1 ATC; Party2 Flight Crew,,1620025,Deviation / Discrepancy - Procedural Clearance; Deviation / Discrepancy - Procedural Published Material / Policy; Ground Incursion Runway,,,Person Air Traffic Control,Taxi,Air Traffic Control Issued Advisory / Alert; Air Traffic Control Provided Assistance; Flight Crew Became Reoriented,Human Factors; Airport; Weather,Human Factors,"While taxing out from FBO; I was told to taxi Runway 28L. Because the taxiway [had] piled up snow and the fact that the taxiway extended from the ramp; I missed the taxiway and turned on Runway 28R. The Ground Controller called and told the Pilot Not Flying that we were on the runway; we exited the runway and taxied to Runway 28L and completed the flight.",,"Aircraft X (BE20) called for taxi from FBO. Aircraft that are assigned Runway 28L for departure on the north side of the airport are instructed to hold short of Taxiway Charlie ON ALPHA; and at that point call Tower; and Tower is responsible to cross them over Runway 28R at Charlie; and depart them off of Runway 28L. The pilot of Aircraft X read back the instructions correctly but seemed a little unsure of himself. A short while; after he called back and asked; 'Was that a left or right turn off the ramp?' I reiterated the same taxi instructions; emphasizing the left turn off the ramp. After that; I took the flight progress strip and the magnetic chip and moved it over to the Local Control podium for the Controller. After I turned back around to observe the aircraft's movement; using binoculars to better see; I observed that Aircraft X had gone straight off the ramp onto taxiway Alpha 3; and made a left turn onto Runway 28R instead of Taxiway alpha. Aircraft Y (a Cessna in the pattern) had already departed Runway 28R pavement; and was climbing out; well above Aircraft X. When Local Control asked [if] Aircraft Y observed a King Air on the runway; they replied that they did not.Our Tower is located so far back from this location on the airfield it is almost impossible to tell with the naked eye whether aircraft are on Runway 28R or Taxiway Alpha. Being that it is also winter; it makes it 10 times more difficult. Tower controllers cannot even see Taxiway Alpha's pavement because of snow drifts blocking the view.As with every runway incursion; wrong runway landing; or safety event that occurs at FCM; I would recommend a NEW HIGHER AND CLOSER TOWER TO THE OPERATION. I know that's a far stretch; but would REALLY solve a lot of our problems at this airport. This facility's location on the airport only impedes the Agency's safety culture and goals. The physical location of the building makes it difficult for us to do our jobs. On busy days when Runway 28L/28R or [Runway]10L/10R parallel operations are in progress; we have a hard time deciphering what runway aircraft are lined up for; all the while trying to keep VFR pilots from running into each other.This problem could have been more quickly and easily noticed if we had a higher building and were closer to the operation.",,"Part 91 flight crew and ATC reported a runway incursion at FCM airport.",
1650001,201905,0001-0600,ZZZ.Airport,US,,,0,,,VMC,,,,,,Ground ZZZ,Air Carrier,B757-200,,2,Part 121,IFR,Cargo / Freight / Delivery,,Taxi,,Class B ZZZ,,,,,,,,,,,,,,,,,,,,,,,,,,,,Tower ZZZ,Air Carrier,Commercial Fixed Wing,,2,Part 121,IFR,Cargo / Freight / Delivery,,Taxi,,Class B ZZZ,,,,,,,,,,,,,,,,,,,,,,,,Aircraft X,Flight Deck,Air Carrier,First Officer,Flight Crew Air Transport Pilot (ATP); Flight Crew Instrument; Flight Crew Multiengine,,,Situational Awareness; Confusion; Communication Breakdown,Party1 Flight Crew; Party2 ATC,,1650001,Aircraft Z,Flight Deck,Air Carrier,Pilot Flying; First Officer,Flight Crew Multiengine; Flight Crew Instrument; Flight Crew Air Transport Pilot (ATP),,,Communication Breakdown; Situational Awareness,Party1 ATC; Party2 Flight Crew,,1650006,ATC Issue All Types; Conflict Ground Conflict; Less Severe; Deviation / Discrepancy - Procedural Published Material / Policy; Ground Incursion Runway; Ground Incursion Taxiway,,,Person Flight Crew,Taxi,,Human Factors,Human Factors,"After landing on RWY XYL and clearing to [taxiway 2]; we were instructed to taxi on [taxiway 2] and hold short of [taxiway 3]. There was a lot of other traffic on the radio and in the vicinity of [these] taxiways. When approaching [taxiway 4]; the Captain and I both heard the following instruction; 'Aircraft X cross runway XX and go straight in to spot X on [taxiway 2] without delay; traffic is on 2 mile final.' I repeated back those instructions. There was no other radio call to or from our aircraft. We continued taxiing without stopping; but did not immediately push power up to accelerate due to an aircraft clearing [taxi 2] onto [taxiway 4]. Once that aircraft was clear we accelerated. There was also an aircraft we were following across runway XX into spot X; but that aircraft was well ahead and already crossing as best as we could tell. As we approached [taxiway 3]; the Captain and I both noticed an aircraft taxiing from our left on [taxiway3] who appeared to not be slowing or turning off their taxi light which would have indicated they were stopping for us. I pointed this out by saying 'they don't look like they are stopping.' As soon as I said this; they did stop and turn off their taxi light. We continued to expeditiously cross runway XX while watching the aircraft on final and the aircraft ahead into spot X. The Captain and I both voiced concern that it was going to be close with regard to the aircraft on final however; we were committed to the crossing and proceeded. We noticed the aircraft perform a go around as we were clearing. The Captain expressed disappointment that we caused that aircraft to perform a go around. As we were pulling into spot X we were told to contact tower. There was a lot of confusion regarding ramp tower; ZZZ tower; and ground. We proceeded to our parking spot and were given a phone number to call tower when able. The Captain called the tower and passed his information which was requested after we arrived.As best as we could tell we were given clear instructions which I clearly read back to the ground controller. The Captain; myself; and our jump seater who was in the cockpit all heard that Aircraft X was instructed to cross XX without delay. However; looking back; there were indicators that we should have stopped and clarified the instructions or their intent. First; the ground controller said 'without delay' while we needed to wait for an aircraft to clear our path at taxiway Bravo; the Sierra/Bravo intersection is far from rwy XX and this didn't really make sense. Second; the aircraft from our left on Alpha was slightly distracting since they appeared they may not be stopping for us. This indicates that they may have expected us to still be holding short of Alpha on Sierra. Lastly; when we were approaching XX and gaining speed to comply with the 'without delay' instruction we could have; even though it would have been a very aggressive braking application; stopped the aircraft when we noticed how close the aircraft on final was to landing. Additionally; it was not evident until after the fact that there was an Aircraft Y [nearly identical call sign] ahead of us also crossing XX into spot X.The crew could have recognized the indicators that were apparent looking back at the event that the instructions may not have been for us. If in doubt it is better to stop/hold position and clarify. We could have not let the controller's 'without delay' instruction; while we were still fairly far from the runway; lead us to be too hasty and not react to other indicators that were telling us to stop. We were not aware of the closeness of the aircraft on final until we were already committed to the crossing.",,"I was pilot flying with the autopilot disconnected. We were cleared a visual approach and cleared to land Rwy XX. At approximately 150 ft AGL; I saw an aircraft taxiing north towards Runway XX with lights on. It was moving fast enough that it clearly was not going to hold short of the runway. As that aircraft crossed the hold short line I initiated a go around. A second later the tower called and directed us to 'discontinue approach.' We completed the go around and were vectored for another visual approach.After the Captain spoke with the tower supervisor after landing we learned that an aircraft followed runway crossing instructions issued to the aircraft in front of them with a similar call sign.If the taxiing aircraft had cleared final visually; they would have seen us on short final because we were very close with all the landing lights on in visual conditions. Tower/ground should have clarified runway crossing or hold short instructions for aircraft with similar call signs. I would also mention that tower directed us to 'discontinue approach along with heading and altitude' as we were crossing threshold. I believe a loud and directive 'Go Around aircraft on runway' would have been more appropriate. But I understand it was a very alarming situation and tower was as shocked as we were to see the runway incursion.",,"B757-200 flight crew reported misinterpreted taxi instructions for another aircraft with a similar call sign; causing a runway incursion.",
1669135,201907,,IAH.Airport,TX,,,0,,,,,,,,,Tower IAH,Air Carrier,B737 Undifferentiated or Other Model,,2,Part 121,IFR,Passenger,,Taxi,,,,,,,,,,,,,,,,,,,,,,,,,,,,,,Tower IAH,Air Carrier,A321,,2,Part 121,IFR,Passenger,,Landing,,,,,,,,,,,,,,,,,,,,,,,,,,Aircraft X,Flight Deck,Air Carrier,Captain; Pilot Flying,Flight Crew Multiengine; Flight Crew Instrument; Flight Crew Air Transport Pilot (ATP),Flight Crew Last 90 Days 188; Flight Crew Total 1948; Flight Crew Type 311,,Situational Awareness; Communication Breakdown; Confusion,Party1 Flight Crew; Party2 ATC,,1669135,,,,,,,,,,,,ATC Issue All Types; Conflict Ground Conflict; Less Severe; Deviation / Discrepancy - Procedural Published Material / Policy,,,Person Flight Crew,Taxi,Air Traffic Control Issued New Clearance; Flight Crew Requested ATC Assistance / Clarification,Airport; Human Factors; Procedure,Human Factors,"We landed on the left runway and taxied to hold short of the right runway and change to Tower frequency. We waited a few minutes behind another aircraft holding short for a couple of arrivals. The Tower cleared us both to cross and cleared us to taxi and contact ramp. As we were about to cross runway we looked to our right and saw an aircraft on final no higher than 100 feet so I stopped just short of hold line; having not entered runway and advised Tower we stopped. I did not recall seeing LAHSO on ATIS and having only been to this airport about half dozen times I did not recall LAHSO. While stopped with the parking brake set I rechecked 10-7 and 9 and saw they indeed have LAHSO. Right after that we watched an A321 land and exit and the Tower got mad at him and told him he needed to advise Tower if they need full length. However again LAHSO was not in ATIS that I recall and the crew sure seemed surprised by their response. I am confident LAHSO was not in effect. I advised Tower that we could cross when clear of traffic on final or if advised landing aircraft was LAHSO. Shortly thereafter there was a large break in landing traffic and we were cleared across the right runway and contact ramp. While taxiing we saw an opposite direction B747 and we stopped. Tower said turn right on A. Well there is no A; so we questioned. The Controller was annoyed and cleared us to taxi right and contact ramp. I get they are busy; but this sequence of events had two chances of bending metal or near miss and runway incursion.",,,,"An Air Carrier pilot reported they held short of a runway that they were instructed to cross when they observed an aircraft on short final because they did not know that aircraft was going to land and hold short and then they were given taxi instructions which placed them on a conflicting route with an aircraft taxiing in the opposite direction.",
1669439,201907,0601-1200,JAC.Airport,WY,,,0,,,,Rain; 8,,,5000,,Ground JAC,Corporate,Small Transport; Low Wing; 2 Turboprop Eng,,1,Part 91,IFR,Passenger,,Taxi,,Class D JAC,,,,,,,,,,,,,,,,,,,,,,,,,,,,,,,,,,,,,,,,,,,,,,,,,,,,,,,,,,,,,,,Aircraft X,Flight Deck,Corporate,Single Pilot; Pilot Flying; Captain,Flight Crew Instrument; Flight Crew Multiengine; Flight Crew Air Transport Pilot (ATP); Flight Crew Flight Instructor,Flight Crew Last 90 Days 70; Flight Crew Total 10600; Flight Crew Type 4450,,Confusion,,,1669439,,,,,,,,,,,,Deviation / Discrepancy - Procedural Clearance; Ground Incursion Runway,,,Person Flight Crew,Taxi,,Weather; Airport,Airport,"Conducted checklist and taxi to runway. Cleared to taxi to Runway 1. Proceeded from ramp on Taxiway D Southbound on Taxiway A and utilized the southernmost lead in taxiway line; which would give me little longer runway. Approaching runway; heavy rainwater runoff was obscuring runway hold short line; looked to the side for runway signage to verify position of runway hold short line. Immediately advised tower that we our nose had crossed line and tower advised 'Hold Position.' Held position; traffic was not a conflict. After contacting Tower; noticed that the runway hold short marking were in an area where water would naturally run; lowest point of the taxiway. This made the hold short markings hard to see when approaching from the Taxiway A and runway hold short is unusually close to the taxiway in the turn. Secondly; the taxiway lead in line is at an angle to the runway hold short and line. Furthermore; and predominant issue; there was also a second band of water approximately 30 feet of my position forming an illusion of line which I had perceived as location runway hold short line; which I mistook for hold short markings. What with the rain; lower light due to cloud cover; surface water pooling on hold short lines. I had made the error of crossing hold short line. Once over the line; the water front seat passenger (also a pilot) took picture of the water runoff and pooling; making it obvious that the water was obscuring the markings. He also verified that the markings were hard to distinguish. I have used this airport multiple times and aware of proximity of runway. I am not a stranger to this airport; but don't believe I had ever been in a position to make this error with the environmental conditions at play. Close proximity of Taxiway A; with little lower light; water covering hold short markings contributed to this matter. I feel I should contact someone with regard to water drainage in this area. If the hold short markings were three feet forward or aft of present position they would not have been as hard to see. If I had used first taxi lead in markings angle to runway less of a curve and more of a camber to taxiway and better drainage. I am aware runway incursion is a major issue. I have cautioned another pilot at this very same airport of close proximity of runway marking to taxiway and interjected with over-riding on braking. In future would not turn and remain south facing position; so as not to encroach runway; until cleared for take-off. Personally; the hold short at this airport appears unusually distant from runway centerline; not what one would expect or anticipate; but a line is a line.",,,,"Small transport pilot reported with low light and rain runoff; taxiway A1 hold short lines are obscured.",
1684144,201909,0001-0600,ORD.Airport,IL,,,0,,,,,,Daylight,,,Ground ORD,Air Carrier,Medium Large Transport; Low Wing; 2 Turbojet Eng,,2,Part 121,IFR,Passenger,,Taxi,,Class B ORD,,,,,,,,,,,,,,,,,,,,,,,,,,,,,,,,,,,,,,,,,,,,,,,,,,,,,,,,,,,,,,,Aircraft X,Flight Deck,Air Carrier,Captain; Pilot Flying,Flight Crew Instrument; Flight Crew Air Transport Pilot (ATP); Flight Crew Multiengine,,,Confusion; Communication Breakdown,Party1 Flight Crew; Party2 ATC,,1684144,Aircraft X,Flight Deck,Air Carrier,First Officer; Pilot Not Flying,Flight Crew Air Transport Pilot (ATP); Flight Crew Multiengine; Flight Crew Instrument,,,Training / Qualification; Confusion; Communication Breakdown,Party1 Flight Crew; Party2 ATC,,1684812,ATC Issue All Types; Deviation / Discrepancy - Procedural Clearance; Ground Incursion Taxiway; Ground Incursion Runway,,,Person Flight Crew,Taxi,Air Traffic Control Issued New Clearance; Flight Crew Requested ATC Assistance / Clarification; Flight Crew Became Reoriented,Airport; Procedure; Chart Or Publication; Human Factors,Airport,"We were departing ORD. We got off the gate on time and had a long taxi towards the North Port. At the North Port we waited for taxi instructions from ground control. He cleared us via a right turn onto taxiway Gulf. Both my First Officer and I wrote these instructions on our scratch paper. When I looked across the ramp towards taxiway Gulf it appeared that I had to go through the intersection straight ahead to enter Gulf. I proceeded forward into the intersection thinking I was about to enter taxiway Gulf. To my horror I realized that I had just crossed onto Runway 9R which was an active runway. I tried to make a 180 degree turn back to the right but my forward progress had already taken me onto the runway. So I stopped and waited for ground control to move us out of the way. Ground Control then taxied us down the runway to exit onto taxiway Mike and then over to the A Pad. Not exactly sure where the A Pad was at this point we made another wrong turn on taxiway Gulf. Ground Control then directed us to the Penalty Box where we regrouped. None of this would have happened if I had realized that taxiway Gulf ran parallel to and on the North end of the ramp. From my perspective the airport signage was confusing and contributed somewhat to the event. My taxi chart was open and available on my Electronic Flight Bag; however with the chart at full magnification it can still be difficult to understand. If our EFB would have had the GPS taxi information available to me I doubt seriously this event would have ever happened. Threats include a high workload environment; rapid and consuming clearances from controllers; poor signage; poor taxi charts; and division of duties within the cockpit. As for me better situational awareness of runways. The company could improve our Electronic Flight Bag capabilities. ATC could issue our clearances slower and more user friendly.",,"We operated Aircraft X from ORD. We planned and programmed FMS for runway 9R for ORD 5 departure and briefed it. We pushed back from gate and ramp control instructed us to taxi to North port and contact ground control at north port. At north port after 10 minutes of wait ground control advised us of runway 10L/DD for takeoff and gave taxi instructions to taxi right on G; G2; A and short of A 20 for runway 10L. We both CA (PF) (Captain; Pilot Flying) and FO (PM) (First Officer; Pilot Monitoring) copied taxiway instructions on our note pads. I then proceeded to make runway change programming into the FMS and CA started to taxi the aircraft. It took me hardly 30 seconds to re program the FMS and I noticed that instead of the taxiway we were on a runway. I was confused and shocked as to what was happening; and I again looked outside around to see if I am having an illusion and to my surprise when I saw runway markings and distance markers on the edges I quickly got assured that we are in fact on a runway and not the taxiway. I immediately alerted the Captain that he is on runway and not taxiway. When he realized his error he stopped the aircraft on halfway between taxiway A1 Intersection to runway 9R. I asked the CA to make a 180 turn and quickly exit the runway. CA started the turn and due to not having enough room to turn we ended up stopped facing the grass median. I immediately advised the ground controller about our inadvertent error of runway incursion. The ground controller asked us what are we doing and told us that we have entered into an active runway 9R; and gave us instruction to quickly exit the runway by taxiing on to runway 9R and exit next taxiway M to the right and then turn left on G and proceed to B Pad. In the heat of matter and rush; we both being flustered and confused; we exited the runway on M and instead of making left on G we made a right on G thus facing away from B pad. To this the ground controller came back on the radio and told us to proceed on G towards taxiway B to the penalty box and await further instructions. After 15 minutes in the penalty box; ground controller advised to copy down a number and call his supervisor after landing. And further that he will be giving us progressive taxi instructions. We were then given taxi instructions to runway 10L/DD. We very carefully briefed our taxi route and departure again and verified in the FMS all the way points and very carefully taxied to the runway and departed safely. Upon our safe arrival and terminating the flight the CA called the given number and talked to the supervising authority and apologized and admitted to the inadvertent error of runway incursion made by us. I FO very seldom fly to ORD and therefore my unfamiliarity of the airport and taxiways became a factor in situational awareness and the threat of runway change and programming the FMS for even 30 seconds resulted in an error; threat and an undesired aircraft state of a runway incursion. On the other hand even the CA being an experienced veteran and regular at flying to ORD; inadvertently misjudged and by mistake mistook an active runway for a taxiway under the pressure of avoiding moving ground traffic around and time constraints and all these threats honestly resulted in an inadvertent runway incursion. Always deal with changes on ground while still parked with parking brake on and re verify the changes in the FMS and re-brief the change in taxi routes by actually verifying the taxi routes and verbalize every coming turn or taxiway by both crew members to keep a shared mental model; plan and thought process. Company can help us by activating the moving maps on our EFB's to further enhance our situational awareness on the ground and in the flight. Thanks.",,"Air Carrier flight crew reported runway incursion due to confusion with signage; EFB; and ATC delivery.",
1690773,201910,1201-1800,EWR.Airport,NJ,,,0,,,,,,,,,Ground EWR; Ramp EWR,Air Carrier,EMB ERJ 145 ER/LR,,2,Part 121,IFR,Passenger,GPS; FMS Or FMC,Taxi,Direct,,,,,,,,,,,,,,,,,,,,,,,,,,,,,,,,,,,,,,,,,,,,,,,,,,,,,,,,,,,,,,,,Aircraft X,Flight Deck,Air Carrier,Pilot Flying; Captain,Flight Crew Air Transport Pilot (ATP); Flight Crew Multiengine; Flight Crew Instrument,,,Confusion; Situational Awareness; Time Pressure; Communication Breakdown,Party1 Flight Crew; Party2 Ground Personnel; Party2 ATC,,1690773,,,,,,,,,,,,ATC Issue All Types; Conflict Ground Conflict; Less Severe; Deviation / Discrepancy - Procedural Published Material / Policy; Ground Incursion Taxiway,,Y,Person Flight Crew,Taxi,Air Traffic Control Provided Assistance; Air Traffic Control Issued New Clearance; Flight Crew Requested ATC Assistance / Clarification,Human Factors; Procedure,Procedure,"During taxi-in there was some degree of confusion as to what gate we were assigned to. It began with Tower; as they contradicted their own taxi instructions on Taxiway Papa after turning off Runway 4R. After being cleared to cross Runway 4L and contacting Ground; Ground contradicted us as to which gate they showed us parking at. We assured them we had a gate assignment from operations. We took taxi instruction from Ground and contacted Operations. The First Officer spoke to Operations while I taxied the aircraft. The follow minutes were so confusing I cannot pass on a completely accurate description after the fact. The basic gist of it is that we were repeatedly issued contradictory taxi instructions because Operations and Ground could not agree on what gate we were being sent to (We would tell Ground what Operations had said; and they would contradict us). We were essentially taxiing in circles for approximately ten to fifteen minutes up and down the stretch of Taxiways A and B on the east side of the airport just west of Runway 4L. At one point; I did miss a turn to rejoin A and continued on B momentarily; but Ground noticed my mistake and issued an amended taxi clearance without further interest or inquiry. Finally; at one point; Ground told us to stop and contact Ramp to correct the situation and we would be given instructions to taxi afterwards. At this point I keyed up on Comm 2 to speak to Operations and told them we were Aircraft X. They proceeded to ARGUE WITH ME about which flight number and tail number airplane I was operating. I became somewhat annoyed; keyed up; and repeated that we were definitely in Aircraft X; were the continuation of the flight that had diverted to ZZZ the day prior; and they need to figure out where to park Aircraft X immediately; regardless of whoever they thought we were.We then contacted Ground and began taxiing to terminal A; as we believed that was the correct destination. Upon reaching the ramp area once again; Operations began attempting to confuse the issue yet again; so we informed Ground that we needed a minute. We were then instructed to taxi across the ramp from RB to RC and hold short of Taxiway A; and did so. Upon reaching; we finally got in touch with Operations; and they admitted that they had confused us with the flight number that had been assigned to [Aircraft] when it flew from ZZZ1 to ZZZ to initiate the recovery operation. Because at some point local EWR Operations had become confused about which flight and tail we were; contradictory information had been sent to ATC; the [Company] application; and local Operations at EWR; resulting in a series of extremely confusing and contradictory taxi instructions. Once this was all clarified; Operations instructed us to taxi to [gate]. Prior to requesting our new taxi instructions; I keyed the mike and spoke to Ground; and apologized for our Operations department and the resulting confusion they had caused. I then received taxi instructions from Ground to [gate]; taxied to that parking location; and parked and shutdown the aircraft. The flight concluded without further incident.Later the following day; this came up in casual conversation in the EWR crew room with several other pilots and Chief Pilot. Apparently; such gate assignment and resulting taxi confusion is not only not an isolated event but is considered somewhat common among EWR based pilots. I strongly recommend that an audit of whatever operational process governs this is conducted and this situation remedied. In the event of a low visibility; high workload; or other potentially distracting situation; such additional complication could prove potentially disastrous. While all taxiways encountered in my event were west of the active runways; the potential to turn left at the wrong place and have a runway incursion exists; as well as potentially a loss of separation with other aircraft crossing or exiting Runway 4L/22R. Additional training of Ops personnel may be required. I would also note that this sort of event is confusing; tiring; demoralizing; and embarrassing for flight crews as well as potentially for the company as a whole.",,,,"ERJ Captain reported that ATC confused them with a different aircraft and caused them to taxi around in circles.",
1708946,201912,0601-1200,ATL.Airport,GA,,,0,,,VMC,,,Daylight,,,Tower ATL,Air Carrier,Commercial Fixed Wing,,2,Part 121,IFR,Passenger,,Takeoff / Launch,,,,,,,,,,,,,,,,,,,,,,,,,,,,,,Tower ATL,Air Carrier,Commercial Fixed Wing,,2,Part 121,IFR,Passenger,,Taxi,,,,,,,,,,,,,,,,,,,,,,,,,,Aircraft X,Flight Deck,Air Carrier,Pilot Not Flying; First Officer,Flight Crew Air Transport Pilot (ATP),,,Communication Breakdown,Party1 Flight Crew; Party2 ATC,,1708946,Aircraft X,Flight Deck,Air Carrier,Pilot Flying; Captain,Flight Crew Air Transport Pilot (ATP),,,Communication Breakdown,Party1 Flight Crew; Party2 ATC,,1708953,Conflict Ground Conflict; Critical; Ground Incursion Runway,,,Person Flight Crew,In-flight,Flight Crew Rejected Takeoff,Human Factors; Procedure,Human Factors,"We were instructed to line up and wait with traffic to cross down field on Runway 27R. Tower instructed a host of aircraft to cross the runway. After all of the aircraft had crossed; Tower then cleared us for takeoff. I was PM; the Captain was PF. Around 80 knots I saw a Air Carrier Y edging out onto the runway and [I] verbalized this to the Captain. Tower then said something like 'Air Carrier Y; what are you doing? Stop right there.' This; coupled with the fact that the Air Carrier Y continued moving out onto the runway was enough reason for the Captain to call a rejected takeoff (now at around 100 knots). Tower did not instruct us to abort. We safely came to a stop and exited the runway and completed the QRH and appropriate checklists. It seemed as though Tower assumed Air Carrier Y had crossed when we had been cleared for takeoff; but they had actually not even begun to cross the runway. Additionally; it's tough to see Taxiway Papa (where Air Carrier Y) while you're at the approach end of 27R. Regardless; we shouldn't have been cleared to take off or Air Carrier Y's clearance to cross the runway should have been cancelled. I do not know what happened in the Tower; but we stopped as soon as we saw it was unsafe to continue.",,"We were cleared to lineup and wait on 27R in Atlanta while several aircraft were cleared to cross down field. When the runway was clear; we were given a takeoff clearance by tower. (We saw no aircraft on the runway when we received the takeoff clearance.) As we passed through 80 knots; my FO/PM brought to my attention that Air Carrier Y was crossing the runway. It took me a moment to process that we had a runway incursion. I initiated a rejected takeoff at about 100 knots. My FO informed tower of our abort; and we exited the runway on the highspeed Taxiway M12. I made a PA to inform the passengers that we discontinued the takeoff due to something on the runway; to stay seated with their seatbelts fastened; and that we would go back for takeoff shortly. We completed the RTO and after landing checklists and contacted dispatch. I checked with the FA; and all crew members were good to continue. We continued the flight with no further interruptions.We thought that Air Carrier Y mistakenly crossed 27R at P without a clearance after we were given the takeoff clearance. However; it appears that ATL Tower had cleared Air Carrier Y to cross 27R along with several other aircraft while we were holding in position. About 60 seconds after Air Carrier Y was given the clearance to cross; we were given the Takeoff clearance. Neither Tower; nor we realized that there was an aircraft that had not crossed the runway yet.If Air Carrier Y was not ready to cross the runway; they should have informed Tower or not have accepted the runway crossing Clearance. They crossed the runway about 90 seconds after receiving the Clearance; and we were on the takeoff roll with all exterior lights on. Tower needed increased vigilance; and we as a flight crew could have been proactive by noticing that an aircraft had not crossed the runway yet.",,"Air carrier flight reported a rejected takeoff at about 100 knots at ATL airport due to a ground conflict with another air carrier crossing their runway.",
1711754,201912,0601-1200,ZZZ.Airport,US,,,0,,,,,,Daylight,,,Ground ZZZ,Air Carrier,B737-400,,2,Part 121,IFR,Passenger,,Taxi,,,,,,,,,,,,,,,,,,,,,,,,,,,,,,,Corporate,Medium Transport,,,,,,,Taxi,,Class C ZZZ,,,,,,,,,,,,,,,,,,,,,,,,Aircraft X,Flight Deck,Air Carrier,Pilot Flying; Captain,Flight Crew Multiengine; Flight Crew Air Transport Pilot (ATP); Flight Crew Instrument,,,Communication Breakdown,Party1 Flight Crew; Party2 ATC,,1711754,Aircraft X,Flight Deck,Air Carrier,Pilot Not Flying; First Officer,Flight Crew Multiengine; Flight Crew Instrument; Flight Crew Air Transport Pilot (ATP),,,Communication Breakdown,Party1 Flight Crew; Party2 ATC,,1711908,ATC Issue All Types; Conflict Ground Conflict; Critical; Deviation / Discrepancy - Procedural Clearance; Deviation / Discrepancy - Procedural Published Material / Policy; Ground Incursion Runway,,,Person Air Traffic Control,Taxi,Air Traffic Control Issued New Clearance; Flight Crew FLC complied w / Automation / Advisory,Human Factors,Human Factors,"This is a runway incursion event. The FO (First Officer) performed the landing on Runway XXR at ZZZ. As we exited the runway during a busy time for the FO; instructions were given for us to turn right on D; right on 'A'; hold short of Runway XY. Upon exiting the runway; the FO contacted Ground Control without being instructed to do so from the Tower. Ground Control instructed us to 'Cross Runway XY; 'A' 'H' to the cargo ramp. Apparently this was not coordinated with the Tower. The airplane was fully lit up for the crossing and we cleared left and right; but we did not see the business jet passing about 50-100 feet right in front of us. I think the Tower Controller came on the frequency just when we were about to cross and instructed us to HOLD SHORT! We abruptly stopped with the nose just past the hold short line and a few feet from the runway edge markings. We were then instructed to cross the runway; Alpha; Hotel; to the cargo ramp. We were informed of a possible pilot deviation and given a phone number to call. During the phone call; (which I think was the Tower Controller) he informed me that he had instructed us to hold short three times. We informed him that we were on Ground Control and that we had been cleared to cross. He reviewed the tapes and apologized.A very tired crew from our third hub turn; receiving instructions from the Controller at a busy time. The changed frequency without being instructed. Poor coordination with the Tower and Ground Controller (my opinion). Also we were not told the reason for the hold short; i.e.; 'hold short of XY for departing traffic; or; stay with me' which seems to be a standard. We are also absolutely sure that the Ground Controller cleared us to cross. Probably having our lights on and quick action stopping the plane made for a much better outcome.I informed the FO not to ever change to Ground Control after exiting the runway until instructed by the Tower. Apparently there is a misunderstanding of this procedure among many pilots. The controllers should always give a reason for a hold short clearance to give us situational awareness.",,"[Report narrative contained no additional information.]",,"B737 flight crew reported that poor coordination between Ground and Tower controllers resulted in a runway incursion.",
1715058,201912,0601-1200,ZZZ.Tower,US,,,0,,,,,,Daylight,,,Tower ZZZ,Air Carrier,B737-800,,2,Part 121,IFR,Passenger,,Takeoff / Launch,,Class B ZZZ,,,,,,,,,,,,,,,,,,,,,,,,,,,,,,Commercial Fixed Wing,,,,,,,Taxi,,,,,,,,,,,,,,,,,,,,,,,,,,Aircraft X,Flight Deck,Air Carrier,First Officer; Pilot Flying,Flight Crew Instrument; Flight Crew Air Transport Pilot (ATP); Flight Crew Multiengine,,,Communication Breakdown,Party1 Flight Crew; Party2 ATC; Party2 Other,,1715058,Aircraft X,Flight Deck,Air Carrier,Captain; Pilot Not Flying,Flight Crew Multiengine; Flight Crew Air Transport Pilot (ATP); Flight Crew Instrument,,,Communication Breakdown,Party1 Flight Crew; Party2 ATC; Party2 Other,,1715073,Conflict Ground Conflict; Critical; Deviation / Discrepancy - Procedural Clearance; Deviation / Discrepancy - Procedural Published Material / Policy,,,Person Air Traffic Control,In-flight,Flight Crew Rejected Takeoff,Human Factors,Human Factors,"On takeoff roll at approximately 110 kts; Tower directed an abort due to a potential runway incursion by another aircraft. A rejected take off was accomplished normally. We returned to the gate for additional fuel and required inspections.",,"We were cleared for takeoff on Runway XXL in ZZZ. I was the PM (Pilot Monitoring)and the FO (First Officer) was the PF (Pilot Flying). We were accelerating to 110 kts when Tower instructed us to abort the takeoff due to an aircraft that had made a wrong turn onto Taxiway November and was about to cross our runway in front of us. We immediately initiated our aborted takeoff procedures and this combined with RTO braking allowed us to stop safely and short of Taxiway November.After clearing the runway; we taxied back to the gate. We coordinated with Operations; Dispatch; the [Assistant Chief] and Maintenance control to have the brakes inspected; determine cooling time required; refuel and plan for the continuation of the flight. We also checked with our FAs (Flight Attendants) and passengers to be sure everyone was OK to continue. We then pushed back and proceeded without further incident.",,"Air carrier flight crew reported a high-speed rejected takeoff as directed by the tower controller to avoid an aircraft that was about to taxi across the runway.",
1754416,202007,0601-1200,ZZZ.Airport,US,,,0,,,,,,,,,UNICOM ZZZ,Air Carrier,Commercial Fixed Wing,,2,Part 121,IFR,Passenger,,Taxi,,,,,,,,,,,,,,,,,,,,,,,,,,,,,,,,Small Aircraft,,,Part 91,,,,Takeoff / Launch,,Class G ZZZ,,,,,,,,,,,,,,,,,,,,,,,,Aircraft X,Flight Deck,Air Carrier,Captain; Pilot Flying,Flight Crew Air Transport Pilot (ATP); Flight Crew Instrument; Flight Crew Multiengine,,,Communication Breakdown; Confusion; Situational Awareness,Party1 Flight Crew; Party2 Flight Crew,,1754416,,,,,,,,,,,,Conflict Ground Conflict; Less Severe; Deviation / Discrepancy - Procedural Published Material / Policy,,,,Taxi,General None Reported / Taken,Environment - Non Weather Related; Human Factors; Staffing,Staffing,"While taking Runway X for departure in ZZZ; we saw a single engine tail wheel GA aircraft climbing on the upwind leg and turning out to the north around midfield after taking off the opposite direction on Runway YY. We were unaware of this departing traffic until seeing them airborne at what I would guess 200 feet AGL. I stopped the aircraft around the runway numbers when I saw the airborne aircraft and we had not initiated our takeoff roll. They were most likely off the ground by the time we taxied onto the runway; but we could not see all the way to the opposite end due to runway slope. The GA aircraft made a CTAF radio call telling us he had self announced his intersection departure off Runway YY. We told them we were unaware they were taking off the opposite direction.The airport was uncontrolled at this time of day due to reduced Control Tower hours of operation. We were monitoring CTAF frequency while holding short of the runway and simultaneously getting our IFR clearance from Center. I remember hearing a call on CTAF but couldn't clearly understand it. This was further hindered by listening to both radios at the same time. I don't recall hearing any previous CTAF calls such as this other aircraft self announcing their taxi. When the other aircraft called us after taking off; my First Officer mentioned he believed to have heard the aircraft announce departure off Runway XX. The aircraft stated he announced an intersection takeoff for Runway YY. Main contributing factors were an airport that has enough traffic volume to require a Control Tower not having their Tower open; nice VFR weather for GA flying; the GA pilot not being clear about their intentions over CTAF or speaking up when we announced our takeoff intentions for the opposite runway; calm winds allowing for takeoff from either direction; and not pausing as a crew before taking the runway to verify we understood the unclear CTAF call and would be clear of conflicting traffic.I would assume the Control Tower is running a reduced schedule due to less air traffic than normal given the current coronavirus climate. It would be better if they were open at this time in the morning when Part 121 flights are scheduled. Self announcing on CTAF is everyone's responsibility at an uncontrolled airport. The GA aircraft could've been clearer about their intentions and made more calls. As a crew; we did our part by announcing our intentions; and that should  caught the attention of the opposite direction traffic. The only remaining factor that could've prevented this potential runway incursion would be for us to use good CRM by each focusing our listening attention on individual comm radios during situations requiring monitoring of both; and ensuring to verify that any unclear radio calls are not coming from any potentially conflicting traffic.",,,,"Captain reported a GA aircraft departed in opposite direction while they were on the runway ready for takeoff. The Tower was closed at the time of the event.",
1754589,202008,1801-2400,ZZZ.Airport,US,,,,1300,,,,,,,,Tower ZZZ,Air Carrier,Commercial Fixed Wing,,2,Part 121,IFR,Passenger,,Landing; Final Approach,,Class B ZZZ,,,,,,,,,,,,,,,,,,,,,,,,Flap/Slat Control System,,X,Malfunctioning,Tower ZZZ,Air Carrier,Commercial Fixed Wing,,2,Part 121,IFR,Passenger,,Taxi,Visual Approach,,,,,,,,,,,,,,,,,,,,,,,,,Facility ZZZ.Tower,,Government,Local,Air Traffic Control Fully Certified,Air Traffic Control Time Certified In Pos 1 (yrs) 20.6,,Distraction,,,1754589,,,,,,,,,,,,ATC Issue All Types; Aircraft Equipment Problem Less Severe; Conflict Ground Conflict; Less Severe,,,Person Air Traffic Control,Taxi; In-flight,Air Traffic Control Provided Assistance; Flight Crew Executed Go Around / Missed Approach,Environment - Non Weather Related; Procedure; Human Factors; Aircraft,Aircraft,"Aircraft X was arriving to Runway XX Left with multiple arrivals to both XX Left and XX Right.  We were XX/XY Right Turns due to the wind strong out of the Southwest.  Air speeds on final were very consistent the whole session until Aircraft X was coming in.  The aircraft was at a 3 mile final showing 1;300 and 170 knots.  I said out loud to the FLM; who was about 6 feet to my right monitoring; that Aircraft X was usually high and fast.  I had no traffic conflicts if they were to go-around; so I watched them.  At about a 2 mile final they were 1;100 and 160 knots and appeared to have leveled off.  I waited for them to tell me they were going around; and when they did I assigned runway heading and 3;000.  They read back the altitude only.  I waited a few seconds to let them get a positive rate and stable climb; then confirmed to fly runway heading for vector final approach course.  They read it back.  I cleared Aircraft Y to cross Runway 28 Left at Tango; since Aircraft X was going around.  I handed Aircraft X's target off to TRACON and waited until Aircraft X neared 3;000.  To confirm the reason too high; too fast for the go around.  They said a flap issue.  I confirmed they would need no assistance; just to run a checklist.  They confirmed no assistance required and confirmed needing to run their checklist.  I told them to stand by while I told TRACON.  I coordinated with CI-1 the reason for the go-around.  As I was coordinating; Aircraft Y called to confirm cross Runway 28 Left at Tango.  I confirmed they were cleared to cross; as they had stopped over the hold short line.  I assume there must have been confusion on the flight deck; especially with all of the Aircraft X communication going on.  I then shipped Aircraft X to Departure. About 5 minutes later the aircraft showed up on the scope left downswing and the FLM confirmed with TRACON no assistance.  The aircraft landed a short time later.The only thing I would suggest is advising sooner about the flap issue; however with the lighter traffic during this pandemic; it really was no problem.  As far as Aircraft Y goes; strange times call for a greater degree of diligence; and they asked to confirm as they should of there is a question; just make sure to hold short first if they are going to pause to ask.  Had they not been cleared it would have been a Runway Incursion at that point.",,,,"Tower Controller reported a flight crew had to go-around after being high and fast due to a reported flap problem.",
1780384,202012,1201-1800,ZZZZ.Airport,FO,,,0,,,VMC,,,Daylight,,,,Corporate,Learjet 40,,2,Part 135,IFR,Passenger,,Takeoff / Launch,,,,,,,,,,,,,,,,,,,,,,,,,,,,,,,Corporate,Medium Transport,,2,,IFR,,,Taxi,,,,,,,,,,,,,,,,,,,,,,,,,,Aircraft X,Flight Deck,Air Carrier,Captain; Pilot Not Flying,Flight Crew Multiengine; Flight Crew Instrument; Flight Crew Air Transport Pilot (ATP),,,Situational Awareness; Time Pressure; Communication Breakdown,Party1 Flight Crew; Party2 Flight Crew,,1780384,,,,,,,,,,,,ATC Issue All Types; Conflict Ground Conflict; Critical; Deviation / Discrepancy - Procedural Published Material / Policy; Ground Incursion Runway,,,Person Flight Crew,Other Takeoff Roll,Flight Crew Overcame Equipment Problem; Flight Crew Returned To Clearance; Flight Crew Took Evasive Action,Human Factors,Human Factors,"While operating a part 135 trip from ZZZZ to ZZZ1 we experienced a runway incursion while departing on runway 14. The possible incursion happened at intersection Lima and runway 14 which is approximately 9000 ft. from the start of the runway. I am also confident that the other aircraft was a Medium Transport. At the time; the ground and tower controllers were operating on separate frequencies by two different people. Once holding short; we advised tower that we were ready for departure to which he responded for us to line up and wait as he had landing traffic a few miles out on runway 10. A few moments later; he cleared us for an immediate departure to which we thought he was trying to get us out before the traffic inbound for 10 landed. From our position on the runway; we could not see that landing traffic and could only go off what he told us earlier. As pilot monitoring; I completed the before takeoff checks and the pilot flying released the brakes and started to advance the throttles. As we rolled down the runway; I made the call of 'airspeed alive both sides;' and at that moment I could see in my peripherals that an aircraft far down the runway was approaching a hold short at intersection Lima. I called out to the PF (Pilot Flying) that there was an aircraft nearing the runway at a rather quick speed on the right side and keep an eye on him if possible. As we passed 80 kts and were quickly approaching V1 the aircraft began crossing the runway I called for an abort. It is hard to recall how long I waited for a response from the PF; but it had to have been about a half a second to a second and at that point I looked down again and we were passed V1. I called 'V1; rotate' and we took off and started the climbout. When we passed the aircraft that crossed; we were a hundred feet or so in the air and they were turning on to taxiway hotel. We climbed out as usual and once above 10;000 ft. the PF engaged the autopilot; and we began talking about the situation. My first question was if he heard me call the abort; to which he replied that he did. He then told me as he was processing everything; he made the decision that a high-speed abort would have been more dangerous as we were just about to rotate; and the incursion aircraft was still almost a mile down the runway from us. We had switched to Center at that point already and I took the second radio to call back Approach and let them know what happened. I informed the controller that we had a possible runway incursion; and that the Medium Transport was just finishing crossing the runway as we had taken off. They said the supervisor was following up with the situation; had no further questions and appreciated the report. When thinking back to the situation we were guessing that the tower controller wanted to get us out before the landing traffic on runway 10 while at the same time the ground controller wanted to get the Medium Transport across the runway before we took off. Due to runway crossing clearances being given on the ground frequency; we have no idea that was happening while we were given our takeoff clearance while on tower. Finally; we talked about the importance of when a decision is made; to verbalize it so that we remain an effective crew. When one pilot makes a decision without informing the other of that decision; especially at high speeds during takeoff; it is imperative that everyone is on the same page. We continued our way to ZZZ1 with no additional issues.The whole situation is complex and looking back it is hard to think of things we could have done differently. Due to operating procedures at the airport; we had no way of expecting that aircraft to cross in front of us down the runway as we executed out expedited departure. It is most important to maintain proper crew coordination and CRM through communication to remain a safe and efficient flight crew.",,,,"LR-40 Captain reported a critical Ground conflict during takeoff roll with a runway incursion aircraft at far end of departure runway.",
1791286,202103,1801-2400,SYR.Airport,NY,,,0,,,IMC,Snow,,,,,Tower SYR,Air Carrier,Commercial Fixed Wing,,2,Part 121,IFR,Passenger,,Taxi,,,,,,,,,,,,,,,,,,,,,,,,,,,,,,,,,,,,,,,,,,,,,,,,,,,,,,,,,,,,,,,,,Aircraft X,Flight Deck,Air Carrier,First Officer,Flight Crew Instrument; Flight Crew Air Transport Pilot (ATP); Flight Crew Multiengine,,,Confusion; Distraction; Situational Awareness,,,1791286,Aircraft X,Flight Deck,Air Carrier,Pilot Flying; Captain,Flight Crew Air Transport Pilot (ATP); Flight Crew Instrument; Flight Crew Multiengine,,,Time Pressure; Situational Awareness; Distraction; Confusion,,,1791288,Deviation / Discrepancy - Procedural Clearance; Ground Event / Encounter Weather / Turbulence; Ground Incursion Taxiway; Ground Incursion Runway,,,Person Flight Crew,Taxi,Air Traffic Control Issued New Clearance; Air Traffic Control Provided Assistance; Flight Crew Became Reoriented; Flight Crew Requested ATC Assistance / Clarification,Airport; Human Factors,Airport,"ATIS reported active Runway 28 with winds 300 at 23 kts gusting to 37 kts and potential for low level windshear and light snow. Prior to push; the First Officer briefed performance data departure brief for windshear with engine anti-ice on; Runway 28 with less than 1/8 in. wet snow. Captain directed deice type 1 given a break in the light snow and increased visibility while awaiting push. Aircraft pushed back onto deice pad; type 1 was applied; ground crews confirmed clean aircraft surfaces; and engine starts were completed. Ground Control provided initial taxi instructions 'Taxi Runway 28 via Alpha; cleared cross Runway 33'. After making the left hand turn from Quebec to Alpha taxiway; Ground Control informed us of a wind shift from 300 to 320 degrees; a 27 kts. crosswind for planned Runway 28 departure; and offered Runway 33 instead. We accepted the Runway change given the nearly 40 kts. gust aligned with Runway 33.Captain elected to continue taxiing on Alpha given the concern of additional snow; while the First Officer completed the Runway change in the FMS and briefed the updated departure heading of 330. Approaching the intersection of Alpha and Mike taxiways Ground Control directed 'Taxi M; cross Runway 28'. Remembering the initial taxi instruction of Alpha cross Runway 33; the Captain mistakenly continued straight instead of turning right on M; leading to a Runway incursion on Runway 33. The First Officer was distracted in verifying all Runway change steps had been completed and did not recognize the error until holding short of Runway 28 on Alpha. The First Officer called tower and reported position; at which point crew reoriented; finished the Runway change discussion; and departed Runway 33 without issue. The root cause was misapplication of previous taxi clearance by the Captain; combined with insufficient First Officer backup due to the Runway change tasks. I would suggest adding the intersection of Mike and Alpha taxiways as a potential hot spot worth pre briefing prior to push back. Stopping the aircraft on Alpha to complete all necessary Runway change steps and briefings would have allowed the First Officer to be more proactive with taxi instructions.",,"After receiving Type I deicing  we called ground for taxi. Winds were very strong and ATIS advised ILS in use to Runway 28 and Runway 28 for departure. This was briefed and expected. Ground Control cleared us to taxi from the  ramp to Runway 28 via Alpha; cleared to cross Runway 33. Halfway down taxiway Alpha; ground gave new winds and offered Rwy 33 for departure. It was a 27 knots crosswind for Runway 28 so we accepted. New taxi instructions were taxi to Runway 33 via M; cleared to cross Runway 28.There was no SID to change or rebrief so I slowed the jet while the First Officer ran the numbers; changed the runway in the FMS and greened up the speeds which were the same. This all occurred before the missed right turn on taxiway Mike. I turned on the turnoff lights and said; clear left; clear to cross; lights are on and rolled across Runway 33. Approaching the end of Alpha; we switched to tower frequency and was asked our position. We said we were about to make the turn onto Lima; short of Runway 33. The error was brought to our attention. We advised we were holding short of Runway 33 at Lima and we were ready for departure. We were cleared for Take-off; with no further dialog regarding the error. Runway 33 was not closed but it was not the active runway and we followed our original taxi instructions.There were several things going on that contributed to the error. De-icing and holdover considerations; wind shear advisories in effect forcing non-standard takeoff procedures and a late runway change with taxi instructions similar to the original. Failure of both pilots following along the 10-9 chart at night with blowing snow.We reviewed the expected taxi route from the ramp to the expected departure Runway (28). There were no Hot Spots to brief and getting there via Alpha is very simple. I think we could benefit from a Hot Spots circle and reference on the 10-9 chart here in SYR. We may have felt a little rushed as we blocked out late and were trying to get airborne before the snow started again.",,"An Air Carrier crew reported taxiing the wrong direction which resulted in a runway incursion.",
1798962,202104,1201-1800,,,,,,,,,Clear,,,,,,Air Carrier,Commercial Fixed Wing,,2,Part 121,IFR,Passenger,,Taxi,,,,,,,,,,,,,,,,,,,,,,,,,,,,,,,,,,,,,,,,,,,,,,,,,,,,,,,,,,,,,,,,,Aircraft X,Flight Deck,Air Carrier,Pilot Flying; Captain,Flight Crew Instrument; Flight Crew Multiengine; Flight Crew Air Transport Pilot (ATP),,,Distraction; Situational Awareness; Confusion,,,1798962,,,,,,,,,,,,Deviation / Discrepancy - Procedural Published Material / Policy; Deviation / Discrepancy - Procedural Clearance; Ground Event / Encounter Ground Equipment Issue; Ground Incursion Runway,,,Person Air Traffic Control,Taxi,Flight Crew Requested ATC Assistance / Clarification,Procedure; Airport; Chart Or Publication,Airport,"Non standard signage. Abdication by ATC to advise hold short of Runway 9C. Jet runway incursion Runway 22R  at Runway 9C.Runway Signage at runway 22R and 9C only indicates Runway 9C. The standard signage should have 27C - 9C. NOTAM the lack of painted holding positions on the runway along with the lack of holding position signage. The Runway 9C sign adjacent Runway 22R is a sign designated by the Aeronautical Information Manual to be a starting position sign. That signage along with the lack of markings fails to designate the runway intersection. In pavement markings and 'WIG WAGS' could have aided in the prevention of this event.",,,,"Air Carrier pilot reported a runway incursion due to insufficient  runway and taxiway signage and markings.",
1828418,202104,1201-1800,ORD.Airport,IL,,,0,,,,Clear,,,,,Tower ORD,Air Carrier,Commercial Fixed Wing,,2,Part 121,IFR,Passenger,,Taxi,,,,,,,,,,,,,,,,,,,,,,,,,,,,,,Tower ORD,Air Carrier,Commercial Fixed Wing,,2,Part 121,IFR,Passenger,,Taxi,,,,,,,,,,,,,,,,,,,,,,,,,,Aircraft X,Flight Deck,Air Carrier,Captain; Pilot Flying,Flight Crew Air Transport Pilot (ATP); Flight Crew Instrument; Flight Crew Multiengine,,,Confusion; Situational Awareness; Troubleshooting; Communication Breakdown,Party1 Flight Crew; Party2 ATC,,1828418,,,,,,,,,,,,ATC Issue All Types; Conflict Ground Conflict; Critical; Deviation / Discrepancy - Procedural Clearance; Ground Incursion Runway,,,Automation Air Traffic Control; Person Air Traffic Control,Taxi,Air Traffic Control Issued Advisory / Alert; Flight Crew Became Reoriented,Procedure; Environment - Non Weather Related; Chart Or Publication; Airport; Human Factors,Ambiguous,"ATC direct failure to advise hold short of Runway 9C in the initial clearance. After the switch from Ground to another Tower frequency no instruction was given to hold short 9C. We were given clearance to taxi M1; M; right onto Runway 22R hold short of E. Aircraft Y was ahead of us given the same clearance hold short E monitor Tower 132.70. The Aircraft Y encroached Runway 9C as Aircraft Z was on its takeoff roll on 9C. ATC Controller yelled Aircraft Y stop! Immediately after Aircraft Z cancel takeoff clearance STOP! The Aircraft Z appeared from behind the hangars with the nose wheel off the ground in a slight right bank as the Controller said 'Do you see that plane'?  Aircraft Y was given a number to contact the Tower. There are no 'wig wags' installed at any intersections along this runway. There are no stop bars installed. There are multiple obstructions to visibility. Taxiing into the sun is a factor. Runway markings and signage is unacceptable for the size and scope of the runway; and it's intended use. New construction all around the airport with pilots returning to work from furlough; and layoffs or leave of absence. Trust bias that ATC is correct in the instructions given. Attempting to move aircraft with expedience rather than a structured taxi route. No designation of any 'hot spots ' on aeronautical charts. Cease and desist using Runway 22R as a taxiway! The use of this Runway as a taxiway is the inevitable set up for a mass casualty accident!",,,,"Air carrier Captain reported observing a critical ground conflict at ORD airport when Runway 22R was being used as a taxiway.",
1850183,202110,1201-1800,ZZZ.Airport,US,,,0,,,Mixed,Rain,,Daylight,,,Tower ZZZ,Air Carrier,B737 MAX Series Undifferentiated,,2,Part 121,IFR,Passenger,,Taxi,,Class B ZZZ,,,,,,,,,,,,,,,,,,,,,,,,Air/Ground Communication,,X,Malfunctioning,,,,,,,,,,,,,,,,,,,,,,,,,,,,,,,,,,,,Aircraft X,Flight Deck,Air Carrier,Pilot Flying; Captain,Flight Crew Instrument; Flight Crew Multiengine; Flight Crew Air Transport Pilot (ATP),Flight Crew Last 90 Days 203; Flight Crew Total 5946; Flight Crew Type 5946,,Communication Breakdown; Distraction,Party1 Flight Crew; Party2 ATC,,1850183,Aircraft X,Flight Deck,Air Carrier,First Officer; Pilot Not Flying,Flight Crew Air Transport Pilot (ATP); Flight Crew Multiengine; Flight Crew Instrument,Flight Crew Last 90 Days 169; Flight Crew Total 874; Flight Crew Type 874,,Situational Awareness; Communication Breakdown,Party1 Flight Crew; Party2 ATC,,1850494,ATC Issue All Types; Aircraft Equipment Problem Less Severe; Deviation / Discrepancy - Procedural Published Material / Policy,,N,Automation Aircraft Other Automation; Person Flight Crew; Person Air Traffic Control,Taxi,General None Reported / Taken,Aircraft,Aircraft,"After landing in ZZZ on XXR in a MAX; we made an approved turn-off onto Runway XYR to expedite our exit. It was at that time that the Runway Alert system began to make call outs about 'approaching XYR; runway remaining; and approaching XXL'.  The volume of those calls were so loud; that we missed an ATC call to expedite across XXL. Because we were unsure of the call; we obviously did not move until clarification was made. No violation occurred; but ATC was obviously irate during at our missed response; which could have caused a runway incursion or go around from an aircraft landing behind us.The system has caused more missed ATC calls in my experience; and is a degradation to safety despite its reason for being installed.",,"We turned onto Runway XXR after landing on Runway XZR. While making the turn; the RAAS system announced that we are Runway XXR just as the Tower was giving us additional taxi instructions over the radio. The RAAS system was so loud that I could not understand tower and had to ask them to repeat. Tower repeated the instructions and we continued taxiing without incident. I was wearing a noise canceling head seat with the volume properly adjusted. I am concerned that the volume of the system could cause problems since it is providing alerts at times that ATC instructions are likely to be made.",,"B737 MAX flight crew reported that the Runway Approach Alert System volume was so loud that it drowned out the ATC taxi instructions during taxi to the gate.",
1870437,202201,0601-1200,ATL.Airport,GA,,,0,,,,,,,,,Tower ATL,Air Carrier,Commercial Fixed Wing,,2,Part 121,IFR,Passenger,,Taxi,,,,,,,,,,,,,,,,,,,,,,,,,,,,,,Tower ATL,,Any Unknown or Unlisted Aircraft Manufacturer,,,,,,,Takeoff / Launch,,,,,,,,,,,,,,,,,,,,,,,,,,Aircraft X,Flight Deck,Air Carrier,Pilot Not Flying; First Officer,Flight Crew Multiengine; Flight Crew Air Transport Pilot (ATP); Flight Crew Instrument,,,Confusion; Situational Awareness,,,1870437,,,,,,,,,,,,ATC Issue All Types; Conflict Ground Conflict; Critical; Deviation / Discrepancy - Procedural Clearance; Ground Incursion Runway,,,Person Flight Crew,Taxi,Flight Crew Took Evasive Action,Human Factors; Procedure; Environment - Non Weather Related,Procedure,"We had landed Runway 28. Crossed 27L and was holding short of 27R; note it being the long Runway in Atlanta. It was a very busy day; especially with deicing. After a plane was cleared for takeoff on 27R; it lifted off somewhere halfway down the Runway or before. Before the plane was barely off the ground; still not far down the Runway; were cleared to cross at intersection T. I read it back; scanned the Runway and noticed the plane taking off had just lifted off; 100-200 ft.; maybe; and was still not even close to our intersection; maybe S or U intersection; taking off west. I hit the breaks after we passed the hold short line seeing this. The captain inquired and I said 'it hasn't crossed yet'. After what felt like 5-7 seconds it passed and we continued without incident. In the moment I believed this compromised safety and possibly was a Runway incursion because the plane taking off had not passed us yet. I believe the pace Atlanta needed to keep up with to get planes moving caused this premature clearance to cross. They were telling planes to read back call signs only; which I didn't hear until after the clearance was given. I would probably scan before starting aircraft movement and keep my attention on the radio to keep better situational awareness.",,,,"Pilot reported receiving a runway crossing clearance while another aircraft was on take off roll and had yet to pass the crossing intersection.",
1890178,202204,1801-2400,ZZZ.Airport,US,,,0,,,,Icing,,Dusk,,,Tower ZZZ,Air Carrier,EMB ERJ 170/175 ER/LR,,2,Part 121,IFR,Passenger,GPS; FMS Or FMC,Landing,Direct,Class B ZZZ,,,,,,,,,,,,,,,,,,,,,,,,,,,,Tower ZZZ,Air Carrier,EMB ERJ 145 ER/LR,,2,Part 121,IFR,Passenger,,Takeoff / Launch; Taxi,,Class B ZZZ,,,,,,,,,,,,,,,,,,,,,,,,Aircraft X,Flight Deck,Air Carrier,Captain; Pilot Not Flying,Flight Crew Air Transport Pilot (ATP); Flight Crew Instrument; Flight Crew Multiengine,,,Time Pressure; Other / Unknown; Troubleshooting; Situational Awareness; Communication Breakdown; Distraction,Party1 Flight Crew; Party2 ATC,,1890178,Aircraft X,Flight Deck,Air Carrier,Pilot Flying; First Officer,Flight Crew Air Transport Pilot (ATP); Flight Crew Multiengine; Flight Crew Instrument,,,Communication Breakdown; Confusion; Distraction; Other / Unknown; Situational Awareness; Troubleshooting; Time Pressure,Party1 Flight Crew; Party2 ATC,,1890182,Conflict Ground Conflict; Critical; Deviation / Discrepancy - Procedural FAR; Deviation / Discrepancy - Procedural Published Material / Policy; Ground Incursion Runway,,N,Person Flight Crew,In-flight,General None Reported / Taken,Human Factors,Human Factors,"We were cleared to land on Runway XXC by Tower on frequency XXX.XX at ZZZ. While outside a 5 mile final; I heard Tower issuing hold short instructions to another aircraft; Aircraft Y. That aircraft was issued instructions to hold short of Runway XXC at Taxiway X; so we could land. I overheard some confusion with that aircraft by the pilots with that clearance to hold short. As we were approaching 500 ft. above the ground; I remembered hearing the confusion that the Aircraft Y had with the hold short instruction; so I looked towards Taxiway X to make sure that the aircraft was actually holding short of our landing runway. The sun was starting to go down at this time; so it was very difficult to see the Aircraft Y and its position relative to the hold short line at that taxiway (from the altitude we were at). It did appear however that the aircraft was behind the hold short line and was indeed holding short of our landing runway. As a result; we elected to continue the approach and land. During the landing roll out on [Runway] XXC rolling past Taxiway X; it was clearly evident that the Aircraft Y was 1/3 across the hold short line and was technically in a runway incursion status while we landed the aircraft. On the landing rollout; I queried Tower; my exact words; 'Tower Aircraft X; on the landing rollout; it would have been nice to know that Aircraft Y was across the hold short line at X.' I was Pilot not Flying (PNF) and then at 60 kts.; I took the flight controls and cleared the runway. While taxiing in; the Tower Controller queried the Aircraft Y if he was actually holding short and the Aircraft Y pilot actually admitted over frequency that he was across the hold short line by 3-5 ft. (it was clearly more than that however; it was the first 1/3 of their aircraft). Upon taxi in; we were given a phone number to call and I discussed the situation with a ZZZ Tower Manager. He agreed that ASRS reports should be filed. Captain's Analysis: We should have initiated a go-around if any doubt at all existed that the aircraft was not holding short of our landing runway. I should have queried ATC before landing to ensure if the aircraft was holding short (after hearing the previous confusion with the Aircraft Y crew on the hold short instructions on frequency while we were outside a 5 mile final). Aircraft Y should have informed the Tower that they had accidentally crossed the hold short line and Tower could have then issued us a go-around clearance. ATC could have double checked to ensure Aircraft Y was holding short after the previous confusion existed.",,"I was landing on [Runway] XXC and on rollout the captain noticed that an airplane was hanging over the hold short line of [Runway] XXC and Taxiway X. He (Captain) notified ATC because it was a significant incursion and if we had known there was no way we would have landed. The landing did not have any incident other than seeing (again we were on rollout when we noticed) the other aircraft over the hold short line. ATC wanted to talk to us so we called them. They encouraged us to file reports. ATC said we were not in any kind of trouble. Runway incursion while landing.",,"Air Carrier flight crew reported during the landing rollout; another aircraft was over the hold short line. The PNF contacted Tower regarding the other aircraft. The reporting Captain states they should have executed a missed approach.",
1934375,202209,1801-2400,ZZZ.TRACON,US,,,,,,,,,Night,,,TRACON ZZZ,Air Carrier,EMB ERJ 145 ER/LR,,2,Part 121,IFR,Passenger,,Landing,,Class B ZZZ; Class E ZZZ,,,,,,,,,,,,,,,,,,,,,,,,,,,,,Air Carrier,Airbus 318/319/320/321 Undifferentiated,,2,Part 121,IFR,Passenger,,Taxi,,,,,,,,,,,,,,,,,,,,,,,,,,Aircraft X,Flight Deck,Air Carrier,Pilot Not Flying; Captain,Flight Crew Multiengine; Flight Crew Instrument; Flight Crew Air Transport Pilot (ATP),,,Communication Breakdown; Situational Awareness,Party1 Flight Crew; Party2 ATC,,1934375,,,,,,,,,,,,ATC Issue All Types; Conflict Ground Conflict; Critical; Deviation / Discrepancy - Procedural Clearance; Deviation / Discrepancy - Procedural Published Material / Policy; Ground Event / Encounter Aircraft,,,Person Flight Crew,In-flight,Air Traffic Control Issued New Clearance; Flight Crew Executed Go Around / Missed Approach,Human Factors; Procedure,Human Factors,"Operate ZZZZ - ZZZ Day 0We were operating Flight XXX from ZZZZ to ZZZ. We were set up and cleared for the ILS XXR by ZZZ Approach. After being cleared for the ILS XXR we accepted and confirmed the clearance. We were then cleared to land on Runway XXR in ZZZ. Although we were in visual conditions and had the runway in sight outside of ZZZZZ; we did not accept a visual clearance and continued on the ILS. The approach was performed to standards; making all necessary callouts and acknowledged a call for possible birds on short final and that Aircraft Z would land on the crossing runway in front of us.  All was normal. I made the 500 ft. call; and Person A acknowledged the call and stated landing. I then noticed the 2 airplanes approaching from the right on Taxiway F; but felt that they would surely stop short as we were on short final. However; I noticed their speed and then began to question whether or not they would stop; they did not. The first airplane was Company A airplane and the second was a Company B. As this unfolded both Person A and I saw what was happening and verbally questioned landing. I immediately got on the radio and questioned ATC; that we were confirmed 'cleared to land' and that we had 2 airplanes crossing right in front of us. The only response was 'Go Around.'We immediately accepted the go around. We were given instructions to climb to 3;000 ft. and turn to a heading of 300. We complied with all instructions and were then handed off to departure. On departure after we set the airplane up for the approach and landing; I queried ATC as to what happened and the controller; said he did not know; but that they would 'chew someone out for us; if necessary.'  I also asked the next controller (ZZZ final) and he did not give us any answers. We were given vectors for the ILS for XXR and performed the approach and landing under normal conditions and to standards.We have included links to the 3 ATC recordings from ZZZ Tower; Ground & Approach that clearly show we were cleared to land; and then Ground Control cleared Company A and Company B to cross XXR in front of us causing a runway incursion. It also has a controller ask Company B if they can 'Hold Short' after we questioned ATC about the crossing planes and were given the 'Go Around' instruction. The Company B pilot states that it is 'Too Late' as they were already on the runway.The suggestion that I have is that this is a good example of why even in the best of conditions that seem incredibly normal you must stay aware and vigilant of your surroundings and what is going on in all aspects of your flight.After reviewing the tapes; it is clear that the root cause is a mistake by the ground controller to clear the airplanes to cross the runway and not checking to see if any aircraft are on final with enough room to safely cross. Clearly the controller did not check or simply missed our aircraft on a very short final under 300 ft. of altitude.",,,,"EMB-145 flight crew reported another aircraft crossing runway while they were on short final.",
1977439,202302,1201-1800,ZZZ.Airport,US,,,0,,,,,,Daylight,,,Tower ZZZ,Air Carrier,B737-700,,2,Part 121,IFR,Passenger,,Taxi,,,,,,,,,,,,,,,,,,,,,,,,,,,,,,Tower ZZZ,Air Carrier,Any Unknown or Unlisted Aircraft Manufacturer,,2,Part 121,IFR,Passenger,,Landing,,,,,,,,,,,,,,,,,,,,,,,,,,Aircraft X,Flight Deck,Air Carrier,Pilot Flying; Captain,Flight Crew Air Transport Pilot (ATP); Flight Crew Instrument; Flight Crew Multiengine,Flight Crew Last 90 Days 1300; Flight Crew Type 5500,,Confusion; Time Pressure; Workload; Communication Breakdown,Party1 Flight Crew; Party2 ATC,,1977439,Aircraft X,Flight Deck,Air Carrier,Pilot Not Flying; First Officer,Flight Crew Air Transport Pilot (ATP); Flight Crew Instrument; Flight Crew Multiengine,Flight Crew Last 90 Days 180; Flight Crew Type 630,,Workload; Time Pressure; Communication Breakdown; Distraction,Party1 Flight Crew; Party2 ATC,,1977449,ATC Issue All Types; Conflict Ground Conflict; Critical; Deviation / Discrepancy - Procedural Clearance; Deviation / Discrepancy - Procedural Published Material / Policy; Ground Incursion Runway,,,Person Flight Crew,Taxi,Air Traffic Control Issued Advisory / Alert,Human Factors,Human Factors,"[The flight] pushed on time. Ground Control instructed taxi to Runway XXL for departure and gave us a wheels up time of +15 min. We were then switched to Tower frequency with Aircraft Y holding short of Runway XXL full length and us as Aircraft X. Tower asked us to pull into the hold block for XXL to allow Aircraft Z behind us to access the runway via intersection Taxiway 1. Tower then gave Aircraft Z take off clearance from intersection Taxiway 1 but denied back taxi for full length. Aircraft Z then declined the takeoff clearance and informed Tower they would need to reload data and perform a checklist. After landing traffic on XXL; Tower asked Aircraft Z if they could move to give us access to the Runway via Taxiway 1; so we could make our wheels up time. Aircraft Y had a later wheels up time and was still holding short full length XXL. Aircraft Z was cleared to taxi down Runway XXL and clear Taxiway 2 back onto Taxiway 3. We were instructed to hold short of Runway XXL at Taxiway 1. I chose to hold our position in the hold block while we dealt with the additive condition of task loading with a runway change. Tower asked if we could take Taxiway 1. We replied on the radio that we needed a minute to load new data and run a checklist. Tower responded that we had 50 seconds to make our wheels up time or we would need a new wheels up time. I responded to please get us a new wheels up time. Traffic permitting; Tower then cleared Aircraft Y and Aircraft Z for departure; leaving us as the only aircraft in the holding block. Tower informed us of our new wheels up time. We asked Tower if we should now expect a full length departure from XXL to which they replied; 'Stand by.' Approximately five minutes passed with no response from Tower on departure point. Approaching our new wheels up time; Tower instructed us to taxi up to and hold short of Runway XXL full length. With the intersection data loaded; I told Tower that each time they change our departure point; we need to load new data and run a checklist. Tower changed out taxi instructions to taxi up to and hold short of Runway XXL at Taxiway 1. As we taxied; the First Officer had deleted our data; when our clearance was for full length; but then reloaded when our taxi instructions changed to the intersection of Taxiway 1. As we approached XXL at Taxiway 1; Tower issued what we thought was position and hold on Runway XXL at Taxiway 1. With the additive conditions of task loading to accomplish the Before Take Off Checklist and the operational pressure to make our wheels up time along with meeting minimum fuel requirements for the flight; I was getting behind and did not hear Towers second clearance. I believe both the First Officers and I's expectation bias led us to believe that a second instruction from Tower would be a line up and wait. I did rely on my First Officers response to the call; which was line up and wait XXL at Taxiway 1. Tower did not catch our error nor make any correction. As I entered the runway at Taxiway 1; I cleared final and saw company aircraft at 800 ft on final approach. I thought it was tight but it fit into my expectation bias that Tower was trying to make our wheels up time since they had emphasized our first wheels up time. As I lined up on centerline for Runway XXL; I expected a takeoff clearance but none was received. After an awkward silence and glancing at the TCAS display and now seeing company at 600 ft on final I got the sinking feeling that there may have been a miscommunication. The next radio call was Tower instructing company to go around. Tower then asked us to copy down a phone number for possible pilot deviation. I think several things led to this communication error and runway incursion. I think the Tower Controller could understand the task loading created with multiple runway changes for intersection departures. Our error was allowing additive conditions to put us behind as a crew and then letting our expectation bias for makingour wheels up time. This resulted in the communication error of reading back the wrong clearance. In the future I will not allow myself to take the runway if I feel behind for any reason regardless of a wheels up time.",,"While taxiing to Runway XXL for departure; Tower informed us of a flow time to ZZZ1 and instructed us to pull into the hold pad. There was an aircraft holding short of the runway at Taxiway 4 intersection for the full length. As our flow time approached; Tower told us that we would have to depart from Taxiway 1 intersection; and that we would not be able to back taxi. At this time we informed Tower that we would have to re-run our performance numbers and it would take a few minutes. Tower responded that they would have to get a new flow time for us; which we said was OK.After we had new performance numbers for the Taxiway 1 intersection departure; we let Tower know and received a new flow time. While we were waiting for our new flow time; the aircraft that was on Taxiway 4 for the full length departed. We asked which intersection we could plan on departing from; since we would have to re-run our numbers again for full length. Tower told us to standby; but never answered our question. As our new flow time approached; Tower told us to taxi to the full length intersection at Taxiway 4; at which time we informed them that we would have to change our performance numbers again. As we were in the process of changing our performance numbers; Tower instructed us to hold short of the runway at the Taxiway 1 intersection. It was during this time of high workload; while undoing the changes we had begun to make so we could meet our flow time; that we mistook Tower's instruction for a lineup and wait clearance. When reading back the instructions; we read back 'Runway XXL at Taxiway 1 lineup and wait;' and did not get any response or challenge from Tower. After lining up on the runway at Taxiway 1; we expected immediate takeoff clearance as there was an aircraft on final; but the clearance didn't come and the landing aircraft was instructed to go around. Once that aircraft was clear we were informed of the possible pilot deviation. We were then given takeoff clearance. If we had gotten earlier communications from Tower about the sequence of aircraft and the need for an intersection departure; we could've avoided the additive conditions that led us to be behind. If Tower had answered our question of what takeoff point we could expect for our new sequence we could've re-programmed our performance numbers while we were waiting; and we wouldn't have been task loaded at the last minute approaching our flow time. If we had told Tower we could only accept a Taxiway 1 intersection departure; when Tower instructed us to taxi for the full length; we could have avoided another last second change; which led to us being task loaded and miss hearing the second taxi instruction from Tower. If Tower had clarified our clearance after we read back XXL at Taxiway 1 lineup and wait we wouldn't have deviated from the initial instructions we were given.",,"Air carrier flight crew reported a communication breakdown between flight crew and ATC which resulted in a critical ground conflict.",
1979707,202303,1201-1800,ZZZ.Tower,US,,,400,,,,,,,,,Tower ZZZ,Air Carrier,Regional Jet 900 (CRJ900),,2,Part 121,IFR,Passenger,,Final Approach,,Class B ZZZ,,,,,,,,,,,,,,,,,,,,,,,,,,,,,Air Carrier,Medium Transport; Low Wing; 2 Turbojet Eng,,2,Part 121,IFR,Passenger,,Taxi,,,,,,,,,,,,,,,,,,,,,,,,,,Aircraft X,Flight Deck,Air Carrier,Pilot Not Flying; Captain,Flight Crew Air Transport Pilot (ATP); Flight Crew Instrument; Flight Crew Multiengine,,,Communication Breakdown; Workload; Time Pressure,Party1 Flight Crew; Party2 ATC,,1979707,Aircraft X,,Air Carrier,First Officer; Pilot Flying,Flight Crew Air Transport Pilot (ATP); Flight Crew Multiengine; Flight Crew Instrument,,,Workload; Time Pressure; Communication Breakdown,,,1979715,ATC Issue All Types; Conflict Ground Conflict; Critical; Deviation / Discrepancy - Procedural Clearance; Deviation / Discrepancy - Procedural Published Material / Policy; Ground Event / Encounter Other / Unknown,,,Person Flight Crew,In-flight,Flight Crew Executed Go Around / Missed Approach,Procedure; Human Factors,Procedure,"Short-final landing in ZZZ. Our aircraft was clear to land and under 500 feet when an aircraft holding short of our landing runway (Runway XX) was presumably cleared to cross Runway XX and Runway XY on Taxiway XX. At our adjusted minimums (310 feet) auto callout; the conflicting aircraft was not clear of the landing runway and the flight crew initiated a go-around. Go-around was called by the Pilot Monitoring (PM) (myself) and executed per company procedures and complied with all published and ATC instructions. As our crew was monitoring tower; and not ground; we cannot know what was ordered of the aircraft causing an imminent runway incursion; but we would like to know why Ground may have cleared an aircraft to cross in a potentially dangerous phase of flight.I understand ZZZ is very busy; and they conduct an impossible operation on an unreasonably small area of real-estate; but if a go around was not called by the flight crew a runway incursion would most likely have occurred.  That would be unacceptable.  My suggestion is that ZZZ stop crossing traffic using such small margins of safety.",,"The background setting of this event was that ZZZ had just experienced a brief ground stop which caused a high level of congestion both on the ground and in the air. During this flight we executed a go around on short final due to traffic crossing the runway in front of us. We were flying the Visual for Runway XX and were already cleared for the approach and cleared to land. At approximately 300-400 feet on about a 1 mile final; the Captain (CA) noticed that there was an aircraft taxiing across the south end of the runway (XY or XX Taxiway). The Captain noticed this traffic first and promptly called a go around which we executed without issue. We made left traffic and returned for a landing on Runway XX. My suggestion would be for air traffic control to be a bit more conservative with runway crossings due to the time it takes for some aircraft get forward momentum from a stop while taxiing.",,"Air carrier flight crew reported a critical ground conflict while on short-final approach due to an aircraft crossing runway. Flight executed a safe go around.",
2036917,202309,0601-1200,ZZZ.Airport,US,,,0,,,VMC,,,Daylight,,,Tower ZZZ,Air Carrier,Regional Jet 900 (CRJ900),,2,Part 121,IFR,Passenger,,Taxi,,Class C ZZZ,,,,,,,,,,,,,,,,,,,,,,,,,,,,Tower ZZZ,,Cessna Aircraft Undifferentiated or Other Model,,1,,,Personal,,Final Approach,,Class C ZZZ,,,,,,,,,,,,,,,,,,,,,,,,Aircraft X,Flight Deck,Air Carrier,First Officer; Pilot Not Flying,Flight Crew Air Transport Pilot (ATP); Flight Crew Instrument; Flight Crew Multiengine,,,Communication Breakdown; Confusion; Situational Awareness; Time Pressure,Party1 Flight Crew; Party2 ATC,,2036917,,,,,,,,,,,,ATC Issue All Types; Conflict Ground Conflict; Critical; Deviation / Discrepancy - Procedural Clearance,,,Person Flight Crew,Taxi,Flight Crew Requested ATC Assistance / Clarification; Flight Crew Took Evasive Action,Human Factors; Procedure,Procedure,"On the taxi out from ramp to Runway XX we were on taxiway 1 and told to follow the King Air that was also on taxiway 1 but coming from the opposite direction. There clearance was to taxi to runway XX via taxiway 2 and cross Runway XY at Taxiway 2. Following the King Air and making the turn from taxiway 1 onto 2 and just prior to crossing the hold short line for Runway XY I noticed a Cessna over the threshold landing for Runway XY. I told the Captain to stop there's a plane landing. We stopped just before the hold short line. I notified ground we're holding short for landing traffic. They then instructed us to hold short which we did. Once the Cessna the cleared the runway at taxiway 3 were given clearance to cross again. We had no further issues. When ground cleared us to cross Runway XY they never mentioned anyone on final for Runway XY. There was no runway incursion but it was very close. Ground/tower must've forgotten there was traffic landing on Runway XY as runway XX was the active. At the time there was another plane coming in to land on runway XX as well. Suggestion: For all to continue to remain vigilant in making sure runways are clear before crossing.",,,,"An air carrier First Officer reported they were cleared for takeoff when the reporter observed a Cessna on short final and told the Captain to stop the aircraft.",
2037834,202309,1201-1800,DET.Airport,MI,,,0,,,VMC,10,,,CLR,,Tower DET,Air Taxi,Light Transport,,2,Part 135,IFR,Passenger,,Taxi,,,,,,,,,,,,,,,,,,,,,,,,,,,,,,,,,,,,,,,,,,,,,,,,,,,,,,,,,,,,,,,,,Aircraft X,Flight Deck,Air Taxi,Captain; Pilot Flying,Flight Crew Air Transport Pilot (ATP),,,Confusion; Workload,,,2037834,Aircraft X,Flight Deck,Air Taxi,First Officer; Pilot Not Flying,Flight Crew Commercial,,,Distraction; Workload; Confusion,,,2037835,Ground Event / Encounter Ground Equipment Issue; No Specific Anomaly Occurred Unwanted Situation,,,Person Flight Crew,Taxi,,Airport; Chart Or Publication,Airport,"Taxiing for takeoff to Runway 33 at DET on Taxiway A; we were instructed to cross Runway 25 and Hold Short of Runway 33. After crossing Runway 25; signage to the side of the taxiway displayed "33-APCH"; with a holding position marking painted on the taxiway; adjacent to the signage. I stopped the aircraft at that point. Looking forward towards the runway; there was no separate holding position signage or taxiway hold marking for the runway; other than the APCH hold signage where we were situated. It is unusual for an APCH hold position to also be a runway holding point position. Normally an APCH hold is located at a separate location; prior to the runway. This created some confusion as to why there was no "15-33" signage or runway hold position; closer to the runway. Nevertheless; we remained at the 33-APCH location; until we were cleared for takeoff.If the 33-APCH sign for Runway 33 at DET; is also supposed to be the runway holding point; then it would seem more appropriate for the signage to display "15-33"; along with a runway hold marking on the taxiway; rather than a "33-APCH" sign with a hold marking on the taxiway.During VMC weather days; the APCH sign could be disregarded; since no low IFR Instrument approaches would be conducted; and no instructions from ATC to hold short of the Runway 33 approach area; would be necessary. This could lead to a runway incursion; thinking that the actual runway hold point is closer to the runway; further ahead.",,"We were taxiing out to Runway 33 with the taxi Instructions; 'Taxi Runway 33 via [Taxiway] A; Cross 25.'  We made a left out of our parking spot and quick accomplished the taxi flow and checklist. We cleared left and right and crossed Runway 25.  We immediately encountered a red sign '33 - APCH' co-located with a hold short line. I verbalized to the Captain who was taxiing; 'Hold here'  He stopped; but seemed confused and wanted to continue to taxi. We briefly discussed what we were looking at and realized we held short in the correct place. The signage and hold short line were in an unexpected place as there was still plenty of taxiway to get to the approach end of 33. The risk for an incursion is high at this place.  After reviewing the Jeppesen Airport Diagram for DET; dated 18 Mar 2022; we noticed there was not a Hot Spot or a Note indicating the unexpected issue here. We recommend adding a Hot Spot and a Note on the diagram for this instance. I cannot reiterate enough that the spot is confusing at best; and I am sure people have crossed that line unintentionally in the past.  Also; it is worth mentioning that Taxiway J to [Runway] 33 is not a displaced threshold; and in low visibility conditions aircraft may start a takeoff run in the incorrect area.Suggestion: An addition of a Hot Spot and Note on the Airport Diagram. Additionally; the yellow blinking hold short lights would greatly enhance the awareness for pilots during Taxi and low visibility operations.",,"Flight crew reported the hold short line signage for Runway 33 at DET airport is confusing and could result in a runway incursion.",
2059712,202312,0601-1200,ZZZ.Airport,US,,,0,,,,,,,,,Tower ZZZ,Air Carrier,A321,,2,Part 121,IFR,Passenger,,Takeoff / Launch,,,,,,,,,,,,,,,,,,,,,,,,,,,,,,Tower ZZZ,Air Carrier,B737 Undifferentiated or Other Model,,2,Part 121,IFR,Passenger,,Taxi,,,,,,,,,,,,,,,,,,,,,,,,,,Aircraft X,Flight Deck,Air Carrier,First Officer; Pilot Flying,Flight Crew Instrument; Flight Crew Multiengine; Flight Crew Air Transport Pilot (ATP),,,Time Pressure; Distraction; Workload,,,2059712,Aircraft X,Flight Deck,Air Carrier,Pilot Not Flying,Flight Crew Instrument; Flight Crew Multiengine,,,Workload; Time Pressure,,,2059723,ATC Issue All Types; Conflict Ground Conflict; Critical; Ground Incursion Runway,,,Person Air Traffic Control,,,Procedure; Human Factors,Procedure,"When departing full length off of Runway XXR in ZZZ we were cleared to line up and wait. The Captain handed over control as ATC cleared us for takeoff with instruction to climb via SID. I pushed the power up to 1.05 Engine Pressure Ratio (EPR) and before it had a chance to stabilize and before advancing thrust; ATC cancelled our takeoff clearance. We were no faster than 20 knots. I brought the power back down to idle as the Captain said "Reject; my Aircraft".  After I got through my startle reflex I saw a 737 crossing the runway in front of us. The tower then cleared us for takeoff again; but the Captain declined and had me ask to go somewhere where we could run a checklist. ATC instructed us to exit left and hold short of Runway XYR. There we debriefed each other; ran the rejected takeoff below 80 knots QRH and attempted to contact the Duty pilot to ensure we had complied with all procedures. We got the concurrence from all flight deck crew and maintenance that it was safe to continue and departed Runway XXR. It seemed to be an honest mistake by ATC. They acted professionally and responded immediately.  Unfortunately I don't know what you do to prevent human error.",,"Departed the gate and taxied to Runway XXR for departure. We were given a "line up and wait" clearance for XXR; and we complied. Shortly thereafter; we received our "takeoff" clearance for XXR. Then; a short time after the "takeoff" clearance was given we received tower instruction to "cancel take off."  Our engines were spooled and we were rolling; but were below 20 knots. We executed the "rejected takeoff" procedure. We did not reply immediately to the first "rejected takeoff" clearance due to us actively executing the "rejected takeoff" procedure. A few seconds later we were issued a second "cancel takeoff" clearance. We replied to the "cancel takeoff" clearance; and by then we were already stopped on the runway.We observed a aircraft crossing XXR; left to right; downfield approximately 5;000 ft. from our aircraft position. After the aircraft was clear of the runway we were given another "cleared for takeoff" clearance.  We declined that clearance and elected to clear the runway to run QRH procedures and verify procedures were accurately followed. Complied with: operating manual sections; and QRH XX-XX.  Additionally I reached out to our dispatcher; maintenance desk; and duty pilot (did not reply before we departed). All parties conferenced in and all flight deck crew agreed aircraft was safe to continue and legal to continue without returning to gate for a documented Maintenance Task Card (MTC) discrepancy. After a 15 minute delay; we departed XXR uneventfully. Without removing the magnitude of the obvious potential threat of a runway incursion; I would like to include in this report that ATC tower controller was professional; he acted with urgency when needed; and complied with our request to exit; and didn't rush us to complete appropriate checklists and procedures. I would like to add a recommendation to a procedure change and highlight a discrepancy in our manuals. In our QRH; in the index; the appropriate action is listed as "Rejected Takeoff."  However when you go to QRH XX-XX; the title of the procedure to accomplish is titled "Takeoff After Rejected Takeoff Below 80 Knots." My suggestion is to have the procedure be called "Rejected Takeoff." Then the first question is; "Was the take off rejected above or below 80 knots? Note: Often pilots understate when a rejected takeoff was initiated. Was the 80 knot call made? Etc...If yes; Action: return to gate; discrepancy must be entered….Etc.' Ultimately I am suggesting you incorporate most FOM and AOM information and include all rejected takeoff's into the QRH; just low speed.",,"Air carrier flight crew reported a rejected takeoff when ATC cancelled their takeoff clearance due to traffic taxiing across the runway.",
2078209,202307,0601-1200,EWR.Airport,NJ,,,0,,,,,,,,,Tower EWR,Air Carrier,Commercial Fixed Wing,,2,Part 121,,Passenger,,Taxi,,Class B EWR,,,,,,,,,,,,,,,,,,,,,,,,,,,,Tower EWR,,Any Unknown or Unlisted Aircraft Manufacturer,,,,,,,Takeoff / Launch,,Class B EWR,,,,,,,,,,,,,,,,,,,,,,,,Aircraft X,Flight Deck,Air Carrier,First Officer; Pilot Not Flying,Flight Crew Air Transport Pilot (ATP); Flight Crew Instrument; Flight Crew Multiengine,,,Communication Breakdown,Party1 Flight Crew; Party2 ATC,,2078209,Aircraft X,Flight Deck,Air Carrier,Pilot Flying; Captain,Flight Crew Multiengine; Flight Crew Instrument; Flight Crew Air Transport Pilot (ATP),,,Communication Breakdown,Party1 Flight Crew; Party2 ATC,,2078178,ATC Issue All Types; Conflict Ground Conflict; Critical; Deviation / Discrepancy - Procedural Clearance,,,Automation Air Traffic Control; Person Air Traffic Control; Person Flight Crew,Taxi,Flight Crew FLC complied w / Automation / Advisory,Procedure; Human Factors,Human Factors,"After landing we cleared Runway 4R and were instructed to hold short of 4L at Kilo. We complied with that instruction. Shortly after Tower instructed us to cross 4L on Kilo and to contact Ground on the other side; traffic would wait downfield. I read this instruction back and began to look right. I felt the brakes release for a brief moment before immediately being reapplied as the Captain checked our left side. The aircraft moved inches and remained clear of the hold short line. The Captain vocalized that something was wrong. I looked left and saw the aircraft that we believed was lining up and waiting had all of their lights on and was slowly moving toward us. I looked down and saw the lead in lights to the runway were red. Tower was transmitting to another aircraft when we heard someone in the background saying "STOP STOP STOP" before another Controller instructed us to hold position. We were stopped at this point and complied with the instruction. After the departure we were cleared across and continued to the gate uneventfully.Suggestions: I believe that the lead in lights prevented this from becoming a far more dangerous situation. The departing aircraft was initially moving slow and was far enough away that it would have been very easy to mistake it for holding position as we had been told it would. The lead in lights provided early warning that something was not right and allowed the Captain to take action quickly. In my opinion such systems should be far more common.",,"After landing 4R; Tower clears us off at P3 to hold short of 4L at K. Soon after stopping short of 4L at K; Tower clears the aircraft on 4L for takeoff. Soon after that; we are 'cleared to cross 4L at K; contact Ground on the other side; traffic will hold on the runway.' I drop the parking brake and turn on the external lights in preparation to cross the active runway.Quickly; I notice the red lead-on lights illuminated; and see the landing lights of a moving aircraft still on the 4L. I immediately stop (still short of 4L); set the parking brake; turn off the lights; and tell my First Officer we are holding here.We then hear a distressing 'whoa whoa whoa' from Tower telling us to stop and hold short of 4L. Since we were already stopped; we acknowledged; then waited for a proper clearance to cross the runway.Suggestions: I believe what might have happened is that Tower clear an aircraft for takeoff; got distracted; then cleared us to crossed thinking that the first aircraft was off the ground already. I am basing this off the fact that Tower told us the traffic would hold on the runway. If I hadn't been alerted by the red lead on lights; it is likely I would have been much slower to respond to the aircraft landing lights rolling toward us. At that distance; it is hard to readily tell if the lights are moving. Given the fact that I was given conflicting information; I am glad I stopped immediately. In the future; I would suggest ATC to stay just as vigilant as pilots when it comes to situational awareness on the ground. Distractions are everywhere but we must always stay focused to the tasks at hand. I trusted my gut and chose to ignore Tower's "traffic will hold in position" call by reapplying the parking brake. In the end; there was no runway incursion but I believe it was close enough to warrant attention and acknowledgment.",,"Air carrier flight crew reported a possible near miss while preparing to taxi across runway with another aircraft on takeoff roll.",
2089603,202402,1201-1800,TIX.Airport,FL,,,0,,,VMC,10,,Daylight,10000,,Tower TIX,Personal,Light Transport; Low Wing; 2 Turbojet Eng,,2,Part 91,IFR,Passenger,,Taxi,,,,,,,,,,,,,,,,,,,,,,,,,,,,,,,,,,,,,,,,,,,,,,,,,,,,,,,,,,,,,,,,,Aircraft X,Flight Deck,Personal,Captain,Flight Crew Multiengine; Flight Crew Air Transport Pilot (ATP); Flight Crew Instrument,Flight Crew Last 90 Days 200; Flight Crew Type 2500,,Confusion; Situational Awareness; Communication Breakdown,Party1 Flight Crew; Party2 ATC,,2089603,,,,,,,,,,,,ATC Issue All Types,,,Person Flight Crew,Taxi,Air Traffic Control Issued New Clearance; Flight Crew Requested ATC Assistance / Clarification,Procedure; ATC Equipment / Nav Facility / Buildings; Airport,Airport,"After landing at TIX Runway 36; the Tower instructed us to turn 180 on the runway and back-taxi on 36 and hold short Runway 27 for landing traffic. We approached Runway 27 and held short at the runway intersection sign as there were no hold-short lines painted on the north end of Runway 36. The Tower then came on and shouted to hold short 27. The FO (First Officer) and myself looked at each other as we had already stopped and were obviously nowhere close to Runway 27. The controller then stated to cross Runway 27 with no delay and to exit at "E" taxiway and to the Ramp. We completed those directions. We did notice that there was a hold-short line painted on Runway 26 on the south side approaching Runway 27 and we noted that our distance that we stopped on the north end of 36 of Runway 27 was even further than was painted on the south side on Runway 36. I called the Tower and spoke with the controller to ensure that we did not miss anything; and he stated that we were okay but he could not tell from his point of view if we were slowly taxiing or at a stop. He did advise us that there is no hold-short line on the north end of Runway 36 approaching Runway 27.I am reporting this incident as a recommendation that if a taxi back on Runway 36 to hold short at Runway 27 is a common direction at this airport then the airport should paint a hold-short line to avoid confusion or a runway incursion incident. They painted a hold-short line on the south side of Runway 36 approaching Runway 27 then they should do the same on the north side. Very small expense to prevent an accident or for a controller to miss anything. It would also give pilots a very clear stopping point and not leave this up to discretion.",,,,"Light transport Captain reported being instructed to hold short of a runway but saw that there were no hold-short line markings. ATC also advised that there are no hold-short lines when approaching Runway 27 on the north end of Runway 36 at TIX Airport. The reporter recommended hold-short lines be painted for safety; rather than leave it up to the pilot's discretion on where to stop.",
2093064,202403,1801-2400,FACT.Airport,FO,,,0,,,IMC,,,Night,,,,Air Carrier,Widebody Transport,,2,Part 121,IFR,Passenger,,Taxi,,,,,,,,,,,,,,,,,,,,,,,,,,,,,,,,,,,,,,,,,,,,,,,,,,,,,,,,,,,,,,,,,Aircraft X,Flight Deck,Air Carrier,Pilot Flying; Captain,Flight Crew Air Transport Pilot (ATP); Flight Crew Multiengine; Flight Crew Instrument,Flight Crew Last 90 Days 56; Flight Crew Total 14123; Flight Crew Type 1468,,Situational Awareness; Communication Breakdown,Party1 Flight Crew; Party2 ATC,,2093064,,,,,,,,,,,,ATC Issue All Types; Deviation / Discrepancy - Procedural Published Material / Policy; Ground Incursion Runway,,,Person Flight Crew,Taxi,General None Reported / Taken,Chart Or Publication; Human Factors; Procedure; Airport,Procedure,"Runway incursion threat potential. Cape Town goes to a single communications frequency in the evening. The Controller monitors Clearance Delivery; Ground and Tower calls. We were cleared to taxi on A1; cross Runway 16 to Taxiway A2 holding point for Runway 19. Except for the red stop bar at the ILS critical area holding point on Taxiway A2; there was no indication by the Controller or ATIS that the Runway 19 ILS critical holding point was in use. The Taxiway A2 holding area in question is very close to the approach end of Runway 16. When a [widebody aircraft] is holding at this location; one-half to one-third of the aircraft overlaps and is on actually on Runway 16 approach end. This is a potentially dangerous condition. It would be better to know in advance and hold on Taxiway A1 before crossing Runway 16 to get to Runway 19.",,,,"Air carrier Captain reported a lack of indication of whether the ILS critical holding point was in use at FACT airport. Additionally; as the holding area is close to the approach end of another runway; larger aircraft could overlap the approach end.",
2108946,202404,0001-0600,HNL.Airport,HI,,,0,,,,,,,,,Tower HNL,Air Carrier,Commercial Fixed Wing,,2,Part 121,IFR,Passenger,,Taxi,,,,,,,,,,,,,,,,,,,,,,,,,,,,,,Tower HNL,Military,Military,,1,Part 91,IFR,,,Landing,,Class B HNL,,,,,,,,,,,,,,,,,,,,,,,,Facility HNL.Tower,,Government,Local,Air Traffic Control Fully Certified,Air Traffic Control Time Certified In Pos 1 (yrs) 14,,Communication Breakdown,Party1 ATC; Party2 Flight Crew,,2108946,Aircraft X,Flight Deck,Air Carrier,Captain; Pilot Flying,Flight Crew Instrument; Flight Crew Multiengine; Flight Crew Air Transport Pilot (ATP),,,Communication Breakdown,Party1 Flight Crew; Party2 ATC,,2109145,ATC Issue All Types; Conflict Ground Conflict; Critical; Deviation / Discrepancy - Procedural Published Material / Policy; Deviation / Discrepancy - Procedural Clearance; Ground Incursion Runway,,,Automation Air Traffic Control; Person Air Traffic Control,Taxi,Air Traffic Control Issued Advisory / Alert; Flight Crew Executed Go Around / Missed Approach; Flight Crew Took Evasive Action,Procedure; Airport; Human Factors,Airport,"Aircraft X completed landing roll RWY 4R and was told to turn left at kilo; hold short of RWY 8L the first hold bar (because they overlap). Aircraft X reads the hold short back verbatim. I then go to clear his company to land and while he is reading back the clearance I notice that Aircraft X was full speed crossing the hold line with Aircraft Y about to cross the threshold of RWY 8L. I was so shocked that before the Aircraft X could finish his read back I immediately keyed up and started screaming 'Aircraft X hold' three times and then sent Aircraft Y around. Aircraft X probably couldn't hear me because of the read back but because of his speed there was no way of stopping prior to the runway; Aircraft Y could hear me because they were on UHF. Even with a complete read back and the local restriction of the aircraft holding at kilo must have been given a LAHSO clearance in the air; the aircraft blew through the hold line. The only fix to this is to never let an aircraft hold on TWY kilo; it is a dangerous intersection where we have had several bad runway incursions in the past.",,"As Captain and Pilot Flying I was issued a LAHSO landing clearance for RWY 4R on downwind leg approximately 10 minutes prior to landing. The FO and I completed a landing assessment and had acceptable numbers for landing and holding short of RWY 8L. We completed the landing rollout and stopped prior to RWY 8L. We then turned left off the runway and on to taxiway K and were then instructed by ATC to hold short of 1st hold line for RWY 8L. That instruction occurred with little time to comply and we continued past the intended hold line causing a go around for an aircraft landing on RWY 8L. The last minute taxi instruction to hold short of RWY 8L was given as the applicable hold short line was close to passing under the nose of our aircraft. The seemingly irregular style of the hold short lines also caused some confusion. Also; any traffic landing on RWY 8L was invisible to any cockpit due to the angle between the runway and taxiway thereby prevented any visual clue. The last second instruction to hold short of the 'first hold short line' at the point we were nearly past that line was a setup to fail. We conducted the LAHSO instruction without deviation. The hold short instruction that followed our turn onto taxiway K was poorly timed as it occurred during a time of high task loading and as we were nearly past the line. The LAHSO clearance was not a problem. But the untimely instruction to hold short on a very short taxiway K coupled with the lack of visual cues created confusion. Perhaps if that last instruction was given prior to landing or avoided completely this incident may have been avoided. The hotspot notes were helpful but instructions during the landing rollout should be avoided.",,"Tower Controller and flight crew reported confusion and timing of runway hold short instructions resulted in a runway incursion with landing traffic.",
2116457,202405,1201-1800,ZZZ.Airport,US,,,0,,,,,,Daylight,,,Tower ZZZ,Air Carrier,B737-700,,2,Part 121,IFR,Passenger,,Taxi,,,,,,,,,,,,,,,,,,,,,,,,,,,,,,Tower ZZZ,,Small Aircraft,,,,,,,Final Approach,,Class C ZZZ,,,,,,,,,,,,,,,,,,,,,,,,Aircraft X,Flight Deck,Air Carrier,First Officer; Pilot Not Flying,Flight Crew Air Transport Pilot (ATP); Flight Crew Multiengine; Flight Crew Instrument,Flight Crew Last 90 Days 95; Flight Crew Type 815,,Communication Breakdown; Situational Awareness,Party1 Flight Crew; Party2 ATC,,2116457,Aircraft X,Flight Deck,Air Carrier,Captain; Pilot Flying,Flight Crew Multiengine; Flight Crew Instrument; Flight Crew Air Transport Pilot (ATP),Flight Crew Last 90 Days 189; Flight Crew Type 13000,,Communication Breakdown; Situational Awareness,Party1 Flight Crew; Party2 ATC,,2116428,Conflict Ground Conflict; Critical; Deviation / Discrepancy - Procedural Clearance; Ground Incursion Runway,,,Person Flight Crew,In-flight,Air Traffic Control Provided Assistance; Air Traffic Control Separated Traffic; Flight Crew Executed Go Around / Missed Approach,Human Factors; Procedure,Human Factors,"Runway incursion occurred at ZZZ at the hold-short line of Runway XXR. We were given a taxi clearance to XYL via Taxiway 1 after pushing from Gate XX. Soon after taxiing; we were told to hold position. We then realized we had crossed the hold-short line for XXR at Taxiway 2. A general aviation aircraft was directed to go around. We were then given taxi clearance onto XXR and then Taxiway 3 to 1.Suggestion: Better briefing of Hot Spot areas for taxi. Complete understanding of taxi instructions before moving the aircraft. Better Pilot Monitoring during taxi. Also; ATC instruction should have been 'Taxi to XYL via 3; 1' versus 'Taxi to XYL via 1.'",,"After pushback from Gate XX at ZZZ; we received clearance from Ground to "Taxi to Runway XYL via Taxiway 1". Exiting the ramp; ZZZ Ground instructed us to hold position. We had inadvertently crossed Runway XXR Approach hold-short line. A general aviation aircraft on a one-mile final was subsequently sent around by ZZZ Tower. We were instructed to continue taxiing to Runway XYL without further incident.Suggestion: Complete Flight Crew Briefing of taxi plan and threats; including hot spot review.  More focus outside the aircraft versus looking at the taxi diagram. Also; more accurate taxi instructions from Ground 'Taxi to XYL via 3 to 1' versus 'Via 1.'",,"Air carrier flight crew reported a runway incursion which prompted Tower to instruct an aircraft to go around.",
2160253,202408,,ZZZ.Airport,US,,,0,,,,,,,,,Ground ZZZ,Air Carrier,A319,,2,Part 121,IFR,Passenger,FMS Or FMC; GPS,Taxi,,Class D ZZZ,,,,,,,,,,,,,,,,,,,,,,,,Hydraulic System,,X,Malfunctioning,Ground ZZZ,Air Carrier,Light Transport; High Wing; 2 Turboprop Eng,,,Part 121,IFR,Cargo / Freight / Delivery,,,,,,,,,,,,,,,,,,,,,,,,,,,,Aircraft X,Flight Deck,Air Carrier,Captain; Pilot Flying,Flight Crew Air Transport Pilot (ATP); Flight Crew Multiengine; Flight Crew Instrument,,,Situational Awareness; Distraction; Communication Breakdown; Workload,Party1 Flight Crew; Party2 ATC,,2160253,Aircraft X,Flight Deck,Air Carrier,First Officer; Pilot Not Flying,Flight Crew Instrument; Flight Crew Multiengine; Flight Crew Air Transport Pilot (ATP),,,Communication Breakdown; Workload; Situational Awareness; Distraction,,,2160028,ATC Issue All Types; Aircraft Equipment Problem Less Severe; Conflict Ground Conflict; Critical; Deviation / Discrepancy - Procedural Published Material / Policy,,,Person Flight Crew,In-flight; Taxi,Flight Crew Took Evasive Action; General Maintenance Action,Aircraft; Environment - Non Weather Related; Human Factors; Procedure,Ambiguous,"After engine start; I requested taxi with ZZZ Ground. We were given a clearance to 'taxi to runway XX via taxiway 1; cross runway XY at taxiway 1.' Upon reaching the intersection which we had been cleared to cross; and after initially clearing aircraft left and right; I noticed landing traffic from the left on the intersecting runway and assertively told the Captain to stop; which he did. A turboprop was on the high speed rollout after having been cleared to land runway XZ. After stopping; I remember ground told us to hold short and I asked if we had originally been cleared to cross XZ/XY and the ground controller confirmed that we had indeed been cleared to cross the intersecting runway. No additional explanation by ATC was offered to the obvious problem. However; with landing traffic; I believe we should have been given a hold short clearance. The turboprop aircraft did ultimately hold short of the intersection but I am certain an aircraft cannot be given a taxi clearance to taxi across a runway where another aircraft is actively landing at the same moment. This was too close for any level of safety or comfort.  Cause: Improper taxi instructions given to the crew from ground controller. Crew trapped the controller error and potential runway incursion. Recommend the ATC not clear aircraft to taxi in front of landing traffic.Bottom line; we accomplished this takeoff with an improper flap setting. We briefed a flaps 2 takeoff; and we inadvertently accomplished the takeoff with flaps 1 out of ZZZ Runway XX.  After pushback and engine start from the gate; the Captain called for 'flaps 1.'  I moved the flap lever to 1 and did not catch that it should have been flaps 2.  This was the first mistake.  The after start checklist was completed.  We were given a clearance by ZZZ ground to 'taxi to runway XX via taxiway 1; cross runway XY at taxiway 1.'  Upon reaching the intersection which we had been cleared to cross; I noticed landing traffic on the intersecting runway and assertively told the Captain to stop; which he did.  Ground confirmed that we had indeed been cleared to cross the intersecting runway but I believe we should have been given a hold short clearance with landing traffic. This will be covered in a separate report; however; this is relevant because I think it distracted us as a crew further from trapping our original flap error. Once we had reviewed the load closeout and accomplished the flight control checks; the captain then called for the before takeoff checklist. The first step of the before takeoff checklist is FLAPS.  Again; possibly now due in part to an avoided runway incursion; neither of us caught the fact that we had briefed a flaps 2 takeoff and instead verbally confirmed '1 planned; 1 indicated' and continued the checklist.  Normally; we would both have confirmed the flap setting against the Performance Data and the PERF page in the MCDU but I think we were still worried about the fact that ground/tower had almost had us taxi in front of a landing aircraft.  No excuse for failing to properly configure the aircraft; but I simply think it may have contributed to the errors in the heat of the moment. This was an inadvertent failure on both our parts to trap this error and correctly set the flaps. The T/O Config test also did not catch this error as we had flaps 2 in the takeoff performance page; but the flap lever and flaps were set and indicating 1. I did notice the improper configuration just prior to V1 (121 KIAS) and VR (123 KIAS); something in my brain just picked up on it. I don't think I would have had time to alert the captain meaningfully prior to v1. Since our jet was light with lots of acceleration; extra performance; and plenty of runway remaining- as the pilot flying; I elected to continue the takeoff instead of trying to alert the captain to the problem at a high rate of speed right at V1. I delayed rotation by 5-10 knots and climbed out about 10 knots fast to mitigate the flap setting. I brought this to the attention of the captain after we were clean and climbing out of 10;000'. We determined that the flaps 1 V speeds would only have been a few knots greater than flaps 2; however; I recognize this could have been a much bigger event had we been performance limited on a shorter runway.  Cause: Human error/loss of situational awareness likely caused by being somewhat rushed due to late departure from maintenance issue; flow time and further distraction by an incorrect instruction from ATC which could have resulted in a runway incursion (an incursion which we prevented as a crew). Possible recommendations: Add flap setting to TAKEOFF PERF step in the Before Start Checklist.  Have FO read the flap setting for 'planned' on the Before Takeoff Checklist Directly from the Performance Data or Dispatch Release; not just 'consistent with.'Takeoff config test programmed to cross check the MCDU flap setting vs. the actual flap setting on the Airbus (which I thought was already a safety function of the test).",,"Incorrect flap setting; config 1 vs config 2; caused by multiple distractions before takeoff. Upon arrival to aircraft; maintenance was called to fill a low hydraulic system. Our scheduled out time was XA:42; but we did not leave until XC:00. As Captain; I was busy keeping passengers informed of status of the maintenance work. At a few points I had to leave aircraft to observe what appeared to be an extended fix time to add a gallon of hydraulics. The contract maintenance had never done this on an airbus before; and seemed to need a lot of coaching via phone from other maintenance supervision. We were asked to pressurize and depressurize the system; and close the gear doors that had been opened. After finally getting the maintenance complete; we completed checklists and pushed back.  Shortly after we pushed back; and got a takeoff time; a regional jet was cleared to push onto the taxiway; blocking our exit. While we were starting; we asked and received permission to have the regional jet hold its position since we were late and had a flow time. We finished the start and checklist; and were cleared to taxi to the runway; with a crossing clearance given to cross the intersecting runway. Arriving at the intersecting runway; I cleared to the left and looked right as the FO cleared to the right; and he looked left. As he looked left; a turboprop was rolling out on the runway; and the FO told me to stop. I had not seen the aircraft; since it was likely already on the ground; but behind a small building which blocked my view. We stopped before the intersecting runway; queried ground if indeed we were cleared across; and they said we were previously cleared. The turboprop cleared the intersecting runway prior to our crossing point.  We continued to taxi; and takeoff for what appeared to be a normal takeoff. I did notice that the FO had a slightly slower rotation and climbed out a little faster; but not outside of what appeared normal. Later the FO told me that he realized we should have been config 2 during the takeoff run; but decided we were likely too fast to abort; and that the speeds were so close; and we were below our takeoff weight that he kept going.Cause: Multiple distractions including clearance across an active runway with an aircraft on landing rollout; maintenance confusion about hydraulic servicing; flow time restrictions and being blocked by another aircraft caused me to lose my situational awareness.  Since the V speeds for our weights at config 1 vs config 2 are only 5 knots apart; there was no red flag that something was wrong. Fortunately; we were lighter than planned and the V speed difference was probably only 2 or 3 knots. We realized afterward that the takeoff configuration test doesn't actually check that you have the flap setting that you have programmed in the box. I think under the circumstances; given the decision to continue or abort a high speed takeoff; that appeared normal to me; I'm glad we didn't abort. In the future; I plan on adding the flap setting to the card of information I use as a backup to cross check myself",,"Air carrier pilot crew reported a critical ground conflict and other distractions before takeoff resulted in taking off with an incorrect flap setting.",
2169673,202409,0601-1200,ZZZ.Airport,US,,,0,,,,,,,,,Tower ZZZ,Air Carrier,A321,,2,Part 121,IFR,Passenger,,Takeoff / Launch,,Class B ZZZ,,,,,,,,,,,,,,,,,,,,,,,,,,,,,,Small Transport,,,,,,,Taxi,,,,,,,,,,,,,,,,,,,,,,,,,,Aircraft X,Flight Deck,Air Carrier,Captain; Pilot Not Flying,Flight Crew Multiengine; Flight Crew Instrument; Flight Crew Air Transport Pilot (ATP),,,Time Pressure; Situational Awareness,,,2169673,Aircraft X,Flight Deck,Air Carrier,Pilot Flying; First Officer,Flight Crew Air Transport Pilot (ATP); Flight Crew Instrument; Flight Crew Multiengine,,,Time Pressure; Situational Awareness; Workload,,,2169674,ATC Issue All Types; Conflict Ground Conflict; Critical; Deviation / Discrepancy - Procedural Clearance; Ground Incursion Runway,,,Person Flight Crew,In-flight,Flight Crew Took Evasive Action,Human Factors; Procedure,Ambiguous,"I was CA and Pilot Monitoring of Aircraft X [from] ZZZ-ZZZ1. We were cleared for take-off on Runway XXR; and as we reached V1; I noticed a GA aircraft at the end of the runway enter and stop in the middle of our departure runway. I called 'VR;' and then; 'Positive rate;' and the FO called for gear up. I said to him "Is that airplane on our runway?" but by that time; we were in a pitch up attitude; and the end of the runway was no longer in view. The ZZZ Tower had just cleared the aircraft behind us for takeoff and then immediately told them to reject their takeoff. He then told us to contact Departure and I asked if there was an aircraft that entered our departure runway and he replied; 'Yes.' After reaching a safe altitude I contacted Clearance Delivery at ZZZ and told them who we were and asked for a number to call when we arrived in ZZZ1 to exchange any information they might need and acquire the needed information for my safety report. Cause: The GA aircraft came into view at our V1 speed and did not pose an immediate action on our part because they were more than 1500 feet away. Rejecting our take off at that moment; above V1 would have been far more detrimental and potentially consequential than continuing our takeoff and our flight path clearing this GA aircraft by more than 300 ft. I have no suggestions to help mitigate risks by our crew. We were diligent and performed as trained.",,"The Tower cleared us for takeoff on Runway XXR and immediately after the Captain and [I] called; "Positive rate;" and I requested; "Gear up;" he noticed a general aviation business jet on our runway at the departure end. At about the same time we heard ZZZ Tower tell a previously cleared for takeoff aircraft behind us to "CANCEL their TAKEOFF CLEARANCE." The Tower then instructed us to contact Departure but before switching the Captain and Non-Flying Pilot asked if that aircraft had entered our runway and the controller answered YES. However; I did not see the aircraft because I was the Pilot Flying and concentrating on Flight Director and pitch for climb tasks. Cause: I cannot answer what factors led up to the crew of the business jet causing a runway incursion. However; the incident definitely reinforced the importance of situational awareness while taxiing and following proper standard operating procedures; such as briefing your assigned taxi instructions with a current chart; and both pilots being heads up when the aircraft is moving. I certainly appreciate the AMM (Aircraft Moving Map) feature on the EFB we use at our Company to help mitigate the potential for these mistakes.",,"Air carrier flight crew reported during takeoff rotation; they saw a business jet crossing the end of the runway. Flight crew decided to not perform a high speed reject and continued takeoff; climbing out over the aircraft.",
2197220,202412,1801-2400,MMSL.Airport,FO,,,0,,,,,,,,,Tower MMSL,Fractional,Medium Transport; Low Wing; 2 Turbojet Eng,,2,Part 91,,Passenger,,Taxi,,,,,,,,,,,,,,,,,,,,,,,,,,,,,,Tower MMSL,,Any Unknown or Unlisted Aircraft Manufacturer,,,,,,,Takeoff / Launch,,,,,,,,,,,,,,,,,,,,,,,,,,Aircraft X,Flight Deck,Fractional,Pilot Flying; Captain,Flight Crew Air Transport Pilot (ATP),,,Situational Awareness; Confusion; Communication Breakdown,Party1 Flight Crew; Party2 ATC,,2197220,,,,,,,,,,,,ATC Issue All Types; Conflict Ground Conflict; Less Severe; Deviation / Discrepancy - Procedural Clearance; Ground Incursion Runway,,,Person Air Traffic Control,Taxi,Air Traffic Control Issued Advisory / Alert; Flight Crew Took Evasive Action,Human Factors; Procedure; Airport,Airport,"We were at the ramp and told to pull up to and hold short of the runway and hold in the red box. Nothing is marked well on the ground and we couldn't hardly see the ground markings that were there. As we were trying to find this "red box" we went a little too far beyond the hold-short point of the runway and were asked to stop. Tower still allowed another aircraft to takeoff right after he asked us to stop immediately and then said we created a runway incursion. At no time did we ever see where we were supposed to hold because of poor markings on the ground and being unfamiliar with the airport. We were taxiing slowly and still couldn't see the box.",,,,"Fractional Captain reported the ground markings at MMSL/CSL Airport were difficult to see and the aircraft went past the hold-short point; resulting in a runway incursion.",
2249028,202506,1201-1800,ORD.Airport,IL,,,0,,,VMC,,,,,,Ground ORD,Air Carrier,Commercial Fixed Wing,,2,Part 121,IFR,Passenger,,Taxi,,,,,,,,,,,,,,,,,,,,,,,,,,,,,,,,,,,,,,,,,,,,,,,,,,,,,,,,,,,,,,,,,Aircraft X,Flight Deck,Air Carrier,Pilot Flying; Captain,Flight Crew Instrument; Flight Crew Air Transport Pilot (ATP); Flight Crew Multiengine,Flight Crew Last 90 Days 188.42; Flight Crew Total 6399.98; Flight Crew Type 5126.00,,Communication Breakdown; Confusion; Situational Awareness,Party1 Flight Crew; Party2 ATC,,2249028,,,,,,,,,,,,ATC Issue All Types; Deviation / Discrepancy - Procedural Published Material / Policy,,,Person Flight Crew,Taxi,Flight Crew Requested ATC Assistance / Clarification,Airport; Procedure; Chart Or Publication,Chart Or Publication,"Taxiing to the International Terminal via Taxiway V; given a V7 entry to the international ramp; the entry requires a clearance onto Runway 22L. The Jepp FD Pro moving map is not representative of this requirement as it shows multiple hold short bars on taxiways that are under construction and closed. You must transition to N via Y then left on V7 via Runway 22L. Ground Control instructed us to simply taxi via V; V7 to the ramp; no mention of the need to contact the Tower for 22L entry. At night or in poor visibility it would be very; very easy to have a runway incursion.",,,,"Air carrier Captain reported the ATC clearance and Jeppesen moving map does not provide information on the requirement of contacting Tower for entry into Runway 22L to get into the international ramp at ORD.",
2273125,202508,,ZZZ.Airport,US,,,0,,,,,,,,,Tower ZZZ,Fractional,Challenger 350,,2,Part 121,IFR,Passenger,,Taxi,,,,,,,,,,,,,,,,,,,,,,,,,,,,,,Tower ZZZ,Personal,Skyhawk 172/Cutlass 172,,1,Part 91,,,,Final Approach,,Class C ZZZ,,,,,,,,,,,,,,,,,,,,,,,,Aircraft X,Flight Deck,Fractional,First Officer,Flight Crew Air Transport Pilot (ATP),,,,,,2273125,Aircraft X,Flight Deck,Fractional,Captain,Flight Crew Air Transport Pilot (ATP),,,,,,2273126,Conflict Ground Conflict; Critical; Deviation / Discrepancy - Procedural Published Material / Policy; Ground Event / Encounter Other / Unknown,,,Person Flight Crew,Taxi,General None Reported / Taken,Human Factors; Procedure,Ambiguous,"After landing on Runway XXR in ZZZ. We were instructed to taxi off on [taxiway] 1 and hold short of the runway XY approach end on [taxiway] 2. While holding short; a single engine Cessna on a short right base to runway XY; proceeded to descend in our direction in line with taxi way 2. The Cessna proceeded to turn final at a very low altitude and made the landing on runway XY. The close proximity of the Cessna's approach to our aircraft made my Captain and I unsure of the intentions of the Cessna and the safety of our airplane.",,"Upon landing on XXR; we were directed to plan on exiting the runway at [taxiway] 1; taxi 2; and hold short of runway XY.  We were not given any idea why.  As we were holding short; a high wing plane; maybe C172 appeared heading directly for us.  It kept coming and coming and coming.  We thought the plane was going to land on our taxiway; hoping not to land on us.  At the last minute; aprox 100 feet AGL; the C172 banked hard right and landed on runway XY.  We were given no indications what the plan was for the C172.  We could not taxi forward; that would have been a runway incursion.  Left or right we would have been taxiing off of the taxi way into grass and gravel.  It seems like; in looking at the taxi diagram; the 172 was lined up on taxi way 3 for his very low altitude approach.  XXL was closed.  It seems it would have been a better idea for the tower controller to have them fly down XXL since it was closed and do his approach over that runway then turn right base to final for a much safer approach.  If the 172 would have not pulled off that 'stunt' and crashed in front of us; we would have been right there in the flames and fire and debris.  In skydiving those kind of low turns are called 'hook turns'.  A lot of people get killed every year doing those.  The pilot of that 172; he better hope nothing happens at that last second of his turn in the future; because if he is off just a slight bit; there is a change in wind direction; or he loses his engine; he will have wished he lined up on a longer final.  This event had both crew members pulse rates elevated.  The passengers were concerned; saw it and heard us talking about it from the cockpit.  The new FO; taking the place of FO A; was in the lobby of the FBO saw this happen also.  I asked him if I could put his name in this report.  The FO on the plane with me was FO B.  After the 172 landed; we taxied normally to the ramp.  We never said anything to the tower about the 'stunt'.  But; some thoughts did come to mind about making a call on the radio to the tower about this.  Again; we were very concerned and so were our two passengers.  I have never felt more concerned in all of my near 25 years of flying.",,"Fractional flight crew reported while holding short of a runway; a general aviation aircraft lined up as if to land on the taxiway where the fractional aircraft was. On very short final approach; the GA aircraft maneuvered to land on the runway.",
2281527,202508,0001-0600,LAS.Airport,NV,,,0,,,VMC,,Poor Lighting,Night,,,Tower LAS,Air Carrier,Large Transport; Low Wing; 2 Turbojet Eng,,2,Part 121,IFR,Passenger,,Taxi,,,,,,,,,,,,,,,,,,,,,,,,,,,,,,,,,,,,,,,,,,,,,,,,,,,,,,,,,,,,,,,,,,Flight Deck,Air Carrier,Captain; Pilot Flying,Flight Crew Air Transport Pilot (ATP); Flight Crew Instrument; Flight Crew Multiengine,Flight Crew Last 90 Days 0; Flight Crew Total 0; Flight Crew Type 0,,Situational Awareness,,,2281527,,,,,,,,,,,,Ground Event / Encounter Ground Equipment Issue,,,Person Flight Crew,Taxi,General None Reported / Taken,Airport; Human Factors,Airport,"In Vegas at the start of runway 26R there were no lights to show where the runway starts. It's also very dark in that corner in general. It makes it quite easy in my opinion to have an inadvertent runway incursion. Also when landing on runway 26L in Vegas and crossing runway 26R to the terminal at night it's had the same issue for a few months now.",,,,"Air carrier Captain reported lack of lighting to identify the runway entry point and a potential for a runway incursion.",
2283987,202509,0601-1200,MUHA.Airport,FO,,,0,,,,,,Daylight,,,Tower MUHA,Air Carrier,Commercial Fixed Wing,,2,Part 121,IFR,Passenger,,Taxi,,,,,,,,,,,,,,,,,,,,,,,,,,,,,,,,,,,,,,,,,,,,,,,,,,,,,,,,,,,,,,,,,Aircraft X,Flight Deck,Air Carrier,Pilot Not Flying,Flight Crew Air Transport Pilot (ATP); Flight Crew Instrument; Flight Crew Multiengine,,,,,,2283987,,,,,,,,,,,,Ground Event / Encounter Other / Unknown,,,Person Flight Crew,Taxi,,Airport,Airport,"There is a new large piece of pavement installed at the approach end of Runway 6 and Taxiway A. However; the airport did not paint a new hold-short line. It is nearly impossible to tell where the hold-short line is other than the sign in the grass and a very small leftover bit of older pavement with the paint remaining. In a scenario where the pavement is wet (and even more so at night) this could easily lead to a runway incursion. In addition there are no NOTAMs present to highlight this issue; nor any company page information about it. I also do not recall anything being included in the ATIS regarding this. Cause: This needs to be fixed or at a minimum put forth into a NOTAM.",,,,"Air carrier pilot reported the hold-short line at MUHA airport has not been painted on the new; large piece of pavement installed at the approach end of Runway 6 and Taxiway A; and this has not been mentioned in the NOTAMs; company pages; or ATIS.",
2286964,202509,1801-2400,ZZZ.Tower,US,,,0,,,,,,,,,Tower ZZZ,Corporate,Super King Air 300,,1,Part 91,IFR,Passenger,,Takeoff / Launch,,,,,,,,,,,,,,,,,,,,,,,,,,,,,,Tower ZZZ,Personal,Cessna 120,,1,Part 91,VFR,Personal,,Taxi,,,,,,,,,,,,,,,,,,,,,,,,,,Facility ZZZ.Tower,,Government,Local,Air Traffic Control Fully Certified,Air Traffic Control Time Certified In Pos 1 (yrs) 5,,Workload; Training / Qualification; Time Pressure; Communication Breakdown; Situational Awareness,Party1 ATC; Party2 ATC,,2286964,,,,,,,,,,,,ATC Issue All Types; Conflict Ground Conflict; Critical; Deviation / Discrepancy - Procedural Published Material / Policy,Horizontal 1000,,Person Flight Crew; Person Air Traffic Control,Taxi,Flight Crew Requested ATC Assistance / Clarification,Human Factors; Procedure,Human Factors,"RyXXR was active; and I had just taken the LC (Local Control) position to conduct OJT. The GC position had just been relieved as well. Aircraft X called for departure from RyXY. The trainee requested an IFR release for the RyXY departure and coordinated control of the alternate runway. Aircraft X was cleared for takeoff from RyXY. This was the only aircraft under LC control at the time.I saw Aircraft Y taxiing from their normal parking place; which is very close to the runway. I saw Aircraft Y taxi up to the hold short line for RyXY and immediately got the feeling they were not going to stop. I saw Aircraft Y cross the hold short line. I yelled to get GC's attention; as they seemed to be giving clearance to another aircraft. At this time; the CIC (Controller in Charge) jumped up as well; and tried to get the GC controller to stop the aircraft. I keyed up to tell Aircraft Y to stop; before remembering they were not on my frequency. In those 2-3 seconds; Aircraft X was still on takeoff roll at full speed. I recognized that Aircraft X was at or near rotation speed; and I felt that telling them to abort takeoff would be more hazardous. With Aircraft Y crossing the middle of the runway; and Aircraft X ~1000 ft away; Aircraft X rotated and climbed over Aircraft Y.The pilot of Aircraft X responded 'That wasn't good' as he departed. We apologized; and switched them to departure. Aircraft Y also asked if they had made a mistake. Being a local pilot; I advised them that if we needed; we could get in touch with them; but we were looking into it. The GC controller recalled that he wasn't sure if he told Aircraft Y to hold short; and felt that he would have remembered if he did. After listening to the recording; we confirmed that GC told Aircraft Y to cross RyXY after the runway had already been transferred to LC. The memory aid for runway control was used properly to reflect this.We have a Runway Incursion Device that indicates 'ownership' of the runways. It was being used and correctly indicated the runways owned by LC at the time. Memory aids only work if we remember to pay attention to them. Additionally; Aircraft Y was following the instructions he was given; but it is prudent for pilots to verify a runway is clear before entering the runway. I have seen multiple instances where planes even identified other aircraft landing or taking off; asked about the aircraft over the radio; and continued to try to cross.",,,,"A Tower Local Controller reported their trainee cleared an aircraft for takeoff at the same time a taxiing aircraft had been cleared to cross the runway.",
2292615,202510,0601-1200,ORD.Airport,IL,,,0,,,VMC,,,,,,Ground ORD; Tower ORD,Air Carrier,Commercial Fixed Wing,,2,Part 121,IFR,Passenger,,Taxi,,,,,,,,,,,,,,,,,,,,,,,,,,,,,,Tower ORD,Air Carrier,Commercial Fixed Wing,,2,Part 121,IFR,Passenger,,,,,,,,,,,,,,,,,,,,,,,,,,,,Aircraft X,Flight Deck,Air Carrier,Pilot Flying; Captain,Flight Crew Instrument; Flight Crew Multiengine; Flight Crew Air Transport Pilot (ATP),,,,,,2292615,,,,,,,,,,,,ATC Issue All Types; Conflict Ground Conflict; Critical; Deviation / Discrepancy - Procedural Clearance,,,Person Flight Crew,Taxi,Flight Crew Took Evasive Action,Human Factors,Human Factors,"I am submitting this report to document a near-miss runway incursion incident that occurred during taxi operations from Chicago O'Hare International Airport (ORD) to ZZZ.After pushing back; we were instructed by Ground Control to taxi via B Lane. Upon reaching Spot 1; Ground Control directed us to follow a company aircraft (Aircraft Z) and advised that further instructions would follow.We were taxiing on a single engine when the preceding Aircraft Z switched to monitor Tower frequency. Aircraft Z then crossed Runway 28R via Taxiway N1. Subsequently; Ground Control instructed us to monitor Tower frequency as well. We complied; continuing to follow the prior instruction to trail Aircraft Z.As we approached Taxiway N1; I observed an aircraft [Aircraft Y] inbound left side approaching high speed on Runway 28C. I immediately stopped the aircraft precisely at the N1 hold-short line to avoid a potential incursion. Without delay; I directed the First Officer to contact Tower and clarify that our previous instructions were to follow Aircraft Z.This incident highlights a potential lack of coordination between Ground Control and Tower Control; which could have led to a runway incursion. Throughout the event; our crew maintained a high level of situational awareness by actively monitoring all relevant communications.I recommend reviewing communication protocols between Ground and Tower to prevent similar occurrences in the future.Please let me know if additional details are required.",,,,"Air carrier Captain reported a ground conflict at ORD airport requiring the Captain to immediately stop the aircraft short of the runway for a fast approaching aircraft on Runway 28C.",
2299448,202510,1801-2400,YIP.Airport,MI,,,0,,,,,,,4000,,Tower YIP,,Light Transport; Low Wing; 2 Turbojet Eng,,2,,IFR,Passenger,,Taxi,,,,,,,,,,,,,,,,,,,,,,,,,,,,,,Tower YIP,,Small Aircraft; Low Wing; 1 Eng; Fixed Gear,,,,,,,Takeoff / Launch,,Class D YIP,,,,,,,,,,,,,,,,,,,,,,,,Facility YIP.Tower,,Government,Ground,Air Traffic Control Fully Certified,Air Traffic Control Time Certified In Pos 1 (yrs) 8,,Confusion; Situational Awareness,,,2299448,,,,,,,,,,,,ATC Issue All Types; Conflict Ground Conflict; Critical; Deviation / Discrepancy - Procedural Other / Unknown; Ground Incursion Runway,,,Person Flight Crew,Taxi,Air Traffic Control Issued New Clearance; Air Traffic Control Provided Assistance; Flight Crew Became Reoriented,Chart Or Publication; Human Factors; Procedure,Chart Or Publication,"Aircraft X was told to taxi to RWY 5 via TWY G; A; B and the pilot read it back correctly. This route would not cause them to cross any RWY so a hold short instruction was not necessary.  Aircraft X then crossed RWY 5 at TWY G without authorization in front of Aircraft Y who was departing RWY 5.  My trainee and I did not notice the unauthorized crossing until the aircraft was on the RWY.A portion of TWY A was just opened and it is not on the charts even though it is allowed to be used.  Specifying to the pilot that portions of TWY A are uncharted might have alleviated some of the confusion for the pilot. The intersection of TWY A and TWY G is also in close proximity to RWY 5.  Even though we did have traffic; a more diligent scan when aircraft are on TWY G about to turn onto TWY A would have helped me to spot the aircraft as they were about to have a runway incursion and I could have had a better chance at stopping the incursion.",,,,"Tower Controller reported a runway incursion at YIP airport.  Reporter stated Taxiway A is not depicted on the airport charts which contributed to the event.",
