 ,Time,Time,Place,Place,Place,Place,Place,Place,Place,Environment,Environment,Environment,Environment,Environment,Environment,Aircraft 1,Aircraft 1,Aircraft 1,Aircraft 1,Aircraft 1,Aircraft 1,Aircraft 1,Aircraft 1,Aircraft 1,Aircraft 1,Aircraft 1,Aircraft 1,Aircraft 1,Aircraft 1,Aircraft 1,Aircraft 1,Aircraft 1,Aircraft 1,Aircraft 1,Aircraft 1,Aircraft 1,Aircraft 1,Aircraft 1,Aircraft 1,Aircraft 1,Aircraft 1,Aircraft 1,Aircraft 1,Aircraft 1,Aircraft 1,Aircraft 1,Aircraft 1,Aircraft 1,Aircraft 1,Aircraft 1,Component,Component,Component,Component,Aircraft 2,Aircraft 2,Aircraft 2,Aircraft 2,Aircraft 2,Aircraft 2,Aircraft 2,Aircraft 2,Aircraft 2,Aircraft 2,Aircraft 2,Aircraft 2,Aircraft 2,Aircraft 2,Aircraft 2,Aircraft 2,Aircraft 2,Aircraft 2,Aircraft 2,Aircraft 2,Aircraft 2,Aircraft 2,Aircraft 2,Aircraft 2,Aircraft 2,Aircraft 2,Aircraft 2,Aircraft 2,Aircraft 2,Aircraft 2,Aircraft 2,Aircraft 2,Aircraft 2,Aircraft 2,Aircraft 2,Person 1,Person 1,Person 1,Person 1,Person 1,Person 1,Person 1,Person 1,Person 1,Person 1,Person 1,Person 2,Person 2,Person 2,Person 2,Person 2,Person 2,Person 2,Person 2,Person 2,Person 2,Person 2,Events,Events,Events,Events,Events,Events,Assessments,Assessments,Report 1,Report 1,Report 2,Report 2,Report 1,
ACN,Date,Local Time Of Day,Locale Reference,State Reference,Relative Position.Angle.Radial,Relative Position.Distance.Nautical Miles,Altitude.AGL.Single Value,Altitude.MSL.Single Value,Latitude / Longitude (UAS),Flight Conditions,Weather Elements / Visibility,Work Environment Factor,Light,Ceiling,RVR.Single Value,ATC / Advisory,Aircraft Operator,Make Model Name,Aircraft Zone,Crew Size,Operating Under FAR Part,Flight Plan,Mission,Nav In Use,Flight Phase,Route In Use,Airspace,Maintenance Status.Maintenance Deferred,Maintenance Status.Records Complete,Maintenance Status.Released For Service,Maintenance Status.Required / Correct Doc On Board,Maintenance Status.Maintenance Type,Maintenance Status.Maintenance Items Involved,Cabin Lighting,Number Of Seats.Number,Passengers On Board.Number,Crew Size Flight Attendant.Number Of Crew,Airspace Authorization Provider (UAS),Operating Under Waivers / Exemptions / Authorizations (UAS),Waivers / Exemptions / Authorizations (UAS),Airworthiness Certification (UAS),Weight Category (UAS),Configuration (UAS),Flight Operated As (UAS),Flight Operated with Visual Observer (UAS),Control Mode (UAS),Flying In / Near / Over (UAS),Passenger Capable (UAS),Type (UAS),Number of UAS Being Controlled (UAS),Aircraft Component,Manufacturer,Aircraft Reference,Problem,ATC / Advisory,Aircraft Operator,Make Model Name,Aircraft Zone,Crew Size,Operating Under FAR Part,Flight Plan,Mission,Nav In Use,Flight Phase,Route In Use,Airspace,Maintenance Status.Maintenance Deferred,Maintenance Status.Records Complete,Maintenance Status.Released For Service,Maintenance Status.Required / Correct Doc On Board,Maintenance Status.Maintenance Type,Maintenance Status.Maintenance Items Involved,Cabin Lighting,Number Of Seats.Number,Passengers On Board.Number,Crew Size Flight Attendant.Number Of Crew,Airspace Authorization Provider (UAS),Operating Under Waivers / Exemptions / Authorizations (UAS),Waivers / Exemptions / Authorizations (UAS),Airworthiness Certification (UAS),Weight Category (UAS),Configuration (UAS),Flight Operated As (UAS),Flight Operated with Visual Observer (UAS),Control Mode (UAS),Flying In / Near / Over (UAS),Passenger Capable (UAS),Type (UAS),Number of UAS Being Controlled (UAS),Location Of Person,Location In Aircraft,Reporter Organization,Function,Qualification,Experience,Cabin Activity,Human Factors,Communication Breakdown,UAS Communication Breakdown,ASRS Report Number.Accession Number,Location Of Person,Location In Aircraft,Reporter Organization,Function,Qualification,Experience,Cabin Activity,Human Factors,Communication Breakdown,UAS Communication Breakdown,ASRS Report Number.Accession Number,Anomaly,Miss Distance,Were Passengers Involved In Event,Detector,When Detected,Result,Contributing Factors / Situations,Primary Problem,Narrative,Callback,Narrative,Callback,Synopsis,

84052,198803,1801-2400,INT; 8A7,NC,,10,,2000,,Mixed,1.25,,Night,1000,,TRACON GSO; Tower INT,Personal,Small Aircraft; High Wing; 1 Eng; Fixed Gear,,2,,None,Personal,,Cruise; Cruise; Initial Approach,Vectors,Class D INT; Class E GSO,,,,,,,,,,,,,,,,,,,,,,,,,,,,,,,,,,,,,,,,,,,,,,,,,,,,,,,,,,,,,,,,,Other Nonprofessional GA,Single Pilot; Pilot Flying,Flight Crew Private,Flight Crew Last 90 Days 25; Flight Crew Total 140; Flight Crew Type 70,,,,,84052,,,,Approach,Air Traffic Control Fully Certified,,,,,,,Deviation / Discrepancy - Procedural FAR; Inflight Event / Encounter VFR In IMC; Inflight Event / Encounter Weather / Turbulence,,,Person Flight Crew,,General None Reported / Taken,,Human Factors,"WAS GIVEN A WX BRIEFING OF MARGINAL VFR TO GOOD VFR; RAN OUT OF GOOD VFR INTO MARGINAL. ORIGINAL DEST UNCTLED AND COULD NOT GET IN DUE TO FOG. WENT TO INT; REQUESTED SPECIAL VFR (1 1/4 MI VIS) DUE TO MINIMUM FUEL. I HAD 40 MINS FUEL REMAINING; BUT THOUGHT GSB ARSA HAD TO HAVE A REASON FOR GRANTING A SPECIAL VFR INTO INT. ON FINAL I LOOKED TOWARD MY ORIGINAL DEST (AND IT WAS ONLY 15 NM AWAY); AND THOUGHT IT WAS BREAKING UP TO VFR. I PULLED UP AND TOLD TWR I WOULD CONTINUE ON TO 8A7 (DEST); BUT WHEN I GOT WITHIN 8 MI; IT WENT IFR AGAIN. I RETURNED TO INT BY RADAR VECTORS AND AGAIN REITERATED LOW FUEL STATUS AND LANDED. I SHOULD HAVE MADE 180 DEG TURN AND LANDED AT THE FIRST SIGN OF BELOW MARGINAL VFR. I ALSO WILL BE MORE DILIGENT ABOUT GETTING INSTRUMENT RATING.",,,,"GA SMA ENCOUNTERED IFR WX AND REQUIRED SPECIAL VFR CLRNC TO REACH ALTERNATE.",
90790,198807,1801-2400,SBY,MD,,4,,600,,Marginal,3,,Daylight,,,TRACON PXT,FBO,Small Aircraft; High Wing; 1 Eng; Fixed Gear,,2,,None,Training,,Other Pattern,,Class D SBY,,,,,,,,,,,,,,,,,,,,,,,,,,,,,,,,,,,,,,,,,,,,,,,,,,,,,,,,,,,,,,,,,Other Compensated GA,Instructor,Flight Crew Air Transport Pilot (ATP); Flight Crew Flight Instructor,Flight Crew Last 90 Days 100; Flight Crew Total 2800; Flight Crew Type 1500,,,,,90790,,,Other Nonprofessional GA,Trainee; Pilot Flying,Flight Crew Student,,,,,,,Deviation / Discrepancy - Procedural FAR; Inflight Event / Encounter Weather / Turbulence,,,Person Air Traffic Control,,General None Reported / Taken,,Human Factors,"I TOOK OFF ON A TRNING FLT WITH MY STUDENT FROM SBY. THE ACFT WE USED WAS AN SMA. AT TKOF TIME THE WX WAS 250-OVCST 3 MI IN HAZE. MY INTENDED AREA OF OPS WAS A PWR LINE 4 MI S OF THE FIELD AND BTWN 600-800' AGL. NO FLT PLAN WAS FILED AND WE WERE MONITORING THE AAS FREQ. AFTER 20-30 MINS OF GND REFERENCE MANEUVERS WE TURNED N TOWARD THE ARPT AND CALLED FLT SVC FOR AN ARPT ADVISORY; WHICH HE GAVE. IN ADDITION TO THE ADVISORY INFO; HE TOLD US TO 'HURRY ON IN HERE; WE'RE GOING TO CALL IT 2 1/2 MI IN HAZE.' AT THAT POINT I WAS WITHIN A MILE OF THE FIELD AND HAD IT IN PLAIN VIEW. UPON XING OVER RWY 14-32 ON OUR XWIND LEG FLT SVC CALLED BACK AND SAID; 'CONTACT PATUXENT APCH FOR A SPECIAL VFR.' I FELT IT WAS A LITTLE LATE TO BE CALLING APCH CTL FOR A SPECIAL VFR WHILE ON DOWNWIND OF MY LNDG APCH; BUT I CALLED ANYWAY. I WAS ANSWERED BY PATUXENT APCH WITH A PERFUNCTORY 'ACFT CALLING PATUXENT STANDBY.' AT THIS POINT I WAS TURNING BASE TO FINAL; AND IF THE WX OBSERVERS INSISTED ON CALLING THE VIS 2 1/2 INSTEAD OF 3; I FELT IT BEST TO ARGUE WITH THEM ON THE GND INSTEAD OF 'STANDING BY' ON THE AIR. AFTER LNDG I CALLED FLT SVC AND WAS TOLD THAT PATUXENT WANTED TO VIOLATE ME FOR BEING IN THE CTL ZONE W/O IFR OR SPECIAL VFR CLRNC. DURING THE ENTIRE 20-25 MIN FLT WE NEVER LEFT THE CTL ZONE. THERE WERE ABSOLUTELY NO CLOUDS IN THE AREA; ONLY HAZE. THE VIS IN MY OPINION HAD NOT DETERIORATED AT ALL. WE DID NOT SEE; MUCH LESS HAVE ANY CONFLICT WITH ANY OTHER ACFT DURING THE FLT.",,,,"VFR OPERATION WHEN VISIBILITY WAS REDUCED TO 2 PT 5 MILES.",
91365,198807,1201-1800,LAX,CA,,1,,900,,,1.5,,Daylight,600,,Tower LAX,Air Carrier,Helicopter,,1,,SVFR,Passenger,,Climb,Direct,Class B LAX,,,,,,,,,,,,,,,,,,,,,,,,,,,,,,,,,,,,,,,,,,,,,,,,,,,,,,,,,,,,,,,,,Other Compensated GA,Pilot Flying; Single Pilot,Flight Crew Flight Instructor; Flight Crew Instrument; Flight Crew Commercial; Flight Crew Air Transport Pilot (ATP),Flight Crew Last 90 Days 193; Flight Crew Total 5086; Flight Crew Type 554,,,,,91365,,,Government,Local,Air Traffic Control Fully Certified,,,,,,,Other Unspecified,,,Person Flight Crew,,Air Traffic Control Issued New Clearance,,Weather,"I CALLED HELI CTL 119.8 AT LAX; ASKED FOR A 'N SEPULVEDA.' THE FEMALE CTLR TOLD ME THAT THE FIELD WAS IFR; 600' OVCST OR BROKEN (I DON'T REMEMBER); AND ISSUED VIS; WHICH I AM NOT SURE I RECALL--W IT WAS 1 1/2 MI; E IT WAS 25-50. SHE CLRED ME SPECIAL VFR; UNDER THE CEILING; WHICH WAS DANGEROUS IN MY OPINION; BECAUSE OF JET WAKE TURB IN THE VICINITY OF THE RWYS WOULD REQUIRE FLT BTWN BLDGS. A JET WAS ON FINAL APCH TO RWY 25 COMPLEX. I TOLD HER I WAS IN VFR FLT CONDITIONS AND WOULD PREFER TO CLB SE OF THE ARPT TO 'VFR OVER THE TOP' ON THE N SEPULVEDA. STRATUS CLOUD TOPS WERE AT 1100-1200. I PROCEEDED TO CLB AND AT 900' MSL I MAY HAVE REPEATED THE REQUEST. AT MY LOCATION AND TO THE E OF AVIATION BLVD IT WAS VFR. SHE RESPONDED WITH; 'AH; AH.' I INSISTED; BY SAYING; 'COME ON!' SHE SAID; 'ROGER.' I CONTINUED IN VFR TO VFR OVER THE TOP ALONG THE SEPULVEDA ROUTE N; PROCEEDED TO QUOTE FAR 91.107B;C;D; AND WHERE THE OVCST ENDED AND SCATTERED CLOUDS BEGAN. SHE CALLED MY CHIEF PLT. SMO TWR HAD NO PROB WITH THE SAME REQUEST; BY THE WAY; AND REPLIED; 'CLRED AS REQUESTED.' CALLBACK CONVERSATION WITH RPTR REVEALED THE FOLLOWING: 'SPECIAL ROUTING FOR THE HELI OPERATION HAS BEEN SET UP. RPTR FEELS VERY STRONGLY TO PROCEED AS ORIGINALLY CLRED WOULD HAVE BEEN MUCH MORE HAZARDOUS. HIS CHIEF PLT DID COUNSEL HIM THAT HE SHOULD NOT BE SO AGGRESSIVE IN REQUESTING A CHANGE IN CLRNC. RPTR TALKED WITH THE CTLR AND COULD NOT GET A POSITIVE RESPONSE AS TO WHY THE REQUEST WAS DENIED. NO ACTION TAKEN BY THE FAA AND THE INCIDENT IS CLOSED.",,,,"HELICOPTER WAS REFUSED CLRNC TO CLIMB ON TOP VFR AND PROCEED ON APPROVED ROUTING IN TCA AT A HIGHER ALT.",
94256,198809,1201-1800,SNS,CA,,4,,3500,,VMC,2,,Daylight,,,Tower SNS,FBO,Small Aircraft; High Wing; 1 Eng; Fixed Gear,,2,,None,Personal,,Descent; Descent,,Class G SNS,,,,,,,,,,,,,,,,,,,,,,,,,,,,,,,,,,,,,,,,,,,,,,,,,,,,,,,,,,,,,,,,,Other Nonprofessional GA,Pilot Flying; Single Pilot,Flight Crew Private,Flight Crew Last 90 Days 55; Flight Crew Total 140,,,,,94256,,,Other Nonprofessional GA,Other,Flight Crew Private,,,,,,,Aircraft Equipment Problem Critical; Inflight Event / Encounter CFTT / CFIT; Other Unspecified,,,Person Flight Crew,,Aircraft Aircraft Damaged; General None Reported / Taken; General Declared Emergency,,Human Factors,"LEFT BROWN (SDM) FIELD (SAN) AT APPROX XA50 TO PALOMAR (CRQ). LEFT PALOMAR WITH COPLT AT XB20 ON A PLEASURE FLT. NO FLT PLAN. BOTH PLT AND COPLT AGREED NOT TO FLY PAST 3 FLT HRS ON THE HOBBS METER FOR FUEL MGMNT PURPOSES. ROUTE OF FLT CEQ; RADAR FOLLOW TO THE LAX VFR CORRIDOR; BURBANK APCH. RADAR FOLLOW TO V485 DIRECT; FOLLOWS VOR DIRECT; PASO ROBLES VOR; DIRECT ON V25 TO SALINAS. DSNDING OUT OF 8500' FOR THE APCH INTO SALINAS; WE NOTICED THAT AN ENTIRE HR HAD SOMEHOW ELUDED US. REALIZING OUR MISTAKE; WE ASKED FOR A SPECIAL VFR CLRNC INTO SALINAS WHICH WAS NOW IFR. PERMISSION WAS GRANTED AND WE DSNDED TO 3500'. THE ENG STARTED TO COUGH; BUT WE ASSUMED IT WAS CARB ICE. AT 3300'; WE KNEW WE HAD RUN OUT OF GAS. THE TWR WAS NOTIFIED AND THEY ASKED FOR POS RPTS. WE WERE NOT FAMILIAR WITH THE AREA AND WE ASSUMED BY THE CTLR'S COMMENTS THAT WE WERE JUST OFF THE S SIDE OF THE RWY. WE LOST 2500'; HOPING THE RWY WOULD MATERIALIZE. IT DID NOT. AT 800'; I TOOK CTL OF THE AIRPLANE FROM THE F/O AND PROCEEDED WITH AN EMER PROC AND LNDG. BOTH PLTS COMPLETELY LOST TRACK OF FUEL MGMNT. WE HAD BOTH DECIDED NOT TO FLY OVER 3 HRS IN FLT W/O REFUELING. WE HAD EXPERIENCED SOME PRETTY TOUGH TURB THAT LAST HR AND A HALF AND WHILE I WAS DOING PROGRESS RPTS; VOR TRACKING AND INTXNS; THE F/O WAS CONCENTRATING ON THE FLYING END OF IT. TO TELL YOU THE TRUTH; I HAVE NO IDEA HOW THE INCIDENT EVER MATERIALIZED. I AM VERY CONSERVATIVE IN MY FLYING AND NEVER ENDANGER THE LIVES OF OTHERS OR TAKE CHANCES. THE F/O AND I ARE MYSTIFIED AS TO SUCH AN OCCURRENCE EVER HAPPENING. HOWEVER; IT IS IMPORTANT TO NOTE THAT DESPITE THE FACT THAT WE SAID WE WERE NOT GOING TO FLY OVER 3 HRS; WE REPEATEDLY SAW THE GAS METERS RPTING PLENTY OF FUEL LEFT IN EACH TANK; ONE QUARTER TO BE EXACT. CALLBACK CONVERSATION WITH RPTR REVEALED THE FOLLOWING. ACFT WAS LANDED IN FIELD 4 MI S OF SNS ARPT; TOTALED. NO INJURIES. DISMANTLED AND TRUCKED OUT OF FIELD. RPTR WAS REQUIRED TO TAKE AN FAA FLT CHK AND HAS HEARD NOTHING FURTHER FROM THE FAA. DSCNT WAS MADE CLR OF CLOUDS; VIS WAS REDUCED. RPTR BUILDING TIME ON EXTENDED CROSS COUNTRY AND LOST COMPLETE TRACK OF TIME.",,,,"ACFT ON CROSS COUNTRY RAN OUT OF FUEL AND LANDED IN FIELD. NO INJURIES BUT ACFT DESTROYED.",
95510,198810,1801-2400,OAK,CA,,3,,400,,IMC,5,,Dusk,900,,Tower OAK,Personal,Small Transport; Low Wing; 2 Recip Eng,,1,,IFR,Passenger,,Initial Approach,,Class C OAK; Class D OAK,,,,,,,,,,,,,,,,,,,,,,,,,,,,,,Small Aircraft; High Wing; 1 Eng; Fixed Gear,,1,,,,,Descent; Descent,,,,,,,,,,,,,,,,,,,,,,,,,,,,Other Nonprofessional GA,Pilot Flying; Single Pilot,Flight Crew Instrument; Flight Crew Private,Flight Crew Last 90 Days 40; Flight Crew Total 2000; Flight Crew Type 600,,,,,95510,,,Other Unknown GA,Single Pilot; Pilot Flying,,,,,,,,Conflict NMAC; Deviation / Discrepancy - Procedural Clearance,Horizontal 150; Vertical 450,,Person Air Traffic Control,,Air Traffic Control Issued New Clearance; Flight Crew Took Evasive Action,,Human Factors,"BROKE OUT ON ILS AT ABOUT 900' (RAGGEDY OVCST 850-950') WHEN TWR CALLED A SMA Y; 'SMA Y...TFC ALERT TURN LEFT IMMEDIATELY...YOUR INSTRUCTIONS WERE TO REMAIN N OF OAKLAND.' (I HAD NO TFC IN SIGHT.) I LOOKED FOR TFC; A HIGH WING SMA Y BROKE OUT OF THE CLOUDS ABOVE US IN A TURN TO THE LEFT (HIS LEFT) AND DISAPPEARED INTO THE SCUD. CLEARLY NOT LEGAL VFR NOR LEGAL SPECIAL VFR. I DIDN'T HEAR ANY FURTHER CONVERSATION WITH HIM AND TWR THANKED ME FOR BEING ALERT. MY INITIAL REACTION WAS TO NOT CAUSE A FUSS ABOUT THIS; BUT I'M SENDING THIS RPT BECAUSE IN FACT TWR HAD RADAR ON LINE AND APPARENTLY FAILED TO PROTECT MY AIRSPACE DURING THE APCH. HE COULD HAVE KILLED ME. HE WAS NOT IN AN APPROPRIATE SECTOR NOR AT AN APPROPRIATE ALT AND I DON'T KNOW IF HE HAD A SPECIAL VFR CLRNC OR NOT. MAYBE YOU CAN LEARN HOW THIS CONFLICT CAME ABOUT!",,,,"SMA DESCENDED THROUGH CLOUDS WITHOUT CLRNC AND HAD CLOSE PROX WITH SMT ON ILS APCH. TWR INTERVENED AND SMT TOOK EVASIVE ACTION.",
95524,198810,1801-2400,NGZ,CA,,3,,1000,,VMC,10,,Daylight,1500,,TRACON OAK,Air Carrier,Small Transport; Low Wing; 2 Recip Eng,,1,,VFR,Cargo / Freight / Delivery,,Cruise; Cruise,,Class D NGZ,,,,,,,,,,,,,,,,,,,,,,,,,,,,,,,,,,,,,,,,,,,,,,,,,,,,,,,,,,,,,,,,,Air Carrier,Pilot Flying; Single Pilot,Flight Crew Commercial; Flight Crew Instrument,Flight Crew Last 90 Days 200; Flight Crew Total 2550; Flight Crew Type 500,,,,,95524,,,Government,,Air Traffic Control Fully Certified,,,,,,,Other No Specific Anomaly Occurred,,,Person Other Person,,,,Weather,"THERE WAS A BROKEN TO OVCST LAYER OVER THE BAY AREA; TFC (IFR) WAS BACKED UP FOR 20 MINS. I DSNDED BELOW THE LAYER NEAR NAPA COUNTY ARPT; RPTING 2200' BROKEN AND 10 MI; CLEAR SKIES TO THE NW; DECIDING THAT IT WOULD BE QUICKER TO GET INTO OAK VFR. OAK WAS RPTING 1500' OVCST AND 10 MI VIS. I WAS FOLLOWING THE FREEWAY (880) S AT 1000-1200' MSL. I WAS TOLD BY BAY APCH TO STAY 3 MI N OF ALAMEDA NAS; WHICH I COMPLIED. UPON LNDG IN OAK I HEARD ANOTHER ACFT ON OAK TWR FREQ ASKING FOR A SPECIAL VFR THROUGH THE ALAMEDA CTL ZONE. THIS MEANS THAT ALAMEDA MUST HAVE BEEN RPTING LESS THAN A 1000' CEILING. I WAS FLYING AT 1000' WITH THE CEILING WELL ABOVE ME AND EXCELLENT VIS. AFTER HEARING THE OTHER ACFT RECEIVE THE SPECIAL VFR; I ASSUMED THAT I MUST HAVE FLOWN THROUGH THE ALAMEDA CTL ZONE WHEN THEY WERE RPTING LESS THAN VFR MINIMUMS; ALTHOUGH IT WAS OBVIOUSLY ABOVE THOSE MINIMUMS TO ME WHILE TRANSITIONING THE AREA. SO; I'M NOT SURE; BUT I MAY HAVE BEEN IN A CTL ZONE THAT WAS RPTING LESS THAN VFR MINIMUMS W/O A SPECIAL VFR CLRNC. NO REF TO THIS EVENT WAS MADE OVER THE RADIO BY BAY APCH OR OAK TWR. CALLBACK CONVERSATION WITH RPTR REVEALED THE FOLLOWING: RPTR STATES THAT NOBODY EVER QUESTIONED HIS ACTIONS. HE MERELY QUESTIONED BECAUSE OF HEARING REQUEST FOR SPECIAL VFR CLRNC AFTER LNDG. COMPANY REQUESTS USE OF VFR WHENEVER POSSIBLE TO SAVE TIME.",,,,"QUESTIONED CTL ZONE PENETRATION.",
96268,198810,0601-1200,CDW,NJ,,,,600,,Mixed,,,Daylight,,,Tower CDW,Personal,Small Aircraft; High Wing; 1 Eng; Fixed Gear,,1,,SVFR,Training,,Climb; Initial Climb,,Class D CDW,,,,,,,,,,,,,,,,,,,,,,,,,,,,,,,,,,,,,,,,,,,,,,,,,,,,,,,,,,,,,,,,,Other Nonprofessional GA,Passenger,,,,,,,96268,,,Other Nonprofessional GA,Pilot Flying; Single Pilot,,,,,,,,Deviation / Discrepancy - Procedural FAR; Deviation / Discrepancy - Procedural Clearance; Inflight Event / Encounter VFR In IMC; Inflight Event / Encounter Weather / Turbulence,,,Person Flight Crew,,,,Human Factors,"THE PLT REQUESTED SPECIAL VFR CLRNC. THE TWR GAVE THIS; FOLLOWED BY A SPECIFIC ALT FOR EXITING THE CTL ZONE: 1500'. ON CLBOUT; A FEW HUNDRED FEET ABOVE THE SURFACE; A THIN LAYER OF CLOUD (MIST) CAUSED A BRIEF PERIOD OF IFR CONDITIONS (600-800'). THE PLT RPTED THE CLOUD PRESENCE TO THE TWR WHILE TURNING OUT OF THE CLOUDS AND CONTINUING CLBOUT IN A CLOUD FREE AREA. THE TWR SHOULD HAVE KNOWN OF THIS CLOUD LAYER; AND SHOULD NOT HAVE GIVEN AN SVFR CLRNC FOR THAT RWY.",,,,"SMA FLEW INTO IMC WHILE DEPARTING WITH A SVFR CLRNC.",
97400,198811,1201-1800,POM; EMT,CA,257,7,,2000,,IMC,2.5,,Daylight,3500,,TRACON ONT,Personal,Small Aircraft; High Wing; 1 Eng; Fixed Gear,,1,,IFR,Personal,,Initial Approach,Vectors; Other Arrival,Class E ONT,,,,,,,,,,,,,,,,,,,,,,,,,,,,,,,,,,,,,,,,,,,,,,,,,,,,,,,,,,,,,,,,,Other Nonprofessional GA,Pilot Flying; Single Pilot,Flight Crew Instrument; Flight Crew Private,Flight Crew Last 90 Days 42; Flight Crew Total 1014; Flight Crew Type 800,,,,,97400,,,Government,Approach,Air Traffic Control Fully Certified,,,,,,,Deviation - Altitude Excursion From Assigned Altitude; Deviation / Discrepancy - Procedural Clearance; Deviation / Discrepancy - Procedural Published Material / Policy; Inflight Event / Encounter CFTT / CFIT,,,Person Air Traffic Control,,Flight Crew Returned To Clearance,,Human Factors,"UPON ARR AT EMT ON A VFR FLT; ATIS WAS CALLING SKY PARTIALLY OBSCURED; 2 1/2 MI IN SMOKE AND HAZE. (TOP OF HAZE LAYER WAS ABOUT 3500' AND VIS AT THAT ALT WAS 20-30 MI.) AT 4000'; AND OVER THE FIELD; I RPTED TO EMT TWR AND REQUESTED A SPECIAL VFR CLRNC INTO EMT. TWR NOTIFIED ME THAT THERE WERE AT LEAST 4 OTHER ACFT CIRCLING VFR ABOVE THE FIELD WAITING FOR SPECIALS AND THERE WOULD BE AT LEAST A 20 MIN DELAY; OR LONGER BEFORE I COULD EXPECT A CLRNC TO LAND. I THEN CONTACTED ONT APCH AND AFTER SEVERAL STANDBYS I REQUESTED AND RECEIVED THE VOR A APCH INTO EL MONTE; WITH RADAR VECTORS TO THE FINAL APCH COURSE. ALTHOUGH I AM RATED AND CURRENT FOR IFR; I HAVE LOGGED LESS THAN 4 HRS ACTUAL; AND MOST OF MY APCHS HAVE BEEN UNDER THE HOOD. YESTERDAY'S PROBS BEGAN AFTER XING THE VOR AND THEN STARTING MY DSCNT TOO SOON; RECEIVING A LOW ALT ALERT; BEFORE XING THE FINAL APCH FIX. IN RETROSPECT; MY LACK OF ACTUAL IFR APCHS RESULTED IN MY LOOKING OUT THE WINDOW IN WHAT WAS ALMOST VFR CONDITIONS FOR FAMILIAR LANDMARKS; AND NOT STAYING ON THE INSTRUMENTS AS I SHOULD. I WOULD HAVE MADE A BETTER APCH YESTERDAY IF I HAD WORN MY HOOD; AND STAYED INSIDE THE COCKPIT RATHER THAN LOOKING OUT THE WINDOW AND FACING THE SUN THROUGH THE SMOG. FOR HELP IN SIMILAR SITUATIONS; I PLAN ON RIDING WITH AN INSTR AND MAKING A SERIES OF APCHS; VFR; W/O THE HOOD. I NEED TO GET USED TO THE IDEA OF GOING DOWN TO MINIMUMS W/O LOOKING OUT THE WINDOW TO SEE HOW THINGS ARE GOING.",,,,"GA SMA ALT DEVIATION EXCURSION FROM CLRNC ALT DESCENT BELOW CHARTED ALT BEFORE CROSSING FAF.",
99872,198811,1201-1800,BET,AK,330,,,2000,,Mixed,2,,Night,18000,,Tower BET,Air Taxi,Small Aircraft; Low Wing; 1 Eng; Retractable Gear,,1,,None,Passenger,,Cruise; Cruise; Initial Approach,,Class E BET,,,,,,,,,,,,,,,,,,,,,,,,,,,,,,,,,,,,,,,,,,,,,,,,,,,,,,,,,,,,,,,,,Air Taxi,Pilot Flying; Single Pilot,Flight Crew Commercial; Flight Crew Instrument,Flight Crew Last 90 Days 100; Flight Crew Total 3000; Flight Crew Type 100,,,,,99872,,,Government,Local,Air Traffic Control Fully Certified,,,,,,,Deviation / Discrepancy - Procedural FAR; Inflight Event / Encounter Other / Unknown; Other Unspecified,,,Person Flight Crew,,,,Human Factors,"I DEPARTED ST MARYS AT XA55 LCL TIME FOR BETHEL. IT WAS 30 MINS BEFORE CIVIL; BETHEL WAS RPTING GOOD VFR. I WAS IN CAVU IN ST MARYS. I REACHED THE CTL ZONE AT APPROX CIVIL. THE TWR AT THAT TIME WAS CALLING 18000 FT OVCST AND 2 MI VISIBILITY DUE TO ICE CRYSTALS. SPECIAL VFR CLRNCS WERE BEING ISSUED. WE HELD OUT OF THE ZONE AND WERE ISSUED A SPECIAL AT APPROX XB00. I WAS ON A 135 VFR FLT; COMPANY POLICY IS NO SPECIALS AFTER CIVIL UNLESS THE PLT IS IFR CURRENT AND ACFT MEETS NIGHT VFR REGS. I'M IFR CURRENT AND THE ACFT MET NIGHT VFR REQUIREMENTS; BUT AFTER READING 91.171 THE ACFT MUST ALSO BE IFR. SOLUTION IS TO GET THE COMPANY TO RESEARCH ITS POLICY AND I WILL NOT ACCEPT ANYTHING LESS THAN BASIC VFR AT NIGHT. I WOULD APPRECIATE ANY COMMENTS OR INTERPRETATIONS YOU MAY HAVE IN THE AREAS OF VFR FLT INTO A CTL ZONE AFTER CIVIL 135. CALLBACK CONVERSATION WITH RPTR REVEALED THE FOLLOWING: COMPANY HAS HAD A GENERAL PLT REVIEW OF FAR AND THEY HAVE ELECTED NOT TO FLY UNDER SPECIAL VFR CONDITIONS. AT ONE TIME THE FAA PERMITTED THE RETURN FLT TO BE OPERATED UNDER PART 91 SINCE NO PAX WERE ON BOARD BUT NOW THEY ARE REQUIRING THE ENTIRE FLT COMPLY WITH PART 135. ACFT ARE EQUIPPED FOR IFR FLT WITH THE EXCEPTION OF THE REQUIRED CHK OF THE STATIC SYS. FAA HAS NOT INVESTIGATED THE RPTED INCIDENT.",,,,"ACCEPTED SPECIAL VFR CLRNC WHEN ACFT NOT QUALIFIED IFR.",
101500,198901,0601-1200,EVV,IN,180,5,,700,,,5,,Daylight,700,,TRACON EVV; Tower EVV,Personal,Small Aircraft; Low Wing; 1 Eng; Fixed Gear,,1,,SVFR,Personal,,Takeoff / Launch; Landing; Landing,,Class C EVV; Class D EVV,,,,,,,,,,,,,,,,,,,,,,,,,,,,,,,,,,,,,,,,,,,,,,,,,,,,,,,,,,,,,,,,,Other Nonprofessional GA,Pilot Flying; Single Pilot,Flight Crew Private,Flight Crew Last 90 Days 21; Flight Crew Total 158; Flight Crew Type 21,,,,,101500,,,Government,Local,Air Traffic Control Fully Certified,,,,,,,Deviation / Discrepancy - Procedural Clearance; Inflight Event / Encounter Weather / Turbulence; Inflight Event / Encounter VFR In IMC,,,Person Flight Crew,,Flight Crew Regained Aircraft Control; Flight Crew Became Reoriented; Flight Crew Executed Go Around / Missed Approach,,Human Factors,"I CALLED THE LCL U.S. WX BUREAU OFFICE AT THE EVV AND WAS TOLD THAT TIME AT THAT THERE WAS A MEASURED 800' CEILING; IT WAS OVCST AND VISIBILITY WAS 5 MI WITH FOG. THE WIND WAS 300 AT 10 KTS. THE CEILING WAS FORECAST TO BE 1200' OVCST WITH 5 MI VISIBILITY AND FOG. I HAD THE TANKS FILLED TO THE TABS BY THE FBO AND I PREFLTED THE PLANE. WE STARTED THE PLANE ENG AND I LISTENED TO ATIS AND CONTACTED CLRNC DELIVERY AND TOLD THEM I WANTED TO FLY TO SKYLANE. CLRNC DELIVERY TOLD ME THEY WOULD APPROVE A SPECIAL VFR AND I SHOULD CONTACT GND CTL FOR THE CLRNC. I CONTACTED GND CTL AND THEY GAVE ME A SPECIAL VFR CLRNC AND SAID TO STAY BELOW 2500' AND GAVE ME A XPONDER CODE TO USE; AND WAS TOLD TO REMAIN ON THE CTL TWR FREQ 118.70. I MADE THE ENG RUN UP AND ADVISED THE CTL TWR THAT I WAS READY FOR TKOF ON RWY 36. I TOOK OFF; MADE A LEFT TURN OUT AT 600' MSL AND RETRACTED THE FLAPS AND I OBSERVED WE WERE FLYING AT THE BASE OF THE CLOUD LAYER (200' AGL) AND THE CEILING AND THE VISIBILITY WERE NOT WHAT I WAS TOLD TO EXPECT. I DON'T THINK I WAS OFF THE GND FOR MORE THAN 1 MIN; WHEN I CALLED THE CTL TWR AND TOLD THEM I WAS IN A VERY MARGINAL VISIBILITY SITUATION AND WANTED TO RETURN TO EVV AND LAND. I MAY HAVE SAID I WANTED TO LAND ON RWY 36. THEY TOLD ME OR ADVISED ME TO FLY A SOUTHERLY HDG (I THINK 180 DEGS). I FLEW THE SOUTHERLY HDG AND TOLD THEM I COULD NOT SEE THE ARPT SINCE I WAS SUDDENLY ENGULFED IN A CLOUD. I WAS TRYING TO STAY AT 600 TO 700' MSL WHEN THE CTLR TWR ADVISED ME TO CLB TO 2500' MSL AND GAVE ME A HDG OF 270 DEGS AND WE FOUND A VFR SPACE BTWN THE CLOUD LAYERS. I TOLD THE TWR WE WERE FLYING OVER SOME GOOD SIZE HOLES IN THE CLOUD LAYER THAT I COULD DSND THROUGH; BUT THE TWR DID NOT THINK THAT WAS A GOOD IDEA BECAUSE THE CEILING WAS PROBABLY NOT ANY BETTER AT THE HOLES THAN IT WAS JUST W OF THE ARPT. ABOUT THIS TIME I ADVISED CHANGED TO APCH AND ADVISED THAT I HAD THE RADIO EQUIP; INCLUDING A G/S TO USE THE ILS ON RWY 22; IF THEY WOULD GIVE ME VECTORS FOR AN APCH; APCH SAID THEY UNDERSTOOD MY PLANE WAS IFR EQUIPPED AND THEY ASKED ME IF I WAS IFR RATED. I ADVISED APCH THAT I WAS NOT IFR RATED; BUT WAS CURRENTLY ENROLLED IN AN IFR GND SCHOOL AND HAD FLOWN IN THE RIGHT HAND SEAT DURING 2 INSTR APCHES AND WAS FAMILIAR WITH THE FREQS THAT HAD TO BE SET ON THE NAV RADIOS TO USE THE ILS ON RWY 22. APCH ADVISED ME THEY WERE GOING TO CALL AND SEND AN INSTR TO THE TWR TO GIVE ME SOME ASSISTANCE. I AGREED THAT WAS A VERY GOOD IDEA. AFTER SEVERAL MINS APCH ADVISED ME TO CHANGE TO ANOTHER FREQ--I BELIEVE TO 120.95; AND IT WAS AGREED THAT APCH AND THE INSTR WOULD GIVE ME RADAR VECTORS AN GUIDANCE TO ATTEMPT A LETDOWN THROUGH THE CLOUD LAYER USING THE ILS ON RWY 22. ONE APCH WAS ATTEMPTED; BUT MY GYRO COMPASS WAS ACTING UP; AND EVEN WITH TURN ADVISORIES I WAS UNABLE TO STAY ON THE LOC AND I WAS ADVISED TO ABANDON THE ATTEMPTED APCH. I WAS ADVISED TO CLB BACK TO 2500' MSL AND FIND THE VFR SPACE BTWN THE CLOUD LAYERS. WHILE CLBING AND TURNING I BELIEVE THE ATTITUDE INDICATOR MAY HAVE ACTED UP AND/OR I HAD SOME SPATIAL DISORIENTATION. I HAD TO RECOVER FROM A BRIEF NOSE-LOW UNUSUAL ATTITUDE SITUATION AN GOT THE AIRPLANE STABILIZED. I OBSERVED A RELATIVELY LARGE HOLE IN THE CLOUD LAYER WHILE AT 2500' MSL AND ADVISED APCH AND THE INSTR THAT I WOULD LIKE TO DSND THROUGH THE HOLE AND SEE WHAT THE CEILING WAS AT THE HOLE. APCH ADVISED ME TO PROCEED AT MY DISCRETION. I FLEW THROUGH THE HOLE AND FOUND THE CEILING WAS 1200' MSL AND ADVISED APCH THAT I WAS HEADED S TOWARD THE ARPT. THEY GAVE ME RADAR VECTORS AND I TURNED THE ADF RADIO TO 284; THE FREQ FOR THE NDB AT THE ARPT. APCH ASKED ME IF I WANTED TO LAND ON RWY 18; BUT I ADVISED THEM I PREFERRED RWY 22 AND THEY ADVISED ME I WAS CLRED TO LAND ON RWY 22.",,,,"PLT PLT ACCEPTED SPECIAL VFR CLRNC; THEN UNABLE MAINTAIN VFR.",
102144,198901,0601-1200,NEW,LA,,5,,900,,,5,,Daylight,900,,Tower NEW,Personal,Small Aircraft; High Wing; 1 Eng; Fixed Gear,,1,,SVFR; None,Personal,,Cruise,,Class E MSY,,,,,,,,,,,,,,,,,,,,,,,,,,,,,,,,,,,,,,,,,,,,,,,,,,,,,,,,,,,,,,,,,Other Nonprofessional GA,Single Pilot,Flight Crew Flight Instructor; Flight Crew Commercial; Flight Crew Air Transport Pilot (ATP); Flight Crew Instrument,Flight Crew Last 90 Days 100; Flight Crew Total 6550; Flight Crew Type 125,,,,,102144,,,Government,Local,Air Traffic Control Fully Certified,,,,,,,Deviation / Discrepancy - Procedural FAR,,,Person Flight Crew,,General None Reported / Taken,,Human Factors,"SPECIAL VFR CLRNC S DEP REQUESTED FROM LAKEFRONT GND CTLR. ADVISED UNABLE S DEP AND OFFERED SE OR SW. SW DEP IN SPECIAL VFR CONDITIONS WHILE IN THE CTL ZONE AT OR BELOW 1500' WAS REQUESTED AND RECEIVED. NO IFR CLRNC OR CLRNC TO ENTER THE NEW ORLEANS TCA WAS REQUESTED OR RECEIVED. NO FLT PLAN WAS FILED. LAKEFRONT ATIS RPTED CEILING 900' VARIABLE AND VISIBILITY 5 MI. THE ACFT WAS NOT IFR EQUIPPED. VFR SECTIONAL AND NEW TERMINAL CHARTS WERE ON BOARD. THE ACFT WAS FLOWN FROM LAKEFRONT ARPT TO THE CITY PARK AREA; THEN S TOWARD WESTWEGO ARPT; THENCE THE VIOLATION(S) OCCURRED WHILE CLR OF THE LAKEFRONT CTL ZONE; BELOW THE AREA TCA FLOOR OF 2000'; WITHIN THE TRANSITION AREA TYPE AIRSPACE; AND OVER THE CONGESTED AREA OF THE CITY S OF CITY PARK. AT THIS POINT A CONFLICT AROSE AS TO THE REQUIREMENTS OF FAR 91.79(B) AND FAR 91.105(A). HAD I MAINTAINED AN ALT OF 1000' TO SATISFY 91.79(B) (MINIMUM ALT OVER A CONGESTED AREA) REQUIREMENT I WOULD HAVE VIOLATED THE FAR 91.105(A) REQUIREMENT TO REMAIN 500' BELOW THE CLOUDS. HAD I MAINTAINED BELOW 700' (IN UNCONTROLLED AIRSPACE) WHERE I COULD SATISFY THE 91.105(A) REQUIREMENT FOR 1 MI VISIBILITY AND CLR OF CLOUDS; I WOULD THEN VIOLATE 91.79(B). AS IT HAPPENED; I REMAINED TOO HIGH AND TOO LOW TO SATISFY EITHER FAR'S REQUIREMENT: 900'. PROBABLE CAUSE OF THE VIOLATION WAS INADEQUATE PREFLT PLANNING: A SNAP DECISION BASED SOLELY ON THE MOST DIRECT ROUTE TO DEST AND FAILURE TO CONSIDER ALT/WX REQUIREMENTS ONCE CLR OF THE LAKEFRONT CTL ZONE.",,,,"SMA FLEW TOO CLOSE TO THE GND AND ALSO TOO CLOSE TO CLOUDS IN CONTROLLED AIRSPACE.",
103848,198902,0601-1200,MIV,NJ,,5,,1500,,,8,,Daylight,1600,,FSS MIV,FBO,Small Aircraft,,1,,None; SVFR,Training,,Cruise; Cruise,,Class D MIV,,,,,,,,,,,,,,,,,,,,,,,,,,,,,,,,,,,,,,,,,,,,,,,,,,,,,,,,,,,,,,,,,Other Nonprofessional GA,Pilot Flying; Trainee,Flight Crew Commercial; Flight Crew Instrument,Flight Crew Last 90 Days 60; Flight Crew Total 425; Flight Crew Type 425,,,,,103848,,,Other Unknown GA,Instructor,Flight Crew Flight Instructor,Flight Crew Total 16000,,,,,,Deviation / Discrepancy - Procedural Clearance; Deviation / Discrepancy - Procedural FAR,,,Person Air Traffic Control,,General None Reported / Taken,,Human Factors,"THIS TRNING FLT ORIGINATED AT N87. AN IFR FLT PLAN HAD BEEN FILED FROM N87 TO MIV. THE INSTR ON THIS FLT WAS A CFI/CFII WITH 16000 HRS FLYING TIME BUT NO CURRENT MEDICAL. HE HAD BEEN GIVEN A WAIVER BY THE FAA TO INSTRUCT IN ALL BUT PRIMARY STUDENT CASES BECAUSE TECHNICALLY THE INSTR COULD NOT ACT AS PIC. THE STUDENT (THIS WRITER) IS WORKING ON A CFI. THE WX WAS FORECAST IFR BY MILLVILLE FSS AND IFR FLT RULES WERE IN EFFECT. DURING THE FLT TO MILLVILLE VFR WX WAS ENCOUNTERED BELOW A SCATTERED 1600' CEILING WITH VISIBILITY 8 MI OR MORE. UPON ARR AT MIV; AND UNCONTROLLED ARPT WITH AN FSS ADVISORY SVC; A REQUEST WAS MADE BY THE INSTR PLT FOR A VFR DEP BACK TO N87. FSS ADVISED THAT IFR RULES WERE IN EFFECT. THE INSTR REQUESTED AND RECEIVED A SPECIAL VFR DEP AND WAS TOLD BY FSS TO RPT WHEN CLR OF THE ARPT CTL ZONE. APPROX 5 MI TO THE NNE OF MIV THE INSTR PLT CALLED FSS MILLVILLE AND A RADIO CONVERSATION BTWN THE ACFT AND FSS BRIEFER TOOK PLACE. THIS WRITER COULD ONLY HEAR ONE SIDE OF THE CONVERSATION DUE TO THE ACFT NOISE. NEITHER PLTS WERE WEARING HEADSETS. THE WX WAS VFR DURING THE ENTIRE FLT BACK TO N87 WITH CEILING 1600 SCATTERED OR BETTER AND 8 MI VISIBILITY. AFTER ARRIVING AT N87 THE FBO INSTRUCTED ME TO CONTACT FSS; MILLVILLE AND ACY APCH CTL VIA TELEPHONE REF FAILURE TO RPT CLR OF THE CTL ZONE. THIS WRITER WAS THE STUDENT PLT ON THIS FLT. IN MOST EVERY CASE INSTR IS PIC AND ASSUMES RESPONSIBILITY FOR THE ACFT OPERATION; BUT BECAUSE OF THIS LEGAL LOOPHOLE THIS STUDENT WAS PIC. THE INSTR WAS OPERATING THE RADIOS AND COMMITTED THE ERROR AND THE STUDENT BEARS THE RESPONSIBILITY. THE INSTR MAINTAINS HE CLRED THE CTL ZONE WITH THE FSS FAC DURING A PIREP HE HAD GIVEN FOLLOWING THE DEP FROM MIV.",,,,"GA SMA ON TRAINING FLT FAILED TO REPORT CLEAR OF CTL ZONE AS REQUESTED BY FSS AT ARPT OF DEP.",
104451,198902,1201-1800,CLM,WA,,3,,0,,Marginal,5,,Daylight,1000,,FSS CLM,Air Taxi,Small Transport,,1,,VFR,Passenger,,Initial Approach; Landing; Landing,,Class D CLM,,,,,,,,,,,,,,,,,,,,,,,,,,,,,,,,,,,,,,,,,,,,,,,,,,,,,,,,,,,,,,,,,Air Taxi,Pilot Flying; Single Pilot,Flight Crew Air Transport Pilot (ATP),Flight Crew Last 90 Days 30; Flight Crew Total 5600; Flight Crew Type 2200,,,,,104451,,,,,,,,,,,,Other No Specific Anomaly Occurred,,,,,,,Weather,"ACFT ENTERED FAIRCHILD INTL CTL ZONE W/O PRIOR PERMISSION. WX IN THE HARBOR WAS 1000' AND 5 MI IN LIGHT RAIN. AFTER TALKING WITH PORT ANGLES UNICOM THE RADIO WAS SWITCHED TO CGAS PORT ANGLES BECAUSE THIS WAS THE CLOSEST ARPT TO OUR WATER DEST. LNDG ADVISORY WAS MADE TO CGAS PORT ANGLES OR THEIR FREQ ACKNOWLEDGEMENT WAS NOT MADE. AFTER FINISHING THE PHOTO MISSION THE ACFT DEPARTED ADIZ HOOK TO THE N; ENTERED A LEFT DOWNWIND AND TURNED FINAL TO LAND AT THE PORT ANGLES MARINA. PRIOR TO WATER RUN ON TKOF; ADVISORY WAS MADE TO CGAS AFTER LIFT OFF. CGAS ACKNOWLEDGED THE ADVISORY AND INFORMED US OF THE CTL ZONE BEING IN USE. PRIOR TO DEPARTING ON THE RETURN LEG A SPECIAL VFR WAS OBTAINED. BEING MORE CONCERNED WITH THE CGAS BECAUSE OF ITS HELI OPS; AND ITS LOCATION IN RELATION TO THE LNDG AREA AND THE PORT ANGLES ARPT BEING 2 MI AWAY AND 288' HIGHER; CONTRIBUTED TO THE INFRACTION. CALLBACK CONVERSATION WITH RPTR REVEALED THE FOLLOWING: RPTR SAID THAT HE WAS UNSURE OF HIS STANDING IMMEDIATELY AFTER THIS INCIDENT; SO HE SENT IN THE RPT. HE SAID THAT AFTER MORE INVESTIGATION HE FOUND THAT HIS LNDG WAS LEGAL. NOTHING HAS COME OF THIS INCIDENT TO DATE.",,,,"FLOATPLANE ENTERED CTL ZONE WITHOUT CONTACTING ANYONE.",
104660,198902,1201-1800,LBF,NE,,0,0,,,Mixed,1,,Daylight,1000,,,Personal,Small Aircraft; Low Wing; 1 Eng; Retractable Gear,,1,,None,Training,,Initial Climb; Takeoff / Launch,,Class D LBF,,,,,,,,,,,,,,,,,,,,,,,,,,,,,,,,,,,,,,,,,,,,,,,,,,,,,,,,,,,,,,,,,Other Nonprofessional GA,Pilot Flying; Single Pilot,Flight Crew Private,Flight Crew Last 90 Days 30; Flight Crew Total 300; Flight Crew Type 30,,,,,104660,,,,,,,,,,,,Inflight Event / Encounter VFR In IMC; Other Unspecified,,,Person Flight Crew,,General None Reported / Taken,,Human Factors,"DEPARTED UNCTLED ARPT (LBF) IN CONDITIONS OF LESS THAN THREE MILES VISIBILITY. CTL ZONE AROUND ARPT IS POORLY MARKED ON WORLD CHART SO I DID NOT REALIZE I WAS IN A CTL ZONE. ALTHOUGH I HAD VISIBILITY OF ONE MILE AND REMAINED CLEAR OF CLOUDS; I FAILED TO OBTAIN A SPECIAL VFR CLRNC. I KNEW WX CONDITIONS WERE EXCELLENT VFR (15 MILES VISIBILITY) JUST E OF THE FIELD. I DEPARTED THE FIELD TO THE E DECLARING MY INTENTIONS AND POSITION ON THE UNICOM/CTAF FREQ 122.95. THE FLT WAS CONDUCTED WITHOUT ANY PROBS OR TFC CONFLICTS OF ANY TYPE. AFTER REVIEW OF THE FLT THE FOLLOWING DAY ON A SECTIONAL CHART I REALIZED LBF WAS IN A CTL ZONE.",,,,"FLT FROM CONTROL ZONE BELOW VFR MINIMUMS WITHOUT CLRNC.",
104669,198902,1201-1800,MWL,TX,,500,0,,,Mixed,12,,Daylight,800,,Center ZFW,Corporate,Small Transport; Low Wing; 2 Turboprop Eng,,2,,IFR,Passenger,,Initial Climb; Takeoff / Launch,,Class D MWL,,,,,,,,,,,,,,,,,,,,,,,,,,,,,,,,,,,,,,,,,,,,,,,,,,,,,,,,,,,,,,,,,Other Compensated GA,Pilot Flying; First Officer,Flight Crew Air Transport Pilot (ATP); Flight Crew Flight Instructor,Flight Crew Last 90 Days 150; Flight Crew Total 7100; Flight Crew Type 850,,,,,104669,,,Other Compensated GA,Captain,Flight Crew Air Transport Pilot (ATP),Flight Crew Last 90 Days 80; Flight Crew Total 7500; Flight Crew Type 1500,,,,,104670,Deviation / Discrepancy - Procedural FAR; Inflight Event / Encounter VFR In IMC,,,Person Flight Crew,,General None Reported / Taken,,Human Factors,"OUR FLT DEPARTED MINERAL WELLS; TX; AT XXZ IN 2/89. THE PREVIOUS HR WX WAS RPTED AS 800' OVCST WITH 12 MI VISIBILITY. COMMERCIAL CHARTS LIST FORT WORTH RADIO ON 122.2 AND ZFW ON 127.0 AS ATC CONTACTS. PRIOR TO DEP; VHF CONTACT WITH BOTH FACS WAS UNSUCCESSFUL AND AN ATC CLRNC WAS THEREFORE NOT OBTAINED VIA RADIO. AT THAT TIME I DEPARTED VFR AND CLBED TO 500' WITH THE INTENTION OF EITHER OBTAINING THE CLRNC VIA RADIO OR RETURNING TO MWL AND LNDG. RADIO CONTACT WAS UNSUCCESSFUL WITH THE FSS; BUT CENTER WAS CONTACTED AT 500' AGL AND OUR IFR CLRNC WAS OBTAINED. IT WAS AT THAT TIME I REALIZED THAT I HAD DEPARTED FROM AN IFR CTL ZONE AND WAS FLYING IN A CTL ZONE BELOW A CEILING THAT WAS LESS THAN 1000'. WHEN THE CENTER CTLR HANDED US OFF; HE THANKED US 'FOR YOUR PATIENCE.' I WAS HOPING THAT HE WAS UNAWARE OF OUR RULES VIOLATION. I WAS AWARE OF THE EXISTING WX AND AWARE OF THE OPERATING RULES. MY FAILURE WAS THAT I WAS NOT AWARE THAT I WAS OPERATING IN A CTL ZONE UNTIL AFTER I HAD VIOLATED THE RULES. CLEARLY; I MUST PAY MORE ATTN TO THE ESTABLISHMENT OF CTL ZONES WHEN OPERATING TO AND FROM UNCTLED ARPTS. THIS INCIDENT HAS PROMPTED THE FOLLOWING ADDITIONAL OBSERVATIONS: 1) OUR VFR DEP IN THE STATED WX CONDITIONS WAS PROBABLY NO MORE HAZARDOUS THAN A SIMILAR DEP FROM AN UNCTLED ARPT THAT DID NOT HAVE A CTL ZONE. IT WAS; HOWEVER; A CLEAR VIOLATION OF OPERATING RULES. 2) UNTIL RECENTLY; CTL ZONES ESTABLISHED W/O OPERATING CTL TWRS ON ON-SITE FSS'S WAS A RARITY. LBL AND ODD EARLY AM HRS AT BTR ARE THE ONLY ONES I CAN RECALL. NOW THAT FSS'S ARE BEING CONSOLIDATED; THE REMOTE CTL ZONES ARE MUCH MORE COMMON. 3) WX OBSERVATION AND ATC AIR TO GND COM IS REQUIRED FOR THE ESTABLISHMENT OF A CTL ZONE. FOR SOME REMOTE CTL ZONES; ATC COM IS MARGINAL AT BEST. SOME ARPTS WITH BOTH WX OBSERVATIONS AND EXCELLENT ATC COM DO NOT HAVE AN ESTABLISHED CTL ZONE. PTN IS AN EXAMPLE. ONE'S OPERATING ENVIRONMENT IS NOT A RELIABLE INDICATOR OF THE PRESENCE OF A ZONE. 4) CTL ZONES ARE DEPICTED ON BOTH IFR AND VFR CHARTS ALTHOUGH THE DEPICTION IS NOT PARTICULARLY HIGHLIGHTED. 5) IN PREVIOUS YRS; WITH VERY FEW EXCEPTIONS; (SEE LBL AND BTR; ABOVE); PLT COMS WERE AUTOMATICALLY ROUTED TO THE CTLING OR ADVISING ATC AGENCY EITHER BY THE FAR'S IN THE CASE OF CTL TWRS OR THE IAM FOR FSS'S. THESE AGENCIES SERVE TO INFORM THE PLT OF IFR CONDITIONS RPTED IN CTL ZONES AND PROCESS REQUESTS (IFR CLRNC OR SPECIAL VFR; ETC). THE NORMAL PLT CONTACT WITH A REMOTE CTL ZONE (NON-FSS ADVISED OR TWR CTLED) IS THROUGH A UNICOM OR NON ATC CTAF WHERE THE EXISTENCE OF AN IFR CTL ZONE WILL PROBABLY NOT BE ANNOUNCED. 6) ACTUAL WX CONDITIONS AT A FIELD IN A ZONE MAY BE VMC ALTHOUGH THE OFFICIAL RPTED WX IS IMC/IFR (OR VICE VERSA) DUE TO CHANGING CONDITIONS BTWN OBSERVATIONS. 7) ALL OF THE ABOVE GENERATES A SITUATION WHERE PLTS MAY BE CONDUCTING OPS THAT APPEAR SAFE AND PROPER; BUT NONETHELESS ARE CLEAR VIOLATIONS OF OPERATING RULES. FURTHER; WHILE THE NECESSARY INFORMATION IS TECHNICALLY AVAILABLE TO PLTS. THAT INFORMATION MUST BE OBTAINED IN AN INDIRECT AND NON-INTUITIVE BASIS. THIS DOES NOT FIT THE HISTORICAL PATTERN OF SUCCESSFUL AVIATION OPERATIONS. 8) I BELIEVE THE CURRENT SITUATION IS FAR MORE HAZARDOUS TO PLT CERTIFICATES THAN IT IS TO LIFE AND LIMB. PROPOSAL: I PROPOSE THAT ALL CTL ZONES USE AN FSS FREQ AS THE CTAF AND THAT FSS SPECIALISTS PERFORM THE SAME ACTIVE ADVISORY ROLE THAT THEY DO AT THE FEW REMAINING ON-SITE FSS USING 123.6. IF THE ATC SYS CANNOT PROVIDE EITHER THE FACS OR MANPWR FOR THIS SVC; I PROPOSE THAT THOSE CTL ZONES BE ELIMINATED.",,,,"DEP FROM CTL ZONE IN LESS THAN VFR CONDITIONS WITHOUT CLRNC.",
105025,198902,1201-1800,3A1,AL,,13,,2700,,Mixed,,,Daylight,3000,,TRACON HSV,Personal,Small Aircraft; Low Wing; 1 Eng; Fixed Gear,,1,,VFR,Personal,,Descent; Descent,,Class E HXV,,,,,,,,,,,,,,,,,,,,,,,,,,,,,,,,,,,,,,,,,,,,,,,,,,,,,,,,,,,,,,,,,Other Nonprofessional GA,Pilot Flying; Single Pilot,Flight Crew Private,Flight Crew Last 90 Days 33; Flight Crew Total 99,,,,,105025,,,,Approach,Air Traffic Control Fully Certified,,,,,,,Deviation / Discrepancy - Procedural FAR; Inflight Event / Encounter VFR In IMC; Inflight Event / Encounter Weather / Turbulence,,,Person Air Traffic Control; Person Flight Crew,,General Declared Emergency,,Human Factors,"I'M A VFR PLT. MY WIFE AND I WERE ON VACATION IN DEST; FL; AND INTENDED TO LEAVE 2/XX/89. WE TALKED WITH FSS THROUGHOUT THE DAY BUT WX CONDITIONS DID NOT PERMIT US TO LEAVE. ON 2/SUN/89; I AGAIN CALLED FSS THROUGHOUT THE MORNING. I HAD BEEN TOLD HUNTSVILLE AND NORTH ALABAMA WERE VFR. I ONLY HAD TO WAIT FOR DEST TO REACH VFR CONDITIONS. AT XA15 PM WE WERE INFORMED THAT DEST WAS VFR AND NORTH ALABAMA WAS ALSO VFR. THERE WAS ALSO A SCATTERED LAYER OF CLOUDS OVER PANAMA CITY. WE FILED OUR VFR FLT PLAN FOR 2000' TO PANAMA CITY; THEN 6500' TO CULLMAN; AL. WE ASKED FOR AND RECEIVED SPECIAL VFR FOR DEP FROM DEST TO PANAMA CITY; DUE TO SOME LOW CLOUDS STILL IN THE AREA. UPON REACHING PANAMA CITY WE MADE OUR CLB TO 6500'. WE WERE IN CONTACT WITH TYNDALL APCH. WE FLEW TO MONTGOMERY VOR AND THEN STARTED TO BIRMINGHAM; VULCAN VOR.. WE HAD BEEN HANDED OFF TO MONTGOMERY APCH. I CALLED FSS AND ASKED FOR A WX UPDATE. I DISCOVERED AT THIS POINT THAT THERE WAS NO BREAK IN THE CLOUD COVER. AT THIS POINT FSS AND MONTGOMERY APCH BEGAN TRYING TO LOCATE AN OPENING. I WAS HANDED OFF TO BIRMINGHAM AND THEY TOO CONTINUED TO TRY AND LOCATE AN OPENING. A PLT RPTED THERE MIGHT BE A POSSIBILITY OF GETTING THROUGH OVER TUSCALOOSA. WE FLEW TOWARD TUSCALOOSA; BUT FOUND NO OPENING. WE THEN TURNED TOWARD CULLMAN. BIRMINGHAM NOTIFIED US THAT THE CLOSEST PLACE WE COULD GET DOWN VFR WAS PADUCAH; KY. WE INFORMED THEM THAT WE DIDN'T HAVE ENOUGH FUEL ON BOARD TO GO THAT FAR AND WE WOULD CONTINUE TO CULLMAN AND TRY TO GET DOWN. THEY NOTIFIED US 13 MI S OF CULLMAN THAT THEY WERE ABOUT TO HAND US TO HUNTSVILLE. I HAD THEM CHK FOR ANY IFR OR VFR TFC IN THE AREA. THERE WAS NONE. I WAS HANDED OF TO HUNTSVILLE. I THEN HAD HUNTSVILLE CHK FOR ANY IFR OR VFR TFC AND AGAIN IT WAS RPTED THERE WAS NONE. WE HAD TRIED EVERY AVAILABLE MEANS WITH THE HELP OF FSS; MONTGOMERY; BIRMINGHAM AND HUNTSVILLE TO GET DOWN VFR; BUT WERE UNABLE TO DO SO. AFTER CAREFUL CONSIDERATION I DECIDED THE SAFEST OPERATION WOULD BE TO DECLARE AN EMER AND DSND. THIS I DID THROUGH HUNTSVILLE. I SET UP A 100 KT 700 FPM DSCNT. WE WERE IN THE CLOUDS APPROX 3 MINS. AT 2700' MSL WE SPOTTED THE ARPT AND CONTINUED OUR DSCNT TO TPA 2000'. WE ENTERED THE TFC PATTERN AND LANDED. THE CLOUD TOPS WERE AT 4700' MSL.",,,,"IFR ON VFR FLT PLAN; EMERGENCY DECLARED TO DESCEND.",
105762,198903,1201-1800,BNA,TN,,,0,,,Marginal,1,,Daylight,900,,Tower BNA,Personal,Small Aircraft; Low Wing; 1 Eng; Retractable Gear,,1,,SVFR,Personal,,Initial Approach; Landing; Landing; Cruise,,,,,,,,,,,,,,,,,,,,,,,,,,,,,,,,,,,,,,,,,,,,,,,,,,,,,,,,,,,,,,,,,,,Other Nonprofessional GA,Pilot Flying; Single Pilot,Flight Crew Instrument; Flight Crew Private,Flight Crew Last 90 Days 266; Flight Crew Total 3000; Flight Crew Type 1500,,,,,105762,,,Government,Local,Air Traffic Control Fully Certified,,,,,,,Deviation / Discrepancy - Procedural Published Material / Policy; Deviation / Discrepancy - Procedural FAR; Other Unspecified,,,Person Flight Crew,,Aircraft Aircraft Damaged; General None Reported / Taken,,Human Factors,"I WAS AT A SMALL ARPT ABOUT 4-5 NM FROM BNA. PLANE IS BASED AT BNA. WX WAS 900 BROKEN AND VISIBILITY 1 NM. I TELEPHONED BNA TWR TO GIVE ME CLRNC TO COME OVER INSTEAD OF GIVING ME AN IFR CLRNC. THEY GAVE ME A SPECIAL VFR INTO THE CTL ZONE. WHEN I THOUGHT IT WOULD HAVE BEEN BETTER TO HAVE HAD AN INSTR SO I COULD HAVE TRACKED THE LOC TO THE ARPT (SEE DIAGRAM ON BACK) AFTER AIRBORNE AND ABOUT 2 NM AWAY (1/2 WAY BTWN BOTH ARPTS); I COULD TELL THAT VISIBILITY WASN'T 1 MI; OR AT LEAST THIS IS WHAT IT APPEARED TO ME. WHEN I WAS 1 NM AWAY; TWR ASKED IF I SAW THE FIELD; WHICH I DID NOT. THEN TWR SAID IT LOOKED AS IF I WAS COMING MIDFIELD INSTEAD OF TO RWY 13. AT THAT TIME I SAW THE FIELD AND I WAS MIDFIELD. THE END OF RWY 13 WAS AT MY 9 O'CLOCK POS. I ACKNOWLEDGED AND TWR TOLD ME TO TAKE ANY RWY I NEEDED. I REPLIED THAT I COULD GET ON RWY 13 AS IT WAS VERY LONG. I MADE A SHARP LEFT (90 DEGS) THEN RIGHT (90 DEGS) AND WAS ON RWY 13. WHILE MAKING THESE SPLIT SEC TURNS AND DECISIONS AND KEEPING VFR; I MUST HAVE FAILED TO NOTICE THAT MY GEARS WERE UP. SINCE MY FLT WAS ONLY 4.5 NM; I WASN'T GOING TO RETRACT THEM WHEN I TOOK OFF. HOWEVER; I MUST HAVE DONE SO BY FORCE OF HABIT. HOWEVER; THE GEARS WERE POPPED OPEN WHEN THE ACFT CAME TO REST ON THE RWY.",,,,"SMA ON SPECIAL VFR FROM SATELLITE ARPT TO PRIMARY ARPT THOUGHT HE HAD LEFT THE GEAR DOWN. LOWER THAN EXPECTED IN FLT VISIBILITY DISTRACTED PLT AND HE LANDED GEAR UP.",
106856,198903,0601-1200,TIX,FL,,22,1000,,,VMC,20,,Daylight,500,,TRACON COF,Personal,Small Aircraft; Low Wing; 1 Eng; Retractable Gear,,1,,None,Personal,,Cruise; Cruise; Other Airhold,,Special Use R2934,,,,,,,,,,,,,,,,,,,,,,,,,,,,,,,,,,,,,,,,,,,,,,,,,,,,,,,,,,,,,,,,,Other Nonprofessional GA,Pilot Flying; Single Pilot,Flight Crew Air Transport Pilot (ATP); Flight Crew Flight Instructor,Flight Crew Last 90 Days 150; Flight Crew Total 2200; Flight Crew Type 200,,,,,106856,,,Government,Approach,Air Traffic Control Fully Certified,,,,,,,Deviation / Discrepancy - Procedural FAR; Other Airspace Violation Entry or Exit,,,Person Air Traffic Control,,Flight Crew Exited Penetrated Airspace,,Human Factors,"CHKED WITH ORL FSS AND DAYTONA TRACON TO FIND OUT WHAT RESTRICTIONS APPLIED TO SHUTTLE LAUNCH ON 3/MON/89. I WAS ADVISED TO STAY 'W OF THE RIVER.' AS TO LNDG AT TITUSVILLE; I WAS ADVISED THERE; 'ARE NO RESTRICTIONS.' 3/MON/89 DEPARTED ORMOND BEACH ARPT AND CONTACTED DAYTONA APCH. PROCEEDED S ON THE SHORELINE TILL REACHING NEW SMYRNA BEACH; GND FOG BECAME VERY DENSE FROM THIS POINT S AS WELL AS INLAND FROM THIS POINT. I WAS ADVISED TO CONTACT PATRICK APCH AND ADVISED THEM I WAS VFR TO TITUSVILLE. WX WAS BELOW VFR AND SPECIAL VFR MINIMUMS WITH GND FOG AND VISIBILITY OF 3/4 MI. I TOLD THE CTLR I WOULD HOLD S OF NEW SMYRNA BEACH AT MY PRESENT POS AND THE CTLR SAID HE WOULD ADVISE ME IF THE VISIBILITY CAME UP TO 1 MI. THERE WAS NO WAY TO STAY 'W OF THE RIVER;' SINCE THE GND FOG OBSCURED EVERYTHING AWAY FROM THE SHORELINE. I CHKED THE SECTIONAL AND FIGURED HOLDING AT LEAST 22 MI N OF TITUSVILLE WOULD KEEP ME CLR OF THE RESTR AIRSPACE. AFTER APPROX 8-10 HOLDING PATTERNS THE APCH CTLR GAVE ME A CODE TO SQUAWK. I DID SO AND HE NOTIFIED ME HE HAD TROUBLE IDENTING THAT CODE AND ANOTHER ACFT SAID HE WAS SQUAWKING THAT CODE. CTLR TOLD ME TO MOVE 3 MI W WHILE HOLDING AND I ACCEPTED THIS EVEN THOUGH IT WOULD BE OVER DENSE GND FOG MAKING A FORCED LNDG VERY DANGEROUS. CTLR THEN ASKED FOR NAME AND PHONE # AND I DECIDED THIS WAS ENOUGH AND LANDED AT NEW SMYRNA TO WATCH THE SHUTTLE TAKE OFF. I EXERCISED EVERY CAUTION I COULD STAYING CLR OF NEW SMYRNA TFC AND THE DAYTONA ARSA TO THE N AND THE RESTR AREAS TO THE S. VERY LITTLE HELP WAS OFFERED BY FSS AND APCH CTLR UNTIL THEY THOUGHT AN INFRACTION HAD OCCURRED. THEN THEY WERE VERY INTERESTED. ACCORDING TO MY LORAN; NO INFRACTION OCCURRED BUT A CHANCE TO SEE THE SHUTTLE WAS LOST. ALT 1000' MSL VFR ON TOP SOLID GND FOG.",,,,"GA SMA UNAUTH PENETRATION OF AIRSPACE.",
110852,198905,0601-1200,OAK,CA,,20,,700,,,10,,Daylight,800,,,Air Taxi,Small Transport; Low Wing; 2 Recip Eng,,1,,SVFR,Cargo / Freight / Delivery,,Cruise; Cruise,Direct,Class E OAK,,,,,,,,,,,,,,,,,,,,,,,,,,,,,,,,,,,,,,,,,,,,,,,,,,,,,,,,,,,,,,,,,Air Taxi,Single Pilot; Pilot Flying,Flight Crew Flight Instructor; Flight Crew Instrument; Flight Crew Air Transport Pilot (ATP); Flight Crew Commercial,Flight Crew Last 90 Days 80; Flight Crew Total 2300; Flight Crew Type 350,,,,,110852,,,,,,,,,,,,Deviation / Discrepancy - Procedural FAR; Inflight Event / Encounter Weather / Turbulence; Inflight Event / Encounter VFR In IMC,,,Person Other Person,,General None Reported / Taken,,Human Factors,"THIS IS PURELY A STORY OF BAD JUDGEMENT. I HAD JUST BEEN ASSIGNED A NEWLY CREATED RUN WHICH REQUIRED ME TO REPOS MY ACFT FROM OAK TO SJC TO PICK UP MY CARGO. I WAS TOLD TO SHOW AT XXAM. THIS WAS THE FIRST DAY IT HAD BEEN IFR AT EITHER ARPT AND UPON ENG START I WAS INFORMED MY FLT PLAN DID NOT EXIST. I WAS TOLD TO FILE A FLT PLAN WITH FSS. I FILED MY FLT PLAN AND THEN I WAS TOLD TO EXPECT A 50 MIN DELAY INTO SJC DUE TO THE NEW ARSA IMPLEMENTING 50 MI IN TRAIL SPACING--THIS WOULD HAVE MADE ME VERY LATE AND PROBABLY A NASTY LETTER OR TALK WITH THE BOSS; SO I DECIDED ON SPECIAL VFR. IT WAS A LOT LOWER THAN IT LOOKED ONCE I GOT OUT THERE AND I TRULY REGRETTED MY DECISION. AN AIRPLANE THAT LARGE AND THAT NOISY SHOULD NOT BE SPECIAL VFR.",,,,"PLT OF SMT CHOSE TO FLY SPECIAL VFR; BUT REGRETTED HIS DECISION WHEN WX WORSENED IN FLT.",
111030,198905,0601-1200,FMH,MA,,5,,1000,,VMC,5,,Daylight,4000,,TRACON FMH,Military,Helicopter,,2,,VFR,Test Flight / Demonstration,,Cruise; Cruise,,Class D FMH,,,,,,,,,,,,,,,,,,,,,,,,,,,,,Military,Military Transport,,2,,VFR,Training,,Climb,,,,,,,,,,,,,,,,,,,,,,,,,,,,Military,Pilot Flying; Captain,Flight Crew Commercial; Flight Crew Instrument,Flight Crew Last 90 Days 30; Flight Crew Total 650; Flight Crew Type 600,,,,,111030,,,Military,First Officer,,,,,,,,Conflict NMAC,Horizontal 0; Vertical 400,,Person Air Traffic Control; Person Flight Crew,,General None Reported / Taken,,Human Factors,"AS A MIL HELI PLT OPERATING OUT OF A MIL AIRFIELD; WE HAVE A TELEWRITER IN OUR FLT PLANNING ROOM THAT RELAYS THE CURRENT WX OBSERVATION AT THE AIRFIELD. BEFORE GOING OUT TO PERFORM A MAINT TEST FLT; I CONSULTED THE TELEWRITER AND THE WX WAS '8 BROKEN; 40 OVCST AND 5 MI VISIBILITY IN HAZE.' FIGURING THAT I COULD GET A SPECIAL VFR CLRNC WITHIN THE CTL ZONE; I PROCEEDED OUT TO THE ACFT. ON MY INITIAL CALL TO GND CTL; I WAS INFORMED THAT THE AIRFIELD WAS IFR. MY RESPONSE WAS THAT I WOULD LIKE A SPECIAL; AND THE TWR OPERATOR CAME BACK WITH; 'OH; I WAS WRONG--THE FIELD IS NOW VFR.' SO; I SAID THAT THAT WAS BETTER AND THAT I WOULD LIKE HOVER TAXI INSTRUCTIONS VFR LCL. ALSO AT THE AIRFIELD THERE ARE AIR NATL GUARD FGT'S AND COAST GUARD MLT'S AND MLT JETS. AT THE TIME THERE WAS AN MLT JET DOING APCHS TO RWY 23 AND FGT'S IN THE PATTERN. I DEPARTED OUT TO THE LCL TEST FLT AREA APPROX 5 MI W OF THE AIRFIELD AND CLBED TO 1000' MSL. UPON ARRIVING THERE; I CALLED APCH CTL AND ASKED FOR VFR ADVISORIES AND WAS GIVEN A SQUAWK. THE RADAR CTLR ADVISED THAT I WAS IN RADAR CONTACT. I THEN PROCEEDED TO DO THE TEST FLT CHKS. WHILE I WAS FLYING I MAINTAINED A LISTENING WATCH (JUST LIKE THE FAR/AIM SUGGESTS THAT YOU DO). THE RADAR CTLR TOLD THE MLT Y THAT; 'IN YOUR TURN TO THE NE; THERE WILL BE AN ARMY HELI AT YOUR 11 O'CLOCK 1000; 5 W OF THE AIRFIELD.' (THE '1000; 5W' PART WAS VERY RUN TOGETHER AND COULD HAVE BEEN MISCONSTRUED AS '1500.') THIS IS WHAT I THOUGHT THE CTLR SAID! ALSO; THE MISSED APCH INSTRUCTIONS FOR THE MLT Y JET WAS CLBING RIGHT HAND TURN TO 1800' FOR VECTORS BACK TO THE FINAL APCH COURSE. THE MLT Y CREW RESPONDED WITH; 'WE WON'T SEE THEM; THERE'S A LAYER BELOW US.' (I HEARD THIS TO BE; 'WE WON'T SEE THEM; THEY'RE BELOW US.') RIGHT AFTER THEY (THE MLT Y CREW) SAID THIS; THEY CAME OUT OF THE CLOUD LAYER IN A RIGHT HAND CLBING TURN. IT LOOKED LIKE THEY WERE GOING TO BE A LITTLE TOO CLOSE FOR COMFORT. I ESTIMATED THAT THEY WERE APPROX 300-500' ABOVE US. I TERMINATED THE FLT VERY SHORTLY AFTER THAT AND WENT TO THE RAPCON AT THE FIELD (WHICH IS AN FAA FAC). THE SUPVR AND THE CTLR WERE VERY APOLOGETIC. THE CTLR SAID THAT BECAUSE THE MLT Y CREW HAD RPTED THAT THERE WAS A LAYER BELOW THEM THAT THERE WAS NO NEED (IN HER EYES) TO ISSUE TFC TO ME BECAUSE I PROBABLY WOULDN'T SEE THEM EITHER. I WAS ALSO TOLD THAT IF I WANTED TO ACCELERATE THE ISSUE; THAT I COULD FORMALLY FILE A RPT AND REQUEST AN 'ENTAP' WHICH WOULD PROVIDE AN ALT READOUT OF BOTH ACFT (IF THEY WERE HIGH ENOUGH FOR THE REMOTE SITE TO PICK BOTH OF THEM UP); AND COULD BE USED TO RECREATE BOTH FLT PATHS AND SEE EXACTLY WHAT HAD HAPPENED. I GUESS THAT THE BOTTOM LINE IS; DON'T EXPECT THE CTLRS TO SEE AND AVOID FOR YOU!",,,,"MLT X HELICOPTER CLOSE TO ARPT; IN CONTACT WITH TWR; HAS NEAR MISS WITH MLT Y JET EXECUTING MULTIPLE INSTRUMENT APCHS.",
111910,198905,1201-1800,PSM,NH,,5,300,,,IMC,6,,Daylight,900,,TRACON PSM,Corporate,Amateur/Home Built/Experimental,,1,,SVFR,Passenger,,Cruise; Cruise,,Class D PSM,,,,,,,,,,,,,,,,,,,,,,,,,,,,,,,,,,,,,,,,,,,,,,,,,,,,,,,,,,,,,,,,,Other Compensated GA,Pilot Flying; Single Pilot,Flight Crew Flight Instructor,,,,,,111910,,,Military,Approach,,,,,,,,Other Airspace Violation Entry or Exit,,,Person Air Traffic Control,,General None Reported / Taken,,Human Factors,"THE HELI I WAS FLYING WAS 26 MI FROM PEASE AFB. I CALLED APCH CTL AND THE CTLR TOLD ME I COULD GO OVER THE TOP AT 2500 OR CIRCLE NAV. I ASKED FOR A SPECIAL VFR AND DROP TO 300' ALONG THE COAST LINE. THE CTLR CLRED ME TO THE COAST LINE AT OR BELOW 300'. WHEN REACHING THE CTL ZONE THE CTLR TOLD ME TO START 180 DEG TURN WHICH IS OUT TO SEA. I ASKED TO GO TO 100' OR 50' AND THE APCH CTLR SAID NOT TO ENTER. SO I TURNED TO 180 DEG AND THEN FLEW 8 MI FROM ARPT TO CLEAR; THEN THE APCH CTLR CTLR CALLED ME BACK TO SAY I WAS IN THEIR AIRSPACE. TO CORRECT THIS TYPE OF SITUATION WOULD BE TO HAVE THE APCH CTLR NOT TO CLEAR YOU IN; THEN TAKE IT AWAY AFTER YOU ARE ALREADY ON TOP OF THE CTL ZONE. THERE SHOULD BE MORE COMMON SENSE ON THE CTLR'S PART AND THERE WAS NO ACFT AT ALL IN THE ZONE.",,,,"ACFT PENETRATED COT ZONE AFTER BEING ADVISED TO REMAIN OUTSIDE OF AREA.",
116290,198906,0601-1200,GKN,AK,,5,0,,,Mixed,3,,Daylight,600,,,Personal,Small Aircraft; Low Wing; 1 Eng; Fixed Gear,,1,,VFR,Personal,,Cruise; Cruise; Initial Approach; Landing; Landing,Other Straight In,Class D GKN,,,,,,,,,,,,,,,,,,,,,,,,,,,,,,,,,,,,,,,,,,,,,,,,,,,,,,,,,,,,,,,,,Other Nonprofessional GA,Pilot Flying; Single Pilot,Flight Crew Commercial; Flight Crew Instrument,Flight Crew Last 90 Days 25; Flight Crew Total 730; Flight Crew Type 150,,,,,116290,,,Government,FSS,,,,,,,,Deviation / Discrepancy - Procedural FAR; Inflight Event / Encounter Weather / Turbulence; Inflight Event / Encounter VFR In IMC,,,Person Flight Crew,,General None Reported / Taken,,Human Factors,"THIS WAS A VFR FLT FROM NORTHWAY; AK TO GULKANA; AK. ROUTE OF FLT WAS ORT-TOK-MENTASA PASS DIRECT GULKANA. AT TIME OF DEP GULKANA WAS REPORTING 05 BROKEN 3 FOG. MARGINAL VFR CONDITIONS WERE REPORTED IN THE PASS. ACTUAL FLT CONDITIONS WERE 30 SCATTERED 15 UP TO THE PASS AND THEN A FAIRLY CONSISTENT 16 OVERCAST 10 FROM THE PASS UNTIL ABOUT 2 NM N OF GULKANA. AT 10 NM FROM GULKANA CONTACT WAS MADE WITH GULKANA FSS AND IT WAS UNDERSTOOD THAT CURRENT GULKANA WAS 16 OVERCAST 3. THIS ARPT ADVISORY WAS ACKNOWLEDGED AND THE FLT CONTINUED. 2 NM N OF GULKANA A CLOUD BANK WAS ENCOUNTERED REDUCING THE CEILING TO ABOUT 600'. AN UNEVENTFUL LNDG WAS MADE. AFTER THINKING ABOUT THINGS AFTER LNDG; IT WAS REALIZED THAT THE FSS ADVISORY WAS PROBABLY MISUNDERSTOOD. THE 'MARGINAL VFR' WAS IN FACT IFR AND THEREFORE A SPECIAL VFR CLRNC SHOULD HAVE BEEN OBTAINED PRIOR TO ENTERING THE CTL ZONE. A GREATER EFFORT SHOULD HAVE BEEN MADE BY THE PLT TO FULLY UNDERSTAND THE GULKANA WX PRIOR TO ENTERING THE CTL ZONE AND BARRING THIS THE FLT SHOULD HAVE BEEN TURNED AROUND BEFORE ENTERING THE 600' CEILING AREA. AFTER THE PLT VERIFIED RECEPTION OF THE ARPT ADVISORY; IT WOULD HAVE BEEN MOST HELPFUL IF THE FSS HAD SAID; 'THE ARPT IS IFR; WHAT ARE YOUR INTENTIONS'. THIS WAS NOT DONE. A PERSONAL VISIT TO THE GKN FSS WAS MADE AFTER THE FLT BUT THE SUBJECT OF THE VIOLATION WAS NOT BROUGHT UP BY PLT OR THE SOLE FSS SPECIALIST.",,,,"GA SMA VFR IN MARGINAL VFR WX. ENTERED CTL ZONE WITHOUT CLRNC.",
119690,198908,0601-1200,TOA,CA,,5,,2000,,VMC,,,Daylight,,,Tower TOA,Corporate,Helicopter,,2,,VFR,Passenger,,Cruise; Cruise,,Class D TOA,,,,,,,,,,,,,,,,,,,,,,,,,,,,,,,,,,,,,,,,,,,,,,,,,,,,,,,,,,,,,,,,,Other Compensated GA,Pilot Flying; Single Pilot,Flight Crew Commercial; Flight Crew Air Transport Pilot (ATP); Flight Crew Flight Engineer; Flight Crew Instrument,Flight Crew Last 90 Days 175; Flight Crew Total 5800; Flight Crew Type 175,,,,,119690,,,Government,Local,Air Traffic Control Fully Certified,,,,,,,Deviation / Discrepancy - Procedural FAR; Inflight Event / Encounter VFR In IMC; Other Airspace Violation Entry or Exit,,,Person Air Traffic Control,,,,Human Factors,"COMPANY POLICY RE AN ESTABLISHED ROUTE WHICH AVOIDED OVERFLYING AN OLD WOMAN'S HOUSE WHOM HAS HARASSED US AND ITS HELI PLTS IS THE PRIMARY PROBLEM. ALMOST ON A DAILY BASIS THIS OLD WOMAN WILL CALL OUR FLT OPERATIONS AND ONCE THAT I KNOW OF TO THE CHIEF EXECUTIVE OFFICER TO COMPLAIN ABOUT OVERFLTS; REGARDLESS OF OUR ALT; REGARDLESS IF IT IS OUR HELIS OR NOT; REGARDLESS IF THE FOG/STRATUS FORCES TO FLY OVERHEAD; ETC. TO MAKE MATTERS WORSE; EVEN THOUGH I COULD MAINTAIN HELI VFR; I TECHNICALLY SHOULD HAVE RECEIVED CLRNC TO TRANSIT THEIR CTL ZONE SPECIAL VFR; WHENEVER TORRANCE WAS BELOW BASIC VFR; EVEN THOUGH THE ROUTE IS ON THE FRINGE OF THEIR CTL ZONE. THE COMPANY ROUTE; NOISE ABATEMENT; ATC PROC OF CONTACTING HAWTHORNE TWR BEFORE LAX COPTER CONTROL; THE 3 NM TORRANCE CTL ZONE AND VAGUENESS OF THE TCA CHART WITH REGARD TO FIND GND REFERENCES; AND VAGUENESS OF 91.85; CTLR MISUNDERSTANDING AND MISAPPLICATION OF FAR PARTS 91.105 AND 107 AS THEY APPLY TO HELIS MAKES GETTING AROUND THE LOS ANGELES BASIN A NIGHTMARE. MOST OF THE CTLRS DON'T KNOW EXACTLY WHERE THEIR AIRSPACE BEGINS OR ENDS AND DON'T KNOW HOW TO COORDINATE WITH EACH OTHER AND DON'T KNOW WHAT IT MEANS WHENEVER I ASK TO BE 'HANDED OFF' FROM ONE TO THE OTHER.",,,,"ACFT HAS DIFFICULT TIME STAYING ON VFR ROUTE.",
121947,198909,0601-1200,ORD; CGX,IL,100,35,,5000,,Marginal,3,,Daylight,,,TRACON ORD,Personal,Small Transport; Low Wing; 2 Recip Eng,,1,,IFR,Personal,,Cruise; Cruise; Cruise,,Class E ORD,,,,,,,,,,,,,,,,,,,,,,,,,,,,,,,,,,,,,,,,,,,,,,,,,,,,,,,,,,,,,,,,,Other Nonprofessional GA,Single Pilot; Pilot Flying,Flight Crew Air Transport Pilot (ATP); Flight Crew Flight Instructor; Flight Crew Instrument,Flight Crew Last 90 Days 60; Flight Crew Total 15000; Flight Crew Type 4000,,,,,121947,,,Government,Enroute,Air Traffic Control Fully Certified,,,,,,,Inflight Event / Encounter VFR In IMC; Other Unspecified,,,Person Flight Crew,,General None Reported / Taken,,Ambiguous,"DURING A PLEASURE TRIP TO CHICAGO I WAS HANDED OFF TO CHICAGO APCH CTL. MY FLT CONDITIONS WERE VMC ON AN IFR FLT PLAN. THE DEST INITIALLY WAS GARY; IN; BECAUSE MY PREFERRED CHOICE; MEIGS FIELD; WAS ONLY A VISUAL APCH PUBLISHED. BECAUSE OF THIS FACT; I CONTACTED MEIGS TO INQUIRE ABOUT THEIR CURRENT CONDITIONS WHICH WERE 10;000; INDEFINITE 2 MI. AS I WAS VMC I HAD ASKED AND WAS TOLD SPECIAL VFR INTO THE CTL ZONE WAS BEING GRANTED. WITH THIS INFO; WHEN HANDED OFF TO CHICAGO APCH CTL; I INQUIRED IF I COULD MAINTAIN RADAR SERVICE AND TRANSITION FOR THE SPECIAL. HIS ANSWER WAS 'NO'. THE ONLY OPTIONS AVAILABLE WERE FOR ME TO EITHER CANCEL IFR OR LAND AT GARY. I DID CANCEL IFR AND LANDED AT MEIGS WITHOUT INCIDENT.",,,,"POSSIBLE VFR IN IMC. ATC WORKLOAD PROBLEM.",
122737,198909,1201-1800,BWG,KY,,2,,900,,Mixed,5,,Daylight,900,,Center ZME; FSS BWG,Corporate,Small Transport; Low Wing; 2 Turboprop Eng,,1,,IFR,Passenger,,Initial Approach,Visual Approach,Class D BWG,,,,,,,,,,,,,,,,,,,,,,,,,,,,,,,,,,,,,,,,,,,,,,,,,,,,,,,,,,,,,,,,,Other Compensated GA,Pilot Flying; Single Pilot,Flight Crew Air Transport Pilot (ATP),Flight Crew Last 90 Days 100; Flight Crew Total 8700; Flight Crew Type 2200,,,,,122737,,,Government,Approach,Air Traffic Control Fully Certified,,,,,,,Deviation / Discrepancy - Procedural FAR; Other Unspecified,,,Person Flight Crew,,General None Reported / Taken,,Human Factors,"I MADE 4 ATTEMPTS TO CONTACT BWE FSS ON 123.6 FOR ADVISORY WITH NO RESPONSE. AFTER MAKING APCH AND ENTERING VMC CONDITIONS; I ASKED ZME FOR THE WINDS AT BWG AND RECEIVED WX THAT WAS 1 HR OLD. I CANCELLED IFR AT THIS TIME AND WAS TOLD TO SQUAWK 1200. I DID; AND TRIED BWG FSS 1 MORE TIME ON 123.6. NOW BWI ANSWERED AND INFORMED ME THAT I WAS IN A CTL ZONE W/O AN IFR OR SPECIAL VFR CLRNC. I REQUESTED THE SPECIAL AND WAS IN THE FLARE BY THE TIME I REPEATED THE CLRNC; IE; 1) MEM ARTCC WAS VERY BUSY; 2) BWG'S LACK OF RESPONSE TO ME AND NO OTHER TALK ON RADIO LED ME TO BELIEVE ANOTHER FSS WAS CLOSED; 3) I SAW ROTATING BEACON ON; BUT DID NOT DAWN ON ME THERE WAS AN ACTIVE CTL ZONE BECAUSE...; 4) I WAS IN THE LNDG PHASE OF FLT AND LOOKING FOR TFC FROM THE TIME I CANCELLED THE IFR CLRNC TO LNDG ABOUT 1 MIN.",,,,"CORP PLT CANCELS IFR FLT PLAN; ENTERS CTL ZONE PRIOR TO CONTACT WITH FSS.",
122968,198909,0601-1200,OAK,CA,,1,,1000,,Marginal,2,,Daylight,,,Tower OAK,FBO,Small Aircraft; Low Wing; 1 Eng; Retractable Gear,,1,,VFR,Cargo / Freight / Delivery,,Cruise; Cruise; Climb,Direct; Visual Approach,Class B SFO; Class C OAK; Class E OAK,,,,,,,,,,,,,,,,,,,,,,,,,,,,,,,,,,,,,,,,,,,,,,,,,,,,,,,,,,,,,,,,,Other Compensated GA,Pilot Flying; Single Pilot,Flight Crew Air Transport Pilot (ATP); Flight Crew Flight Instructor,Flight Crew Last 90 Days 200; Flight Crew Total 2300; Flight Crew Type 50,,,,,122968,,,Government,Local,Air Traffic Control Fully Certified,,,,,,,Deviation - Track / Heading All Types; Deviation / Discrepancy - Procedural Clearance; Inflight Event / Encounter VFR In IMC,,,Person Air Traffic Control,,Flight Crew Returned To Clearance,,Human Factors,"DEPARTED OAK UNDER SPECIAL VFR. TOLD TO PROCEED DIRECT THE MID-SPAN OF THE SAN MATEO BRIDGE. ONCE AIRBORNE; ONLY HAD 1-2 MI VISIBILITY AND COULD NOT SEE THE BRIDGE. TWR HAD TO COME ON TWICE TO TELL ME TO PROCEED TO THE BRIDGE AS I WAS CONFLICTING WITH 29 LOC. FINALLY WAS ABLE TO GET A HDG. NEXT TIME I WILL THINK AHEAD BEFORE ACCEPTING SPECIAL VFR AND REQUEST SPECIFIC HDGS VERSUS VIS REFERENCES THAT EXCEED THE VISIBILITY DISTANCE.",,,,"CHARTER SMA TRACK HEADING DEVIATION. PLT UNABLE TO SEE BRIDGE TOWERS ACCEPTED CLRNC DIRECT TO MID-SPAN AFTER TKOF FROM OAK.",
123251,198909,1201-1800,BRD,MN,,5,800,,,Marginal,3,,Daylight,600,,Center ZMP,Personal,Small Aircraft; High Wing; 1 Eng; Fixed Gear,,1,,None,Training,,Landing; Cruise; Landing; Initial Approach,,Class D BRD,,,,,,,,,,,,,,,,,,,,,,,,,,,,,,,,,,,,,,,,,,,,,,,,,,,,,,,,,,,,,,,,,Other Nonprofessional GA,Single Pilot; Pilot Flying,Flight Crew Private,Flight Crew Last 90 Days 33; Flight Crew Total 82; Flight Crew Type 82,,,,,123251,,,Other Nonprofessional GA,Other,Flight Crew Private,,,,,,,Deviation / Discrepancy - Procedural FAR; Inflight Event / Encounter VFR In IMC; Other Airspace Violation Entry or Exit,,,Person Other Person,,General None Reported / Taken,,Human Factors,"ON SEP/WED/89; A FRIEND AND I (BOTH OF US BEING PRIVATE PLTS) FLEW AN SMA FROM CRYSTAL ARPT TO BRAINARD ARPT AND LANDED. THE FORECASTED WX FOR OUR ARR TIME IS AS FOLLOWS: CEILING 2000 BROKEN OCCASIONAL CEILING 1000 BROKEN; CHANCE OF 5 MI VISIBILITY DUE TO RAIN AND LIGHT FOG. OUTLOOK MVFR. AT 6 MI SE OF BRAINARD ARPT I CONTACTED THE UNICOM AND ASKED FOR A TFC ADVISORY. UNICOM TOLD US THE ALTIMETER SETTING; THE WIND DIRECTION AND VELOCITY; AND THE FAVORING RWY. NOTHING WAS SAID ABOUT THE CTL ZONE BEING IN EFFECT. ALSO I DID NOT NOTICE ANY ROTATING BEACON; SO I THOUGHT IT WAS MVFR. APPROX 2-3 MI SE OF THE ARPT; I HAD THE ARPT IN SIGHT. I THEN REPORTED THAT I WOULD ENTER LEFT BASE FOR RWY 12 FULL STOP; AND DDD FROM 1000' AGL TO 800' AGL PATTERN ALT. I HAD 5-6 MI VISIBILITY AND THE CEILING WAS 500-600' ABOVE ME. AFTER LNDG THE DOT AT THE ARPT SAID WE SHOULD HAVE ASKED FOR A SPECIAL VFR CLRNC AND THEN ASKED TO SEE ONE OF OUR PLT CERTIFICATES. I SHOWED HIM MINE AND HE COPIED DOWN MY NAME AND ADDRESS. HE THEN TOLD ME THE WX AT THE TIME WAS ESTIMATED 600' AGL BROKEN AND THAT I ENTERED THE CTL ZONE WITHOUT CLRNC. TO CORRECT THE SITUATION IN THE FUTURE I WILL GO THROUGH THE PROPER CHANNELS IF THE WX LOOKS MARGINAL. ALSO UNTIL I OBTAIN AN INSTRUMENT RATING I WILL STAY CLEAR OF CTL ZONES.",,,,"LOW TIME SMA PLT ENTERS CTL ZONE IN MVFR TO LESS THAN VFR WX.",
124022,198909,0601-1200,LEX,KY,,1,,1300,,Mixed,3,,Daylight,1300,,TRACON LEX; Tower LEX,Government,Helicopter,,1,,None,Ferry / Re-Positioning,,Cruise; Cruise,Direct; Other RNAV,Class C LEX; Class D LEX,,,,,,,,,,,,,,,,,,,,,,,,,,,,,,,,,,,,,,,,,,,,,,,,,,,,,,,,,,,,,,,,,Other Compensated GA,Pilot Flying; Single Pilot,Flight Crew Commercial; Flight Crew Instrument,Flight Crew Last 90 Days 100; Flight Crew Total 1650; Flight Crew Type 700,,,,,124022,,,Government,Local,Air Traffic Control Fully Certified,,,,,,,Deviation - Track / Heading All Types; Deviation / Discrepancy - Procedural FAR; Inflight Event / Encounter VFR In IMC; Inflight Event / Encounter Weather / Turbulence; Other Airspace Violation Entry or Exit,,,Person Air Traffic Control; Person Flight Crew,,General None Reported / Taken,,Human Factors,"I HAD A WX BRIEF OF 2100 AND 3 MI IN THE LEXINGTON AREA. I THEN PROCEEDED TO KY69. I HAVE A PRESET IN MY LORAN TO THAT LOCATION OR SO I THOUGHT. I PUT THE #8 BUTTON AND HAD A READING OF 110 DEG AND I BELIEVE AROUND 50 MI. I KNEW THIS WAS THE COURSE TO THE LOCATION. I FOLLOWED THIS TO WITHIN 6 OR 7 NM OF WHAT I THOUGHT WAS KY69 WHEN THE VISIBILITY WENT TO ABOUT A MI. I KNEW I WOULD BE APCHING THE MULTI-LANE HIGHWAY TO KY69. I PROCEEDED DOWN THIS HIGHWAY TO WHAT I THOUGHT WAS GOING TO BE THE PARIS PIKE INTERCHANGE; THE LORAN WAS GIVING ME INDICATIONS THAT I WAS RIGHT ON; HOWEVER; THE LORAN HAD TAKEN ME DIRECT TO THE LEXINGTON ARPT; AND THE MULTI-LANE ROAD THERE HAD CONVINCED ME I WAS ON COURSE. AS SOON AS I REALIZED WHAT AND WHERE I WAS; I TURNED AWAY FROM THE ARPT AND CALLED TWR. THE TWR THEN ADVISED ME OF MY LOCATION;. THE TWR CLRED ME EAST AND TO CONTACT DEP. THEY GAVE ME VECTORS TO KY69 WHERE I LANDED AND CALLED THE TWR CHIEF. I HAD NOT BEEN TALKING TO TWR OR ON SPECIAL VFR BECAUSE I THOUGHT I WAS NORTH AND NOT IN THE CTL ZONE.",,,,"GOVERNMENT HELICOPTER UNAUTH PENETRATION OF AIRSPACE.",
124098,198909,0601-1200,FWA,IN,,,0,,,IMC,.25,,Daylight,,,Tower FWA,Corporate,Light Transport; Low Wing; 2 Turboprop Eng,,2,,IFR,Passenger,,Parked; Taxi; Takeoff / Launch; Parked,Other Departure,,,,,,,,,,,,,,,,,,,,,,,,,,,,,,,,,,,,,,,,,,,,,,,,,,,,,,,,,,,,,,,,,,Other Compensated GA,Pilot Flying; Captain,Flight Crew Instrument; Flight Crew Flight Instructor; Flight Crew Commercial; Flight Crew Air Transport Pilot (ATP),Flight Crew Last 90 Days 60; Flight Crew Total 4000; Flight Crew Type 400,,,,,124098,,,Other Compensated GA,First Officer,Flight Crew Air Transport Pilot (ATP),,,,,,,Other Unspecified; Other No Specific Anomaly Occurred,,,Person Air Traffic Control; Person Flight Crew,,,,Chart Or Publication,"DUE TO A DISABLED CARGO JET (FLAT TIRE); APPROX 7800' FROM THE END OF RWY 05; THE RWY WAS CLOSED. I HAD BEEN TOLD BY A CTLR ONCE; THAT A PLT COULD REQUEST; AND RECEIVE PERMISSION TO DEPART ON A CLOSED RWY. PRIOR TO OUR ENGINE START TIME (APPROX 30 MIN PRIOR); I PHONED FWA TWR TO CONFIRM THAT I COULD IN FACT DEPART ON RWY 05 IF I WOULD DO SO AT MY OWN RISK. THEY CONFIRMED THAT WAS CORRECT; AND I DID REQUEST; AND RECEIVED PERMISSION TO DO SO UPON MY DEP. I ALSO REQUESTED A BACK TAXI DOWN THE RWY TO ASSURE MYSELF THERE WAS NO DEBRIS FROM THE FLAT TIRE ON THE CARGO PLANE. SINCE I HAD ALREADY GOTTEN INFO ABOUT THE CARGO PLANE; AND KNEW IT HAD ITS FLAT TIRE WHILE TAXIING AND NOT DURING DEP OR LNDG; I FELT SURE THERE WOULD BE NO DEBRIS ON THE RWY. HOWEVER; AFTER A BACK-TAXI INSPECTION I DETERMINED THE RWY 05 WAS SUITABLE FOR OUR DEP. FROM OUR POSITION ON RWY 05 WE HAD APPROX 6000' OF USABLE RWY; AND MADE OUR DEP WITHOUT INCIDENT. I FEEL THAT THE AVAILABILITY OF THIS TYPE OF PROVISION (DEP ON A CLOSED RWY) SHOULD BE INCLUDED IN EITHER THE AIM OR FAR PART 91; MUCH LIKE THE PROVISION FOR SPECIAL VFR INTO A CTL ZONE. MY CTLR FRIEND INFORMED ME OF THE EXISTENCE OF SUCH A PROVISION IN THE CTLR'S HANDBOOK; OTHERWISE I WOULD NOT HAVE BEEN ABLE TO TAKE ADVANTAGE OF IT.",,,,"REPORTER CITES LEGAL USE OF CLOSED RWY WITH CTLR'S PERMISSION AND COORD.",
124273,198910,1201-1800,BDR,CT,,,,1000,,IMC,3,,Daylight,900,,Tower BDR,Corporate,Helicopter,,2,,IFR,Passenger,,Initial Approach,,Class D BDR,,,,,,,,,,,,,,,,,,,,,,,,,,,,,,,,,,,,,,,,,,,,,,,,,,,,,,,,,,,,,,,,,Other Compensated GA,First Officer,Flight Crew Air Transport Pilot (ATP); Flight Crew Flight Engineer,Flight Crew Last 90 Days 75; Flight Crew Total 6000; Flight Crew Type 4000,,,,,124273,,,Other Compensated GA,Captain; Pilot Flying,Flight Crew Air Transport Pilot (ATP),,,,,,,Aircraft Equipment Problem Critical; Deviation - Altitude Undershoot; Deviation / Discrepancy - Procedural Published Material / Policy,,,Person Flight Crew,,General None Reported / Taken,,Human Factors,"WE RECEIVED RADAR VECTORS TO THE FINAL APCH COURSE FOR THE VOR RWY 24 AT BRIDGEPORT; CT. THE BDR VOR HAS NO DME SO WE WERE USING OUR ACFT NAV GEAR WHICH IS CERTIFIED FOR IFR APCH FOR DISTANCE INFO TO ESTABLISH THE FINAL APCH FIX. WHILE OUR ACFT NAV SHOWED US 3.8 MI FROM THE VOR WHICH WAS OUR MISSED APCH POINT; THE VOR NEEDLE REVERSED COURSE INDICATING WE WERE OVER THE ARPT. WE WERE BREAKING THROUGH THE CLOUD DECK AND COULD SEE THE ARPT BEHIND US. THE CTL TWR ASKED US OUR INTENTIONS AND WE REQUESTED A SPECIAL VFR CLRNC TO THE NW TO PROCEED TO OUR COMPANY HELIPORT WHICH IS 2 MI OUTSIDE THE KBDR ATA. WE WERE UNABLE TO MAINTAIN SVFR TO OUR HELIPORT AND HAD TO REQUEST A SPECIAL CLRNC BACK TO THE ARPT. AFTER LNDG AND THINKING ABOUT WHAT THE CTL TWR HAD SAID TO US IT SEEMS THAT THE TWR THOUGHT WE HAD CROSSED THE ARPT AND PROCEEDED OUT OF THE CTL WITHOUT REQUESTING AN SVFR CLRNC. ACTUALLY; WE CROSSED THE ARPT BECAUSE WE THOUGHT WE WERE STILL 3.8 MI AWAY. WE HAD NO INDICATION FROM OUR NAV GEAR THAT THE NAVIGATION ABILITIES HAD BEEN DEGRADED TO THE EXTENT THAT IT WAS UNSUITABLE FOR IFR NAVIGATION. WE HAD BEEN ASKED TO KEEP UP OUR SPEED ON FINAL SO WE SHOT BY THE ARPT AT 140 KTS WHICH CONTRIBUTED TO THE TWR THINKING WE WERE PROCEEDING WITHOUT AN SVFR CLRNC. WE ARE PRESENTLY INVESTIGATING WHAT THE PROBLEM MAY BE WITH OUR NAV SYSTEM THAT CAUSED IT TO LOSE ACCURACY. IT MAY BE HELPFUL WHEN MAKING A VOR APCH WHERE THERE IS NO DME TO XCHK THE FINAL APCH FIX WITH A XING RADIAL TO ESTABLISH TO FINAL APCH FIX AS A BACKUP TO ACFT NAVIGATION SYSTEM.",,,,"CPR HELICOPTER MISSED APCH BECAUSE ONBOARD NAVIGATION SYSTEM WAS 4 NM IN ERROR.",
125497,198910,0601-1200,DBL,CO,,110,,17500,,Mixed,,,Daylight,,,Center ZDV,Personal,Small Aircraft; Low Wing; 1 Eng; Fixed Gear,,1,,None,Personal,,Cruise; Cruise,,Class A ZDV; Class E ZDV,,,,,,,,,,,,,,,,,,,,,,,,,,,,,,,,,,,,,,,,,,,,,,,,,,,,,,,,,,,,,,,,,Other Nonprofessional GA,Pilot Flying; Single Pilot,Flight Crew Private,Flight Crew Last 90 Days 75; Flight Crew Total 650; Flight Crew Type 75,,,,,125497,,,Government,Enroute,Air Traffic Control Fully Certified,,,,,,,Deviation / Discrepancy - Procedural FAR; Inflight Event / Encounter Weather / Turbulence,,,Person Flight Crew,,General None Reported / Taken,,Human Factors,"I HAD COMPLETED 4 HRS OF MY TRIP AND HAD STARTED TO ENCOUNTER HEAVY TURBULENCE AND IMMEDIATELY CALLED DENVER FLT WATCH; TO QUESTION WHAT HE HAD IN PLT REPORTS. PRIOR TO THIS TURBULENCE I CALLED DENVER FLT WATCH 100 MI PRIOR; TO DISCUSS THE IMPENDING CLOUDS AND THAT I WAS PAINTING ELECTRICAL DISCHARGES ON MY STORM SCOPE. FLT WATCH SAID THAT THERE WAS NO PROBLEM AHEAD; AND RELAYED MY CONCERNS. I ENTERED THE LINE OF CLOUDS AND OVERFLEW THEM AT AN ALT OF 16;500. IT WAS BECOMING APPARENT THAT I WOULD HAVE TO ASK FOR PERMISSION TO CLIMB TO 17;500 TO AVOID THE RISING CLOUD LAYER. I TOLD ZDV I WOULD HAVE TO MOVE UP IN ALT. ZDV WAS TOTALLY AWARE OF MY SITUATION; BUT CONTINUED TO SAY THAT I HAD TO STAY VFR AND OFFERED NO ASSISTANCE TO MY IMPENDING CRISIS. THE CLOUDS HAD PUSHED MY PLANE UP TO 17;900 AND I ASKED FOR HIS ASSISTANCE; BUT RECEIVED THE NORMAL PARTYLINE ABOUT STAYING VFR. MY ALT VIOLATION WAS INADVERTENT AND NOT DELIBERATE IN THE SENSE THAT I NEEDED ASSISTANCE AND CENTER OFFERED NOTHING. THERE WAS KNOWN ICING CONDITIONS IN THE CLOUD LAYER UNDERNEATH ME. DO I BREAK THE VFR CLOUD RULE AND FLY INTO KNOWN ICING? OR DESCEND WITH THE MOUNTAINS LURKING 4000 BELOW OR ASK CENTER TO CLEAR THE WAY FOR 10-15 MI SO THAT I COULD DSND THROUGH THE OPENINGS I WAS BEGINNING TO SEE AHEAD? THEY DID NOTHING TO HELP MY SITUATION AND SEEMED ONLY INTERESTING IN THE RULES AND NOT MY SAFETY OR THE SURROUNDING AIRSPACE. THEY CLEARLY COULD HAVE CLRED A PATH FOR THE 10-15 MI I NEEDED; TO GET TO THE OPENINGS REQUIRED FOR A VFR DSCNT. EVEN WITH THE OPENING ON MY DSCNT BACK TO LOWER ALTS I ENCOUNTERED ICING ON MY WINDSCREEN. IF I WERE IN A HIGH TFC AREA I CAN UNDERSTAND THE DIFFICULTY OF MY REQUEST FOR A 'SPECIAL VFR CLRNC'. THEY SHOULD HAVE REVIEWED MY SITUATION AND NOT LET IT GET PROGRESSIVELY WORSE. CENTER HAD THE ABILITY TO WORK WITH MY CRISIS OF THE 18;000 VFR CEILING; AND THE EXPERIENCE AND ABILITY TO ASSIST ME IN THIS MOST DIFFICULT SITUATION.",,,,"GA SMA UNAUTH PENETRATION OF PCA.",
125960,198910,1201-1800,JAN,MS,,,,0,,Mixed,7,,Daylight,1600,,TRACON JAN; Tower HKS,Personal,Small Aircraft; High Wing; 1 Eng; Fixed Gear,,1,,VFR,Personal,,Cruise; Cruise; Climb,Vectors,Class E JAN,,,,,,,,,,,,,,,,,,,,,,,,,,,,,,,,,,,,,,,,,,,,,,,,,,,,,,,,,,,,,,,,,Other Nonprofessional GA,Pilot Flying; Single Pilot,Flight Crew Private,Flight Crew Last 90 Days 25; Flight Crew Total 195; Flight Crew Type 120,,,,,125960,,,Government,Approach,Air Traffic Control Fully Certified,,,,,,,Deviation / Discrepancy - Procedural FAR; Inflight Event / Encounter Weather / Turbulence; Inflight Event / Encounter VFR In IMC,,,Person Flight Crew,,Air Traffic Control Provided Assistance; Air Traffic Control Issued New Clearance,,Human Factors,"PLANNED ROUTE WAS FROM JACKSON; MS; TO MONTGOMERY; AL; PART OF TRIP FROM SOUTHERN CA TO ORLANDO; FL. CALLED FOR WX BRIEF AT XA30 FROM JAN. VERY MARGINAL VFR TO IFR AT MERIDIAN; MS. WAITED AND CALLED AGAIN AT XC30. WX WAS SLIGHTLY BETTER; BUT STILL MARGINAL VFR. TSTMS WERE S OF JACKSON; MOVING NE. DECIDED THAT WX MIGHT BE GOOD ENOUGH TO COMPLETE SOME OF THE TRIP; TO AT LEAST MERIDIAN (NOW MARGINAL VFR)--IF WE WAITED FOR TSTMS TO ARRIVE; IT WOULD BE DAYS UNTIL WE COULD DEPART (VACATION-TRIP-ITIS). AFTER TKOF; WX LOOKED VERY MENACING TO SE. TKOF FROM HAWKINS FIELD; NW OF JACKSON. HAWKINS TWR HANDED ME TO JACKSON APCH AND BEGAN FLYING E. JAN APCH TURNED ME TO HDG OF 310 DEGS TO CLR OTHER TFC. WHEN TFC PASSED; TOLD TO 'RESUME OWN NAV.' TURNED LEFT TO E HDG AND SAW VISIBILITY DROPPING EXTREMELY RAPIDLY. HAWKINS ISSUED SPECIAL WX--FIELD NOW 3 MI VISIBILITY IN RAIN. I REQUESTED RETURN TO HAWKINS FROM APCH--CLRED TO HAWKINS. I TURNED TO HDG OF 150 THINKING I WAS N OF HAWKINS. RAIN BEGAN VERY HARD ON AIRPLANE AND VISIBILITY KEPT DROPPING. DUE TO LACK OF FAMILIARITY WITH AREA; I WAS UNSURE OF POS. JAN APCH ADVISED TURN TO NE OR NW. UNABLE DUE TO TURB AND LOW VISIBILITY IN RAIN. APCH ADVISED I WAS ON FINAL APCH FIX FOR THOMPSON FIELD (SE OF JAN). I REQUESTED LNDG AT THOMPSON. CLRED AND GIVEN SPECIAL VFR CLRNC. ALT DETERIORATED TO 675' MSL AND I CLBED BACK UP. HAD DIFFICULTY KEEPING PLANE LEVEL IN HEAVY RAIN. APCH CALLED RWY 2 1/4 MI AHEAD; I SPOTTED AT 2 MI. LANDED UNEVENTFULLY; BUT RATTLED BY RAIN AND LOW VISIBILITY; AND FORGOT TO CHANGE TO TWR BEFORE REQUESTING PARKING (TAXI) INSTRUCTIONS. I CANNOT SEE HOW I DECIDED TO TRY THIS FLT. CONTRIBUTING FACTORS WERE PRESSURE TO CONTINUE TRIP (TO MAKE MOTEL RESERVATIONS); TO LEAVE BEFORE TSTMS CLOSED ARPT TO VFR DEPS; ANOTHER AIRPLANE LEAVING HAWKINS FIELD TO SE; OVERCONFIDENCE IN MY ABILITY TO HANDLE DETERIORATING WX; AND LACK OF UNDERSTANDING OF JUST HOW FAST RAIN CAN REDUCE VISIBILITY. I'D RECOMMEND THAT IF A PLT IS UNFAMILIAR WITH AREA; USE MUCH HIGHER VFR WX MINIMUMS; OR GET AN INSTRUMENT RATING BEFORE TRYING TO MAKE SCHEDULES WHEN TRAVELING BY PERSONAL ACFT.",,,,"GA SMA INFLT ENCOUNTER WITH DETERIORATING WX. DIVERSION TO ALTERNATE.",
126690,198910,0601-1200,ASH,NH,,,0,,,Marginal,3,,Daylight,,,Tower ASH,Air Taxi,Small Aircraft,,1,,VFR,Training,,Takeoff / Launch; Climb; Parked,,Class D ASH,,,,,,,,,,,,,,,,,,,,,,,,,,,,,,,,,,,,,,,,,,,,,,,,,,,,,,,,,,,,,,,,,Other Nonprofessional GA,Pilot Flying; Single Pilot,Flight Crew Private,Flight Crew Last 90 Days 23; Flight Crew Total 257; Flight Crew Type 23,,,,,126690,,,Other Other,Passenger,Flight Crew Private,,,,,,,Deviation / Discrepancy - Procedural FAR,,,Person Other Person,,General None Reported / Taken,,Human Factors,"ME AND MY 'CREW PARTNER' WERE PLANNING TO LEAVE NASHUA TOO QUICKLY FOR OUR COMMERCIAL X-COUNTRY REQUIREMENTS. THE ATIS WAS ESTIMATING 2 MI VISIBILITY BUT ALOFT VISIBILITY WAS 7+. WE DECIDED TO GO SPECIAL VFR. UNFORTUNATELY WE DIDN'T REALIZE THIS WAS PART 141 AND WERE NOT ALLOWED TO. WE FOUND OUT WE DIDN'T FOLLOW SCHOOL SOP'S WHEN WE RETURNED AND SOME CFI'S TOLD US. THIS SITUATION WAS BROUGHT UP IN AN AVIATION LAW CLASS AND THAT'S WHEN I FOUND OUT I HAD BROKEN FAR'S.",,,,"COMMERCIAL STUDENT ON SOLO CROSS COUNTRY TRAINING FLT DEPARTS SPECIAL VFR; IN VIOLATION OF FEDERAL AVIATION REG PART 141.",
126985,198911,1201-1800,ISP,NY,,9,,2000,,VMC,8,,Daylight,5000,,TRACON N90,FBO,Small Aircraft; High Wing; 1 Eng; Fixed Gear,,1,,VFR,Training,,Cruise; Cruise,Vectors,Class E ISP,,,,,,,,,,,,,,,,,,,,,,,,,,,,,,,,,,,,,,,,,,,,,,,,,,,,,,,,,,,,,,,,,Other Compensated GA,Instructor,Flight Crew Flight Instructor; Flight Crew Instrument; Flight Crew Commercial,Flight Crew Last 90 Days 40; Flight Crew Total 350; Flight Crew Type 40,,,,,126985,,,Other Nonprofessional GA,Trainee; Single Pilot; Pilot Flying,Flight Crew Student,,,,,,,Deviation / Discrepancy - Procedural FAR; Inflight Event / Encounter Weather / Turbulence; Inflight Event / Encounter VFR In IMC,,,Person Flight Crew,,Flight Crew Became Reoriented,,Human Factors,"THE WX AT ISLIP WAS REPORTED TO BE 5000 OVCST VISIBILITY 8. WE TOOK OFF AND HEADED TO THE S IN 2-WAY RADIO AND RADAR CONTACT WITH ATC. AS WE GOT FURTHER S OF THE FIELD; I SAW THE VISIBILITY BEGINNING TO DETERIORATE. AFTER A FEW MINS I HEARD ATC TELL ANOTHER PLT OF WX COMING IN FROM THE S. I IMMEDIATELY REQUESTED MORE INFO AND REQUESTED A CLRNC TO GO TO THE N. I WAS VECTORED TO HEAD FOR CAPTREE STATE PARK WHICH I HAD IN SIGHT ABOUT 5 MI AWAY. THE VISIBILITY TO THE SW WAS BECOMING VERY POOR. THE STUDENT WAS FLYING AND AS I TURNED TO HIM TO EXPLAIN SOMETHING; I SAW EVERYTHING OUTSIDE TURN WHITE AND KNEW WE HAD ENTERED A CLOUD. I IMMEDIATELY TURNED 180 DEG FROM MY PRESENT HDG AND TOLD ATC THAT I WAS IN IMC AND WOULD LIKE TO GO BACK TO THE ARPT. I ALSO REQUESTED A SPECIAL VFR CLRNC BECAUSE I THOUGHT THE ARPT COULD BE IFR. I WAS TOLD BY THE CTLR THAT THE ARPT WAS VFR AND SO I CONTINUED IN AND LANDED.",,,,"FLT INSTRUCTOR ALLOWS SPI TO BECOME IMC WHILE ON A VFR TRAINING FLT.",
127125,198910,1201-1800,LGU,UT,,5,0,,,VMC,10,,Daylight,2000,,,Personal,Small Aircraft; High Wing; 1 Eng; Fixed Gear,,1,,None,Personal,,Initial Approach; Landing; Landing,,Class G LGU,,,,,,,,,,,,,,,,,,,,,,,,,,,,,,,,,,,,,,,,,,,,,,,,,,,,,,,,,,,,,,,,,Other Nonprofessional GA,Single Pilot; Pilot Flying,Flight Crew Private,Flight Crew Last 90 Days 44; Flight Crew Total 398; Flight Crew Type 298,,,,,127125,,,Other Nonprofessional GA,Passenger,,,,,,,,Deviation / Discrepancy - Procedural Other / Unknown,,,Person Other Person,,General None Reported / Taken,,Airport,"I DEPARTED BRIGHAM CITY; UT; ARPT WITH ANOTHER PLT TO LAND AT LOGAN ARPT. WE HAD WAITED SINCE XA30 THAT MORNING; WAITING FOR A SNOWSTORM TO CLEAR. ABOUT XF30 THE STORM PASSED. THE CEILING RAISED TO ABOUT 1500'; SO I CALLED LOGAN FOR AN ADVISORY. THEY RPTED IT APPEARED TO BE CLEARING TO THE W AND N AND ESTIMATED THE ARPT WOULD BE OPEN IN ABOUT 15 MINS. WE WAITED ABOUT 20 MINS AND DEPARTED WITH 1500' CEILINGS AND 20 MI VISIBILITY. THE FLT WOULD TAKE ABOUT 15 MINS. WE HEADED N AND SPOTTED TREMONTON ARPT; WHICH WOULD BE USED FOR AN ALTERNATE IF LOGAN WAS NOT AVAILABLE. AT TREMONTON WE TURNED E AND FLEW 5 MINS TO THE VICINITY JUST W OF LOGAN. I CALLED FOR A LNDG ADVISORY AND LOGAN RPTED 'LESS THAN VFR MINIMUMS; THE FIELD IS CLOSED.' MY PAX SAID; 'THERE IS THE FIELD; APPROX 3 MI AWAY.' WE COULD SEE THE CITY OF LOGAN TO THE SE AND 2 SMALL TOWNS N OF LOGAN ARPT WITH AT LEAST 5-7 MI VISIBILITY AND 1500' CEILINGS. THERE WAS A SNOW SQUALL. MOVING ONTO THE FIELD FROM THE N; I ANNOUNCED THAT I HAD THE FIELD IN SIGHT AND WAS LNDG ON RWY 5. THE UNICOM REPEATED THE FIELD WAS CLOSED. I SAID IN THAT CASE; WE WERE COMING IN ON A SPECIAL VFR. THE UNICOM ANNOUNCER SAID 'THAT ONLY APPLIES AT A CTL FIELD.' I SAID 'WE ARE ON 3 MI FINAL AND WE'RE LNDG.' THERE WAS ANOTHER ACFT IN THE PATTERN; ANNOUNCING A LNDG ON 35. AFTER LNDG THE OTHER ACFT CONTINUED DOING TOUCH AND GO'S. THAT NIGHT IN OUR MOTEL; A FLT STANDARDS PERSON FROM SALT LAKE CITY WANTED TO HEAR MY SIDE OF THE STORY. I TOLD HIM WE HAD 3-5 MI VISIBILITY; 1200-1500' CEILINGS AND ENTERED THE TRANSITION AREA UNDER 700' AFTER ANNOUNCING OUR INTENTION TO LAND; AND THAT THE UNICOM PERSON MAY HAVE CALLED THE WX FROM WHERE HE WAS INSIDE THE BLDG LOOKING IN A DIFFERENT DIRECTION FROM OUR ENTRY. THE LOGAN ARPT IS AN UNCONTROLLED ARPT WITH NO CTL ZONE.",,,,"GA SMA LANDED AT NON TWR ARPT AFTER UNICOM ADVISED THE ARPT CLOSED BECAUSE WX BELOW VFR MINIMUMS.",
129081,198911,1201-1800,EUG,OR,,15,,900,,IMC,5,,Daylight,1000,,Center ZSE,Personal,Small Aircraft; Low Wing; 1 Eng; Fixed Gear,,1,,None,Personal,,Climb; Cruise; Cruise,,Class G ZSE,,,,,,,,,,,,,,,,,,,,,,,,,,,,,,,,,,,,,,,,,,,,,,,,,,,,,,,,,,,,,,,,,Other Nonprofessional GA,Single Pilot; Pilot Flying,Flight Crew Commercial; Flight Crew Flight Instructor,Flight Crew Last 90 Days 50; Flight Crew Total 2200,,,,,129081,,,,,,,,,,,,Deviation / Discrepancy - Procedural FAR; Inflight Event / Encounter Weather / Turbulence; Inflight Event / Encounter VFR In IMC,,,Person Flight Crew,,General None Reported / Taken,,Human Factors,"WITH THE CEILING AND VISIBILITY GRADUALLY DECREASING; AND WITH DARKNESS STARTING TO SET IN; I OPTED FOR HIGHER ALT. I WAS UNDER A SOLID OVCST. I ALREADY KNEW THAT THE OVCST WAS FAIRLY THIN; SINCE I HAD GOTTEN A GOOD VIEW OF IT DEPARTING EUGENE. I WAS IN CONTACT WITH ZSE. THEY HA NOT GIVEN ME ANY TFC ADVISORIES; SO I HOPED THAT THERE WAS NO ONE NEARBY. I PUNCHED UP THROUGH THE OVCST W/O A CLRNC. STILL MOSTLY LEGAL; I MAINTAIN. THE REGS STATE THAT TO FLY IFR IN UNCTLED AIRSPACE; ONE NEEDS AN IFR AIRPLANE AND A CURRENT; RATED PLT; PERIOD. NO CLRNC IS REQUIRED. ALL I NEEDED TO DO WAS TO BE ON TOP BY THE TIME I HIT 1200' AGL. I DIDN'T QUITE MAKE IT. I BROKE OUT AROUND 1800' MSL. I WAS ILLEGAL FOR ABOUT 5 SECS. NOT REALLY. VFR MINIMUMS IN CTLED AIRSPACE REQUIRE 1000' ABOVE CLOUDS; SO I WAS ILLEGAL UNTIL I REACHED 280 MSL; EVEN THOUGH MY VISIBILITY UPON BREAKING OUT AT 1800' WAS UNRESTRICTED. I THEN ASKED FOR A SPECIAL VFR CLRNC THROUGH SALEM'S CTL ZONE; SINCE SALEM WAS STILL IFR. SPECIAL VFR APPLIES ONLY TO FLYING BENEATH A CEILING IN A CTL ZONE; NOT ON TOP. AS SOON AS I REALIZED THAT; I CANCELLED MY REQUEST AND MAINTAINED CLR OF SALEM'S ATA. HOW TO PREVENT A RECURRENCE? START OUT AND STAY ON TOP. I DON'T REALLY LIKE FLYING W/O ANY COURSE GUIDANCE; AND MY 2 ON-BOARD HAND-HELD NAVCOMS WERE NOT GOOD VOR RECEIVERS; SO I OPTED FOR POSITIVE COURSE GUIDANCE VIA THE HWY. PERHAPS THE RIGHT WAY TO HAVE REMAINED LEGAL WOULD HAVE BEEN TO REQUEST AN IFR CLRNC TO 'ON TOP;' ONLY TO CANCEL IFR 30 SECS LATER WHEN ON TOP. NOT A GREAT WAY TO SCORE POINTS WITH A CTLR.",,,,"GA SMA INTENTIONAL VFR IN IMC.",
129601,198912,1201-1800,BET,AK,,,0,,,Marginal,1.5,,Daylight,15000,,Tower BET,Air Taxi,Small Aircraft; High Wing; 1 Eng; Retractable Gear,,1,,VFR,Ambulance,,Landing; Initial Approach; Landing; Other Pattern,,Class D BET,,,,,,,,,,,,,,,,,,,,,,,,,,,,,,,,,,,,,,,,,,,,,,,,,,,,,,,,,,,,,,,,,Other Compensated GA,Pilot Flying; Single Pilot,Flight Crew Flight Instructor; Flight Crew Commercial; Flight Crew Instrument,Flight Crew Total 6500,,,,,129601,,,Government,Local,Air Traffic Control Fully Certified,,,,,,,Deviation / Discrepancy - Procedural FAR; Inflight Event / Encounter Weather / Turbulence; Inflight Event / Encounter VFR In IMC; Other Unspecified,,,Person Air Traffic Control; Person Flight Crew,,General None Reported / Taken,,Human Factors,"PRIOR TO THE BEGINNING OF THE FLT AT APPROX XX30; THE WX AT BETHEL WAS FORECAST TO BE PREDOMINATELY GREATER THAN BASIC VFR; AND THE VISIBILITY WAS NOT FORECAST TO BE LESS THAN 3 MI. UPON RETURNING TO BETHEL; WHILE PILOTING A LIFEGUARD FLT; THE VISIBILITY WAS RPTED TO BE 1 1/2 MI WITH A HIGH CEILING. BETHEL TWR GAVE ME A SPECIAL VFR CLRNC TO ENTER THE CTL ZONE AND REQUIRED THAT I RPT ESTABLISHED ON RIGHT DOWNWIND; WHICH I DID. JUST SECS PRIOR TO MY TURNING ONTO RIGHT BASE; THE TWR RPTED NEW VISIBILITY AT 3/4 MI. WHILE I WAS ON BASE LEG; TWR ASKED MY INTENTIONS--AND I REPLIED; 'TO CONTINUE MY PATTERN.' THEREUPON I LANDED W/O INCIDENT. NOTE: I WAS CLRED TO LAND BY THE TWR AFTER RPTING MY DOWNWIND LEG AND BEFORE RECEIVING THE RPT OF NEW VISIBILITY OF 3/4 MI. AIR REG 91.107D(1) - 'SPECIAL VFR WX MINIMUMS': D) NO PERSON MAY TKOF OR LAND AN ACFT (OTHER THAN A HELI) AT ANY ARPT IN A CTL ZONE UNDER VFR--1) UNLESS GND VISIBILITY AT THAT ARPT IS AT LEAST 1 SM.",,,,"SMA PLT CLEARED INTO CTL ZONE; AND CLEARED TO LAND UNDER SPECIAL VFR; IS INFORMED ON DOWNWIND LEG BY TWR THAT REPORTED VISIBILITY IS NOW LESS THAN 1 MILE;THAT IS; BELOW SPECIAL VFR MINIMUMS.",
137523,199002,1201-1800,KTN,AK,,,0,,,IMC,,,Daylight,,,FSS KTN,Air Taxi,Small Transport; Low Wing; 2 Turbojet Eng,,2,,IFR,Passenger,,Initial Climb,Other Departure,Class D KTN,,,,,,,,,,,,,,,,,,,,,,,,,,,,,Personal,Helicopter,,1,,SVFR,Training,,Cruise,,,,,,,,,,,,,,,,,,,,,,,,,,,,Government,FSS,,,,,,,137523,,,Government,FSS,,,,,,,,ATC Issue All Types; Deviation / Discrepancy - Procedural Published Material / Policy,Horizontal 6000; Vertical 0,,Person Air Traffic Control,,General None Reported / Taken,,Human Factors,"THE CTL ZONE WAS IFR. THERE WERE 2 ACFT (A HELI AND A SMALL FLOAT PLANE); BOTH WITH SPECIAL VFR CLRNCS; AGREEING TO MAINTAIN VIS SEP IN THE CTL ZONE. AN ATX X ON THE GND REQUESTED AN IFR CLRNC. BEFORE AN IFR CLRNC IS ISSUED IN THE KTN CTL ZONE; THE ZONE MUST EITHER BY STERILIZED; OR THE ACFT MUST REQUEST A REVILLA CORRIDOR CLRNC. THE CTLR WHO WAS IN CHARGE OF OBTAINING THE CLRNC FOR ATX X DELIVERED THE CLRNC W/O INFORMING THE OTHER CTLR HE HAD DONE SO. THIS LACK OF COORD CAUSED A POSSIBLE SYSTEMS ERROR.",,,,"ACFT DEPARTURE CONFLICTED WITH ANOTHER IFR ACFT IN THE CTL ZONE RESULTING IN LESS THAN STANDARD SEPARATION.",
138039,199002,0601-1200,IND,IN,,,,2300,,Marginal,3,,Dawn,2500,,Tower IND,FBO,Small Aircraft; Low Wing; 1 Eng; Fixed Gear,,1,,VFR,Training,,Descent; Landing; Landing; Initial Approach; Descent,,Class C IND,,,,,,,,,,,,,,,,,,,,,,,,,,,,,,,,,,,,,,,,,,,,,,,,,,,,,,,,,,,,,,,,,Other Nonprofessional GA,Pilot Flying; Single Pilot,Flight Crew Instrument; Flight Crew Commercial,Flight Crew Last 90 Days 25; Flight Crew Total 220; Flight Crew Type 5,,,,,138039,,,Government,Local,Air Traffic Control Fully Certified,,,,,,,Inflight Event / Encounter Weather / Turbulence; Other Unspecified,,,Person Flight Crew,,General None Reported / Taken,,Human Factors,"I WAS FLYING FROM LAFAYETTE; IN TO INDIANAPOLIS FOR THE PURPOSE OF TAKING THE CFI PRACTICAL TEST. A COLD FRONT HAD PASSED ABOUT AN HOUR EARLIER; CONDITIONS WERE CLEARING BEHIND IT. ALL AVAILABLE WX INFO (OBTAINED VIA DUAT) INDICATED VMC AT THE PRESENT AND CONTINUING WITH CONDITIONS STEADILY IMPROVING AFTER FRONTAL PASSAGE. THIS SEEMED TO BE THE CASE AS LAFAYETTE WAS CLEAR WHEN I LEFT. UPON ENTERING THE ARSA THE CONDITIONS DETERIORATED; CEILINGS WERE COMING DOWN; AS WAS VISIBILITY. I VERIFIED FOR MYSELF THAT THE VISIBILITY WAS SUFFICIENT (3 MILES) TO REMAIN VFR. I THEN BEGAN TO CONCENTRATE ON FINDING THE FIELD. THE CTLR SENSING MY DIFFICULTY BEGAN GIVING ME VECTORS TO THE FINAL APCH COURSE. AT THIS POINT I BEGAN TO THINK THAT MAYBE I SHOULD OBTAIN AN IFR CLRNC; OR SPECIAL VFR. HOWEVER; I WAS TOO BUSY TRYING TO FIND THE FIELD. IN GENERAL I FIND IT HARD TO LOCATE THE ARPT EVEN ON THE BEST OF DAYS; I COULD MAKE OUT ITEMS ON THE GND AT AT LEAST 3 MI AWAY SO I THOUGHT I HAD THE NECESSARY VISIBILITY TO STAY VFR. I FINALLY FOUND THE ARPT AND WAS LINED UP ON FINAL; JUST ABOVE THE 'RABBIT' RAIL LIGHTS; WHEN THE TWR ASKED WHERE I WAS; THAT HE COULD NOT SEE ME. A FEW SECONDS LATER HE SAW ME. AT THIS POINT I BECAME WORRIED THAT MAYBE THE VISIBILITY WAS NOT WHAT I THOUGHT IT WAS. AS I TURNED OFF THE TXWY I TUNED IN ATIS AGAIN. THEY REPORTED 2500' AND 3 MI. I REALLY BECAME WORRIED ABOUT IT WHEN THE EXAMINER WHO WAS SUPPOSED TO GIVE ME THE EXAM CASTIGATED ME FOR FLYING THOSE WX CONDITIONS AND CANCELLED THE TEST. I GUESS THE MORAL OF THE STORY IS TO GO AHEAD AND GET AN IFR CLRNC IF CONDITIONS ARE GETTING CLOSE TO IMC. I DON'T THINK I VIOLATED ANY FAR'S; I JUST THINK IT WOULD HAVE BEEN BETTER TO BE ON THE SAFE SIDE AND GET THE CLRNC.",,,,"SMA FLIES THROUGH MARGINAL VFR CONDITIONS BEHIND A FRONT AND GETS LOW ON APCH.",
140830,199003,1801-2400,SFO,CA,,2,,2000,,IMC,4,,Night,200,,TRACON SFO; Tower SFO,Air Carrier,Small Transport; Low Wing; 2 Turboprop Eng,,2,,IFR,Passenger,,Climb,Other Departure; SID SID,Class B SFO,,,,,,,,,,,,,,,,,,,,,,,,,,,,,Military,Helicopter,,2,,SVFR,Tactical,,Cruise; Cruise,,,,,,,,,,,,,,,,,,,,,,,,,,,,Air Carrier,Captain,Flight Crew Air Transport Pilot (ATP); Flight Crew Flight Instructor,Flight Crew Last 90 Days 150; Flight Crew Total 4800; Flight Crew Type 1500,,,,,140830,,,Air Carrier,Pilot Flying; First Officer,Flight Crew Instrument; Flight Crew Commercial,,,,,,,ATC Issue All Types; Conflict NMAC; Inflight Event / Encounter Weather / Turbulence,Horizontal 0; Vertical 200,,Person Flight Crew; Person Air Traffic Control,,Flight Crew Took Evasive Action,Procedure,Ambiguous,"WE DEPARTED 1R AND ENTERED THE CLOUDS AT 200'; TURNING RIGHT TO 030 DEG. PASSING THROUGH 1500' I ASKED THE TWR IF WE SHOULD CONTACT DEP; STILL IMC. THERE WAS NO ANSWER. THE NEXT COMMENT WAS AN AIR TFC ALERT GIVEN TO ANOTHER ACFT. WE BROKE OUT OF THE CLOUDS AT 2000' AND TOOK EVASIVE ACTION; JUST MISSING THE MIL HELI BY LESS THAN 200'. THIS ACFT WAS ON A 'SPECIAL VFR' AND WAS INVADING OUR AIRSPACE IN IMC. THE LACK OF JUDGEMENT OF THE HELI PLT TO REQUEST A SPECIAL VFR; THE TWR TO ISSUE IT; ALONG WITH THE UNTIMELY CHANGE OF THE ATIS (STILL REPORTING 500 BROKEN AND 12 MI VISIBILITY; 1 HOUR OLD) IS BEYOND MY COMPREHENSION. SHOULD THERE BE MORE SPECIFIC PROCS LAID OUT FOR NON FIXED WING SPECIAL VFR IN A TCA? OR SHOULD NON FIXED WING ACFT LIKE FIXED WING ACFT BE BANNED FROM SPECIAL VFR IN A TCA?",,,,"ACR SMT HAS NMAC WITH ROTARY WING ACFT WHO HAS BEEN AUTHORIZED AN SVFR CLRNC IN THE CTL ZONE TCA.",
143912,199004,1801-2400,POC; POX,CA,,5,389,,,Mixed,3,,Dusk,1500,,TRACON ONT; Tower POC,FBO,Small Aircraft; High Wing; 1 Eng; Fixed Gear,,1,,None,Passenger,,Cruise; Cruise; Other Airhold,Direct,Class D POC,,,,,,,,,,,,,,,,,,,,,,,,,,,,,,,,,,,,,,,,,,,,,,,,,,,,,,,,,,,,,,,,,Other Nonprofessional GA,Passenger,Flight Crew Flight Instructor; Flight Crew Instrument; Flight Crew Commercial,Flight Crew Last 90 Days 40; Flight Crew Total 380; Flight Crew Type 15,,,,,143912,,,Other Unknown GA,Single Pilot; Pilot Flying,Flight Crew Flight Instructor; Flight Crew Commercial; Flight Crew Instrument,,,,,,,Deviation / Discrepancy - Procedural FAR; Inflight Event / Encounter CFTT / CFIT; Inflight Event / Encounter VFR In IMC; Inflight Event / Encounter Weather / Turbulence,,,Person Flight Crew,,Air Traffic Control Issued New Clearance,,Human Factors,"I RECEIVED A WX BRIEFING PRIOR TO TKOF FROM TOA WHERE THE CEILING WAS 3000' AND VISIBILITY 4 MI. AT POC THE CEILING WAS 1500' AND THE VISIBILITY 2 1/2 MI; THE ENRTE CEILING WAS 2500-3000'. THE FORECAST FOR THE ETA WAS CEILING 1500'. I DECIDED NOT TO TAKE THIS FLT DUE TO LACK OF INSTRUMENT CURRENCY. HOWEVER; I DID RIDE ALONG WITH AN INSTRUMENT INSTR. HE DECIDED NOT TO FILE IFR; BUT TO FLY VFR AND ENTER BRACKETT'SCTL ZONE WITH A SPECIAL VFR CLRNC. THE FLT WENT AS PLANNED PAST EL MONTE ARPT AT 2500' MSL WHERE WE WERE AT LEAST 500' BELOW THE CLOUDS AND VISIBILITY WAS GREATER THAN 3 MI. AT THAT TIME; HE LISTENED TO BRACKETT'S ATIS WHICH RPTED CEILING 1500' AND VISIBILITY 2 1/2 MI. HE REQUESTED A VFR CTL ZONE CLRNC FROM THE TWR. THE CLRNC WAS RECEIVED AND HE WAS INSTRUCTED TO CONTINUE INBND. WE DSNDED TO 2000' MSL TO AVOID CLOUDS. THE NEXT TWR INSTRUCTION WAS TO EXPECT A 10 MIN DELAY AND TO CIRCLE. WHILE CIRCLING; THE CEILING AND VISIBILITY WAS RAPIDLY DECREASING. WE COULD NOT CONTINUE NOR TURN BACK AND MAINTAIN VFR. THIS SITUATION FORCED US TO DSNT WHILE HOLDING TO MAINTAIN VFR. HE REQUESTED RV FOR AN ILS. HE WAS INSTRUCTED TO CONTACT ONTARIO APCH. APCH INSTRUCTED HIM TO CONTINUE TO THE ARPT VFR DUE TO OUR LOW ALT. HE INFORMED THEM THAT IT WAS NOT POSSIBLE TO CONTINUE VFR. THEN HE WAS INSTRUCTED TO CLB VFR. HOWEVER; THIS WAS NOT POSSIBLE EITHER. AGAIN HE REQUESTED RV FOR AN ILS. THIS ENTIRE TIME THE WX WAS BECOMING PROGRESSIVELY WORSE UNTIL WE WERE CIRCLING AT 1400' MSL. APCH INSTRUCTED HIM TO CLB AND GAVE RV ONTO THE APCH. THIS SITUATION COULD HAVE BEEN AVOIDED BY FILING AN IFR FLT PLAN AND RECEIVING AN IFR CLRNC PRIOR TO TKOF.",,,,"GA SMA VFR IN IMC BELOW LAX TCA ENROUTE TO POC FROM TOA.",
144104,199004,1801-2400,DVL,ND,,25,800,,,Mixed,.75,,Dusk,300,,Center ZMP; FSS GFK,FBO,Small Aircraft; High Wing; 1 Eng; Fixed Gear,,1,,None,Ferry / Re-Positioning,,Landing; Cruise; Cruise; Initial Approach; Landing,Other Arrival; Other Contact,Class D DVL,,,,,,,,,,,,,,,,,,,,,,,,,,,,,,,,,,,,,,,,,,,,,,,,,,,,,,,,,,,,,,,,,Other Compensated GA,Single Pilot; Pilot Flying,Flight Crew Commercial; Flight Crew Instrument,Flight Crew Last 90 Days 200; Flight Crew Total 1030,,,,,144104,,,Government,FSS,,,,,,,,Aircraft Equipment Problem Critical; Deviation / Discrepancy - Procedural FAR; Deviation / Discrepancy - Procedural Landing Without Clearance; Inflight Event / Encounter Weather / Turbulence; Inflight Event / Encounter VFR In IMC,,,Person Flight Crew,,General None Reported / Taken,,Human Factors,"I DEPARTED DVL CARRYING 3 PAX TO DIK. I DELIVERED MY PAX UNDER FAR PART 135 TO DIK. I THEN RETURNED TO DVL. THE WX ENRTE WAS APPROX 2500' WITH UNRESTRICTED VISIBILITY. ACCORDING TO A WX BRIEFING RECEIVED EARLIER; THE CONDITIONS WERE TO REMAIN THE SAME FOR MY RETURN; NON-REVENUE FLT. I RECEIVED UPDATED WX AFTER I DEPARTED DIK. MODERATE SNOW WAS THEN FALLING APPROX 85 NM S OF DVL IN THE JMS AREA. APPROX 100 NM SW OF DVL I ENTERED LIGHT TO MODERATE SNOW AND VISIBILITY DROPPED TO BTWN 2-3 SM. I CONTINUED ON IN UNCONTROLLED AIRSPACE APPROX 800-900' AGL; THEN GETTING APPROX 25 NM SW OF DVL WHEN I CONTACTED GRAND FORKS; ND FSS. I JUST BARELY HEARD THE CTLR/FSS PERSON FINALLY GET MY N# RIGHT WHEN I WAS NO LONGER ABLE TO RECEIVE ANYTHING ON THE RADIO! I DID NOT KNOW THE CURRENT SURFACE OBSERVATION AT DVL SO; SINCE MY FLT VISIBILITY WAS AT LEAST 2 MI; I BLINDLY REQUESTED A SPECIAL VFR CLRNC APPROX 5 SEPARATE TIMES; STATING THAT I WOULD MAINTAIN SVFR CONDITIONS AT ALL TIMES. AFTER LNDG I WAS INFORMED THAT DVL RPTED 300' OBSCURED AND 3/4 MI VISIBILITY! NO 'SPECIAL' WAS GIVEN; BUT THE CTL ZONE WAS CLOSED DUE TO MY 'BLIND' XMISSIONS. THE MINNEAPOLIS CENTER CTLR I TALKED WITH ON THE PHONE AFTER LNDG STATED NO ACTION WOULD BE TAKEN AGAINST ME. I THINK HE LIED TO ME. IN SUMMARY; I DID NOT KNOW ABOUT THE CONDITIONS AT DVL SINCE I NEVER EXPERIENCED THOSE CONDITIONS ON 4/90. I ALWAYS HAD GREATER THAN 2 MI VISIBILITY AND NEVER ENTERED CLOUDS. AFTER MY RATHER SUDDEN LOSS OF 2-WAY COM WITH GFK FSS DUE TO STATIC (EXTREME) FROM THE SNOW; I HAD NO IDEA WHERE TO GO OTHER THAN DVL SINCE WX INFO WAS UNAVAILABLE! AFTER DISCUSSION THE SITUATION WITH THE ZMP SUPVR (SECTOR 25) AFTER LNDG; HE CONCLUDED HE WOULD NOT PURSUE THE INCIDENT DUE TO MY ATTEMPTED CONTACT OF FSS WITH REQUEST FOR SPECIAL CLRNC; AND INTENTIONS. AFTER NOT BEING ABLE TO COMMUNICATE WITH GFK FSS; I CONSIDERED OTHER NEARBY (WITHIN 20 NM) ARPTS; BUT CONTINUED FLT BEYOND DVL WAS DEEMED UNSAFE BY ME SINCE I HAD BEEN EXPERIENCED THE WORST CARB ICING I HAD EVER SEEN!",,,,"SMA PLT PRESSES ON TO DESTINATION IN SPITE OF WORSENING WX. IMC IN VFR FLT.",
144481,199004,0001-0600,SAT,TX,,,0,,,,,,Night,1000,,Tower SAT,Personal,Small Aircraft; Low Wing; 1 Eng; Fixed Gear,,1,,SVFR,Personal,,Parked; Takeoff / Launch; Other Other,,,,,,,,,,,,,,,,,,,,,,,,,,,,,,,,,,,,,,,,,,,,,,,,,,,,,,,,,,,,,,,,,,,Other Nonprofessional GA,Pilot Flying; Single Pilot,Flight Crew Private,Flight Crew Last 90 Days 20; Flight Crew Total 230; Flight Crew Type 190,,,,,144481,,,Government,Local,Air Traffic Control Fully Certified,,,,,,,Deviation / Discrepancy - Procedural FAR; Inflight Event / Encounter Weather / Turbulence,,,Person Flight Crew,,General None Reported / Taken,,Human Factors,"I FLEW TO SAN ANTONIO TO ATTEND A FRIEND'S WEDDING. I LEFT THE WEDDING PARTY (NO ALCOHOL CONSUMED) AND RETURNED TO SAT SHORTLY BEFORE MIDNIGHT. SJT FSS PROVIDED A BRIEFING FOR VFR FLT TO F67 IN DALLAS. THE BRIEFING INDICATED CEILINGS IN THE SAN ANTONIO AREA WERE 1000 FT AGL; WITH TOPS RPTED AT 3000 FT. THE CEILINGS IN THE SAN ANTONIO AREA WERE PREDICTED TO GET WORSE AS THE NIGHT WORE ON. THE NORTHERN PORTION OF THE TRIP WAS RPTED AS 10000 FT TO 12000 FT SCATTERED; DETERIORATING TO 4000 FT BROKEN TO OVCST. I FELT THAT IF I COULD GET OUT OF THE SAN ANTONIO AREA; IT WOULD BE POSSIBLE TO LAND SAFELY AT GRAND PRAIRIE. I DECIDED TO TKOF. THE INTENDED RTE OF FLT WAS SAT; SAT VOR; TPL VOR; ACT VOR; TO GRAND PRAIRIE; I REQUESTED A SPECIAL VFR CLRNC FROM SAT CLRNC DELIVERY. THIS CLRNC WAS APPROVED. DEP FREQ WAS SAT TWR. I HEARD ONLY ONE OTHER ACFT ON THIS FREQ. ON TKOF; I FOUND CEILINGS RUNNING ABOUT 1000 FT AGL. I PROCEEDED TOWARDS THE SAT VOR. JUST PRIOR TO THE VOR; I FOUND A HOLE AND CLBED ABOVE THE CLOUD LAYER. THE FLT WAS UNEVENTFUL THROUGH TO WACO. NEARING WACO; I BEGAN TO SEARCH FOR DALLAS WX INFO. I CHKED THE DAL ATIS RPT WHICH RPTED CEILINGS OF 25000 FT OVCST. CONDITIONS AROUND ME CONTINUED TO BE THIN OVCST; TOP ESTIMATED AT 3000 FT. A HOLE WAS APPARENT OVER HILLSBORO (NNW OF WACO). OBVIOUSLY; CONDITIONS HAD CHANGED RADICALLY FROM THE BRIEFING. IT IS ALSO POSSIBLE THAT THE LOVE FIELD ATIS WAS INCORRECT; AND SHOULD HAVE RPTED 2500 FT OVCST. AS I CONTINUED TOWARDS DALLAS; I LISTENED TO DALLAS REGIONAL (TCA) APCH 125.2. I HEARD ONE OTHER PLANE BEING DIRECTED TO SPINKS (SSW OF DALLAS); AND RPTING VFR CONDITIONS THERE. I PLANNED TO FLY TO GRAND PRAIRIE; AND USE SPINKS IF CONDITIONS AT GRAND PRAIRIE WERE TOO POOR. OVER JOE POOLE LAKE; 10 MI S OF GRAND PRAIRIE; I FOUND A HOLE AND DSNDED. THE CEILING WAS RUNNING 1200 FT TO 1400 FT AGL. I LANDED AT GRAND PRAIRIE WITHOUT INCIDENT. THE PROBS: I REQUESTED SPECIAL VFR AT NIGHT. I LATER DISCOVERED THAT FAR 91.107 REQUIRES AN INSTRUMENT RATING FOR THIS. I DO NOT HAVE AN INSTRUMENT RATING. ASSUMING THAT MY SPECIAL VFR DEP WAS LEGAL; THIS WAS A STUPID FLT TO MAKE. CONTRIBUTING FACTORS: I DID NOT WANT TO SPEND THE NIGHT IN SAN ANTONIO; EVEN THOUGH A FRIEND HAD A SPARE BEDROOM. THIS WAS THE BASIC PROB LEADING TO THE OTHERS. I SHOULD HAVE BEEN MORE FLEXIBLE IN MY MIND; TO ALLOW FOR THE POSSIBILITY THAT I WOULD STAY OVERNIGHT. MY BRIEFING FROM DALLAS DOWN TO SAN ANTONIO HAD INDICATED THAT THE WX WOULD BE CLR ALL NIGHT; SO IN MY MIND I HAD DETERMINED TO MAKE THE RETURN FLT. I REALIZED WHEN I GOT THE RETURN BRIEFING THAT THIS WAS NOT EXACTLY THE BEST OF TIMES TO FLY VFR. MY DECISION TO FLY WAS INFLUENCED IN PART BY THE FACT THAT I WAS ALONE; AND THEREFORE RISKING ONLY MY OWN LIFE. WITH THE EXCEPTION OF THE SPECIAL VFR AT NIGHT; I BELIEVE THAT EVERYTHING I DID WAS WITHIN THE RULES. (I HAD SIMPLY FORGOTTEN THE REQUIREMENT FOR SPECIAL VFR AT NIGHT. I DID NOT HAVE A COPY OF THE FARS WITH ME. I LOOKED UP THE RULE WHEN I GOT HOME; AND DISCOVERED MY ERROR). NONETHELESS; IT WAS DUMB. THE ONLY GOOD THING ABOUT THIS FLT IS THAT IT DID NOT END IN A TREE SOMEWHERE. I SHOULD HAVE LEFT MYSELF A MUCH GREATER SAFETY MARGIN. CORRECTIVE ACTION: THIS INCIDENT POINTS UP THE NEED FOR BETTER JUDGEMENT; A REVIEW OF THE FARS PERTAINING TO VFR FLT; AND AN INSTRUMENT RATING. IT HAS BEEN SAID THAT WISDOM COMES FROM EXPERIENCE; AND EXPERIENCE FROM A LACK OF WISDOM. I AM FORTUNATE THAT I SURVIVED THE EXPERIENCE. SOME PLTS PAY WITH THEIR LIVES FOR THIS. TKOF UNDER SUCH CONDITIONS IS NOT A MISTAKE I INTEND TO MAKE AGAIN. I ALSO INTEND TO OBTAIN AN INSTRUMENT RATING THIS SUMMER; AFTER UPGRADING THE RADIOS IN MY PLANE.",,,,"INEXPERIENCED GSA PLT DEPARTS SAT; TX; SPECIAL VFR AT NIGHT. PLT DOES NOT HOLD INSTRUMENT RATING AND THEREFORE IN VIOLATION OF FAR 91 POINT 107 (E) 1; 2.",
147810,199006,1201-1800,OMN,FL,,,,2000,,VMC,10,,Daylight,,,TRACON DAB,Corporate,Small Aircraft; High Wing; 1 Eng; Fixed Gear,,1,,IFR,Passenger,,Climb; Cruise,Direct; Other RNAV,Class C DAB; Class D DAB; Class E DAB,,,,,,,,,,,,,,,,,,,,,,,,,,,,,,,,,,,,,,,,,,,,,,,,,,,,,,,,,,,,,,,,,Other Nonprofessional GA,Pilot Flying; Captain,Flight Crew Air Transport Pilot (ATP); Flight Crew Commercial; Flight Crew Flight Instructor; Flight Crew Instrument,Flight Crew Last 90 Days 20; Flight Crew Total 3500; Flight Crew Type 200,,,,,147810,,,Government,Departure,Air Traffic Control Fully Certified,,,,,,,Deviation - Altitude Overshoot; Deviation / Discrepancy - Procedural Clearance,,,Person Air Traffic Control,,Air Traffic Control Issued New Clearance; General None Reported / Taken,Chart Or Publication,Human Factors,"ON SUNDAY; JUNE 1990; I FILED AN IFR FLT PLAN FROM OMN TO CSG. THE FILED RTING WAS OMN VORTAC RNAV DIRECT PECAN VORTAC; V-321 TO PREST INTXN; DIRECT CSG. I DEPARTED OMN SOLO IN VFR CONDITIONS. A RAIN SHOWER HAD RECENTLY PASSED THE ARPT AND I ESTIMATED THE VISIBILITY WAS 10 MI PLUS; WITH SCATTERED CLOUDS. AT ABOUT 600' MSL I CALLED DAB DEP CTL ON 125.8 TO PICKUP AN IFR CLRNC. I WAS GIVEN A XPONDER CODE; ADVISED TO MAINTAIN VFR AND WAS RADAR IDENTED. I WAS THEN GIVEN THE FOLLOWING CLRNC; 'CLRED TO CSG ARPT VIA DIRECT CRAIG; DIRECT PECAN; THEN AS FILED; CLB TO 2000'; EXPECT 7000' IN 10 MINS; DAB ALTIMETER 30.16.' AS I CONTINUED CLBING; I WAS REVIEWING THE NAV CHARTS FIRST TO GET THE CRAIG FREQ; AND THEN TO PREPARE TO DEVELOP A NEW RNAV RTE. THE DAB DEP CTLR THEN CALLED WITH THE FOLLOWING STATEMENT; ACCORDING TO THE BEST OF MY RECOLLECTION; 'SMA YOU WERE ADVISED TO MAINTAIN 2000': CLB TO 3000'.' REACTIVELY; BEFORE HIS STATEMENT WAS COMPLETE; I REDUCED PITCH TO LEVEL FLT ATTITUDE; LOOKED AT THE ALTIMETER; AND NOTICED THAT IT WAS APCHING 2500'. I THEN RESPONDED WITH; 'ROGER; SMA IS CLBING TO 3000''; AND RESUMED THE CLB. AT NO TIME SINCE DEP UP TO THIS POINT DID I FLY THE ACFT INTO IMC. WHEN I TOOK OFF ON THIS FLT; THERE WAS NO QUESTION THAT WX CONDITIONS AT OMN EXCEEDED VFR MINIMUMS BY A WIDE MARGIN; BUT SHORTLY THEREAFTER APPARENTLY CONDITIONS AT DAB WERE IMC. THERE IS HOWEVER; NO CONVENIENT WAY FOR VFR PLTS AT OMN TO KNOW THIS UNLESS THEY LISTEN DAB ATIS; WHICH FREQUENTLY CANNOT BE RECEIVED ON THE GND AT OMN W/O DEACTIVATING THE RECEIVER SQUELCH CTL. FURTHERMORE; VFR ACFT IN THE OMN ARPT PATTERN TURNED TO THE PLT ADVISORY FREQ OF 122.7 WOULD BE UNAWARE THAT THIS SITUATION HAS OCCURRED. CONCERN OVER THIS SITUATION LED ME TO RESEARCH THE ISSUE. FIRST I WENT THROUGH FAR PARTS 61 AND 91; AND WAS UNABLE TO LOCATE A REG ADDRESSING THIS SCENARIO. I NEXT WENT THROUGH AN AIM REPRINT WHICH I RECEIVED AT A FLT INSTR REFRESHER CLINIC LAST DECEMBER; AND WAS UNABLE TO FIND AN ANSWER. THEN I CALLED A NATIONAL PLT ORGANIZATION AND DISCUSSED THE MATTER WITH ONE OF THEIR REGS KNOWLEDGEABLE STAFF; USING A DEPARTING ACFT AS AN EXAMPLE. HE ADVISED THAT AS LONG AS AN IFR FLT PLAN WAS ON FILE; AND THE PLT DEPARTING AN UNCTLED ARPT IN VFR CONDITIONS AND WAS ABLE TO MAINTAIN VFR WHEN REQUESTED BY THE CTLR TO DO SO; HE DIDN'T THINK THERE WAS A PROB. WHAT I PERCEIVED AS SOME LACK OF CERTAINTY IN THE EXPLANATION BY THE STAFF PERSON LED ME TO CALL THE DAYTONA BEACH TWR. THE FIRST PERSON I TALKED WITH SAID 'A SUPVR WILL HAVE GO ANSWER THAT ONE;' OR SOMETHING TO THAT EFFECT. THE SUPVR THAT SUBSEQUENTLY HANDLED MY INQUIRY TOLD ME THAT I WOULDN'T BELIEVE HOW MANY TIMES THAT QUESTION IS RAISED; AND WHILE HE HAD AN OPINION; HE WASN'T SURE HIS WAS THE OFFICIAL POS. HE ADDED THAT A FLT INSTR AT OMN HAD RECENTLY CALLED WANTING TO KNOW IF VFR OPS IN VFR METEOROLOGICAL CONDITIONS WERE PERMITTED AT OMN WHEN DAB IS RPTING IMC. THE SUPVR SAID THAT ANOTHER SUPVR WHO HAD ANSWERED THE INSTR'S QUESTION WAS NEARBY. WHILE I HELD; HE TALKED IT OVER WITH THAT SUPVR. HE THEN CONTINUED OUR CONVERSATION; STATING THAT WHEN DAB IS IMC; THEN THE ENTIRE CTL ZONE IS CONSIDERED IMC AND VFR OPS; EXCEPT FOR SPECIAL VFR WERE NOT PERMITTED. HE FURTHER STATED THAT IT WAS DAB ATC POLICY TO TAKE NO ACTION (AND HE SPECIFICALLY MENTIONED THAT HEY DO NOT NOTIFY FSDO) WHENEVER A PLT DEPARTS OMN VFR WHEN DAB IS IMC; PROVIDED THE PLT HAS AN IFR CLRNC ON FILE AND HE REQUESTS THAT CLRNC. THIS SITUATION SHOULD BE ADDRESSED IN AIM; IF IT IS NOT ALREADY THERE. IF IT IS; PERHAPS IT COULD BE MADE A LITTLE MORE CONSPICUOUS. CONSIDERATION WOULD BE GIVEN BY THE FAA TO ISSUE A PLT ALERT PARTICULARLY TO PLTS IN THOSE AREAS WHERE THERE IS MORE THAN ONE ARPT IN A CTL ZONE. ATC PERSONNEL NEED TO BE ADVISED OF THE PROPER HANDLING OF THIS ISSUE. IT WOULD BE HELPFUL IF A SIGN AT THE DEP END OF EACH RWY COULD BE PLACED ALERTING PLTS TO CONFIRM THAT THE CTL ZONE IS VFR BEFORE DEPARTING VFR. IT WOULD BE ESPECIALLY BENEFICIAL IF THE SIGN HAD A FLASHING LIGHT REMOTELY CTLED BY ATC WHICH WOULD BE ACTIVATED WHENEVER THE CTLING ARPT WAS IMC. CALLBACK CONVERSATION WITH RPTR REVEALED THE FOLLOWING INFO. RPTR WAS ASKED IF HE HAD SINCE BEEN ABLE TO FIND THE SPECIFIC REFERENCE BEHIND HIS PERCEPTION THAT; WHEN THE PRIMARY ARPT IS IFR; SO ARE ALL OTHER ARPTS WITHIN THE CTL ZONE. HE SAID THAT HE HAD NOT. HE VERIFIED THAT HIS ALT DEV CAME ABOUT BECAUSE OF HIS DISTR WITH THE REPROGRAMMING OF HIS RNAV DUE TO THE RTE CHANGE ISSUED BY ATC.",,,,"SMA PLT FILED AN RNAV ROUTE OUT OF OMN. UPON PICKING UP HIS IFR CLRNC AFTER DEP; ATC GAVE HIM A MODIFIED ROUTE. SHORTLY THEREAFTER; THE PLT'S DISTR WITH REPROGRAMMING HIS RNAV LED TO HIS OVERSHOOTING THE ALT HE HAD BEEN TOLD TO MAINTAIN.",
149703,199006,1201-1800,LAX,CA,,4,,3800,,VMC,15,,Daylight,,,TRACON LAX,Personal,Small Aircraft; High Wing; 1 Eng; Fixed Gear,,1,,VFR,Personal,,Cruise; Cruise,,Class B LAX,,,,,,,,,,,,,,,,,,,,,,,,,,,,,,,,,,,,,,,,,,,,,,,,,,,,,,,,,,,,,,,,,Other Other,Single Pilot; Pilot Flying,Flight Crew Private,Flight Crew Last 90 Days 16; Flight Crew Total 338; Flight Crew Type 338,,,,,149703,,,Government,Approach,Air Traffic Control Fully Certified,,,,,,,Deviation / Discrepancy - Procedural FAR; Deviation / Discrepancy - Procedural Clearance; Other Airspace Violation Entry or Exit,,,Person Air Traffic Control,,General None Reported / Taken,,Human Factors,"I WAS FLYING MY SMA ACFT FROM SANTA PAULA TO TORRANCE. I CALLED LOS ANGELES ON 134.9 FOR A RADAR CLRNC THROUGH; VIA THE SHORELINE RTE. I WAS TOLD BY LOS ANGELES TO TAKE THE 'SPECIAL VFR FLT RULES AREA' RTE. I HAVE LIVED IN THE SOUTHERN NEW JERSEY AREA FOR THE PAST 5 YRS AND I AM UNFAMILIAR WITH THE LOS ANGELES AREA. I OPENED MY TCA CHART AND LOCATED THE SHORELINE AND HOLLYWOOD PARK RTES. THE ARROWS ARE CLR AND VISABLE. AS I WAS NEARING THE LOS ANGELES AREA I RECALLED 134.9 AND DID NOT RECEIVE A RESPONSE. I CONTINUED TO INSPECT THE CHART AND ONLY LOCATED THE SHORELINE AND HOLLYWOOD PARK RTES. ON THE REVERSE SIDE OF THE CHART I SAW AN INSET DIRECTLY TO THE L OF THE SHORELINE RTE WHICH STATES 'LOS ANGELES SPECIAL FLT RULES AREA'. I ASSUMED THIS WAS THE VFR RTE AND FLEW THROUGH TO TORRANCE. AFTER LNDG I FOUND OUT ABOUT THE TERRIBLE MISTAKE I MADE. I KNOW I AM AT FAULT. I HAVE SINCE ENROLLED IN A GND SCHOOL TO FAMILIARIZE MYSELF WITH THE AREA. MY QUESTION IS; ALTHOUGH THE VFR RTE THAT CURRENTLY IS IN USE IS FINE; WHY CAN'T IT BE EASIER LOCATED ON THE CHART? WHY IS IT ONLY ON A SMALL PART OF THE CHART SHOWN ON AN INSET. MAYBE THE VFR RTE SHOULD BE ON BOTH SIDES OF THE CHART WITH THE SHORELINE AND HOLLYWOOD PARK RTES. I HAVE ATTACHED A COPY OF WHAT I AM WRITING ABOUT. AGAIN I REALIZE I AM AT FAULT AND I WILL SOON BE NOTIFIED BY THE FAF; HOWEVER; MAYBE MY SUGGESTION CAN BE UTILIZED IN SOME WAY.",,,,"PLT OF SMA MISINTERPRETS TCA CHART AND PENETRATES TCA WITHOUT CLRNC.",
152954,199006,1801-2400,BMI,IL,,,,2400,,,,,Daylight,,,Tower BMI,Personal,Small Aircraft; Low Wing; 1 Eng; Fixed Gear,,1,,None; SVFR,Personal,,Initial Approach; Landing; Landing; Other Airhold,,Class D BMI,,,,,,,,,,,,,,,,,,,,,,,,,,,,,,,,,,,,,,,,,,,,,,,,,,,,,,,,,,,,,,,,,Other Nonprofessional GA,Pilot Flying; Single Pilot,Flight Crew Private,Flight Crew Last 90 Days 18; Flight Crew Total 150,,,,,152954,,,Government,Local,Air Traffic Control Fully Certified,,,,,,,Deviation / Discrepancy - Procedural FAR; Inflight Event / Encounter VFR In IMC; Inflight Event / Encounter Weather / Turbulence,,,Person Flight Crew; Person Air Traffic Control,,Air Traffic Control Issued New Clearance,,Human Factors,"UPON ARR IN THE VICINITY OF BLOOMINGTON; IL; (WITHIN 15 MI) I SPOTTED THE WX CELL FLT WATCH WARNED OF. I CALLED BMI TWR AND WAS INFORMED BMI IS ABOUT TO GO IFR. THEY ALSO SAID TO RPT OVER THE INTERSTATE; ABOUT 3 MI OUT; I DID THAT. I WAS INFORMED TO CLR THE CTL ZONE. I DID THAT; ABOUT 5 MI NW OVER DIAMOND STAR MOTORS. I INFORMED TWR; 'AT 2400' CIRCLING R; AND HAD RWY 11 IN SIGHT.' TWR AGAIN INFORMED ME TO STAY OUT OF CTL ZONE. I DID. AFTER ABOUT 270 DEG INTO MY FIRST CIRCLE; TWR CLRED ME TO LAND; RWY 11. I SET UP MY APCH; MADE MY LNDG; AND TAXIED TO THE HANGAR. ABOUT 10 MINS AFTER 'HANGARING'; A GENTLEMAN APCHED US; IDENT HIMSELF AS ATC PERSONNEL AND INFORMED ME THAT AN ILLEGAL LNDG HAD BEEN MADE BECAUSE I DID NOT REQUEST A SPECIAL VFR. APPARENTLY PARTS OF THE CTL ZONE WERE STILL OFR; THOUGH THE AIRSTRIP ITSELF WAS NOT (IN MY OPINION). HE SAID HE BROUGHT US IN (ANOTHER LIGHT ACFT) BECAUSE HE JUDGED IT SAFER THAN LEAVING US CIRCLING OUT THERE. NO IMMEDIATE OR EVASIVE ACTION WAS TAKEN (EXCEPT THIS FORM) AT THAT TIME. BASICALLY; THE CONDITIONS UNDER WHICH A 'SPECIAL' IS REQUESTED HAD BEEN ONLY THEORY UP TILL NOW. I NEVER MADE THE REQUEST BEFORE. I BELIEVE THIS SITUATION OCCURRED BECAUSE I WAS MORE INTENT ON FOLLOWING ATC DIRECTIONS AND NOTING THE CURTAIN OF RAIN N OF THE AIRFIELD; AND KEEPING ATC INFORMED OF MY POS; THAN I WAS OF REALIZING I HAD AN OFFENSIVE TOOL I COULD HAVE USED. I WAS NOT THOROUGHLY FAMILIAR WITH THE PWR AND USES OF THIS TOOL UNDER REAL CONDITIONS. I HAVE NOT ATTENDED ONE OF FSDOS ONGOING SAFETY SEMINARS; ONLY THE ANNUAL ONES. THAT AND REGULAR REVIEW OF FARS AIM WOULD BE A GOOD START.",,,,"PLT FAILS TO REQUEST SPECIAL VFR INTO BELOW VFR ARPT.",
154076,199008,0601-1200,VNY,CA,,0,0,,,,1,,Daylight,,,Tower VNY,FBO,Small Aircraft; High Wing; 1 Eng; Retractable Gear,,1,,SVFR,Training,,Takeoff / Launch; Initial Climb; Other Emergency,,Class D VNY,,,,,,,,,,,,,,,,,,,,,,,,,,,,,,,,,,,,,,,,,,,,,,,,,,,,,,,,,,,,,,,,,Other Compensated GA,Instructor; Single Pilot,Flight Crew Flight Instructor; Flight Crew Instrument; Flight Crew Commercial; Flight Crew Air Transport Pilot (ATP),Flight Crew Last 90 Days 120; Flight Crew Total 2000; Flight Crew Type 150,,,,,154076,,,Other Nonprofessional GA,Trainee; Single Pilot; Pilot Flying,Flight Crew Private,,,,,,,Aircraft Equipment Problem Critical,,,Person Flight Crew,,General Declared Emergency,,Aircraft,"DURING A SPECIAL VFR DEP; MY AIRPLANE DEVELOPED PWR TROUBLES. I DECLARED AN EMER AND STARTED A SLOW R 360 (MY PLANE HAD ENOUGH PWR TO MAINTAIN ALT DURING A TURN). DURING THE TURN IT WAS DIFFICULT TO FIND THE ARPT (DUE TO THE ONE MI VISIBILITY AT THE ARPT). I MANAGED TO LAND THE PLANE W/O ANY PROBS. CALLBACK CONVERSATION WITH RPTR REVEALED THE FOLLOWING INFO. CFI AND STUDENT DEPARTED VNY ON AN ACFT CHKOUT FLT. WHEN IT BECAME APPARENT THAT ACFT WAN'T CLBING AS IT SHOULD; CFI DECIDED TO RETURN TO LAND. TKOF WAS MADE ON RWY 16R AND WHEN FLT REACHED 200' AGL; THEY EXECUTED A 180 DEG TURN; DECLARED AN EMER AND LANDED ON RWY 34L (OPP DIRECTION; SAME RWY). MECH DISCOVERED A COLLAPSED CARBURETOR AIR INLET HOSE THAT WAS CHOKING OFF THE AIR FLOW. RPTR SAID THAT HE IS IN THE HABIT OF PERFORMING FULL PWR RUNUPS PRIOR TO DEP; AND DID SO ON THIS FLT; BUT FAILED TO RECOGNIZE THAT THE ACFT WASN'T DEVELOPING NORMAL PWR BECAUSE HE SAW THE STATIC RPM GO TO APPROX 2200. THIS ACFT; HOWEVER; HAS A CONSTANT SPD PROP; AND RPTR WAS MINDSET ON A SIMILAR MODEL THAT HAD A FIXED-PITCH PROP. THEREFORE; HE DIDN'T REALIZE THAT IN THIS ACFT; THE RPM DURING RUNUP SHOULD HAVE BEEN HIGHER. RPTR SAID THAT FSDO QUERIED FBO ABOUT INCIDENT; BUT THAT THERE WAS NO FURTHER ACTION. ONCE PWR PROB WAS EVIDENT; CFI TOOK CTL OF THE ACFT FROM THE STUDENT. RPTR STATED THAT HE OPTED TO MAKE A 180 DEG TURN AND LNDG ON THE SAME RWY IN THE OPP DIRECTION BECAUSE HE WAS UNSURE OF WHETHER THE PWR SITUATION MIGHT CONTINUE TO WORSEN; AND VISIBILITY WAS SO POOR THAT HE WAS CONCERNED ABOUT LOSING SIGHT OF THE ARPT.",,,,"CFI AND STUDENT DEP VNY IN SVFR CONDITIONS EXPERIENCE POWER LOSS ON INITIAL CLIMB; DECLARE AN EMERGENCY AND MAKE A 180 DEGREE TURN BACK TO A LNDG. POWER LOSS RESULTED FROM COLLAPSED CARBURATOR INLET TUBE.",
154426,199008,0601-1200,ORD,IL,,3,,1900,,Marginal,3,,Daylight,4000,,TRACON ORD,FBO,Small Aircraft; Low Wing; 1 Eng; Retractable Gear,,1,,None,Personal,,Descent; Descent; Cruise; Cruise,,Class B ORD,,,,,,,,,,,,,,,,,,,,,,,,,,,,,Air Carrier,Large Transport; Low Wing; 3 Turbojet Eng,,3,,IFR,Passenger,,Climb,,,,,,,,,,,,,,,,,,,,,,,,,,,,Other Compensated GA,Pilot Flying; Single Pilot,Flight Crew Private,Flight Crew Last 90 Days 17; Flight Crew Total 102; Flight Crew Type 5,,,,,154426,,,Air Carrier,Captain; Pilot Flying,Flight Crew Air Transport Pilot (ATP),,,,,,,Conflict Airborne Conflict; Deviation / Discrepancy - Procedural FAR; Inflight Event / Encounter VFR In IMC; Inflight Event / Encounter Weather / Turbulence; Other Airspace Violation Entry or Exit,Horizontal 1000; Horizontal 0; Vertical 100; Vertical 1000,,Person Flight Crew,,General None Reported / Taken,,Human Factors,"I HAD RENTED AN SMA WHICH WAS TO BE MY FIRST PIC PRACTICE FLT IN A COMPLEX ACFT SINCE MY RECENT CHKOUT (5 HRS TT IN MODEL). I HAD JUST THE PREVIOUS WK ACCRUED THE REQUIRED 100 TOTAL TIME REQUIRED TO RENT THIS ACFT. FLT SVC RPTED CONDITIONS GENERALLY AS 3000 OVCST; 10 MI VISIBILITY LOCALLY; WITH MSN FORCASTING 3000 SCATTERED WITH POSSIBILITIES OF TSTMS. I HAD DECIDED TO GO ON WITH THE FLT; PREFLTED THE PLANE AND DEPARTED TO THE N. I DID NOT FILE A FLT PLAN AND MY FLT PLANNING WAS MINIMAL. VISIBILITY SEEMED RATHER POOR TO WHAT I HAVE BEEN ACCUSTOMED TO;M DEFINITELY LOWER THAN FLT SVC HAD INDICATED; POSSIBLY 2 MI AT TIMES. WE CLBED TO 4500' TO IMPROVE OUR VIEW OF THE GND. AT THIS POINT THE HORIZON WAS TOTALLY OBSCURED AND THE HAZE SEEMED TO BE GETTING WORSE. AFTER AWHILE VISIBILITY SEEMED TO FURTHER DECAY; MADISON APCH WAS TALKING TO A PLANE ABOUT A SPECIAL VFR CLRNC; AND I HAD STILL BEEN UNABLE TO SPOT ANYTHING FAMILIAR. AT THIS POINT I WAS GETTING WORRIED ABOUT ACCIDENTALLY FLYING THROUGH THE MADISON ARSA. WE FLEW ON SEVERAL MINS; I WAS STILL UNABLE TO LOCATE THE LAKE OR ANYTHING ELSE FAMILIAR; VISIBILITY WAS GETTING WORSE AND THEN DECIDED TO TURN AROUND AND FLY THE R BACK OUT. RATHER THAN CONCENTRATING ON INSTRUMENTS TO GET BACK; I CONTINUED ATTEMPTING TO LOCATING MYSELF VIA SURFACE FEATURES. AFTER A WHILE WE ENCOUNTERED WHAT I BELIEVE NOW WAS LAKE GENEVA APPROX 40 NM NNW OR ORD. I JUMPED TO THE CONCLUSION THAT THIS MUST BE LAKE KOSHKONONG AND VERIFIED THE MISTAKE. I ATTEMPTED TO VERIFY MY POS. CONVINCED THAT THE INSTRUMENTS WERE WRONG I CONTINUED SSE HOPING FOR A BETTER READING LATER. AT THIS TIME THE CLOUDS BEGAN TO THICKEN QUICKLY BELOW US; AND WITHIN A COUPLE OF MINS WERE SOLID. AT THIS POINT I WAS ACTUALLY ABOUT 40 NM SE OF WHERE I THOUGHT I WAS. SEVERAL NERVOUS MINS ALTER; THE COVER BENEATH US SUDDENLY VANISHED. I FOUND MYSELF 4500' OVER A LARGE ARPT IN A HVY POPULATED AREA. WHAT APPEARED TO BE A LGT CLBING OUT TO THE E APPROX 1000' DIRECTLY UNDER US SCARED THE DAYLIGHTS OUT OF BOTH OF US. I GLANCED AT THE SECTIONAL AT ROCKFORD. AFTER A COUPLE OF MINS I REALIZED THIS WAS TOO BIG FOR ROCKFORD; THEN RECOGNIZED MIDWAY FOLLOWED BY THE CHICAGO SKYLINE. AT THIS POINT WE WERE BOTH IN A NEAR PANIC. I THOUGHT TO CALL O'HARE BUT WAS TOO FRIGHTENED TO TAKE MY EYES OFF OF WHAT WAS GOING ON OUTSIDE AND TRYING TO FIND A WAY BACK. I DIALED IN 121.5 MHZ BUT DID NOT FEEL I COULD FLY; NAV AND TALK AT THE SAME TIME. FLYING W WE HAD TO TAKE EVASIVE ACTION TO AVOID FLYING THROUGH THE PATH OF A TWIN TURBOPROP. I REALIZED LATER THAT SOON AFTER WE TURNED W THE TCA FLOOR HAD DROPPED TO 1900'. WE CONTINUED W UNTIL I SPOTTED THE NW TOLLWAY WHICH I FOLLOWED TO THE FOX RIVER; THEN LANDED AT DUPAGE ARPT. THERE I SPOKE TO THE FAA PERSONNEL IN THE TWR AND CALLED O'HARE TO GIVE THEM MY NAME; ADDRESS AND CERTIFICATE NUMBER. CALLBACK CONVERSATION WITH RPTR REVEALED THE FOLLOWING INFO. CALLBACK MADE TO COUNSEL RPTR. HE HAS RECEIVED ADDITIONAL TRNING. REMINDED THAT HIS MINIMAL PREFLT PREPARATION WAS ALSO PART OF THE PROB. HE AGREED. REMINDED THAT WX WAS FORECAST MARGINAL PRIOR TO DEP. HE OF COURSE THOUGHT IT WOULD CLR. HAPPENED SO FAST; ETC. HE HAD RECEIVED PHONE CALL FROM FAA. SENT THEM A STATEMENT SIMILAR TO HIS RPT. EXPECTS TO HAVE A SUSPENSION. INDICATES HIS PAX WILL PROBABLY NEVER GO NEAR AN AIRPLANE AGAIN.",,,,"SMA PLT FLYING IN HAZE AND WORSENING WX CONDITIONS; BECOMES TOTALLY DISORIENTED. HAS NMAC WITH LGT AND TURBO TWIN. PENETRATES TCA.",
155007,199008,0601-1200,IRK,MO,,0,0,,,,5,,Daylight,900,,Center ZKC; FSS COU,Personal,Small Aircraft; High Wing; 1 Eng; Retractable Gear,,1,,SVFR; VFR,Passenger,,Climb; Initial Climb; Takeoff / Launch,,Class D IRK,,,,,,,,,,,,,,,,,,,,,,,,,,,,,,,,,,,,,,,,,,,,,,,,,,,,,,,,,,,,,,,,,Other Nonprofessional GA,Single Pilot; Pilot Flying,Flight Crew Commercial; Flight Crew Flight Instructor; Flight Crew Instrument,Flight Crew Last 90 Days 60; Flight Crew Total 3300; Flight Crew Type 2000,,,,,155007,,,Government,FSS,,,,,,,,Deviation / Discrepancy - Procedural FAR; Inflight Event / Encounter VFR In IMC,,,Person Other Person,,General None Reported / Taken,,Human Factors,"HAD LANDED AT KIRKSVILLE PREVIOUS EVENING; RATHER THAN CONTINUE ON INTO THE NIGHT. WAS TIRED THAT EVE AND THOUGHT IT BEST TO REST AND RENEW; CONTINUE ON TO DENVER NEXT DAY. EARLY MORNING FOGGY; BEGAN TO BURN OFF ABOUT XA:00 AM. LARGE PATCHES OF BLUE SKY SHOWING INTERMITTENTLY BY XA:30-XA:40. WITH HIGH CIRRUS ABOVE. FSS PHONE RPTED THAT SEVERE CLR IMMEDIATELY TO W OF US. INCOMING FREIGHTER PLT (ABOUT XA:15) RPTED CLR ABOVE. LAYER OF MOVING CLOUDS HAD BOTTOMS AT 600-800' ABOVE GND AND TOPS AT ABOUT 1100' ABOVE GND. BY XB:00 THERE WERE LARGE OPENINGS OF BLUE IN THIN SCUD; WITH CLR AND HIGH CIRRUS ABOVE. FILED VFR FLT PLAN; CALLED FOR TFC AND ADVISORIES FROM UNICOM CTAF. THEY RECOMMENDED TKOF TO N (THAT WAS WHERE BIGGEST OPENING OF BLUE SKY WAS) RATHER THAN TKOF S FAVORING WIND FROM SE. ROTATING BEACON WAS STILL ROTATING; THOUGH FIELD WAS CLR WITH GOOD (4-5 MI) VISIBILITY UNDER BROKEN SCUD LAYER AND UNRESTRICTED ON TOP. CLBED ON UP VFR THROUGH LARGE BLUE AREA; TURNED W. CALLED FSS ON 122.2 AND OPENED FLT PLAN. THE MOVING PATCHY SCUDDY CLOUDS ON BOTH SIDES OF US HAD WELL DEFINED BOTTOMS AT 900' ABOVE GND AND ENDED EQUALLY AS ABRUPTLY AT 1200' ABOVE GND. A MIN OR 2 AFTER I HAD OPENED FLT PLAN ON 122.2; OPERATOR CAME BACK WITH QUESTIONS ABOUT MY VFR DEP; AND HAD I REMAINED VFR THROUGHOUT THE CLB. I HAD INDEED; AND SO INFORMED HIM. THERE IS AN AMBIGUOUS SHADES OF GREY HERE CONCERNING WHAT THE PLT ACTUALLY SEES; VERSUS WHAT HE IS TOLD HE SHOULD BE SEEING. SINCE THERE IS NO TFC CTLING AGENCY AT THE UNCTLED FIELD FROM WHICH TO REQUEST SPECIAL VFR DEP; THE PLT'S JUDGEMENT PLAYS AN IMPORTANT PART OF THE GO/NO GO DECISION AND THE FOLLOWING SAFETY CONSIDERATIONS. I THINK THAT MY ON-SITE PLT JUDGEMENT TO DEPART THROUGH A LARGE HOLE INTO BLUE SKY WAS BEING QUESTIONED. THE BEACON MAY STILL BE ROTATING.",,,,"PLT OF SMA DEPARTS IRF; A NON TWR ARPT WITH A CTL ZONE UNDER A 900' CEILING WHILE OPERATING VFR.",
157730,199009,0601-1200,CGX,IL,,3,,1900,,VMC,,,Daylight,,,Tower CGX,Personal,Small Transport; Low Wing; 2 Recip Eng,,1,,VFR,Passenger,,Descent; Descent; Other Pattern,Direct,Class D CGX,,,,,,,,,,,,,,,,,,,,,,,,,,,,,,Small Aircraft; Low Wing; 1 Eng; Fixed Gear,,1,,VFR,,,Other Pattern,,,,,,,,,,,,,,,,,,,,,,,,,,,,Other Nonprofessional GA,Single Pilot; Pilot Flying,Flight Crew Instrument; Flight Crew Commercial,Flight Crew Last 90 Days 30; Flight Crew Total 2250; Flight Crew Type 10,,,,,157730,,,Other Unknown GA,Pilot Flying; Single Pilot,,,,,,,,Conflict NMAC; Deviation / Discrepancy - Procedural FAR,Horizontal 500; Vertical 200,,Person Flight Crew,,Flight Crew Took Evasive Action,,Human Factors,"DEPARTED GWR ON AN IFR FLT PLAN TO CGX ARPT. WITHIN 10 MINS I WAS ADVISED THAT IFR TO CGX WAS NOT POSSIBLE AND THAT IFR TO MINIMUM 100 NM OF CGX WAS ALSO NOT POSSIBLE. I THEN ASKED FOR AND WAS GIVEN A CLRNC TO GYY. PROCEEDED TO GYY VIA RADAR VECTORS AND WAS CLRED FOR THE ILS 30 APCH. WAS NOT RECEIVING EITHER THE LOC OR G/S BUT DID HAVE THE ARPT IN SIGHT. HAD TROUBLE ESTABLISHING RADIO CONTACT WITH GYY TWR SO BEGAN EXECUTING A MISSED APCH. FINALLY; REQUESTED AND RECEIVED SPECIAL VFR CLRNC TO DEPART THE GYY CTL ZONE NBND. AT A POINT 10 NM DUE E OF CGX; I TURNED WBND AND ESTABLISHED RADIO CONTACT WITH CGX TWR 8 NM E. I WAS INSTRUCTED TO PROCEED INBND AND RPT A 3 MI R BASE FOR RWY 36; #3 TO LAND BEHIND AN SMA Y. SMA Y WAS ON A R DOWNWIND FOR RWY 36. I HAD NO VIS CONTACT WITH EITHER THE #1 OR #2 ACFT. SINCE MY HDG OF 270 DEGS WOULD TAKE ME DIRECT TO THE FIELD I TURNED 15 DEGS L TO ARRIVE ON A 3 MI R BASE. APPROX 3 NM FROM CGX I ENCOUNTERED A SBND SMA Y AT THE SAME ALT AND ON A COLLISION COURSE. I TOOK EVASIVE ACTION BY DSNDING 300-400'. WE MISSED BY APPROX 200' VERTICALLY AND 500' HORIZLY. CONTRIBUTING FACTORS TO THIS NEAR MISS. INABILITY OF ACFT TO PROCEED TO CGX ON AN IFR CLRNC. IT APPEARS THAT THE ATC SYS CANNOT HANDLE THE LOAD. LACK OF AN INSTRUMENT APCH AT A BUSY ARPT. CONFUSION AS TO THE ACTUAL LOCATION OF ACFT IN THE TFC PATTERN. CORRECTIVE ACTION ON MY PART WILL BE TO REMAIN IN RADAR CONTACT FOR TFC ADVISORIES. ANOTHER GOOD COURSE OF ACTION WOULD HAVE BEEN TO REMAIN ON AN IFR CLRNC TO CGX IF AT ALL POSSIBLE. CONSIDERING THE CONFUSION AT GYY TWR WITH IFR/SPECIAL VFR I SHOULD HAVE LANDED AT GYY.",,,,"CLOSE PROX GA-SMT GA-SMA IN TRAFFIC PATTERN AT CGX.",
157871,199009,0601-1200,PTK,MI,,5,500,,,,8,,Daylight,600,,Tower PTK,Personal,Small Aircraft; Low Wing; 1 Eng; Fixed Gear,,1,,SVFR; None,Passenger,,Cruise; Cruise; Initial Approach; Other Airhold,,Class E DTW,,,,,,,,,,,,,,,,,,,,,,,,,,,,,,,,,,,,,,,,,,,,,,,,,,,,,,,,,,,,,,,,,Other Nonprofessional GA,Pilot Flying; Single Pilot,Flight Crew Private,Flight Crew Last 90 Days 30; Flight Crew Total 350; Flight Crew Type 75,,,,,157871,,,Government,Local,Air Traffic Control Fully Certified,,,,,,,Deviation / Discrepancy - Procedural FAR; Inflight Event / Encounter Weather / Turbulence; Inflight Event / Encounter CFTT / CFIT; Inflight Event / Encounter VFR In IMC,,,Person Other Person,,General None Reported / Taken,,Human Factors,"I FLEW THE ACFT BELOW A 600' BROKEN CEILING STAYING CLR OF CLOUDS WITH A 5-8 MI VISIBILITY. I CONSIDER THE AREA TO BE NONCONGESTED AREA. RTE OF FLT WAS FROM 7D2 TO PTK WHICH IS ABOUT 12 NM. MADE CONTACT WITH THE TWR AND ASKED FOR A SPECIAL VFR CLRNC INTO THE CTL ZONE. TWR SAID 'REMAIN AT 2000' OR BELOW AND STAY 5 MI S; SE OF THE ARPT. SO I COMPLIED WITH THE TWR; REMAINING 12 DME FROM PONTIAC VORTAC AND SE WHICH WOULD BE MORE THAN 5 MI AWAY FROM ARPT AND CLR OF CTL ZONE. WHILE HOLDING IN THIS AREA; I ACCIDENTALLY FLEW INTO A CLOUD; BUT BY EXECUTING A 180 DEG TURN I WAS CLR OF CLOUDS AGAIN. THIS PROB WAS BROUGHT TO MY ATTN BY A BLOOMFIELD HILLS POLICE OFFICER; WHO FOUND ME THROUGH THE HELP OF THE CTL TWR. CONVERSATION WAS BY TELEPHONE AND I BELIEVE THE OFFICER AND I RESOLVED THE MATTER. AT THE TIME I THOUGHT IT WAS THE CORRECT THING TO HAVE DONE AND DON'T BELIEVE THAT ANY REGS WERE BROKEN. THE ONLY PROB WITH THIS COULD HAVE BEEN THE SAFETY OF PEOPLE ON THE SURFACE AND TO MYSELF; BECAUSE AT 500' ABOVE THE SURFACE RECOVER FROM A SPIN OR ENG FAILURE DOESN'T LEAVE YOU WITH VERY MUCH TIME FOR DECISIONS. I FEEL MY PERFORMANCE LEVELS WERE NEAR THERE BEST BUT COULD HAVE HAD MORE SLEEP THE NIGHT BEFORE. THE PURPOSE OF THIS FLT WAS TO TAKE THE IFR ORAL EXAM WITH THE FAA AT PONTIAC; MI.",,,,"LOW ALT VFR FLT IN IMC.",
162513,199011,1201-1800,MCB,MS,,,0,,,Mixed,4.5,,Dusk,3500,,FSS MCB,Personal,Small Aircraft; High Wing; 1 Eng; Fixed Gear,,1,,VFR,Passenger,,Landing; Landing,,Class D MCB,,,,,,,,,,,,,,,,,,,,,,,,,,,,,,,,,,,,,,,,,,,,,,,,,,,,,,,,,,,,,,,,,Other Nonprofessional GA,Single Pilot; Pilot Flying,Flight Crew Commercial; Flight Crew Instrument,Flight Crew Last 90 Days 19; Flight Crew Total 1629; Flight Crew Type 273,,,,,162513,,,Government,FSS,,,,,,,,Inflight Event / Encounter Weather / Turbulence; Other Airspace Violation Entry or Exit,,,Person Other Person,,General None Reported / Taken,,Human Factors,"ABOUT 20 MI NE OF MCB; IT BECAME APPARENT THAT THE WX WAS DETERIORATING RAPIDLY. BECAUSE I WAS UNSURE OF THE ACTUAL CONDITIONS BTWN HER AND VKS (SINCE I HAD NOT BEEN ABLE TO ESTABLISH CONTACT WITH FSS OR FLT WATCH); AND BECAUSE DARKNESS WOULD SOON BE APCHING (THE TIME WAS NOW XX:55-XX:00Z; WITH NORMAL SUNSET AT ABOUT XX:30Z); I DECIDED IT WOULD BE BETTER TO RETURN T MCB; LAND UNDER VFR; AND WAIT UNTIL THE WX CLRED IN THE MORNING TO PROCEED ON TO VKS. I TURNED BACK TOWARDS THE S AND TRACKED IN THE GENERAL DIRECTION OF THE MCB VOR FOR ORIENTATION. MY INTENT WAS TO LOOK UP THE COORDS FOR MCB ARPT; PUNCH THEM INTO THE LORAN; AND PROCEED DIRECT TO THE ARPT. WX WAS STILL VFR ABOUT 3500-4000' AND 5-7 MI VISIBILITY. N LOOKING UP THE COORDINATES N THE FLT GUIDE; MY EYE CAUGHT THE 122.95 UNICOM FREQ PRINTED IN BOLD LETTERS JUST UNDER THE COORDINATES. I COMPLETELY OVERLOOKED THE FSS FREQ. TRIED TO RAISE SOMEONE ON 122.95 TO NO AVAIL. AT THE SAME TIME I TURNED TO PROCEED DIRECT TO THE ARPT USING LORAN. ABOUT 8 MI NE OF THE ARPT; I SAW AN AIRPLANE AHEAD AND SLIGHTLY TO MY R; MOVING IN A NORTHERLY DIRECTION. I ASSUMED THAT HE WAS EITHER ON DOWNWIND OR SETTING UP FOR DOWNWIND AT MCCOMB; SINCE THEY SHOULD HAVE BEEN USING RWY 15 BASED ON FORECAST WINDS. I CONTINUED TOWARDS THE ARPT; WHILE KEEPING THE OTHER ACFT IN SIGHT. AT ABOUT 1 1/2-2 MI FROM THE ARPT; VISIBILITY RAPIDLY DIMINISHED TO ABOUT 1-2 MI DUE TO A RAINSHOWER THAT MOVED IN BTWN ME AND THE ARPT. THIS; COUPLED WITH THE ALMOST DARK CONDITIONS; CAUSED SOME ANXIETY ON MY PART. I MADE A CALL IN THE BLIND ON UNICOM TO ANNOUNCE ENTERING A STANDARD DOWNWIND FOR RWY 15. APCH AND LNDG. ON DOWNWIND; I COULD SEE THE OTHER ACFT ON SHORT FINAL. I EXTENDED MY PATTERN SLIGHTLY; TO ALLOW HIM PLENTY OF TIME TO LAND AND CLR THE RWY. ON LONG FINAL; I COULD SEE THAT THE OTHER ACFT HAD GONE BEYOND THE TXWY CUTOFF AND WAS BACK TAXIING; SO I MADE A 360 DEG TURN TO ALLOW HIM TIME CLR. AT ABOUT THE SAME TIME; HE ESTABLISHED CONTACT WITH ME ON 122.95 AND WE BOTH CONFIRMED OUR INTENTIONS. THIS WAS THE ONLY COM I HAD WITH THAT ACFT. I PROCEEDED TO REESTABLISH FINAL APCH AND LANDED W/O INCIDENT AT ABOUT XX:20Z. AFTER SHUTDOWN; THE FBO RECEIVED A CALL ASKING ME TO COME NEXT DOOR TO FSS. I WAS TOLD I HAD VIOLATED THE CTL ZONE; WHICH TOOK ME COMPLETELY BY SURPRISE. FURTHER CONVERSATIONS WITH THE FSS PERSONNEL INDICATED THAT THE CTL ZONE HAD GONE IFR (BASED ON VISIBILITY; NOT CEILING) JUST MINS BEFORE I LANDED. SPECIAL WX AMENDMENT #1 WAS ISSUED AT XX:18Z. I EXPLAINED THE SEQUENCE OF EVENTS; AS STATED ABOVE; BUT COULD NOT ARGUE THE FACT THAT I HAD TECHNICALLY AND LITERALLY VIOLATED A CTL ZONE. THIS WAS ALMOST A CASE OF D IF YOU DO; AND D IF YOU DON'T; SINCE I WAS ALREADY IN THE CTL ZONE WHEN IT CHANGED FROM VFR TO IFR AND CONDITIONS WERE RAPIDLY DETERIORATING; I FELT I HAD LITTLE CHOICE (FROM AN OVERALL SAFETY POINT OF VIEW) BUT TO CONTINUE ON MY SELECTED COURSE OF ACTION. MY MAJOR MISTAKE WAS IN NOT CONTACTING FSS (I COULD HAVE GOTTEN A SPECIAL VFR AND EVERYTHING WOULD HAVE BEEN OKAY). ONCE AGAIN; I TOTALLY OVERLOOKED (PARTLY BECAUSE OF ANXIETY; THE CONDITIONS; AND PICKING UP PERHAPS THE LEAST DESIRABLE PUBLICATION) THE FSS FREQ; EVEN THOUGH IT WAS THERE. AFTERMATH. LOST A LOT OF SLEEP THAT NIGHT; WORRYING ABOUT GETTING A VIOLATION FOR DOING SOMETHING SO DUMB AFTER MAKING A GOOD DECISION TO LAND AND WAIT THE WX OUT. I HAVE ALWAYS CONSIDERED MYSELF TO BE A GOOD; SAFE; PROFESSIONAL AVIATOR (BOTH MIL AND CIVILIAN); WITH NO HISTORY OF INCIDENTS OR VIOLATIONS. WENT BACK TO FSS THE NEXT DAY (AFTER WX CLRED) TO BRIEF FOR CONTINUATION OF FLT. THE PERSONS ON DUTY WERE THE SAME ONES AS THE NIGHT BEFORE. THEY TOLD ME THEY HAD TALKED TO THEIR JACKSON OFFICE AND THAT GIVEN THE CIRCUMSTANCES; SPD WITH WHICH WX TURNED IFR BECAUSE OF VISIBILITY; MY MAINTAINING SEP FROM OTHER ACFT; AND NO PRIOR HISTORY OF INCIDENTS; THEY WERE NOT GOING TO CITE ME FOR A VIOLATION. HOWEVER; I WOULD RECEIVE A CALL FROM THE COUNSELOR IN THE JACKSON OFFICE TO DISCUSS THE INCIDENT. I WAS VERY RELIEVED; AND FELT THIS WAS A VERY APPROPRIATE AND PROFESSIONAL WAY TO HANDLE THE SITUATION. THE LESSON WAS BURNED INTO MY MEMORY; AND I NOW HAVE A REFERENCE CARD WITH KEY FREQS FOR ANY SITUATION TAPED TO MY INSTRUMENT PANEL.",,,,"PLT OF SMA ENROUTE VKS ENCOUNTERED WX AND APCHING DARKNESS LANDED MCB. ADVISED BY FSS THAT ARPT HAD GONE IFR AND REPORTER HAD ENTERED CLT ZONE WITHOUT AUTH.",
164247,199012,0601-1200,LBB,TX,,2,800,,,,10,,Daylight,1100,,Tower LBB,Personal,Small Aircraft; High Wing; 1 Eng; Fixed Gear,,1,,SVFR; VFR,Passenger,,Climb; Takeoff / Launch; Cruise; Cruise,,Class D LBB,,,,,,,,,,,,,,,,,,,,,,,,,,,,,,,,,,,,,,,,,,,,,,,,,,,,,,,,,,,,,,,,,Other Nonprofessional GA,Pilot Flying; Single Pilot,Flight Crew Commercial; Flight Crew Flight Instructor; Flight Crew Instrument,Flight Crew Last 90 Days 40; Flight Crew Total 3000,,,,,164247,,,Government,Local,Air Traffic Control Fully Certified,,,,,,,Deviation / Discrepancy - Procedural FAR,,,Person Flight Crew,,General None Reported / Taken,,Human Factors,"I DEPARTED LUBBOCK INTL VFR; LEVELED AT 800' AGL. DEP REQUESTED I GIVE ESTIMATE OF CLOUD BASE AND I RESPONDED APPROX 200' ABOVE MY ALT. VISIBILITY WAS 10 MI OR GREATER. I RPTED BACK TO DEP ABOUT 10 MINS LATER THAT I WAS IN AN AREA WITH SCATTERED CLOUDS ONLY. HRS LATER I REALIZED THAT I HAD FAILED TO REQUEST A SPECIAL VFR BEFORE DEPARTING IN MY ACFT.",,,,"GA SMA PLT DID NOT REQUEST SVF CLRNC AND THINKS SHE SHOULD HAVE.",
176546,199104,1201-1800,FPR; SUA,FL,,6,,2000,,IMC,0,,Daylight,0,,Center ZMA,Personal,Small Aircraft; High Wing; 1 Eng; Fixed Gear,,1,,None,Personal,,Cruise; Parked; Cruise,,Class E ZMA,,,,,,,,,,,,,,,,,,,,,,,,,,,,,,,,,,,,,,,,,,,,,,,,,,,,,,,,,,,,,,,,,Other Nonprofessional GA,Pilot Flying; Single Pilot,Flight Crew Private; Flight Crew Instrument,Flight Crew Last 90 Days 68; Flight Crew Total 2731,,,,,176546,,,Government,Enroute,Air Traffic Control Fully Certified,,,,,,,Deviation / Discrepancy - Procedural FAR; Inflight Event / Encounter VFR In IMC; Inflight Event / Encounter Weather / Turbulence,,,Person Flight Crew,,Air Traffic Control Issued New Clearance,,Human Factors,"DEPARTED SUA; VFR ENRTE TO LAKE PLACID; FL; PRIVATE AIRSTRIP. STUART CTL TWR ADVISED A TSTM TO THE S BUT WX LOOKED GOOD TO THE W AND NW. ENCOUNTERED A LINE OF VERY SEVERE TSTMS ABOUT 25 MI W OF SUA AND COULD NOT GO AROUND OR UNDER. WAS FORCED BY THE FAST MOVING FRONT TO FPR AND REQUESTED A SPECIAL VFR LNDG. LNDG WAS DENIED BECAUSE OF IFR TFC. THE STORM COVERED THE ENTIRE AREA WITHIN MINS OF MY ARR WITH ZERO ZERO VISIBILITY AND WIND OF 45 MI. I WAS FORCED TO GO IFR INTO THE STORM; APPROX 6 MI N OF FPR. A HDG OF 270 DEG AND 2000' MSL WAS ESTABLISHED; MIAMI CTR WAS FINALLY CONTACTED AND INFORMED OF THE PROB. I FLEW OUT OF THE STORM INTO VFR ON TOP CONDITIONS ABOUT 40 MI AFTER ENTERING THE STORM AND IFR CONDITIONS.",,,,"GA PLT ENCOUNTERS IMC IN VFR FLT.",
180982,199106,0601-1200,BET,AK,,,0,,,IMC,20,,Daylight,600,,Tower BET,Air Carrier,Small Transport,,2,,IFR,Passenger,,Takeoff / Launch,,Class D BET,,,,,,,,,,,,,,,,,,,,,,,,,,,,,,,,,,,,,,,,,,,,,,,,,,,,,,,,,,,,,,,,,Air Carrier,Pilot Flying; Captain,Flight Crew Air Transport Pilot (ATP),Flight Crew Last 90 Days 300; Flight Crew Total 3300; Flight Crew Type 1500,,,,,180982,,,Air Carrier,First Officer,Flight Crew Commercial; Flight Crew Instrument,,,,,,,Deviation / Discrepancy - Procedural Published Material / Policy; Other Unspecified,,,Person Flight Crew,,,Procedure,Human Factors,"I WAS THE CAPT ON COMMUTER X. AFTER MONITORING ATIS; THE FO REQUESTED AN IFR CLRNC. THE CTLR REPLIED; 'CLRNC ON REQUEST'. AFTER REQUESTING OUR CLRNC; WE HELD BEHIND SMA Y; A COMPANY ACFT. ACFT Y WAS HOLDING AT ECHO INTXN ON THE R SIDE. THERE WAS PLENTY OF ROOM TO PASS TO THE L OF ACFT Y. ACR Z (IFR) WAS IN POS AT THE END OF 36 WAITING ON THE ARR OF LNDG ACFT. THEN Z WAS CLRED FOR TKOF. WE ASSUMED THAT WE WERE THE NEXT DEP; BUT INSTEAD THE CTLR ISSUED SPECIAL VFR CLRNCS. ACFT Y WAS LAUNCHED LEAVING UNDENIABLE ACCESS TO THE RWY. SEVERAL MORE SPECIAL VFR'S WERE LAUNCHED. THEN ACFT CALLED UP FOR SPECIAL VFR'S SEVERAL MINS AFTER OUR REQUEST AND WERE LAUNCHED. AFTER THESE ACFT BEHIND US WERE LAUNCHED; WE REQUESTED INFO ON OUR CLRNC. THE CTRL REPLIED; 'ATC WILL NOT ISSUE CLRNC WITH SPECIALS IN THE ZONE'. WE ASKED IF IT WOULD BE QUICKER TO DEPART ON A SPECIAL AND REQUESTED ONE. WE THEN DEPARTED ON A SPECIAL VFR CLRNC. UPON ARR AT DEST I TELEPHONED BETHEL TWR. THE CTLR THAT ANSWERED WAS ONE OF 2 CTLRS INVOLVED. I ASKED IF THERE HAD BEEN A REG CHANGE CONCERNING IFR PREFERENCE OVER SPECIAL VFR. HE SAID NO. HIS CLAIM WAS THAT WE WERE BLOCKED FROM THE RWY. WE WERE NOT ASKED IF WE COULD PASS AROUND ACFT Y. THE RWY WAS OBVIOUSLY NOT BLOCKED; AND THE CTLRS CONTINUED TO CLR SPECIAL VFR ACFT FOR TKOF AFTER Y DEPARTED. FURTHER HE CLRED ACFT FOR TKOF THAT HAD REQUESTED CLRNC LONG AFTER WE HAD. THE CTLR ALSO STATED THAT; 'EVEN IF HE HAD CALLED CENTER THEY WERE VERY BUSY AND WE COULD HAVE BEEN DELAYED IF WE HAD CALLED THEM.' THUS; HE DID NOT ATTEMPT TO OBTAIN OUR IFR; HE INTENTIONALLY AND PREJUDICIALLY DELAYED AN IFR SCHEDULED COMMUTER FLT IN FAVOR OF OTHER SPECIAL VFR'S. ANOTHER COMPANY ACFT ALSO WAS WAITING FOR AN IFR AND HE DELAYED HIM AS WELL. I REFER YOU TO SECTION 264 IN THE AIM. I WOULD LIKE TO REQUEST AN INVESTIGATION INTO THIS MATTER SINCE THIS WAS A WILLFUL AND DELIBERATE ACTION. CALLBACK CONVERSATION WITH RPTR REVEALED THE FOLLOWING INFO: CALLBACK TO RPTR WAS PRIMARILY TO INFORM HIM THAT ASRS WAS NOT AUTHORIZED TO INVESTIGATE INCIDENTS. HE SAYS THAT HE WAS PRETTY UPSET AT THE TIME AND WANTED SOMEONE (ANYONE) TO LOOK INTO THE SITUATION. SINCE INCIDENT HIS COMPANY CHIEF PLT HAS VISITED BETHEL TWR MGR AND SIMILAR INCIDENTS HAVE NOT TAKEN PLACE.",,,,"COMMUTER PLT COMPLAINT REF ATC GIVING PRIORITY TO SPECIAL VFR DEPS.",
184801,199106,0601-1200,NTD,CA,,8,500,,,,2.5,,Daylight,700,,TRACON NTD,Air Taxi,Helicopter,,1,,SVFR; None,Passenger,,Cruise; Cruise,,Class G NTD,,,,,,,,,,,,,,,,,,,,,,,,,,,,,,Helicopter,,1,,,,,Cruise; Cruise,,,,,,,,,,,,,,,,,,,,,,,,,,,,Air Taxi,Pilot Flying; Single Pilot,Flight Crew Commercial; Flight Crew Instrument,Flight Crew Last 90 Days 170; Flight Crew Total 6996,,,,,184801,,,Other Compensated GA,Pilot Flying; Single Pilot,Flight Crew Instrument; Flight Crew Commercial,,,,,,,Conflict NMAC,Horizontal 85; Vertical 0,,Person Flight Crew,,Flight Crew Took Evasive Action,,Human Factors,"ACFT IS ON AN EXCLUSIVE CONTRACT TO THE U.S. DEPT OF THE INTERIOR; MINERAL MGMNT SVC; FOR USE IN TRANSPORTING GOVERNMENT PERSONNEL TO OFFSHORE OIL DRILLING AND PRODUCTION PLATFORMS OFF THE SOUTHERN CALIFORNIA COAST. AVIATION MISHAP INFO SYS INCIDENT RPT HAS BEEN FILED. I DEPARTED OXR WITH 2 PAXS ABOARD; ENRTE TO OIL PLATFORM TO INVESTIGATE AN OIL SPILL. (THIS PLATFORM IS LOCATED APPROX 15 MI OFFSHORE; S OF LGB). WE TRANSITTED THE NTD CTL ZONE; EBOUND AT 500 FT MSL; IN SPECIAL VFR CONDITIONS; THEN CONTINUED E ALONG THE SHORELINE. (NTD WAS RPTING A MEASURED 700 FT OVCST; VISIBILITY 2 1/2 MI IN FOG). BECAUSE OF THE REDUCED VISIBILITY; I HAD TURNED ALL POS LIGHTS; ANTI-COLLISION STROBE; AND BOTH LNDG LIGHTS; AND WAS WATCHING FOR ANY ON-COMING TFC. THE TERRAIN PREVENTED RADAR ADVISORIES; BUT I CONTINUED TO MONITOR THE MUGU APCH FREQ; VHF 124.700 MHZ; LISTENING FOR TFC. APPROX 8 NM E OF NTD; NEAR SOLOMAR; I SAW ANOTHER HELI APCHING AT THE SAME ALT; HEAD-ON. MY FIRST IMPRESSION WAS OF A MEDIUM OR LARGE HELI; 1 MI DISTANT. I BEGAN A R TURN TO AVOID; PERSUANT TO FAR 91.113(E); BUT THE RAPID RATE OF CLOSURE REVEALED THAT THIS WAS ACTUALLY A SMALLER HELI; VERY MUCH CLOSER. I TOOK VIOLENT EVASIVE ACTION; ROLLING R; THROUGH 90 DEG OF BANK. AT THIS TIME THE SMA Y BEGAN TO BANK R; AND CLRED ALONG OUR L SIDE; AT AN ESTIMATED 75-100 FT LATERALLY; WITH LITTLE OR NO VERTICAL CLRNC. THE SMA Y WAS WHITE WITH A BLUE TAIL BOOM. I DID NOT SEE ANY LIGHTS ON THE SMA Y CERTAINLY THE LNDG LIGHT WAS NOT LIT. I HEARD THE SMA Y CONTACT MUGU TWR; VHF 124.850 MHZ TO REQUEST A SPECIAL VFR CLRNC TO CMA. THE TWR CTLR INSTRUCTED THE HELI TO CONTACT MUGU APCH; AND I HEARD THE APCH CTLR TALKING TO THE SMA Y BUT DID NOT HEAR ANY TRANSMISSIONS FROM THE HELI; DUE TO THE TERRAIN. NO DAMAGE OR INJURIES RESULTED FROM THIS INCIDENT.",,,,"CLOSE PROX 2 GA SMA HELIS OPPOSITE DIRECTION OFF SHORE FROM NTD UNDER LOW OVERCAST WITH VISIBILITY 2 PT 5 AND FOG.",
184803,199107,1201-1800,ITH,NY,,,0,,,Mixed,5,,Daylight,300,,Tower ITH,Personal,Small Aircraft,,1,,VFR,Personal,,Initial Approach; Landing; Landing; Other Pattern,,Class D ITH,,,,,,,,,,,,,,,,,,,,,,,,,,,,,,,,,,,,,,,,,,,,,,,,,,,,,,,,,,,,,,,,,Other Nonprofessional GA,Pilot Flying; Single Pilot,Flight Crew Private,Flight Crew Last 90 Days 33; Flight Crew Total 338; Flight Crew Type 334,,,,,184803,,,Government,Local,Air Traffic Control Fully Certified,,,,,,,Aircraft Equipment Problem Less Severe; Deviation / Discrepancy - Procedural Landing Without Clearance,,,Person Flight Crew; Person Air Traffic Control,,,,Aircraft,"I CHKED THE WX FORECAST FOR A PLANNED TRIP AT WHICH TIME I WAS TOLD THAT THE FLT COULD AT TIMES HAVE SOME AREAS OF MARGINAL VFR. UPON ARRIVING AT TOMPKINS CO; I TRIED BOTH 119.6 AND 122.95 REQUESTING LNDG CLRNC; I WAS ALSO INQUIRING IF A SPECIAL VFR CLRNC WAS NECESSARY. I DID NOT RECEIVE A RESPONSE ON EITHER CHANNEL. AFTER BEING IN THE PATTERN AND CHKING FOR ANY POSSIBLE OTHER TFC; I LANDED. AFTER CLRING THE ACTIVE RWY I THEN STARTED RECEIVING ON 119.6 WHICH IS TWR AND THEY TOLD ME TO CONTACT THEM AFTER I WAS IN THE FBO WHICH I DID. I EXPLAINED TO THE TWR THAT I DID NOT RECEIVE ANY TRANSMISSIONS FROM EITHER CHANNEL THEY TOLD ME THAT THE TWR CHIEF WOULD CALL ME ON MONDAY IF THERE WAS ANY FURTHER QUESTIONS OR PROBLEMS. THE NEXT DAY BEFORE DEP A LOOSE WIRE WAS FOUND IN RADIO JACK AFTER TIGHTENING NO FURTHER PROBLEMS WITH RADIO HAVE OCCURRED. AT NO TIME DID I HAVE ANY CONFLICT WITH ANY OTHER AIR TFC.",,,,"ALTHOUGH UNABLE TO CONTACT THE TWR; ACFT ENTERS ATA AND LANDS ANYWAY.",
184961,199107,0601-1200,LGB,CA,,5,900,,,Marginal,5,,Daylight,1100,,Tower TOA; Tower LGB,Personal,Small Transport; Low Wing; 2 Turboprop Eng,,1,,SVFR,Training,,Initial Approach,,Class D LGB; Class D TOA,,,,,,,,,,,,,,,,,,,,,,,,,,,,,,,,,,,,,,,,,,,,,,,,,,,,,,,,,,,,,,,,,Other Nonprofessional GA,First Officer,Flight Crew Flight Instructor; Flight Crew Flight Engineer; Flight Crew Air Transport Pilot (ATP),Flight Crew Last 90 Days 25; Flight Crew Total 4500; Flight Crew Type 10,,,,,184961,,,Other Nonprofessional GA,Pilot Flying; Captain,Flight Crew Air Transport Pilot (ATP),,,,,,,Deviation / Discrepancy - Procedural FAR; Other Unspecified,,,Person Other Person,,General None Reported / Taken,,Human Factors,"WE (2 PLTS; NO PAX) DEPARTED TOA SPECIAL VFR WITH LGB AS THE DEST FOR REFUELING THE SMT. WE RPTED CLR OF THE TOA CTL ZONE; GOT THE LGB ATIS; AND CALLED LGB TWR; REQUESTING A SPECIAL VFR APCH. TWR REPLIED THAT HE WAS BUSY WITH IFR DEPS (NOT ARRS; COULD NOT HAVE HE HELD THE DEPS FOR OUR SOLO ARR?); AND WE COULD EXPECT A 20 MIN DELAY (FOR A 5 MIN ETE FLT)! AT OUR LOCATION (5 MI W); WE RPTED THE ARPT IN SIGHT; 5 MI VISIBILITY WITH CLR SKIES ABOVE US WHILE OVER A SHIPYARD/INDUSTRIAL AREA AT ABOUT 900 AGL. DESPITE THIS; TWR WOULD NOT APPROVE A LNDG; AND WE WERE FORCED TO RETURN TO TOA UNDER SPECIAL VFR. AFTER BOARDING SOME PAX; THE SMT TAXIED OUT FOR A PART 91 IFR FLT; AND THE CAPT NOTICED A GOV VEHICLE FOLLOWING THE ACFT; POSSIBLY TRYING TO ATTRACT THE LONE CREWMEMBER'S ATTN. NO FURTHER INFO IS AVAILABLE AS TO THIS OCCURRENCE.",,,,"SMT PLTS ON SPECIAL VFR FLY TOO LOW OVER POPULATED AREA.",
185120,199107,0001-0600,BKX,SD,,,,,,VMC,1,,Daylight,,,Center ZMP,Air Carrier,Light Transport; Low Wing; 2 Turboprop Eng,,2,,VFR,Passenger,,Initial Approach; Descent; Descent; Landing; Landing,,,,,,,,,,,,,,,,,,,,,,,,,,,,,,,,,,,,,,,,,,,,,,,,,,,,,,,,,,,,,,,,,,,Air Carrier,Captain,Flight Crew Flight Instructor; Flight Crew Air Transport Pilot (ATP),Flight Crew Last 90 Days 280; Flight Crew Total 4800; Flight Crew Type 500,,,,,185120,,,Air Carrier,First Officer; Pilot Flying,Flight Crew Instrument; Flight Crew Flight Instructor; Flight Crew Commercial; Flight Crew Air Transport Pilot (ATP),Flight Crew Last 90 Days 300; Flight Crew Total 1600; Flight Crew Type 295,,,,,184963,Deviation / Discrepancy - Procedural FAR; Deviation / Discrepancy - Procedural Published Material / Policy,,,Person Flight Crew,,General None Reported / Taken,,Human Factors,"WE WERE FLYING TO BROOKINGS VFR THERE WAS PATCHY GND FOG IN THE AREA. THE AWOS WAS CALLING 1/2 MI VISIBILITY (1 MI REQUIRED FOR IFR APCH). OUR WX CERTIFIED AGENT INFORMED US THE RWY WAS CLR OF FOG. WE COULD SEE THE ENTIRE RWY TOTALLY CLR OF FOG WE GOT A SPECIAL VFR AND LANDED AFTER MORE RESEARCH. IT MAY HAVE NOT BEEN LEGAL; IE; AWOS CALLED IT 1/2 MI VISIBILITY. AS IT WAS IN A FOG BANK; WHAT CAUSED THIS IS A LACK OF KNOWLEDGE AS TO WHO CAN OVERRULE THE AWOS IF IT'S OBVIOUSLY INACCURATE (PIC OR COMPANY GND PEOPLE OR NO ONE). IN THIS EXAMPLE CAN A PIC USE HIS OWN OBSERVATION IF IN VFR CONDITIONS OR CAN A CERTIFIED WX OBSERVER OVERRULE THE AWOS OBSERVATION. SUPPLEMENTAL INFO FROM ACN 184963: DEBATED WHETHER WE COULD LAND WITH AWOS RPTING 1/2 MI; BUT COMPANY OBSERVER RPTING GREATER THAN 1 MI. FOUND OUT LATER THAT YOU HAVE TO GO BY AWOS UNLESS COMPANY OBSERVER CALLS IT OTS. MY EXPERIENCE HAS BEEN THAT AWOS IS FREQUENTLY UNRELIABLE.",,,,"COMMUTER LTT LANDED IN WX RPTED BY AWOS AS BEING BELOW ARPT VISUAL MINIMUMS FOR LNDG.",
186690,199108,1201-1800,YAZ,BC,,,0,,,IMC,.75,,Daylight,400,,FSS YAZ,Personal,Small Aircraft; High Wing; 1 Eng; Fixed Gear,,1,,None,Personal,,Takeoff / Launch,,Class D YAZ,,,,,,,,,,,,,,,,,,,,,,,,,,,,,,,,,,,,,,,,,,,,,,,,,,,,,,,,,,,,,,,,,Other Nonprofessional GA,Pilot Flying; Single Pilot,Flight Crew Instrument; Flight Crew Flight Instructor; Flight Crew Commercial,Flight Crew Last 90 Days 38; Flight Crew Total 2800; Flight Crew Type 550,,,,,186690,,,Government,Enroute,Air Traffic Control Fully Certified,,,,,,,Deviation / Discrepancy - Procedural FAR; Deviation / Discrepancy - Procedural Other / Unknown; Inflight Event / Encounter VFR In IMC,,,Person Air Traffic Control; Person Flight Crew,,General None Reported / Taken,,Human Factors,"XA00 LCL TOFINO WX WAS RPTED 400 OBSCURED 3/4 MI IN FOG. TERMINAL FORECAST AMENDED FOR VFR BY XC00. FROM XB00 FOG WAS PATCHY AT ARPT AND CLR TO THE NE AND SW OF ARPT WITHIN 1 MI. TAXIED ACFT TO CENTER OF RWY 33 AND THE CENTER OF THE ARPT BECAME CLR. ALSO AT THAT TIME; AN SMA Y ON FLOATS FLEW A LOW PASS ABOUT 300 FT DOWN RWY 15. I INCORRECTLY ASSUMED ARPT WAS NOW VFR AND DEPARTED RWY 33. VISIBILITY ON 33 WAS 50 MI. AFTER DEPARTING I OPENED FLT PLAN WITH NANIMO RADIO AND THEY TOLD ME RPTED WX WAS STILL 400 OVCST WITH 3/4 MI VISIBILITY. MONITORING FREQ LATER; ANOTHER ACFT WAS DENIED SPECIAL VFR CLRNC DUE TO RPTED WX. LACK OF SLEEP AFFECTED JUDGEMENT. WAS FISHING EARLY ON THAT MORNING. AS I CLBED OUT LOOKING BACK THE ARPT WAS 60 PERCENT OPEN. IF THERE WAS AN FSS ON FIELD OR A ROTATION BEACON I MIGHT HAVE ACTED DIFFERENTLY.",,,,"GA SMA MADE A TKOF FROM YAZ VFR IN WX RPTED BELOW VFR MINS.",
187209,199108,0601-1200,DPA,IL,,,,1800,,Mixed,4,,Daylight,,5500,TRACON ORD,Personal,Small Aircraft; High Wing; 1 Eng; Fixed Gear,,1,,None,Personal,,Initial Approach,Vectors,Class D DPA,,,,,,,,,,,,,,,,,,,,,,,,,,,,,,,,,,,,,,,,,,,,,,,,,,,,,,,,,,,,,,,,,Other Nonprofessional GA,Single Pilot; Pilot Flying,Flight Crew Instrument; Flight Crew Private,Flight Crew Last 90 Days 25; Flight Crew Total 280; Flight Crew Type 200,,,,,187209,,,Government,Approach,Air Traffic Control Fully Certified,,,,,,,Deviation / Discrepancy - Procedural FAR; Inflight Event / Encounter VFR In IMC; Inflight Event / Encounter Weather / Turbulence; Other Unspecified,,,Person Other Person,,General None Reported / Taken,,Human Factors,"DEPARTED PWK IN VMC CONDITIONS FOR FLT TO DPA. WX EXPECTED TO BE CLR AT DUPAGE WHEN ARRIVED AT DPA WX WAS MARGINAL VFR/IFR; VISIBILITY 4 MI HAZE. RATHER THAN REQUESTING SPECIAL VFR I ELECTED TO MAKE AN IFR APCH. USUALLY KEEP ILS PLATES READILY AVAILABLE. ILS WAS OTS. VOR APCH PLATE WAS OUT OF REACH. REQUESTED VOR APCH AND ASKED FOR HDGS. I BELIEVE THAT ANY CONFUSION WHICH WAS CREATED BY NOT HAVING ALL PLATES ACCESSIBLE WOULD BE TO AT ALL TIMES HAVE APCH PLATE FOR DEST AND ALTERNATE READILY ACCESSIBLE EVEN IN VMC CONDITIONS.",,,,"PLT OF SMA ENCOUNTERED WX AT DEST ARPT. DID NOT HAVE APCH CHARTS. ASKED FOR VOR APCH AND VECTORS.",
188315,199109,0601-1200,PAO,CA,,10,,500,,VMC,3,,Daylight,900,,Tower PAO,Personal,Small Transport; Low Wing; 2 Turboprop Eng,,1,,None,Passenger,,Initial Approach; Cruise; Cruise,,Class D PAO; Class E OAK,,,,,,,,,,,,,,,,,,,,,,,,,,,,,,,,,,,,,,,,,,,,,,,,,,,,,,,,,,,,,,,,,Other Compensated GA,Single Pilot; Pilot Flying,Flight Crew Instrument; Flight Crew Air Transport Pilot (ATP); Flight Crew Flight Instructor; Flight Crew Commercial,Flight Crew Last 90 Days 60; Flight Crew Total 2000; Flight Crew Type 300,,,,,188315,,,Government,Local,Air Traffic Control Fully Certified,,,,,,,Deviation / Discrepancy - Procedural FAR; Inflight Event / Encounter Weather / Turbulence; Inflight Event / Encounter VFR In IMC; Other Unspecified,,,Person Other Person,,General None Reported / Taken,,Human Factors,"AFTER SHOOTING AN ILS TO SJC I BROKE OUT UNDERNEATH; CANCELLED IFR AND REQUESTED A DEP N FOR THE PURPOSE OF VFR FLT TO PAO. SJC WX WAS BARELY VFR; MEASURED 900 FT; SCATTERED AND 3 OR 4; AS I RECALL. PAO WAS MEASURED 900 FT CEILING AND 2 OR 3; MOFFETT ESTIMATED 500 FT CEILING. I HOPEFULLY; AND FOOLISHLY; EXPECTED TO BE ABLE TO COMPLETE THE TRIP NOT LOWER THAN 8 OR 900 FT. I WAS HDOF TO BAY APCH WITH MY ORIGINAL SQUAWK AND PROCEEDED N OF SJC AND NW UP HIGHWAY 680. I WOULD HAVE STAYED ALONG THE BAY SHORELINE WERE IT NOT FOR THE PRESENCE OF SKY SAILING; WHICH I DID NOT WANT TO OVERFLY SO LOW. AFTER CLRING SKY SAILING I TURNED TOWARD PAO. FROM JUST ABOUT THE LESLIE SALT AREA. I REQUESTED A SPECIAL VFR AND LANDED AT PAO. THE ONLY PROBLEM WITH THIS FLT; AND THE REASON FOR THIS RPT; IS THAT I WAS BTWN 500 AND 800 FT FOR PORTIONS OF THE FLT OVER THE FREMONT AREA. I HAD NOT INTENDED TO BE THAT LOW AND WOULD HAVE LANDED AT SJC IF I'D USED BETTER JUDGEMENT. THE MOFFETT CEILING WHICH I DISCOUNTED SINCE IT WAS NOT MEASURED; AND MY OWN AMPLE KNOWLEDGE OF THE LCL WX TRENDS SHOULD HAVE DISCOURAGED ME FROM EMBARKING ON THIS PORTION OF THE FLT.",,,,"PLT OF SMT APCHED SJC CANCELED IFR AND PROCEEDED VFR INTO LOWERING CEILINGS; OBTAINED SPECIAL VFR TO LAND AT PAO.",
188863,199109,0601-1200,ACV; EKA,CA,175,7,,550,,IMC,2,,Daylight,600,6000,Center ZSE,Air Taxi,Small Transport; Low Wing; 2 Recip Eng,,1,,SVFR,Cargo / Freight / Delivery,,Landing; Cruise; Cruise; Initial Approach; Landing,,Class D EKA; Class E ZSE,,,,,,,,,,,,,,,,,,,,,,,,,,,,,,,,,,,,,,,,,,,,,,,,,,,,,,,,,,,,,,,,,Air Taxi,Pilot Flying; Single Pilot,Flight Crew Flight Instructor; Flight Crew Instrument; Flight Crew Commercial,Flight Crew Last 90 Days 290; Flight Crew Total 3100; Flight Crew Type 1000,,,,,188863,,,,,,,,,,,,Deviation / Discrepancy - Procedural Clearance; Deviation / Discrepancy - Procedural FAR; Inflight Event / Encounter Weather / Turbulence; Inflight Event / Encounter VFR In IMC,,,Person Other Person,,Flight Crew Became Reoriented,,Human Factors,"I NEEDED A SPECIAL VFR TO EUREKA. FAR 135 DOESN'T ALLOW ME TO DO AN APCH THERE SINCE NO WX IS RPTED AT EUREKA MURRAY ONLY ARCATA. CEILING WAS RPTED AS 600 FT; 2 MI VISIBILITY. ALSO; A PIREP AT EUREKA WAS BASES AT 600 VISIBILITY 4-5 MI. DURING THE SPECIAL VFR I ENCOUNTERED LOWER WISPS OF CLOUD SO THIN ONE COULD SEE THROUGH THEM. I DECIDED TO CONTINUE. I MOMENTARILY LOOKED DOWN TO PICK UP MY SECTIONAL. WHEN I LOOKED UP AGAIN I WAS ENTERING A SCUD LAYER THAT WAS THICKER THAN THE REST. BEFORE I COULD REACT I WAS IMC. I WAS BEGINNING TO CLB; MIXTURES AND PROPS MOVED FORWARD; AND JUST AS QUICKLY POPPED BACK OUT OF THE SCUD LAYER. I WAS STILL AT ABOUT 500-600 FT. I NOW HAD 5 MI VISIBILITY; I COULD SEE ACROSS ARCATA BAY TO EUREKA MURRAY ARPT. I ELECTED TO CONTINUE AND LAND. I FEEL I NEEDED TO WATCH FURTHER AHEAD AND HAVE CHARTS MORE READILY AVAILABLE. IT MAY ALSO HELP IF ACV WX COULD BE USED FOR THE APCH AT EUREKA MURRAY. IT WAS THAT MOMENT OF INATTN OUT THE WINDOW THAT CAUSED MY PROBLEM; IN SUCH MARGINAL CONDITIONS.",,,,"PLT OF SMT FREIGHTER ON SPECIAL VFR FLT PLAN ENCOUNTERED IMC AT 550 MSL.",
189488,199109,0601-1200,OXR,CA,,8,,,,Marginal,,,Daylight,,,Tower OXR; Tower NTD,Personal,Small Aircraft,,1,,VFR,Personal,,Descent; Descent; Cruise; Cruise,,Class D OXR; Class E NTD,,,,,,,,,,,,,,,,,,,,,,,,,,,,,,,,,,,,,,,,,,,,,,,,,,,,,,,,,,,,,,,,,Other Nonprofessional GA,Pilot Flying; Single Pilot,Flight Crew Instrument; Flight Crew Private,Flight Crew Last 90 Days 40; Flight Crew Total 1600; Flight Crew Type 250,,,,,189488,,,Government,Approach,Air Traffic Control Fully Certified,,,,,,,Inflight Event / Encounter VFR In IMC; Other Airspace Violation Entry or Exit,,,Person Other Person,,General None Reported / Taken,,Human Factors,"AFTER LEAVING VNY ARPT FOR OXNARD ARPT IN VFR CONDITIONS; I CALLED NTD APCH (128.65) AND ASKED FOR FLT FOLLOWING. NTD SAID TO 'STANDBY'. I CALLED NTD LATER; ABOUT 16 MI E OF OXNARD AND THEY SAID TO CONTACT OXNARD ON 120.0. I CALLED OXNARD AND GAVE MY POS. THEY SAID THEY WERE IFR AND I SHOULD CONTACT NTD FOR A CLRNC. I CALLED NTD AND THEY SAID TO CALL OXNARD. I CALLED OXNARD AND GAVE MY POS; WHICH BY THIS TIME WAS ON THE ILS AT THE OM. OXNARD SAID THEY WERE IFR. I ASKED FOR A SPECIAL VFR APCH AND OXNARD SAID 'CLRED TO LAND'. ON THE GND THE ARPT POLICE OFFICER CAME TO THE PLANE AND ASKED FOR MY NAME; ETC; WHICH I GAVE HIM. I THEN WENT TO THE TWR AND DISCUSSED THE WHOLE SEQUENCE OF EVENTS WITH THE CTLRS. THEY AGREED THERE WAS MISCOM BTWN NTD; OXNARD AND MYSELF AND THEY SAID THERE WOULD BE NOTHING RPTED ABOUT THIS INCIDENT.",,,,"ACFT ATTEMPTING TO CONTACT APCH FOR FLT FOLLOWING TOLD STAND BY. NEVER GOT BACK TO HIM. HE CALLED DEST TWR WHO STATED WE'RE IFR; CONTACT APCH FOR CLRNC. CALLED APCH WHO SAID CONTACT TWR. TWR SAID IFR. RPTR REQUESTED SVFR; CLRED TO LAND.",
190110,199109,1201-1800,BRW,AK,,1,,700,,,2,,Daylight,,,FSS BRW,Air Taxi,Small Transport; Low Wing; 2 Turboprop Eng,,2,,SVFR,Passenger,,Initial Approach; Landing; Landing,,Class D BRW,,,,,,,,,,,,,,,,,,,,,,,,,,,,,,Small Transport; Low Wing; 2 Recip Eng,,,,SVFR,Training,,Landing; Initial Approach; Landing,,,,,,,,,,,,,,,,,,,,,,,,,,,,Other Compensated GA,First Officer,Flight Crew Commercial; Flight Crew Instrument,Flight Crew Last 90 Days 250; Flight Crew Total 3000,,,,,190110,,,Other Compensated GA,Pilot Flying; Captain,Flight Crew Air Transport Pilot (ATP),Flight Crew Last 90 Days 250; Flight Crew Total 4100,,,,,190049,Conflict NMAC; Deviation / Discrepancy - Procedural Clearance,,,Person Flight Crew,,Flight Crew Took Evasive Action; Flight Crew Returned To Clearance,,Human Factors,"WE WERE OPERATING UNDER A SPECIAL VFR CLRNC SHARING THE CTL ZONE WITH AN SMT B WITH VISUAL SEPARATION CONCURRENCE. RPTED WX CONDITIONS WERE 700 SCATTERED WITH 2 MI VISIBILITY. THE SMT B WAS DOING PRACTICE INST APCHS AND WAS INSIDE THE FINAL FIX AS WE MADE R TFC TO THE RWY (R TFC IS SPECIFIED). WHILE ON BASE WE LOST SIGHT OF THE OTHER ACFT AND TURNED L TO ABANDON THE PATTERN. THIS PLACED US IN THE PATH OF THE OTHER ACFT. WE REGAINED VISUAL CONTACT AT LESS THAN 1/2 MI AND TURNED AWAY. THE SMT B CONTINUED; LANDED AND CLRED. WE REENTERED THE PATTERN AND LANDED NORMALLY.",,,,"CHARTER FLT ON SVFR HAS NMAC WITH SMT PRACTICING IFR APCHS.",
190906,199110,1201-1800,LAX; LGB,CA,,,500,,,Mixed,3,,Daylight,,,TRACON LAX,Personal,Helicopter,,1,,None,Personal,,Descent; Descent; Climb; Landing; Landing,,Class B LAX; Class D LAX,,,,,,,,,,,,,,,,,,,,,,,,,,,,,,,,,,,,,,,,,,,,,,,,,,,,,,,,,,,,,,,,,Other Compensated GA,Pilot Flying; Single Pilot,Flight Crew Flight Instructor; Flight Crew Commercial; Flight Crew Instrument,Flight Crew Last 90 Days 13; Flight Crew Total 2075; Flight Crew Type 100,,,,,190906,,,Government,Approach,Air Traffic Control Fully Certified,,,,,,,Conflict Airborne Conflict; Deviation / Discrepancy - Procedural Clearance; Deviation / Discrepancy - Procedural FAR; Inflight Event / Encounter VFR In IMC; Other Airspace Violation Entry or Exit,,,Person Other Person,,Flight Crew Became Reoriented,,Human Factors,"ON THE AFTERNOON OF 10/91; A FRIEND AND I DEPARTED LONG BEACH ARPT IN SMA. WE PLANNED A SCENIC TOUR OF THE LA AREA ALONG A RTE I HAD FOLLOWED ON PREVIOUS TRIPS. THE WX WAS EXPECTED TO BE PARTIALLY OBSCURED WITH 3 TO 5 MI VISIBILITY IN FOG AND HAZE; EXCEPT NEAR LAX WHERE IT WAS RPTED TO BE 1100 FT SCATTERED AND 2 MI IN FOG. THIS SEEMED SUITABLE FOR A ROTORCRAFT AT 500 AGL. THE FLT WAS TYPICALLY UNEVENTFUL UNTIL SBOUND ALONG THE COAST JUST N OF LAX. I SWITCHED FREQ FROM SMO TWR TO LAX HELIS AND REQUESTED THE NORMAL 'TCA TRANSITION SBOUND ALONG THE SHORELINE AT OR BELOW 150 AGL.' THEIR REPLY WAS 'LAX IS BELOW VFR MINS; WHAT ARE YOUR INTENTIONS?' BELIEVING I COULD CONTINUE SPECIAL VFR; I AGAIN REQUESTED TRANSITION SBOUND DESTINED FOR TOA AND LGB (I LATER REALIZED THAT I DID NOT EXPLICITLY REQUEST 'SPECIAL VFR'). THE CTLR THEN SAID THAT THE TRANSITION WAS 'NOT AVAILABLE' AND RECOMMENDED SWITCHING BACK TO SMO AND FLYING INLAND SO AS TO USE THE SEPULVEDA TRANSITION DIRECTLY OVER LAX. FORTUNATELY; I HAD CALLED WELL BEFORE TCA BOUNDARY AND WAS ABLE TO CIRCLE WITHOUT ENTERING THE TCA. SMO TWR WAS BUSY BUT I FINALLY GOT MY REQUEST IN AND THEY AUTHORIZED THE MARINA RTE TO SEPULVEDA BUT ASKED THAT I CLB TO 1700 MSL (FROM 500). I QUICKLY FOUND A SIZEABLE HOLE IN THE BROKEN CLOUD LAYER; CLBED UP THROUGH; AND PROCEEDED NEBOUND ON TOP WATCHING FOR THE SAN DIEGO FREEWAY WHICH MARKED THE ENTRY TO THE SEPULVEDA TRANSITION. SMO TWR WAS STILL QUITE BUSY; SO I DSNDED BACK TO 500 AGL; SWITCHED TO LAX HELI FREQ; RPTED N OF WESTCHESTER; AND REQUESTED THE SEPULVEDA TRANSITION SBOUND. THEY AGAIN TOLD ME LAX WAS BELOW VFR; BUT AFTER UNDERSTANDING THAT I WANTED SPECIAL VFR; CLRED ME S ALONG SEPULVEDA. DUE TO THE PRIOR CONFUSION AND THE LIMITED VISIBILITY (2 MI); I PASSED SEPULVEDA BLVD AND TURNED S ALONG THE NEXT ROAD E FALSELY BELIEVING IT WAS SEPULVEDA. UPON REACHING THE ARPT (LAX); I REALIZED THAT I WAS NOT ALONG SEPULVEDA (WHICH RUNS THROUGH A TUNNEL UNDER LAX) BUT WAS NOT SURE WHAT WAS WRONG. MEANWHILE; LAX ASKED THAT I PROCEED DIRECT TOWARDS THE TWR; BUT DUE TO THE POOR VISIBILITY LOOKING TOWARDS THE HAZY SUN; I COULD NOT IDENT THE TWR. I WAS NOW SBOUND DIRECTLY OVER LAX; (BUT UNKNOWINGLY 1/2 MI E OF THE PROPER TRACK) WHEN THE CTLR REQUESTED AN IMMEDIATE TURN EBOUND. I QUICKLY MADE THE L TURN BUT DID NOT SEE ANY POTENTIAL CONFLICTS. HE THEN ASKED FOR A TURN TO N; BUT AS I BEGAN THE L TURN; I OBSERVED AN WDB ACFT ON SHORT FINAL FOR 24R; BELOW AND JUST N OF MY POS (I AM STILL 500 MSL). THUS I TURNED BACK TO THE S AND TOLD THE CTLR I WAS UNABLE TO GO N DUE TO TFC. I THEN RPTED ABOVE THE END OF 25L AND THE CTLR TOLD ME THAT THE PROPER RTE WOULD HAVE BEEN FURTHER W NEAR THE TWR. BY THAT TIME I WAS CLR OF THE ARPT TO THE S; RPTED SUCH AND APOLOGIZED FOR THE CONFUSION; TO WHICH HE RESPONDED BY APPROVING A FREQ CHANGE. I THEN FOLLOWED THE SAN DIEGO FREEWAY SE THINKING THAT I HAD AVOIDED THE TOA ATA. ALTHOUGH THE ARPT WAS NEVER IN VIEW; IN REALITY I MAY HAVE BEEN AS CLOSE AS 3 1/2 MI; TECHNICALLY WITHIN THE ATA WITHOUT HAVING TALKED TO THE TWR. THE REMAINDER OF THE FLT WAS UNEVENTFUL.",,,,"PLT IN HELI AT 500 AGL IN LAX ATA AND TCA IN COM WITH APCH CTLR BECAME DISORIENTED AND FLEW WRONG HELI VFR PATH THROUGH ATA.",
200671,199201,0601-1200,DPA,IL,,7,,500,,Marginal,1,,Daylight,900,,Tower DPA,Personal,Small Aircraft; Low Wing; 1 Eng; Retractable Gear,,1,,None,Other Utility,,Cruise; Cruise,,Class D DPA,,,,,,,,,,,,,,,,,,,,,,,,,,,,,,,,,,,,,,,,,,,,,,,,,,,,,,,,,,,,,,,,,Other Compensated GA,Pilot Flying; Single Pilot,Flight Crew Commercial; Flight Crew Instrument,,,,,,200671,,,Government,Local,Air Traffic Control Fully Certified,,,,,,,Deviation / Discrepancy - Procedural FAR; Deviation / Discrepancy - Procedural Clearance; Inflight Event / Encounter VFR In IMC; Inflight Event / Encounter Weather / Turbulence; Other Airspace Violation Entry or Exit,,,Person Air Traffic Control; Person Flight Crew,,Aircraft Equipment Problem Dissipated; General None Reported / Taken,,Human Factors,"CALLED FOR WX XA:30 AM; FOR A FLT FROM DKB TO MIDWAY; IL. FORECAST WAS FOR VFR UP TO XE:00 AM THEN POSSIBLE IFR AFTER XE:00 AM LCL. ABOUT XD: 00 AM ON THE RETURN FROM MIDWAY TO DKB; 6-7 MI SW ON DUPAGE ARPT WX WENT TO 800- 900 FT BROKEN. VISIBILITY ABOUT 1 MI. I TURNED 180 DEGS TO THE R; DIALED DUPAGE ATIS AT THE TIME CALLING VFR; CALLED TWR; CTLR SAID ARPT WENT IFR; THEN I ASKED FOR SPECIAL VFR. AT THAT TIME I WAS ABOUT 5 MI AWAY. I WAS INSTRUCTED TO HOLD OUTSIDE CTL ZONE FOR 10 MIN BUT I HAD ALREADY ENTERED CTL ZONE. I WAS TOLD I ENTERED THE CTL ZONE AND WAS INSTRUCTED TO HOLD NW OF ARPT. AFTER 10 MINS I WAS TOLD IT WOULD BE 10-15 MINS MORE BECAUSE OF IFR TFC INBOUND. SO WE CLBED OUT OF IT. CALLED FLT SVC. FOUND NEAREST VFR; CALLED DUPAGE TOLD THEM I WAS LEAVING THE AREA. THE SITUATION OCCURRED BECAUSE I DID NOT ALLOW ENOUGH TIME TO STAY OUT OF A CTL ZONE. SUGGESTIONS TO PREVENT A RECURRENCE IS TO HAVE A FASTER METHOD OF ATIS UPDATE.",,,,"UNAUTH PENETRATION OF AIRSPACE WHEN SMA IN PROX OF CTL ZONE.",
202832,199202,1201-1800,SPI,IL,,10,900,,,,3,,Daylight,900,,Tower SPI,FBO,Small Aircraft; High Wing; 1 Eng; Fixed Gear,,1,,SVFR,Training,,Cruise; Cruise,,Class D SPI; Class E SPI,,,,,,,,,,,,,,,,,,,,,,,,,,,,,,,,,,,,,,,,,,,,,,,,,,,,,,,,,,,,,,,,,Other Compensated GA,Observer; Other,Flight Crew Commercial; Flight Crew Flight Instructor,Flight Crew Last 90 Days 50; Flight Crew Total 1700; Flight Crew Type 500,,,,,202832,,,Other Nonprofessional GA,Pilot Flying; Single Pilot,Flight Crew Student,,,,,,,Deviation / Discrepancy - Procedural FAR; Inflight Event / Encounter VFR In IMC; Inflight Event / Encounter Weather / Turbulence,,,Person Flight Crew,,,,Human Factors,"AT MID-MORNING I SIGNED MY STUDENT OFF FOR A CROSS COUNTRY TO SPRINGFIELD. AT THE TIME THE WX WAS CURRENTLY (AND FORECASTED) VFR. LATER THAT AFTERNOON A TROUGH MOVED IN AND THE WX DROPPED BELOW VFR AS MY STUDENT LANDED. HE THEN CALLED THE ARPT AND WAS TOLD TO DEPART SPECIAL VFR SINCE THE SKY WAS CLR 10 MI S. THE STUDENT OBTAINED A SPECIAL VFR CLRNC AND DEPARTED. ENRTE THE STUDENT ENCOUNTERED IMC AND DSNDED TO VMC. THE FLT ENDED WITHOUT FURTHER INCIDENT.",,,,"STUDENT PLT ON SOLO FLT ENCOUNTERS IMC AFTER SFVR DEP FROM SPI.",
203029,199202,1201-1800,SAC,CA,,,,1000,,Mixed,2.75,,Daylight,,,TRACON MCC,,Small Aircraft,,1,,SVFR,Training,,Landing; Initial Approach,Vectors,Class D SAC,,,,,,,,,,,,,,,,,,,,,,,,,,,,,,,,,,,,,,,,,,,,,,,,,,,,,,,,,,,,,,,,,Other Nonprofessional GA,Pilot Flying; Single Pilot,Flight Crew Private,Flight Crew Last 90 Days 73; Flight Crew Total 566,,,,,203029,,,Government,Approach,Air Traffic Control Fully Certified,,,,,,,Deviation - Track / Heading All Types; Deviation / Discrepancy - Procedural FAR; Inflight Event / Encounter VFR In IMC,,,Person Other Person,,Flight Crew Executed Go Around / Missed Approach,,Human Factors,"I AM A VFR PLT WORKING TOWARD MY INST RATING. I WAS PRACTICING NOB APCHS AT SACRAMENTO EXECUTIVE UNDER WHAT I THOUGHT WAS A SPECIAL VFR CLRNC. I PERFORMED APPROX 5 MISSED APCHS IN VFR ON TOP OUTSIDE THE CTL ZONE. THE VISIBILITY AT THE ARPT WAS 2 3/4. THE PROBLEM DEVELOPED ON MY LAST APCH. I DID THE MISSED PROC AND CONTACTED ATC. THEY GAVE ME INSTRUCTIONS THAT WOULD HAVE PUT ME IN IFR. I ASKED FOR A CLRNC THAT WOULD KEEP ME IN UNCTLED AIRSPACE. THE CONFLICTING REQUESTS LEAD TO MISUNDERSTANDING ATC; UNKNOWN TO ME HAD ME IN AN IFR CLRNC SO THEY COULD NOT UNDERSTAND WHY I WAS REQUESTING UNCTLED AIRSPACE. THE CONVERSATIONS AND MY CONFUSION LEAD ME TO LOSE CONCENTRATION AND I MISSED MY VECTOR BY APPROX 45 DEG. THE MISS PUT MR NEAR THE FINAL APCH COURSE. THE ROOT OF THE PROBLEM WAS A VFR PLT PRACTICING AN IFR PROC AND NOT MAKING IT CLR THAT THE PROC MUST STAY VFR. ATC ASSUMED SINCE IT WAS AN INST PROC THAT I MUST BE REQUESTING AN IFR CLRNC AND GAVE ME ONE. THE REG ON PRACTICE INST APCHS MUST BE MADE MORE CLR SO MISUNDERSTANDINGS DO NOT OCCUR. MY INSTRUCTOR HAD NOT KNOWN HOW TO ASK FOR INST PRACTICE AND NOT RECEIVE AN IFR CLRNC. STUDENT PLTS NEED CLR ADVICE ON THE PRACTICE PORTION OF IFR TRAINING. IN RETROSPECT I CAN SEE THAT MANY TIMES; WITHOUT MY INTENT; I HAVE BEEN OPERATING UNDER IFR CLRNCS WITHOUT MY RATING BECAUSE I DID NOT KNOW WHAT TO ASK FOR.",,,,"VFR PLT PRACTICING IFR APCHS BELIEVING ON SVFR FLT PLAN. ATC HAS HIM IFR.",
203395,199202,1801-2400,PTK,MI,,3,,2000,,Marginal,3,,Daylight,2000,,TRACON DTW; Tower PTK,Personal,Small Aircraft; Low Wing; 1 Eng; Retractable Gear,,1,,IFR,Passenger,,Climb; Takeoff / Launch,,Class D PTK; Class E DTW,,,,,,,,,,,,,,,,,,,,,,,,,,,,,,,,,,,,,,,,,,,,,,,,,,,,,,,,,,,,,,,,,Other Nonprofessional GA,Single Pilot; Pilot Flying,Flight Crew Private; Flight Crew Instrument,Flight Crew Last 90 Days 12; Flight Crew Total 1500; Flight Crew Type 1300,,,,,203395,,,Government,Departure,Air Traffic Control Fully Certified,,,,,,,Aircraft Equipment Problem Critical; Other Unspecified,,,Person Flight Crew,,,,Aircraft,"PRIOR TO TKOF A FRONTAL SYS PASSED OVER THE ARPT. WIND DIRECTION CHANGED AND VELOCITY INCREASED. TEMP DROPPED FROM 38 DEGS F TO BELOW FREEZING IN 15 MINS. AFTER TKOF THE LNDG GEAR WOULD NOT RETRACT. IN ADDITION I WAS GETTING ERRONEOUS READINGS ON THE ALT AND AIRSPD. REQUESTED DEP CTL TO PERMIT A RETURN TO THE FIELD. TWR THEN ISSUED A SPECIAL VFR CLRNC TO LAND AT OAKLAND PONTIAC ARPT. LANDED WITHOUT INCIDENT. ALL INDICATIONS ARE THAT THE SUDDEN TEMP DROP CAUSED THE MOISTURE IN THE STATIC SYS TO FREEZE; DISABLING THE SYS. GEAR WOULD NOT RETRACT AS IT IS TIED IN WITH THE AIRSPD TO PREVENT RETRACTION AT LOW AIRSPDS.",,,,"AN SMA IN A RETURN LAND SITUATION AFTER EXPERIENCING PITOT SYS ICING; AND; FAILURE OF LNDG GEAR TO RETRACT AFTER TKOF.",
203561,199203,0601-1200,ILG,DE,,,0,,,Marginal,2,,Dawn,1000,,TRACON PHL,FBO,Small Aircraft; Low Wing; 1 Eng; Retractable Gear,,1,,None,Training,,Landing; Initial Approach; Landing; Other Pattern,,Class D ILG,,,,,,,,,,,,,,,,,,,,,,,,,,,,,,,,,,,,,,,,,,,,,,,,,,,,,,,,,,,,,,,,,Other Compensated GA,Instructor,Flight Crew Air Transport Pilot (ATP); Flight Crew Flight Instructor,Flight Crew Last 90 Days 200; Flight Crew Total 3500; Flight Crew Type 500,,,,,203561,,,Other Nonprofessional GA,Pilot Flying; Single Pilot,Flight Crew Student,,,,,,,Deviation / Discrepancy - Procedural FAR; Inflight Event / Encounter VFR In IMC; Other Unspecified,,,Person Other Person,,General None Reported / Taken,,Human Factors,"I WAS TRYING TO FINISH UP A STAGE CHK WITH ONE OF OUR STUDENTS. ALL I NEEDED TO DO WERE SOME TKOFS AND LNDGS. THE TWR HERE AT WILMINGTON OPENS AT XA:00 AND I FIGURED THAT IF I GOT THE LNDGS IN; BEFORE THE TWR OPENED; I WOULD BE OK. I FORGOT THAT SINCE WE HAVE A WX OBSERVER HERE AROUND THE CLOCK; THE CTL ZONE IS ALWAYS IN EFFECT. I SHOULD HAVE CONTACTED PHILADELPHIA APCH AND REQUESTED A SPECIAL VFR CLRNC. I WAS ONLY UP FOR 15 MIN AND WAS ALWAYS IN VMC CONDITIONS. I NEITHER HEARD NOR SAW ANY OTHER ACFT DURING THE FLT. NEVER THE LESS I WAS FLYING ILLEGALLY WITH NO CLRNC IN A CTL ZONE.",,,,"INSTR PLT FLIES IN CZN WITHOUT SVFR CLRNC WHICH WAS NEEDED.",
205050,199203,0601-1200,DDC,KS,,,200,,,IMC,4,,Daylight,400,,Center ZKC,Other Other,Helicopter,,1,,None,Other Utility,,Cruise; Initial Approach; Cruise,,Class D DDC,,,,,,,,,,,,,,,,,,,,,,,,,,,,,,,,,,,,,,,,,,,,,,,,,,,,,,,,,,,,,,,,,Other Nonprofessional GA,Single Pilot; Pilot Flying,Flight Crew Air Transport Pilot (ATP); Flight Crew Flight Instructor; Flight Crew Instrument,Flight Crew Last 90 Days 75; Flight Crew Total 3200; Flight Crew Type 35,,,,,205050,,,Government,Enroute,Air Traffic Control Fully Certified,,,,,,,Deviation / Discrepancy - Procedural FAR; Inflight Event / Encounter VFR In IMC,,,Person Other Person,,Air Traffic Control Issued New Clearance,,Human Factors,"I GAVE A SHORT DEMONSTRATION FLT TO THE PERSON THAT ASSISTED ME IN MOVING THE ACFT. ON A REGULAR BASIS I OPERATE OUT OF TWO DIFFERENT ARPTS WHICH BOTH HAVE INST APCHS; BUT NEITHER ONE HAVE A CTL ZONE. (EITHER PART TIME OR FULL TIME). THERE ARE AT TIMES FLTS CONDUCTED IN THE TFC PATTERN AT THESE ARPTS WHEN WX IS BELOW VFR MINIMUMS. I AM ALWAYS AWARE; AND MONITORING THE FREQ AND GIVING POS RPTS (AS I DID DURING THIS SITUATION) WHILE OPERATING AT THESE LOCATIONS. WHEN THE EVENT OCCURRED I WAS RETURNING TO THE ARPT AND WAS INFORMED BY A COMMUTER PLT THAT I SHOULD CONTACT CTR ABOUT OPERATING IN A CTL ZONE WITHOUT A CLRNC WHEN IT IS BELOW VFR MINIMUMS. I IMMEDIATELY LANDED. REALIZING THE MISTAKE; I CONTACTED CTR VIA FSS AND RECEIVED A SPECIAL VFR CLRNC AND DEP THE CTL ZONE THEN REPORTED CLR; AS INSTRUCTED. I AM WELL AWARE OF THE REQUIREMENTS TO ESTABLISH A CTL ZONE AS WELL AS WHAT THE REQUIREMENTS ARE TO OPERATE INTO OR OUT OF THE SAME. I THINK BECAUSE OF MY REGULAR OPS FROM AN ARPT WITHOUT A CTL ZONE; LED ME TO THINK THAT'S WHAT I WAS DOING WHEN THIS EVENT OCCURRED.",,,,"HELI PLT OPERATES WITHIN DDC CTL ZONE IN BELOW VMC WITHOUT CLRNC.",
213806,199206,0601-1200,ORH,MA,,1,300,,,,2.5,,Daylight,5000,,Tower ORH,FBO,Small Aircraft; Low Wing; 1 Eng; Fixed Gear,,1,,SVFR,Training,,Initial Climb; Takeoff / Launch; Other Pattern,,Class D ORH,,,,,,,,,,,,,,,,,,,,,,,,,,,,,,,,,,,,,,,,,,,,,,,,,,,,,,,,,,,,,,,,,Other Compensated GA,Instructor; Pilot Flying,Flight Crew Commercial; Flight Crew Flight Instructor,Flight Crew Last 90 Days 60; Flight Crew Total 330; Flight Crew Type 330,,,,,213806,,,Other Nonprofessional GA,Single Pilot,Flight Crew Student,,,,,,,Inflight Event / Encounter Weather / Turbulence; Other Unspecified,,,Person Other Person,,Air Traffic Control Provided Assistance; General Declared Emergency; General None Reported / Taken,,Weather,"I OBTAINED A WX BRIEFING THROUGH DUAT. VFR WAS FORECAST ALL DAY. I LISTENED TO ATIS. IT RPTED 10000 BROKEN VISIBILITY 10 MI. AFTER WE PREFLTED THE AIRPLANE; CONDITIONS HAD CHANGED TO 5000 BROKEN VISIBILITY 2 1/2 MI. AS WE WERE GOING TO BE CONDUCTING TOUCH-AND-GOES IN THE TFC PATTERN; I ASKED FOR A SPECIAL VFR CLRNC; WHICH I RECEIVED. IN MY JUDGEMENT 2 1/2 MI AND 5000 BROKEN WOULD BE SUFFICIENT. AFTER WE TOOK OFF; I COULD SEE CLOUDS AHEAD SO WE TURNED XWIND. I COULD SEE CLOUDS BENEATH ME SO I TURNED DOWNWIND TO TRY TO RETURN FOR LNDG (I COULD SEE THE APCH END OF THE RWY WE HAD JUST DEPARTED). I TURNED BASE BUT I COULD NOT SEE THE END OF THE RWY AS THERE WAS A CLOUD BANK BTWN US. I STAYED ON TOP AND TRIED ANOTHER RWY BUT IT TOO BECAME OBSCURED BY THE TIME I WAS ON FINAL. I CIRCLED AND CLBED UNTIL I WAS WELL ABOVE THE CLOUDS AND TWR ASSISTED ME TO A NEARBY ARPT (UNCTLED) WHERE I WAS ABLE TO MAKE A VFR LNDG. THE CAUSE FOR THIS SITUATION WAS THE UNFORECAST LOW CEILING WHICH WERE DRASTICALLY DIFFERENT TO WHAT HAD BEEN RPTED BY ATIS. THERE IS A WX RPTING STATION AT THE ARPT AND I DID NOT EXPECT SUCH A DISCREPANCY.",,,,"INSTRUCTOR PLT TRIES SVFR FOR PATTERN WORK. WX MOVES IN SO FAST FLT ASSIST NEEDED TO NEARBY ARPT.",
224158,199210,0601-1200,IAH,TX,280,30,,2000,,Marginal,3,,Daylight,1000,,TRACON IAH,Personal,Small Aircraft,,1,,None,Personal,,Cruise; Cruise,,Class E IAH,,,,,,,,,,,,,,,,,,,,,,,,,,,,,,,,,,,,,,,,,,,,,,,,,,,,,,,,,,,,,,,,,Other Nonprofessional GA,Pilot Flying; Single Pilot,Flight Crew Air Transport Pilot (ATP),Flight Crew Last 90 Days 250; Flight Crew Total 12000; Flight Crew Type 260,,,,,224158,,,Government,Local,Air Traffic Control Fully Certified,,,,,,,Deviation / Discrepancy - Procedural FAR; Inflight Event / Encounter VFR In IMC; Inflight Event / Encounter Weather / Turbulence,,,Person Flight Crew,,General None Reported / Taken,,Human Factors,"WX RPT ATIS; 600 FT OVCST 3 MI; FORECAST VFR N AND W. FROM GND; I COULD SEE BLUE SKY THROUGH THIN BROKEN LAYER. REQUESTED SPECIAL VFR OUT OF CTL ZONE AND FLEW THROUGH HOLDS ON TOP OF BROKEN LAYER; GOOD VISIBILITY ABOVE; NEXT LAYER FORMED 1700 MSL ABOVE; CONTINUED BTWN LAYERS AT 11- 1200 FT AGL; GOOD VISIBILITY BTWN LAYERS. DETERIORATED TO MARGINAL VFR MAINTAINING VFR (LESS THAN 1200 FT AGL; CLR CLOUDS; VISIBILITY GREATER THAN 1 MI). APPROX 20 MI W COULD SEE BLUE SKY AND UPPER LAYER BREAKING UP. I CLBED TO GET ON TOP. JINKING AROUND CLOUDS BUT AT ONE POINT GOT CAUGHT IN A 'CLOUD CANYON.' SAFEST THING TO DO AT THAT POINT WAS TO CONTINUE CLB STRAIGHT AHEAD; MOMENTARILY GOING THROUGH A CLOUD. NO MORE THAN A COUPLE OF SECONDS. THEN; I WAS TOTALLY IN CLR; UNDERCAST BROKE UP CONTINUED WITHOUT FURTHER INCIDENT. I WILL NEVER GO SPECIAL VFR/MARGINAL VFR AGAIN -- TOO EASY TO BE TRAPPED. I WAS FOOLED BY GREAT WX LOOKING OVER FIELD WHICH DETERIORATED. ALTHOUGH I WAS LEGAL (EXCEPT FOR PUNCHING THROUGH THAT 1 CLOUD) IT WAS NOT SMART; AN INEXPERIENCED PLT COULD HAVE FOLLOWED ME OUT AND GOTTEN INTO BIG TROUBLE. 1 MI VISIBILITY/CLR OF CLOUDS VFR MAY BE OKAY LEGALLY; BUT SHOULD BE DISCOURAGED -- ESPECIALLY TO INEXPERIENCED PLTS.",,,,"SMA RECEIVES SVFR TO DEPART BUT GETS CAUGHT AND ENTERS CLOUDS.",
224978,199210,1201-1800,SCK,CA,,24,,1000,,Mixed,4,,Daylight,1500,,TRACON SCK,Personal,Small Aircraft; High Wing; 1 Eng; Fixed Gear,,1,,VFR,Passenger,,Cruise; Cruise,,Class E SCK,,,,,,,,,,,,,,,,,,,,,,,,,,,,,,,,,,,,,,,,,,,,,,,,,,,,,,,,,,,,,,,,,Other Nonprofessional GA,Single Pilot; Pilot Flying,Flight Crew Private,Flight Crew Last 90 Days 67; Flight Crew Total 414; Flight Crew Type 67,,,,,224978,,,Government,Approach,Air Traffic Control Fully Certified,,,,,,,Deviation / Discrepancy - Procedural Clearance; Inflight Event / Encounter Weather / Turbulence; Inflight Event / Encounter VFR In IMC; Inflight Event / Encounter Loss Of Aircraft Control,,,Person Flight Crew,,Flight Crew Regained Aircraft Control,,Human Factors,"THE FLT STARTED FROM VAN NUYS WITH A LOW PRESSURE FRONT MOVING OVER NORTHERN CA; DOWN TO FRESNO. THE FRONT HAD NO TSTM ACTIVITY BUT RAIN SHOWERS AND STOCKTON WITH CEILINGS OF 2500 MSL. THE DECISION WAS MADE TO TOP THE TEHACHAPI MOUNTAINS WITH CLOUD COVER AT 10500 FT MSL AND THEN DSND PRIOR TO FRESNO TO 4500 MSL UNDER THE STORM. IF THE WX BECAME RESTRICTIVE THEN WE WOULD STOP AT FRESNO. THE FIRST PART OF THE FLT WENT TO PLAN. AT VISALIA; CA; WE WERE DOWN TO 4500 MSL UNDER THE CLOUD LAYER. I THEN KEPT MOVING N WHILE I HAD CLRNC AND FLT FOLLOWING TO NNW FRESNO. THE CEILING WENT TO 1500 AT LOS BANOS; CA; AND I WAS DROPPED FROM FLT FOLLOWING. AT CROWS LNDG I TALKED TO SCK APCH AND ASK FOR SPECIAL VFR BECAUSE ATIS GAVE ME 1300 FT CEILINGS AND RAIN SHOWERS AND 1 1/2 MI VISIBILITY. THIS WAS THE TIME I WAS TO TURN BACK TO FRESNO OR GET CLRNC FOR SVFR. I HAD 1500-1700 CEILING AT PRESENT AT CROWS LNDG. STOCKTON APCH SAID TO CONTACT CASTLE APCH TILL I HAD 2000 MSL. CASTLE ASKED IF I COULD GO TO 3000 MSL. I SAID YES LOOKING FOR SVFR. I WAS THEN TRANSFERRED TO SCK APCH. AT THIS POINT THE WX CLOSED IN TOTALLY. I WAS THEN TRANSFERRED TO ANOTHER STOCKTON APCH SECTOR. I INDICATED I NEEDED HELP AND SVFR. I WAS THEN VECTORED TO THE ILS AND ASKED IF THE PLANE COULD HANDLE IFR. I SAID YES; THINKING THEY WERE GOING TO GET ME LOWER ON THE ILS. I WAS GIVEN HDG TO THE ILS BUT WAS HAVING VERY SEVERE WINDSHEAR VERTICALLY IN THE CLOUD UP AND DOWN. IT WAS ALMOST IMPOSSIBLE TO HOLD DIRECTION AND NAV. I THEN MISSED SOME COMMAND INSTRUCTIONS BUT DID GET TO THE ILS 2 DIFFERENT TIMES BEFORE GETTING INTO DIFFICULT BANK TURNS DUE TO TURB. FINALLY ASKING FOR ANY WAY OUT OF CLOUD; REQUESTING LIVERMORE BUT WAS ALSO IMC. THE LAST PASS AT THE ILS THE PLANE ENTERED A SPIRAL R TURN NOSE DOWN AND GOT INTO AN UNUSUAL ATTITUDE. I LOST 1200 FT BEFORE THE PLANE WAS LEVELED OUT AT 800 MSL IN THE CLR UNDER THE CLOUDS. I WAS THEN GIVEN PERMISSION TO LAND RWY 11L. THE ATA WAS VFR AT THIS TIME. CALLBACK CONVERSATION WITH RPTR REVEALED THE FOLLOWING INFO. RPTR STATED VERY WRONG INFO WHEN QUERIED REF SVFR. HE WAS REFERRED TO APPROPRIATE FAR AND AIM INFO. ALSO HAD A FIXATION ON FRESNO AS THERE IS AN FSS THERE. ANALYST INFORMED HIM TELEPHONES WORK FROM OTHER ARPTS TO FSS AND THERE WERE SEVERAL OTHERS ALONG HIS RTE HE COULD HAVE USED. HE HAD A BUSINESS APPOINTMENT HE WAS TRYING TO MAKE. IS NOW IN THE MIDDLE OF IFR TRAINING. TWR ASKED HIM TO CALL ONCE ON THE GND. HE WENT UP TO TWR INSTEAD. THEY ASKED HIM TO EXPLAIN WHAT HAPPENED. THEY COUNSELED HIM AND HE THANKED THEM FOR THEIR HELP. SCARED HIMSELF PRETTY BADLY.",,,,"SMA PLT CONTINUES FLT INTO DETERIORATING WX; INTO CLOUDS. ENDS UP SPIRAL BREAKS OUT AT 800 FT MSL.",
226058,199211,1201-1800,ONP; 554,OR,,4,,1000,,Marginal,3,,Daylight,1000,,Center ZSE,Personal,Small Aircraft,,1,,None,Personal,,Initial Approach,,Class D ONP,,,,,,,,,,,,,,,,,,,,,,,,,,,,,,,,,,,,,,,,,,,,,,,,,,,,,,,,,,,,,,,,,Other Nonprofessional GA,Pilot Flying; Single Pilot,Flight Crew Commercial; Flight Crew Instrument,Flight Crew Last 90 Days 70; Flight Crew Total 750; Flight Crew Type 700,,,,,226058,,,Government,Enroute,Air Traffic Control Fully Certified,,,,,,,Deviation / Discrepancy - Procedural FAR; Inflight Event / Encounter VFR In IMC,,,Person Air Traffic Control,,General None Reported / Taken,,Human Factors,"I WAS INBOUND TO ONP (IFR CLRNC) VOR A APCH. BROKE OUT AT MDA APPROX 4 MI FROM ONP VOR. I HAD ONP IN SIGHT AND ASKED TO CANCEL MY CLRNC. WAS GRANTED REQUEST. I LOOKED OVER THE AREA AND DECIDED TO PROCEED TO 5S4 (TOLEDO STATE). CTR ASKED 'IS CTL ZONE ACTIVE?' I ANSWERED; 'I DON'T THINK SO' BASED ON MY OBSERVATION AT APPROX 800 MSL AT TIME. MY ERRORS WERE 'CTL ZONE' ACTIVE IS BASED ON RPTED WX AND I SHOULD HAVE REQUESTED A SPECIAL VFR. ADDITIONALLY; I WAS VIEWING CEILING AS MSL NOT AGL ONP 156 FT; OCEAN 0. RPTED WX 800 OVCST ESTIMATED; 1 MI DRIZZLE AND FOG; ESTIMATED ACTUAL FROM PLT POS AT ARR APPROX 3 PLUS MI AND 1000 FT.",,,,"SMA CANCELS IFR WHEN WX IS NOT QUITE VFR.",
226133,199211,0601-1200,ANC,AK,246,50,,13000,,IMC,.5,,Daylight,300,2800,Center ZAN,Air Taxi,Medium Large Transport,,2,,IFR,Ambulance,,Descent; Descent,Airway ZAN,,,,,,,,,,,,,,,,,,,,,,,,,,,,,,,,,,,,,,,,,,,,,,,,,,,,,,,,,,,,,,,,,,Air Taxi,Captain; Pilot Flying,Flight Crew Air Transport Pilot (ATP); Flight Crew Flight Engineer; Flight Crew Flight Instructor,Flight Crew Last 90 Days 100; Flight Crew Total 16000; Flight Crew Type 900,,,,,226133,,,Air Taxi,First Officer,Flight Crew Air Transport Pilot (ATP),,,,,,,Deviation - Altitude Overshoot; Deviation / Discrepancy - Procedural Clearance; Other Unspecified,,,Automation Air Traffic Control; Person Flight Crew,,Flight Crew Returned To Clearance,Procedure,Human Factors,"MEDICAL EVAC FLT (MEDEVAC). BET-MRI. 2 PLT CREW. DURING THE FLT; THE MEDICAL CREW WAS VERY WORRIED ABOUT THE PATIENT'S CONDITION. THE FLC HAD TO INITIATE RADIO CALLS AND RELAY MESSAGES BTWN THE HOSPITAL AND THE MED CREW. AS THE FLT PROGRESSED THE MEDICAL CREW BECAME INCREASINGLY DISTRESSED. THERE WAS A LOT OF NOISE AS THE BLOOD COVERED DOCTOR YELLED INSTRUCTIONS TO THE NURSES. THIS WAS DISTRACTING TO THE FLC. APPROX 20 MIN PRIOR TO LNDG OUR DEST ARPT WENT BELOW LNDG MINS (SPECIAL VFR). THE FO WAS TAKING CARE OF ALL ATC COM AND I WAS TALKING TO COMPANY AND THE HOSPITAL ON THE OTHER RADIO. THE FO TOLD ME THAT WE WERE CLRED FROM FL210 TO 14000. WE BEGAN DSCNT AND ACCOMPLISHED THE IN RANGE CHKLIST. PASSING FL180 WE SET ALTIMETERS TO 29.89. THE RADIO TFC BECAME VERY BUSY NOW AS WE TRIED TO COORDINATE OUR PLANS WITH THE HOSPITAL. A NURSE CAME FORWARD TO THE COCKPIT TO DISCUSS OPTIONS WITH THE HOSPITAL. OUR DEST WAS THEN CHANGED FROM ANC TO AED (ELMENDORF AFB). THE FO THEN COPIED THE AED ATIS WHILE I REQUESTED PERMISSION TO LAND FROM BASE OPS. WE LEVELED AT 14000 AND I ASKED THE FO TO READ THE AED ATIS TO ME. WHEN THE FO READ THE LCL ALTIMETER SETTING AS 28.89 I ASKED HIM TO RECHK THE ATIS (WHILE I LISTENED). THE LCL ALTIMETER WAS 28.89! I RESET MY ALTIMETER AND BEGAN A CLB BACK UP TO 14000. I ASKED THE FO TO NOTIFY ATC OF OUR INTENTIONS AND TO TURN OFF ALL NON-ATC COM RADIOS. WE PROCEEDED TO AED AND LANDED. POST-FLT: WHEN I ASKED THE FO HOW HE COULD HAVE MISSED THE LOW ALTIMETER SETTING. HE REPLIED 'THE ATIS AT MRI LACKED THE NORMAL PHRASEOLOGY; ALTIMETER LOW LOW 28.89.' CONTRIBUTING FACTORS: FATIGUE - - THE FO WAS OUT OF HIS NORMAL SLEEP CYCLE. HE WAS FILLING IN WHILE THE FULL TIME NIGHT MEDEVAC FO WAS ON TIME OFF. WE HAD FLOWN ANOTHER FLT SEVERAL NIGHTS BEFORE AND THE FO SAID THAT HE HADN'T DONE WELL WITH ALL THE SCHEDULE SWAPPING. I ALSO HAD NOT SLEPT MORE THAN SEVERAL HRS IN THE PREVIOUS DAY OR SO. ALTHOUGH WE WERE LEGAL TO FLY AS THE FARS ARE CONCERNED WE WERE FATIGUED. PHRASEOLOGY: I LEARNED IN A CONVERSATION LATER THAT DAY WITH AN ATC CTLR THAT THE USE OF THE PHRASE 'ALTIMETER LOW LOW' IS NO LONGER REQUIRED WHEN RPTING ABNORMALLY LOW ALTIMETER SETTINGS (PRETTY STUPID; HUH?). I BELIEVE THAT; IF THE FO HAD HEARD 'LOW LOW' THIS ALTDEV WOULD NOT HAVE HAPPENED. ACFT CONFIGN: THE COM RADIOS USED BY THE MEDICAL TEAM ARE IN THE COCKPIT. THE MEDICAL CREW MEMBER MUST KNEEL BTWN THE PLT SEATS; TALK ON A HAND MIKE; AND LISTEN ON THE OVERHEAD SPEAKER. THIS SYS WORKS QUITE WELL NORMALLY; BUT DURING TIMES OF HIGH COCKPIT WORKLOAD IT CAN BE VERY DISTRACTING. WE; OF COURSE; ONLY ALLOW THIS KIND OF COM TO GO ON ABOVE 10000 FT. THERE IS NO COCKPIT DOOR TO ISOLATE THE FLC FROM THE NOISE AND CHAOS THAT HAPPENS IN THE BACK OF THE AIRPLANE DURING A MEDICAL EMER.",,,,"MEDEVAC ACFT USES WRONG ALTIMETER SETTING. ALTDEV.",
232884,199302,0601-1200,CCR,CA,,,,,,,3,,Daylight,,,Tower CCR,FBO,Small Aircraft,,2,,None; SVFR,Training,,Cruise; Cruise,,Class D CCR,,,,,,,,,,,,,,,,,,,,,,,,,,,,,FBO,Small Aircraft,,1,,VFR,Training,,Initial Approach,Visual Approach,,,,,,,,,,,,,,,,,,,,,,,,,,,Other Compensated GA,Instructor; Single Pilot,Flight Crew Flight Instructor,Flight Crew Last 90 Days 150; Flight Crew Total 430; Flight Crew Type 150,,,,,232884,,,Other Nonprofessional GA,Pilot Flying; Single Pilot,Flight Crew Student,,,,,,,Deviation / Discrepancy - Procedural FAR; Inflight Event / Encounter Weather / Turbulence,,,Person Air Traffic Control,,,,Human Factors,"I SIGNED MY STUDENT OFF ON HIS FIRST SOLO XCOUNTRY TO UKIAH; CA. THE WX WAS ABOVE VFR AND FORECAST TO BE ABOVE VFR FOR HIS ENTIRE FLT. HOWEVER; ON FINAL PHASE TO LNDG HERE AT CCR; HE WAS ADVISED BY THE TWR THAT THE ARPT HAD JUST GONE IFR DUE TO VISIBILITY FALLING TO 2 MI IN HAZE. THE TWR THEN GAVE HIM THE NEW ATIS INFO AND ASKED HIM TO STATE HIS INTENTIONS. AT THE SAME TIME; I WAS IN ANOTHER AIRPLANE WITH ANOTHER STUDENT AND HEARD THE CONVERSATION BTWN HIM AND THE TWR. I IMMEDIATELY JUMPED ON THE FREQ AND INSTRUCTED THE TWR THAT HE WAS A STUDENT PLT AND THAT HE NEEDED A 'SPECIAL VFR' CLRNC. THE TWR THEN; ONCE AGAIN; ASKED HIM TO STATE HIS INTENTIONS. HE HAD OBVIOUSLY HEARD MY XMISSION AND PROCEEDED TO REQUEST A SPECIAL VFR INTO CCR. THE TWR GAVE HIM THE CLRNC AND HE LANDED WITHOUT ANY FURTHER PROBS. I REALIZE THAT INSTRUCTING MY STUDENT TO LAND WITH A SPECIAL VFR CLRNC WAS IN VIOLATION WITH FAR 61.89 (A)(6); SPECIFYING AT LEAST 3 MI VISIBILITY FOR STUDENT PLTS. I MADE A DECISION THAT I FELT WAS IN MY STUDENT'S BEST INTEREST UNDER THE CIRCUMSTANCES.",,,,"CFI URGES HER STUDENT TO REQUEST A SPECIAL VFR CLRNC TO LAND AT CCR.",
234067,199301,1801-2400,SPS,TX,,,,,,VMC,40,,Daylight,,,Tower SPS,Corporate,Medium Large Transport; Low Wing; 2 Turbojet Eng,,2,,IFR,Passenger,,Initial Approach,Visual Approach,Class D SPS,,,,,,,,,,,,,,,,,,,,,,,,,,,,,,,,,,,,,,,,,,,,,,,,,,,,,,,,,,,,,,,,,Other Compensated GA,Captain,Flight Crew Air Transport Pilot (ATP),Flight Crew Last 90 Days 100; Flight Crew Total 16646; Flight Crew Type 715,,,,,234067,,,Other Compensated GA,First Officer,Flight Crew Instrument; Flight Crew Commercial,,,,,,,Deviation - Track / Heading All Types; Deviation / Discrepancy - Procedural Clearance; Deviation / Discrepancy - Procedural Published Material / Policy,,,Person Air Traffic Control,,General None Reported / Taken,Procedure,Human Factors,"UPON ARRIVING IN THE WICHITA FALLS AREA; WE RECEIVED THE ATIS INFO WHICH INDICATED THAT THE WIND WAS FAVORING RWYS 15. NO REF WAS MADE ON THE ATIS TO A SPECIAL VFR PROC FOR RWY 17; NOR WAS THERE ANY INFO REGARDING MIL ACTIVITY ON RWYS 15 L AND R. WE WERE CLRED TO DSND TO 8000 FT AND AT APPROX 5-10 MI W OF THE SPS VOR; WE WERE CLRED TO 6000 FT. THE SHEPPARD APCH CTLR ADVISED THAT THE LNDG RWY WAS 17. IN VIEW OF THE FACT THAT WE HAD NOT CANCELLED IFR AT THE TIME; WE REQUESTED RWY 15R. SHEPPARD THEN ADVISED THEY WERE UNABLE TO APPROVE RWY 15R AND ASKED US IF WE WERE GOING TO MAKE THE XING RESTRICTION ALT OF 2300 FT AT THE SPS VOR. THIS IS THE FIRST TIME WE HAD ANY KNOWLEDGE OF ANY RESTRICTION. WE CONFIRMED THIS CLRNC AND STARTED AN IMMEDIATE DSCNT TO 2300 FT TO COMPLY WITH HIS REQUEST. DURING THIS DSCNT; SHEPPARD ASKED IF WE WERE FAMILIAR WITH THE RWY 17 PROC. WE STATED THAT WE WERE NOT FAMILIAR WITH THE PROC. SHEPPARD RESPONDED BY ASKING US TO TAKE UP A HDG OF 100 DEGS AFTER THE VOR. WE COMPLIED WITH HIS REQUEST AND COULD SEE THE ARPT VISUALLY; AND IT BECAME APPARENT TO US THAT IF WE DID NOT CANCEL IFR; WE WOULD OVERRUN THE ARPT AT 2300 FT. AS WE PREPARED TO TURN FINAL FOR 17; SHEPPARD FURTHER INSTRUCTED US NOT TO CROSS OVER ANY TXWYS; RAMP AREAS OR RWYS. HIS INSTRUCTIONS WERE SO LATE THAT IT REQUIRED A BANK ANGLE BELOW 500 FT THAT WAS STEEPER THAN NORMAL TO COMPLY. MAY I SUGGEST THAT THIS SPECIAL VFR PROC REQUIRING A CONTINUOUS TURNING FINAL APCH BE PUBLISHED SO THAT PLTS CAN BE PREPARED TO EXECUTE THIS MANEUVER IN A FAIRLY ROUTINE FASHION. A VFR PROCS CHART; SUCH AS THE ONE USED AT MOST ARPTS -- LOS ANGELES; WASHINGTON NATIONAL; ETC -- WOULD BE MOST HELPFUL. FURTHER; A NOTE ON THE VFR APCH CHART INDICATING HVY MIL ACTIVITY ON RWYS 15/33 WOULD ALSO ALERT PLTS TO THE INTENSITY OF THE TFC. WE HAD NO IDEA THAT CIVILIAN ACFT ARE GENERALLY RESTR TO USING RWYS 17/35 ONLY. I BRING THIS TO YOUR ATTN IN THE HOPES THAT OTHER PLTS VISITING WICHITA FALLS; TX; WHO ARE NOT FAMILIAR WITH THE LCL CONDITIONS CAN BE PREPARED. FURTHER; UNTIL SUCH TIME AS THE INFO IS PUBLISHED; I WOULD SUGGEST THAT A BRIEF MESSAGE BE PUT ON THE ATIS. IT WOULD ALSO HAVE BEEN VERY HELPFUL ON OUR PARTICULAR FLT; ONCE WE HAD ADVISED THE CTLR THAT WE WERE NOT FAMILIAR WITH THE VFR PROC; IF HE WOULD HAVE GIVEN US A FULL; BRIEF DESCRIPTION OF THE PROC RATHER THAN JUST GIVING US A HDG AND ALT TO FLY.",,,,"CPR MLG PLT HAD TROUBLE FIGURING OUT HOW TO FLY THE PATTERN AT SPS BECAUSE OF RESTRICTIONS PLACED ON CIVIL ACFT THERE.",
235853,199303,1201-1800,PUW,WA,,5,,,,Marginal,,,Daylight,,,Center ZSE; FSS PUW,Personal,Small Aircraft; Low Wing; 1 Eng; Fixed Gear,,1,,SVFR,Personal,,Landing; Cruise; Cruise; Descent; Descent; Landing,,Class D PUW,,,,,,,,,,,,,,,,,,,,,,,,,,,,,,,,,,,,,,,,,,,,,,,,,,,,,,,,,,,,,,,,,Other Nonprofessional GA,Pilot Flying; Single Pilot,Flight Crew Private,,,,,,235853,,,Government,Enroute,Air Traffic Control Fully Certified,,,,,,,Deviation / Discrepancy - Procedural FAR; Inflight Event / Encounter VFR In IMC; Inflight Event / Encounter Weather / Turbulence,,,Person Flight Crew,,Air Traffic Control Issued New Clearance; Air Traffic Control Provided Assistance; Flight Crew Became Reoriented,,Human Factors,"I HAD BEEN CHKING WX RPTS EVERY HR FOR CLRER CONDITIONS FOR A SUCCESSFUL VFR FLT FROM LEWISTON TO SPOKANE INTL ARPT. I DECIDED TO LEAVE LEWISTON AND TRY TO GET TO SPOKANE THINKING THERE WOULD BE AN OPENING -- AT ANY RATE; I ALWAYS KEPT LEWISTON IN SIGHT JUST IN CASE I NEEDED TO TURN AROUND. WHILE EXPLORING THE POSSIBILITIES OF LNDG IN SPOKANE; LEWISTON AND THE CLOUD OPENING (A SEPARATION OF ABOUT 5000 FT) CLOSED NEAR WHAT I FOUND TO BE PULLMAN ARPT. I TURNED TO COME BACK TO LEWISTON AFTER ABOUT 1 HR OF FLT TIME. USING MY VOR AND LORAN TO HELP PINPOINT MY NOW CONFUSED LOCATION; I FOUND MYSELF 15 NM E OF PULLMAN AND UP ABOUT THE CLOUDS APPROX 2500 FT. THERE WAS A WALL OF CLOUDS TO THE S; N; AND W. I KNEW THERE WAS NO PLACE TO LAND TO THE E. MY ONLY SAFE BET WAS TO GET BELOW THE CLOUD LAYER JUST IN CASE I HAD TO LAND (EVEN THOUGH I HAD FULL TANKS. UNFORTUNATELY; WHILE TRYING TO AVOID CLOUDS AND LAND; I CROSSED INTO THE 5 MI CTL ZONE AT PULLMAN-MOSCOW ARPT. FRANTICALLY; I TRIED TO UNDERSTAND MY SIT -- I RADIOED ON PULLMAN UNICOM ASKING IF VFR TFC WAS ALLOWED TO USE THE ARPT. A COMMUTER PLT RADIOED BACK THAT I NEEDED TO CONTACT THE FSS (127.6). SO I CALLED THE FSS AND REQUESTED A 'SPECIAL VFR CLRNC.' AFTER A FEW MOMENTS HE TOLD ME TO CALL ZSE AND ASK THEM; WHICH I DID. SEATTLE GAVE ME THE SPECIAL CLRNC TO LAND IN IFR WX CONDITIONS. I HAD; HOWEVER; ALREADY ENTERED THE CTL ZONE. AFTER A FEW MORE NERVOUS MOMENTS; I CHANGED STATIONS AND SQUAWKED VFR AS INSTRUCTED; AND RADIOED UNICOM THAT I WOULD BE LNDG. I PROCEEDED TO MAKE THE BEST AND SAFEST LNDG POSSIBLE; WATCHING THE AREA FOR TFC AND STAYING 'CLR OF CLOUDS.' MY LNDG WAS SUCCESSFUL AND I IMMEDIATELY EXITED THE STRIP AND CALLED ZSE TO CANCEL MY SVFR CLRNC. OBVIOUSLY WX WAS THE LARGEST CONTRIBUTOR TO THE SIT. THE TERRAIN AROUND THE ARPT MADE IT VERY DIFFICULT TO FIND WHEN FLYING AT SUCH LOW ALTS. THINGS WERE SO FRANTIC IN THE COCKPIT THAT I DIDN'T SEE THE CTL ZONE AROUND THE ARPT ON THE MAP. I WAS MORE CONCERNED ABOUT LNDG THE PLANE SAFELY. PROBABLY THE SMARTEST THING TO DO WOULD HAVE BEEN TO HAVE HAD COM WITH ZSE WAY BEFORE I WAS CAUGHT UNDER THE CLOUDS AND NEAR PULLMAN ARPT. IN THIS SIT; I REALLY HAD TO LAND. THERE WAS NO WAY OUT. I COULD SEE ABOUT 3-5 MI ACROSS THE HILL TOPS; BUT I WAS AFRAID TO START GOING SOMEWHERE ELSE FOR FEAR PULLMAN WOULD GET TOTALLY FOGGED IN.",,,,"SMA PLT FLIES INTO DETERIORATING WX; ENTERS CTL ZONE; REQUESTS SPECIAL VFR.",
238934,199304,0601-1200,DNV,IL,,8,,1500,,Marginal,3,,Daylight,1000,,FSS DNV,FBO,Small Aircraft,,1,,None,Training,,Initial Approach,,Class D DNV,,,,,,,,,,,,,,,,,,,,,,,,,,,,,,,,,,,,,,,,,,,,,,,,,,,,,,,,,,,,,,,,,Other Compensated GA,Pilot Flying; Instructor,Flight Crew Instrument; Flight Crew Flight Instructor; Flight Crew Commercial,Flight Crew Last 90 Days 75; Flight Crew Total 5850; Flight Crew Type 5760,,,,,238934,,,Other Nonprofessional GA,Single Pilot,Flight Crew Private,,,,,,,Inflight Event / Encounter Weather / Turbulence; Other Unspecified,,,Person Flight Crew,,General None Reported / Taken,,,"WHILE ENRTE TO THE DANVILLE ARPT I MONITORED DANVILLE AWOS. I HAD PREVIOUSLY RECEIVED A PREFLT FSS BRIEFING AND WAS INFORMED THAT DANVILLE HAD NO WX RPTING AND THAT THE NEAREST RPTED TERMINAL WAS CHAMPAIGN WHICH WAS RPTING AND FORECASTING VFR CONDITIONS. THE AWOS WAS RPTING CEILING 1100 FT BROKEN; 2500 OVCST AND 7 MI VISIBILITY. THEN CONTACTED UNICOM FOR TA'S. HOWEVER; APPROX 8 MI W OF THE ARPT; I ENCOUNTERED A CEILING OF ABOUT 1000 FT AND VISIBILITIES 3 MI IN RAIN AND FOG. I CONTINUED THE APCH IN WHAT APPEARED TO BE MARGINAL VFR AND AFTER LNDG; WAS TOLD BY ARPT FBO PERSONNEL THAT THE AWOS WAS CONTINUING TO RPT ABOVE VFR MINIMUM CONDITIONS. I DEPARTED SHORTLY THEREAFTER AND THE RAIN HAD INCREASED IN INTENSITY WHILE DEPARTING THE ARPT AREA. I UNDERSTAND THAT THE SENSOR'S LOCATION ONLY RPTS CONDITIONS OVER THE APCH END OF THE RWY. HOWEVER; THERE CAN BE A SUBSTANTIAL DIFFERENCE IN PREVAILING ARPT AREA CONDITIONS FROM WHAT THE AWOS IS SENSING. SINCE THIS ARPT IS A NOT-TWRED ARPT WITH A PART- TIME CTL ZONE; PLTS RELYING ON AWOS INFO COULD ENCOUNTER IMC WITHIN THE CTL ZONE WHILE IT IS IN EFFECT AND WITHOUT A SPECIAL VFR CLRNC THAT THE PLT WOULD HAVE OTHERWISE REQUESTED PRIOR TO ENTERING THE CLR ZONE. I HAVE ALSO SEEN DIFFERENCES IN WHAT AWOS AT ANOTHER ARPT (IKK) GREATER KANKAKEE HAS RPTED VERSUS PREVAILING AREA CONDITIONS. THE AWOS APPEARS TO GENERALLY RPT BETTER CONDITIONS THAN THE ACTUAL CONDITIONS THAT THE PLT MAY ENCOUNTER. I WOULD RECOMMEND THAT; UNTIL FUTURE AWOS PROVIDE WX PRECIPITATION INFO THAT AWOS BROADCAST END WITH A STATEMENT STRESSING THAT AWOS DOES NOT PROVIDE ARPT AREA ACTUAL CONDITIONS BUT ONLY CONDITIONS OVER THE APCH END OF A RWY. MANY PLTS; I BELIEVE; ASSUME SINCE BEING FAMILIAR WITH ATIS BROADCASTS INFO; THAT AWOS IS; IF NOT SIMILAR; THE VERY SAME THING; AND DON'T REALLY DISTINGUISH ANY DIFFERENCES BTWN THE SOURCES OF THE RPTED CONDITIONS -- HUMAN VERSUS COMPUTER GENERATED INFO.",,,,"FLT INSTRUCTOR LANDS AT ARPT WITH INACCURATE AWOS WX INFO. UNAUTH CTL ZONE ENTRY.",
239294,199304,0601-1200,ZZZ,US,,10,500,,,Marginal,3,,Daylight,900,,TRACON ZZZ,Air Taxi,Helicopter,,1,,VFR,Ambulance,,Cruise; Cruise,,Class D ZZZ,,,,,,,,,,,,,,,,,,,,,,,,,,,,,,,,,,,,,,,,,,,,,,,,,,,,,,,,,,,,,,,,,Air Taxi,Single Pilot; Pilot Flying,Flight Crew Air Transport Pilot (ATP),Flight Crew Last 90 Days 100; Flight Crew Total 3900; Flight Crew Type 200,,,,,239294,,,,,,,,,,,,Deviation / Discrepancy - Procedural FAR; Deviation / Discrepancy - Procedural Published Material / Policy; Inflight Event / Encounter VFR In IMC; Other Airspace Violation Entry or Exit,,,Person Flight Crew,,General None Reported / Taken,,Human Factors,"ENRTE FROM XYZ TO ZZZ ON A VFR FLT PLAN THE WX STARTED TO DETERIORATE APPROX 10 MI E OF ABC. I TURNED BACK TO THE N AND MADE A DECISION TO PROCEED TO ABC ARPT FOR FUEL. I WAS UNABLE TO CONTACT ZZZ APCH AND DID NOT KNOW THE FREQ FOR DEF APCH AT ABC. WITH THE WX MARGINAL VFR IN THE CTL ZONE; I CHOSE TO ENTER THE CTL ZONE AFTER A CALL ON UNICOM WITHOUT CONTACTING DEF APCH FOR A SPECIAL VFR CLRNC. THE REASON FOR NOT LOOKING UP THE APCH FREQ FOR DEF APCH IS THAT I WAS SINGLE PLT IN DETERIORATING WX AND I DID NOT FEEL COMFORTABLE LOOKING UP THE FREQ AND FLYING AT THE SAME TIME. ALSO; WITH A PATIENT ON BOARD IT WAS IMPORTANT TO OBTAIN FUEL AS QUICKLY AS POSSIBLE SO THE FLT COULD BE COMPLETED IFR TO ZZZ. IN RETROSPECT; THE BEST COURSE OF ACTION WOULD HAVE BEEN TO REFUEL IN DEF AND CONDUCT THE FLT IFR TO ZZZ OR AT LEAST HAVE ENOUGH FUEL FOR THE IFR OPTION. THE WX IN ZZZ AND DEF HAD BEEN IMPROVING DURING THE PREVIOUS 2 HRS. THIS FACTOR AND THE FORECAST LED ME TO THE CONCLUSION THAT THE FLT COULD BE COMPLETED VFR. CALLBACK CONVERSATION WITH RPTR REVEALED THE FOLLOWING INFO: RPTR STATES THAT THE DECISION TO LAND WAS THE MOST APPROPRIATE BUT NEEDED TO BE ACTED ON SOONER. WX RPTING OBTAINED 5 MIN PRIOR TO FLT DID NOT MATCH CONDITIONS.",,,,"HELI EMS ENCOUNTERS IMC. ENTERS CTL ZONE WITHOUT CLRNC.",
242579,199305,1201-1800,BRD,MN,,3,500,,,Mixed,1,,Daylight,500,,Center ZMP,Personal,Small Aircraft; High Wing; 1 Eng; Fixed Gear,,1,,None,Personal,,Cruise; Cruise,,Class D BRD,,,,,,,,,,,,,,,,,,,,,,,,,,,,,,,,,,,,,,,,,,,,,,,,,,,,,,,,,,,,,,,,,Other Nonprofessional GA,Pilot Flying; Single Pilot,Flight Crew Private,Flight Crew Last 90 Days 8; Flight Crew Total 800; Flight Crew Type 250,,,,,242579,,,Government,Enroute,Air Traffic Control Fully Certified,,,,,,,Deviation / Discrepancy - Procedural FAR; Inflight Event / Encounter Weather / Turbulence; Inflight Event / Encounter VFR In IMC; Other Unspecified; Other Airspace Violation Entry or Exit,,,Automation Air Traffic Control; Person Flight Crew; Person Air Traffic Control,,Flight Crew Exited Penetrated Airspace; Flight Crew Became Reoriented,,Human Factors,"MY BRIEFING HAD GRAND RAPIDS (OUR DEP POINT) RPTING 1200 FT CEILING AND 10 MI VISIBILITY. BRAINERD (A CTL ZONE) RPTING 800 FT CEILING WITH 3 MI; AND WILLIAM AREA RPTING SIMILAR CONDITIONS AS BRAINERD. NO RPTS OF FOG OR RAIN IN RTE AND CONDITIONS WERE SHOWING IMPROVEMENT THROUGHOUT THE DAY. I DECIDED AT THAT TIME TO DEPART GRAND RAPIDS. CONDITIONS WERE OK UNTIL WE GOT WITHIN 15 MI NE OF BRAINERD. RAIN STARTED AND CEILINGS DROPPED TO LESS THAN 600 FT WITH ABOUT A MI VISIBILITY. I GOT TO THE CTL ZONE AT BRAINERD AND STARTED TO FLY AROUND THE SE SIDE OF IT. THE FURTHER S I FLEW THE WORST THE CONDITIONS GOT. ABOUT 10 MI SE OF THE ARPT I MADE THE DECISION TO TURN BACK TO BRAINERD. MY RADIO MALFUNCTIONED. MY ONLY MEANS OF COM WAS A HAND-HELD. I WAS UNABLE TO CONTACT ZMP BUT I WAS ABLE TO CONTACT BRAINERD ON UNICOM 122.7. I NOTIFIED 122.7 OF MY SIT AND MY INTENTIONS. BECAUSE OF THE LOW CEILING AND RAINY CONDITIONS; I COULDN'T SEE THE BRAINERD ARPT (MY PLANE IS NOT EQUIPPED WITH ANY DME DEVICES). I GAVE MY LOCATION AT 3-5 MI SE OF ARPT. BECAUSE OF THE POOR VISIBILITY I WASN'T EXACTLY SURE OF MY LOCATION AND BY STATING THAT I WAS ONLY 3-5 MI OUT PUT ME IN VIOLATION OF THE CTL ZONE. I DIDN'T KNOW IF I WAS IN THE CTL ZONE AT THIS TIME BUT I KNEW THERE WAS TFC IN THE AREA AND I KNEW I HAD TO GUESS AT MY LOCATION. I FELT IT WOULD BE A SAFER SIT IF I GAVE MY LOCATION AS CLOSE TO THE ARPT AS I MIGHT POSSIBLY BE; THINKING OTHERS INVOLVED WOULD KEEP MORE ALERT. AFTER I STATED MY APPROX LOCATION; BRAINERD UNICOM CALLED ZMP TO REQUEST FOR ME A SPECIAL VFR CLRNC TO LAND. WHILE I WAS WAITING FOR THE PROPER CLRNC TO LAND I CONTINUED FLYING NE OF THE OUTER EDGE OF THE CTL ZONE. I LOCATED A LANDMARK AND STARTED CIRCLING. I AGAIN CONTACTED UNICOM TO LET THEM KNOW OF MY CIRCLING LOCATION. ABOUT 15-20 MINS OF CIRCLING LANDMARK I WAS CLRED TO LAND WITH NO RPTED TFC. AFTER LNDG; I CONTACTED ZMP BY TELEPHONING THEM FROM THE BRAINERD TERMINAL. THEY QUESTIONED ME ON MY ENCROACHMENT INTO THE CTL ZONE AND TALKED TO ME OF THEIR CONCERNS OVER THIS SIT. I EXPLAINED TO THEM AS I DID TO YOU IN THIS LETTER. I GAVE THEM MY NAME AND PHONE NUMBER. AS OF TODAY I HAVE NOT HEARD MORE FROM THEM. THE PEOPLE AT THE ZMP AND BRAINERD ARPT WERE VERY HELPFUL TO ME IN HANDLING THIS SIT.",,,,"PVT PLT OF SMA SEL ACFT ON A XCOUNTRY FLT GOT LOST WHEN COUNTERING LOWERING CEILINGS RESULTING IN PENETRATING A CTL ZONE AIRSPACE.",
242696,199305,1201-1800,CGX,IL,,4,,1000,,Marginal,3,,Daylight,1500,,TRACON ORD; Tower CGX; Tower UGN,Personal,Small Aircraft; Low Wing; 1 Eng; Fixed Gear,,1,,None,Personal,,Cruise; Cruise,,Class D CGX; Class D UGN,,,,,,,,,,,,,,,,,,,,,,,,,,,,,,,,,,,,,,,,,,,,,,,,,,,,,,,,,,,,,,,,,Other Nonprofessional GA,Pilot Flying; Single Pilot,Flight Crew Instrument; Flight Crew Private,Flight Crew Last 90 Days 25; Flight Crew Total 1200; Flight Crew Type 25,,,,,242696,,,,,,,,,,,,Deviation / Discrepancy - Procedural FAR; Inflight Event / Encounter VFR In IMC; Inflight Event / Encounter Weather / Turbulence; Other Airspace Violation Entry or Exit,,,Person Flight Crew,,General None Reported / Taken,,Human Factors,"RETURNING FROM TENNESSEE VFR THE WX STARTED CLOSING IN SIGNIFICANTLY 50 MI S OF CHICAGO. ALTHOUGH IFR CAPABLE AND COMPETENT; RATHER THAN DEAL WITH THE CHICAGO TCA AND APCH CTL; WHICH I FEARED WOULD EITHER VECTOR ME OUT OVER THE LAKE OR WAY W (AND IN EITHER EVENT INCREASE MY ALT SUCH THAT I WOULDN'T BE ABLE TO 'SEE' THE NUMEROUS SURROUNDING RAIN CELLS); I OPTED TO NAV DOWN LOW VFR IN ADMITTEDLY MARGINAL CONDITIONS. I UNEVENTFULLY SKIRTED A LINE OF CELLS BY DIVERTING EASTERLY TOWARDS S BEND; N IN CLR AIR TOWARDS MICHIGAN CITY; AND THEN BACK W TO GYY (GARY). FROM THIS POINT I ELECTED TO FLY THE LAKESHORE UP TO KENOSHA AND IS THE SEGMENT OF FLT IN WHICH; IN RETROSPECT; I PROBABLY SHOULD HAVE ASKED APCH TO ASSIST ME TO KENOSHA ON AN IFR CLRNC. WHEN I RADIOED MEIGS FOR A FLY THROUGH THEIR ATA THEY RESPONDED THAT THEY WERE IFR. I SHOULD HAVE ASKED FOR A SPECIAL VFR; BUT DIDN'T; SO I ENCROACHED UPON THEIR ATA. FROM MEIGS TO KENOSHA I WAS COMPELLED TO FLY AT 1000 FT MSL ( 420 FT ABOVE THE LAKE) DUE TO LOW CEILINGS AND INTERMITTENT HVY RAIN. VISIBILITY NEVER GOT BELOW 1 MI; AND I STAYED ABOUT 1/2 MI OFF SHORE. I ALSO SUSPECT THAT I ENCROACHED UPON UGN ARPT'S ATA (DIDN'T THINK TO CALL THEM -- TOO BUSY VISUALLY NAVING). ONCE ABEAM CITY OF KENOSHA I NAVIGATED DIRECTED TO ARPT. LORAN WAS INVALUABLE. NEXT TIME I'D GET AN IFR CLRNC AND DO IT RIGHT.",,,,"DUE WX DETERIORATION PLT FLIES LOW AND ENTERS ATA'S AND CTL ZONE WITHOUT CLRNC.",
242962,199306,1201-1800,FXE,FL,,,,0,,Marginal,,,Daylight,,,TRACON FLL; Tower FXE,Personal,Small Aircraft; High Wing; 1 Eng; Fixed Gear,,1,,VFR,Personal,,Cruise; Cruise; Initial Approach; Landing; Landing,,Class D FXE,,,,,,,,,,,,,,,,,,,,,,,,,,,,,,,,,,,,,,,,,,,,,,,,,,,,,,,,,,,,,,,,,Other Nonprofessional GA,Pilot Flying; Single Pilot,Flight Crew Private,Flight Crew Last 90 Days 18; Flight Crew Total 145; Flight Crew Type 18,,,,,242962,,,Government,Approach,Air Traffic Control Fully Certified,,,,,,,Aircraft Equipment Problem Less Severe; Inflight Event / Encounter Weather / Turbulence; Other Airspace Violation Entry or Exit,,,Person Flight Crew,,General None Reported / Taken,,Weather,"AT XE00 I DEPARTED MYBS ENRTE TO FLL. AFTER SEVERAL ATTEMPTS; I WAS ABLE TO REACH FLT SVC; OPENED MY FLT PLAN AND OBTAINED A CUSTOMS SQUAWK. ENRTE; THE WX WORSENED. I SPENT MUCH OF MY FLT CIRCUMNAVING STORM CELLS. 15 MI FROM FLL; I CONTACTED THE TWR AND INFORMED THEM OF MY IMPENDING ARR. THE TWR RETORTED THAT DUE TO TFC; NO SPECIAL VFR WOULD BE RECEIVED. AT THAT TIME; I REACHED INTO THE MAP POCKET ON THE L SIDE OF MY ACFT FOR MY ARPT FACILITIES DIRECTORY TO CONFIRM THAT FXE WAS AN ARPT OF ENTRY. WHILE I WAS RETURNING THE BOOK TO THE POCKET; UNBEKNOWNST TO ME; I INADVERTENTLY DISCONNECTED THE WIRING FOR THE COCKPIT INTERCOM AND RENDERED THE RADIOS INOP. AFTER TRYING FOR 30 MINS TO REACH FSS; FXE AND MIAMI RADIO; I DETERMINED THAT THE RADIOS WERE INOP DUE TO AN UNKNOWN CAUSE. COM WITHIN THE COCKPIT WAS UNINTERRUPTED AND NO THOUGHT WAS GIVEN TO THE INTERCOM AS THE CAUSE. THE WX CONTINUED TO DETERIORATE AND RETURNING TO BIMINI WAS IMPOSSIBLE. AFTER SEVERAL MORE MINS OF CIRCLING AND TRYING TO REPAIR THE RADIOS; I DECIDED TO MAKE AN EMER LNDG AT FXE. NAVING TO THE ARPT; I PUT MYSELF IN A CIRCLE OFF TO THE L OF THE FIELD TO SEARCH FOR TFC AND LIGHT SIGNALS FROM THE TWR. UNABLE TO SEE LIGHT SIGNALS; I ENTERED L BASE AND THEN FINAL FOR THE ACTIVE RWY. THE RWY LIGHTS CAME ON AND I LANDED; THEN QUICKLY PULLED OFF; STOPPED; AND WAITED FOR AN ESCORT TO CUSTOMS. AFTER CLRING CUSTOMS AND GIVING REQUESTED INFO TO THE TWR; I PARKED AND BEGAN TO UNLOAD THE CONTENTS OF THE AIRPLANE. IT WAS THEN THAT I FOUND THE INTERCOM WIRING IN OUR CLUB ACFT; PULLED TO THE POINT OF MAKING POOR OR NO CONTACT. THE INTERCOM PLUG-INS ARE UNDER THE PANEL AND DIFFICULT; IF NOT IMPOSSIBLE TO LOCATE FROM THE PLT'S SEAT POS. I BELIEVE THAT IF THE INTERCOM PLUG-INS WERE MOUNTED WITHIN VIEW AND REACH OF THE PLT THAT THE NO RADIO SIT COULD HAVE BEEN REMEDIED IN THE AIR. CONTRIBUTING FACTORS: POOR WX AND LOSS OF COM RADIOS. MY RECOMMENDATION: TO MAKE ALL NON-PERMANENT WIRING CONNECTIONS PERTAINING TO COM RADIOS TO BE WITHIN VIEW AND REACH OF THE PLT.",,,,"NORDO SMA ENTERS FXE CTL ZONE AND ATA IN IMC.",
244738,199306,1201-1800,NZY,CA,,2,500,,,IMC,3,,Daylight,700,,Military Facility NZY; Tower NZY,Government,Small Transport; Low Wing; 2 Turboprop Eng,,2,,IFR,Passenger,,Landing; Initial Approach,,Class D NZY,,,,,,,,,,,,,,,,,,,,,,,,,,,,,Military,Military Trainer,,2,,IFR,Training,,Initial Approach; Landing; Other Pattern,,,,,,,,,,,,,,,,,,,,,,,,,,,,Government,First Officer,Flight Crew Air Transport Pilot (ATP),Flight Crew Last 90 Days 60; Flight Crew Total 2500; Flight Crew Type 500,,,,,244738,,,Government,Captain; Pilot Flying,Flight Crew Air Transport Pilot (ATP),,,,,,,ATC Issue All Types; Conflict Airborne Conflict; Deviation / Discrepancy - Procedural Published Material / Policy; Inflight Event / Encounter Weather / Turbulence,Horizontal 1500; Vertical 300,,Person Flight Crew,,Flight Crew Executed Go Around / Missed Approach; Flight Crew Executed Go Around / Missed Approach,,Human Factors,"SMT X WAS HANDED OFF TO GCA. WE WERE ASKED TO REDUCE OUR SPD 10 KIAS; WHICH WE DID. WX ON THE ATIS WAS 1000 VCST; VISIBILITY 4 MI IN FOG. WE BROKE OUT AT 700 FT AND ABOUT 2 MI DME. AT THIS POINT I SAW AND CALLED THE RWY IN SIGHT. I THEN NOTICED AN ACFT IN FRONT AND BELOW US ABOUT MIDWAY DOWN THE APCH LIGHT SYS ON VERY SHORT FINAL TO OUR RWY. I ADVISED THE PF OF THE ACFT AND TOLD HIM TO GAR AS WE WERE ONLY SEPARATED BY ABOUT 1/4 MI BEHIND AND ABOUT 300 FT ABOVE THIS ACFT. AFTER 3-4 CALLS; THE TWR ANSWERED. I ADVISED THE CTLR OF THE SIT AND OUR POS; WHICH WAS BY THIS TIME DOWNWIND. TWR RESPONDED THAT THE FIELD HAD JUST GONE IFR AND REQUESTED OUR INTENTIONS. I ADVISED THAT WE WERE ON DOWNWIND WITH THE RWY IN SIGHT AND WOULD LIKE TO LAND. TWR THEN ISSUED A SPECIAL VFR CLRNC AND CLRED US TO LAND ON RWY 29. CAPT SPOKE WITH THE TWR SUPVR WHO STATED THAT WHAT HAD HAPPENED WAS THAT THE MTR HAD BROKEN OUT LOWER THAN EXPECTED AND HAD GONE AROUND. HE STATED THAT BOTH THIS ACFT AND OURS WERE BEING OBSERVED BY RADAR IN THE TWR AND THAT THE TWR'S ONLY MISTAKE WAS THAT THEY FAILED TO ADVISE US OF THE TFC. HE STATED THEY HAD ADVISED THE MTR OF OUR ACFT BEING AT THEIR 6 O'CLOCK POS. HE HAD DECLARED THE FIELD IFR AFTER THE MTR HAD GONE AROUND. THE PIC ACCEPTED THIS EXPLANATION AND ALSO ADVISED THE TWR SUPVR HE FELT THE FIELD WAS IFR DURING BOTH ACFT'S APCHS EVEN THOUGH IT WAS RPTED VFR. THE CALL WAS THEN TERMINATED. I DISCUSSED WITH THE PIC THE FACT THAT REGARDLESS OF THE WX CONDITIONS; PROPER SEPARATION BTWN THE 2 ACFT HAD NOT BEEN MAINTAINED. HE STATED HE WAS HAPPY WITH THE TWR'S EXPLANATION AND DID NOT INTEND TO PURSUE IT ANY FURTHER.",,,,"SMT X HAD LTSS WITH MTR ON GCA APCH. SYS ERROR.",
253000,199310,1201-1800,CEC,CA,,1,300,,,Marginal,1,,Daylight,300,,,Personal,Medium Transport,,2,,SVFR,Passenger,,Initial Approach,,Class D CEC,,,,,,,,,,,,,,,,,,,,,,,,,,,,,,,,,,,,,,,,,,,,,,,,,,,,,,,,,,,,,,,,,Other Nonprofessional GA,Captain; Pilot Flying,Flight Crew Commercial; Flight Crew Air Transport Pilot (ATP); Flight Crew Flight Instructor; Flight Crew Instrument,Flight Crew Last 90 Days 90; Flight Crew Total 14045; Flight Crew Type 50,,,,,253000,,,Other Nonprofessional GA,First Officer,Flight Crew Instrument; Flight Crew Commercial,,,,,,,Deviation / Discrepancy - Procedural FAR; Inflight Event / Encounter CFTT / CFIT; Other Unspecified,,,Person Other Person,,General None Reported / Taken,,Human Factors,"AFTER FLYING THE CRESCENT CITY; CEC ILS APCH TO RWY 11; I EXECUTED THE MISSED APCH; DUE TO LOWERING WX CONDITIONS AT THE NW BOUNDARY OF THE ARPT. I THEN CANCELLED IFR IN VFR CONDITIONS AND REQUESTED A SPECIAL VFR CLRNC AND WAS CLRED. I MADE MY APCH TO RWY 29. THE ARPT WAS CLR TO THE SE AND HAD A FAVORABLE APCH TO THE RWY. AFTER LNDG AND TAXIING IN TO PARKING; AN AIRLINE TICKET AGENT BROUGHT TO MY ATTN THAT A WOMAN COMPLAINED TO HER OF A LOW FLYING NOISE COMPLAINT; AND THAT THE WOMAN COMPLAINING WAS INTENDING TO RPT IT TO THE AUTHS. THE ACFT I FLY IS MUCH LARGER AND NOISIER THAN MOST ACFT THAT TRANSIENT CRESCENT CITY ARPT MAKING SPECIAL VFR APCHS WITH MINIMUMS OF '1 MI; CLR OF CLOUDS.' UNFORTUNATELY; THIS TYPE FLYING IS SOMETIMES INHERENT IN FLYING; ESPECIALLY AT ARPTS WITH LOW STRATUS CONDITIONS. I BELIEVE THAT I ACTED SAFE AND IN A LEGAL MANNER; AND APOLOGIZE FOR ANY INCONVENIENCE FROM THE NOISE OF THE ACFT.",,,,"COMPLAINT OF MDT NOISE OF SVFR APCH.",
257541,199311,1201-1800,CGF,OH,,3,,1900,,VMC,2.5,,Daylight,,,TRACON CLE; Tower CGF,Personal,Small Transport; Low Wing; 2 Recip Eng,,2,,VFR,Passenger,,Initial Approach; Landing; Landing,,Class D CGF,,,,,,,,,,,,,,,,,,,,,,,,,,,,,,,,,,,,,,,,,,,,,,,,,,,,,,,,,,,,,,,,,Other Nonprofessional GA,Captain; Pilot Flying,Flight Crew Instrument; Flight Crew Commercial; Flight Crew Air Transport Pilot (ATP),Flight Crew Last 90 Days 100; Flight Crew Total 10000; Flight Crew Type 500,,,,,257541,,,Other Nonprofessional GA,First Officer,Flight Crew Instrument; Flight Crew Air Transport Pilot (ATP); Flight Crew Flight Instructor,Flight Crew Last 90 Days 100; Flight Crew Total 2800; Flight Crew Type 1,,,,,257438,Aircraft Equipment Problem Critical; Deviation / Discrepancy - Procedural Clearance; Deviation / Discrepancy - Procedural FAR; Ground Incursion Runway,,,Automation Aircraft Other Automation; Person Flight Crew,,General Declared Emergency,,Aircraft,"AT APPROX XA45 LCL WE DEPARTED 29G TO REPOSITION THE ACFT TO CGF. UPON CONTACTING CGF TWR WE WERE ADVISED THAT THE CTL ZONE WAS IFR. WE THEN CONTACTED CLE APCH AND REQUESTED AND RECEIVED A SPECIAL VFR CLRNC INTO THE CGF CTL ZONE. APPROX 3 MI FROM THE ARPT THE L ENG STARTED TO SURGE ALONG WITH ITS FUEL PRESSURE. WHILE TRYING TO ISOLATE THIS PROB APCH CTL CALLED US TWICE. WE THEN RPTED TO APCH WE HAD THE ARPT. WE ATTEMPTED TO CONTACT CGF TWR WITH NO RESPONSE. SINCE WX CONDITIONS WERE LESS THAN VFR AND WE HAD NOT YET ISOLATED THE ENG/FUEL PROB; WE ELECTED THAT THE SAFEST ACTION WOULD BE TO LAND ON RWY 23 (RWY 5 WAS ACTIVE). ON TOUCHDOWN THE L-HAND ENG NOT RUNNING. AFTER LNDG WE CONTACTED THE TWR BY LANDLINE AND INFORMED THEM WHAT HAD HAPPENED. THEY SAID THERE WAS NO PROB AND WOULD NOT TAKE ANY ACTION. PRELIMINARY MAINT RPTS INDICATE A FAILURE OF BOTH PRIMARY FUEL PUMP AND BOOST PUMP. CALLBACK CONVERSATION WITH REPORTER REVEALED THE FOLLOWING: RPTR STATES HE DOES NOT BELIEVE THEY DECLARED AN EMER BECAUSE THEY WERE TOO BUSY TRYING TO DETERMINE THE PROB AND DID NOT HAVE TIME TO COMMUNICATE. PROB DETERMINED TO BE A RECENTLY REPLACED FUEL SELECTOR VALVE WHICH WAS BLOCKED AND CAUSED FUEL STARVATION. RPT SENT BECAUSE CTLR SEEMED UPSET DUE TO ACFT WAITING ON OPPOSITE END OF RWY. RPTR DOES NOT THINK ANYTHING WILL COME OF IT.",,,,"SMT HAS ENG SURGE THEN QUIT ON SVFR CLRNC. LAND OPPOSITE DIRECTION RWY.",
260483,199401,1201-1800,BNA,TN,,5,,2000,,Marginal,1,,Daylight,,,TRACON BNA,FBO,Any Unknown or Unlisted Aircraft Manufacturer,,1,Part 91,None,Ferry / Re-Positioning,,Climb; Initial Approach; Cruise,Vectors,Class C BNA,,,,,,,,,,,,,,,,,,,,,,,,ILS/VOR,,X,Malfunctioning,,,,,,,,,,,,,,,,,,,,,,,,,,,,,,,,,,,,,,Other Unknown GA,Pilot Flying; Single Pilot,Flight Crew Commercial; Flight Crew Flight Instructor; Flight Crew Instrument,Flight Crew Last 90 Days 160; Flight Crew Total 810; Flight Crew Type 7,,,,,260483,,,Government,Departure,Air Traffic Control Fully Certified,,,,,,,Aircraft Equipment Problem Critical; Deviation - Track / Heading All Types,,,Person Air Traffic Control,,Air Traffic Control Provided Assistance; Air Traffic Control Issued New Clearance,,Aircraft,"WAS GONNA FLY AN AIRPLANE FROM BNA TO M02 (DICKSON). GOT UP XA20 AM TO CHK WX. WX LOOKED GOOD. WENT TO ARPT. ATIS RPTED 3300 SCATTERED; 15000 FT BROKEN. CALLED UP CLRNC; THEY SAID BNA WAS IFR. GOT SPECIAL VFR. IN THE CLB; ABOUT 1500 FT; CLOUDS WERE COMING IN FROM EVERYWHERE. FOUND A HOLE AND GOT OUT ON TOP BTWN LAYERS. TOLD CTLR THAT I WAS COMING BACK TO BNA AND REQUESTED LCL IFR CLRNC. APCH CTLR VECTORED ME AROUND FOR ILS TO RWY 2L. PUT IN THE FREQ; CHKED BEACONS; PUT MARKERS UP IN SPEAKER. CTLR HAD ME TURN L 050 DEGS; TO INTERCEPT ILS FOR RWY 2L. I HAD A R DEFLECTION OF THE LOC. APPROX 30 SECONDS LATER; CTLR TOLD ME I WENT THROUGH THE LOC; BUT I STILL HAD R DEFLECTION. THEY HAD ME TURN TO 350 DEGS AND THE LOC SLOWLY STARTED MOVING. I THOUGHT THAT NOW FINALLY THE LOC IS ALIVE. A MOMENT LATER THE CTLR TOLD ME I WENT THROUGH THE LOC AGAIN; THIS TIME TO THE L. MY NEEDLE WAS NOW TO THE L. NOW THEY TURNED ME TO 020 DEGS AND THE NEEDLE WAS CTRED. I THOUGHT I WAS TRACKING THE LOC NOW AND LOWER ASKED ME IF I GOT THE LOC. I REPLIED; I THINK I GOT IT NOW. WHEN I BROKE OUT; I WAS ON FINAL FOR RWY 2L. PROB: EQUIP MALFUNCTION WHEN FLOWN IN RAIN. PAX FLOOR SOAKED. TALKED TO A GUY ABOUT NAV FAILURE AND HE SAID THE SAME HAPPENED TO HIM IN THE SAME AIRPLANE WITH HIS INSTRUCTOR. THEY WERE FLYING IN RAIN AND IT QUIT; THEN WORKED; THEN QUIT. SO; REASON FOR BAD ILS PERFORMANCE IS DUE TO NAV FAILURE.",,,,"FLT ASSIST TO GA PLT WHEN UNABLE TO TIE DOWN HIS HDGS TO INTERCEPT THE LOC ON AN IAP ILS APCH.",
261607,199401,0601-1200,YQQ,BC,,1,500,,,Marginal,1,,Daylight,800,,Tower YQQ,Personal,Any Unknown or Unlisted Aircraft Manufacturer,,1,Part 91,VFR,Ferry / Re-Positioning,,Cruise; Cruise,Direct,Class D YQQ,,,,,,,,,,,,,,,,,,,,,,,,,,,,,,,,,,,,,,,,,,,,,,,,,,,,,,,,,,,,,,,,,Other Unknown GA,Single Pilot; Pilot Flying,Flight Crew Commercial,Flight Crew Last 90 Days 100; Flight Crew Total 5800; Flight Crew Type 1200,,,,,261607,,,Government,Local,Air Traffic Control Fully Certified,,,,,,,Deviation / Discrepancy - Procedural FAR; Inflight Event / Encounter VFR In IMC; Inflight Event / Encounter Weather / Turbulence; Other Airspace Violation Entry or Exit,,,Person Air Traffic Control,,,,Human Factors,"ON AN ACFT REPOS FLT FROM ALASKA TO WASHINGTON. DURING THE FLT ALONG THE VANCOUVER ISLAND COAST LINE; I REQUESTED A CLRNC FROM COMOX TWR TO TRANSITION THROUGH THEIR CTL ZONE. THE TWR CALLED ME BACK AND RPTED HIS WX ON THE FIELD AND ASKED MY FLT CONDITIONS. I RPTED THAT I WAS VFR. (I WAS FLYING AN AMPHIBIOUS FLOAT PLANE ALONG THE COAST LINE OVER THE WATER.)HE THEN REQUESTED THAT I RPT ABEAM THE TWR. I ACKNOWLEDGED THAT I WOULD RPT PRIOR TO AND ALSO ABEAM THE TWR. HE GAVE ME A XPONDER SQUAWK CODE I EXPLAINED THAT THE ACFT IS FROM ALASKA AND DOESN'T HAVE A XPONDER OR ENCODER. I CALLED THE TWR AND RPTED ABEAM AT WHICH TIME HE RPTED THAT HE HAD ME IN SIGHT. THE TWR OPERATOR AT THAT TIME SAID THAT HE WAS NOT ABLE TO GIVE ME A CLRNC THROUGH THE ZONE BECAUSE THE FIELD WAS BELOW SPECIAL VFR CONDITIONS. HE ALSO SAID THAT IT WOULD BE BEST IF I DECIDED TO LAND. I RPTED THAT I WOULD PLAN ON LNDG. HE REQUESTED THAT I RPT CLR OF THE RWY CTRLINE AND CONTACT CORTNEY UNICOM AT WHICH TIME I RPTED CLR OF THE RWY AND ALSO RPTED ON THE WATER AT COMOX HARBOR. I TAXIED INTO THE HARBOR AND WAITED FOR CONDITIONS TO CHANGE. APPROX 2 HR LATER; DEPARTED OUTSIDE OF CTL ZONE; CONTINUED VFR. MY CONCERN WITH THIS INCIDENT WAS LACK OF INFO FROM THE CTLR WITH REGARD TO MY CLRNC INTO THE CTL ZONE. ALSO DEALING WITH MIL TWRS IN CANADA CAN AT TIMES BE CONFUSING DUE TO THEIR TYPE OF TERMINOLOGY. WHEN THE TWR STATED TO RPT ABEAM THE TWR; I BELIEVED THAT I WAS CLRED ALONG THE SHORELINE THROUGH THE ZONE. ALSO; NOT ONCE PRIOR TO ENTERING THE ZONE DID THE TWR SAY THAT HE WAS BELOW SPECIAL VFR WX MINIMUMS AND THAT I SHOULD STAY OUTSIDE OF THE ZONE. I DON'T KNOW IF THIS TYPE OF SITUATION IS A WAY TO SUCKER SOMEBODY INTO THE ZONE OR IF IT IS A FORM OF TACIT APPROVAL TO TRANSITION THE ZONE BECAUSE THE WATER RTE IS BELOW A RWY ELEVATION. I DIDN'T PHONE THE TWR UP AFTER LNDG AND WAS NOT REQUESTED TO PHONE ANYBODY.",,,,"UNAUTH PENETRATION OF AIRSPACE. PROX OF CTL ZONE.",
261917,199401,0601-1200,HUF,IN,,,0,,,IMC,50,,Daylight,200,,Tower HUF,Personal,Any Unknown or Unlisted Aircraft Manufacturer,,1,Part 91,None,Passenger,,Cruise; Cruise; Cruise; Cruise,Direct,Class D HUF,,,,,,,,,,,,,,,,,,,,,,,,,,,,,,,,,,,,,,,,,,,,,,,,,,,,,,,,,,,,,,,,,Other Nonprofessional GA,Single Pilot; Pilot Flying,Flight Crew Private,Flight Crew Last 90 Days 66; Flight Crew Total 1700; Flight Crew Type 1700,,,,,261917,,,Government,Local,,,,,,,,Deviation / Discrepancy - Procedural FAR; Deviation / Discrepancy - Procedural Clearance; Deviation / Discrepancy - Procedural Published Material / Policy; Inflight Event / Encounter Weather / Turbulence; Other Airspace Violation Entry or Exit,,,Person Air Traffic Control; Person Flight Crew,,General None Reported / Taken,,Weather,"STARTED VFR FLT IN MISSOURI TO OHIO. ENRTE I ENCOUNTERED WX THAT WAS WORSE THAN FORECAST; I RAN INTO AN AREA OF LOW CLOUDS AND THEN FOG. THE ACFT I WAS FLYING WAS A 1946 MODEL WITH NO RADIO OR ELECTRICAL SYS; AND ONLY RUDIMENTARY FLT INSTS. I WAS ABLE TO FLY THE ACFT TO THE NEAREST ARPT AND MADE A SAFE LNDG. DUE TO THE SEVERITY OF THE WX AND THE BASIC FLT INSTRUMENTATION I WAS NOT ABLE TO CONSULT A CHART AND FLY THE ACFT WITH REF TO THE GND AT THE SAME TIME. I LANDED AT TERRA HAUTE; IN; ARPT AND; DUE TO VISIBILITY; DID NOT SEE ANY LIGHT GUN SIGNALS. I ENTERED THE ATA AND LANDED WITHOUT A CLRNC; WHEN A SPECIAL VFR CLRNC WOULD HAVE BEEN REQUIRED. I DID NOT FEEL IT WAS A REASONABLE CHOICE TO MAKE A FORCED LNDG OFF ARPT AND RISK COLLISION WITH PWR LINES OR UNSEEN HAZARDS. UNDER THE CIRCUMSTANCES; I FELT IT WAS THE ONLY SAFE CHOICE I HAD. AFTER I LANDED; TWR PERSONNEL INFORMED ME OF THE VIOLATIONS. AGAIN; I FELT THAT LNDG THERE WAS MY ONLY SAFE ALTERNATIVE AND TRYING TO PUSH ON COULD HAVE HAD MUCH MORE DISASTROUS RESULTS. I FAILED TO SET MY OWN PERSONAL MINIMUMS AND DID NOT FULLY PLAN AN ALTERNATE PLAN OF ACTION IN CASE OF ENCOUNTERING BAD WX. I WILL SPEND MORE TIME PLANNING IN THE FUTURE.",,,,"PVT PLT IN ANCIENT ACFT MAKES AN UNAUTH PENETRATION OF AIRSPACE LNDG AT HUF ACCOUNT INFLT ENCOUNTER WITH WX FACTORS.",
266344,199403,1201-1800,HVN,CT,,5,,2000,,IMC,,,Daylight,,,TRACON N90; Tower HVN,Air Taxi,Commercial Fixed Wing,,2,Part 135,IFR,Passenger,,Initial Approach,,Class D HVN,,,,,,,,,,,,,,,,,,,,,,,,,,,,,,,,,,,,,,,,,,,,,,,,,,,,,,,,,,,,,,,,,Government,Approach,Air Traffic Control Fully Certified,Air Traffic Control Radar 12,,,,,266344,,,Government,Local,Air Traffic Control Fully Certified,,,,,,,Deviation / Discrepancy - Procedural Published Material / Policy; Other Airspace Violation Entry or Exit,,,Person Air Traffic Control,,General None Reported / Taken,,Human Factors,"I WAS WORKING THE LOVES RADAR POS COMBINED WITH VIKKY AND SEALL. I DID NOT HAVE A HDOF PERSON DUE TO INADEQUATE STAFFING. MY NATCA REP HAD ADVISED MY AREA MGR THAT STAFFING WAS BELOW MINIMUM BY 2 CTLRS AND THAT HE SHOULD CALL IN SOMEONE FOR OVERTIME. THE AREA MGR REFUSED TO CALL ANYONE IN. AT XXXX; MY SUPVR ADVISED ME THAT HE HAD TAKEN A CALL FROM HVN TWR AND GIVEN THEM THE CTL ZONE FOR A SPECIAL VFR. 3 MINS LATER; I ANSWERED A CALL FROM BDR ADVISING ME THAT THE ACFT WAS CLR OF THE CTL ZONE. I ASSUMED THAT MY SUPVR MISTAKENLY SAID 'HVN' INSTEAD OF 'BDR' FOR THE ACFT IN THE CTL ZONE. WHEN I RECEIVED THIS CALL; MY SUPVR WAS OUT OF MY AREA CHKING ON THE STATUS OF ACFT I WAS HOLDING; SO I COULDN'T VERIFY THIS INFO. 11 MINS LATER; I CLRED ATX X FOR THE ILS 2 APCH AT HVN. I ADVISED X THAT HE WAS 3 MI FROM SALLT AND TRANSFERRED COM TO THE TWR. 14 MINS LATER HVN TWR ADVISED THAT THE SPECIAL VFR ACFT WAS CLR OF THEIR CTL ZONE.",,,,"ATX X UNAUTH PENETRATION OF AIRSPACE BY APCH CTLR.",
268558,199404,1801-2400,ZZZ,US,,4,,1300,,Marginal,2.5,,Daylight,700,,Center ZZZ,Air Taxi,Helicopter,,1,Part 135,SVFR,Ambulance,,Landing; Landing,,Class D ZZZ,,,,,,,,,,,,,,,,,,,,,,,,,,,,,,,,,,,,,,,,,,,,,,,,,,,,,,,,,,,,,,,,,Air Taxi,Pilot Flying; Single Pilot,Flight Crew Instrument; Flight Crew Commercial,Flight Crew Last 90 Days 25; Flight Crew Total 4125; Flight Crew Type 25,,,,,268558,,,Government,Enroute,Air Traffic Control Fully Certified,,,,,,,Deviation / Discrepancy - Procedural FAR,,,Person Air Traffic Control,,General None Reported / Taken,,Human Factors,"AFTER WORKING WITH CTR FOR A SPECIAL VFR CLRNC INTO THE ZZZ CLASS D AIRSPACE; IN WHICH THEY CANCELED AN IFR APCH FOR AN ACFT INTO ILS 22 AT ZZZ DUE TO MY EMS FLT; I WAS CLRED TO LAND AT MY BASE HOSPITAL 4 MI SW OF ZZZ ARPT. AS I WAS LNDG; I RADIOED TO CTR THAT I WAS LNDG AND OUT OF THEIR AIRSPACE. THEY ACKNOWLEDGED. I REMAINED VFR DURING ENTIRE FLT AND DID MY FLT FOLLOWING THROUGH OUR HOSPITAL COM BASE. AFTER HANGARING MY ACFT (HELI); I RECEIVED A PHONE CALL FROM CTR (OR SOMEONE FROM THAT FACILITY) THAT I HADN'T CANCELED MY IFR CLRNC AND THAT TFC HAD BEEN HELD UP FOR AN APCH TO ILS 22 AT ZZZ DUE TO ME. I EXPLAINED WHAT I DID AND THAT I WAS NOT ON AN IFR FLT PLAN. THE CALLER SAID THERE MUST HAVE BEEN A MIX UP IN UNDERSTANDING AND LEFT IT AT THAT. I SHOULD HAVE WORDED MY RADIO CALL TO ZZZ AS 'I AM CLR OF YOUR AIRSPACE AND CANCEL MY SPECIAL VFR.' (IN HINDSIGHT.)",,,,"EMS HELI ENCOUNTERS CONFUSION WITH SVFR FLT PLAN CANCELLATION.",
268896,199404,1801-2400,PFN,FL,,,,2700,,Marginal,6,,Daylight,900,,TRACON PFN,Personal,Amateur/Home Built/Experimental,,1,Part 91,None,Personal,,Landing; Initial Approach; Landing; Other Airhold,Vectors,Class E PFN,,,,,,,,,,,,,,,,,,,,,,,,,,,,,Personal,Small Aircraft,,1,,None,Personal,,Landing; Landing; Initial Approach; Other Airhold,Vectors,,,,,,,,,,,,,,,,,,,,,,,,,,,Other Nonprofessional GA,Single Pilot; Pilot Flying,Flight Crew Private,Flight Crew Last 90 Days 40; Flight Crew Total 400; Flight Crew Type 360,,,,,268896,,,Other Nonprofessional GA,Single Pilot; Pilot Flying,Flight Crew Private,,,,,,,Deviation / Discrepancy - Procedural FAR; Inflight Event / Encounter VFR In IMC; Inflight Event / Encounter Weather / Turbulence,,,Person Flight Crew,,General None Reported / Taken,,Human Factors,"ON APCH TO PFN; I WAS ADVISED CONDITIONS WERE 900 FT BROKEN CEILING RESULTING IN IMC. I REQUESTED A SPECIAL VFR CLRNC FOR A 'FLT OF 2.' AFTER A HOLD OF APPROX 1/2 HR; APCH SUGGESTED I COULD REQUEST AN ILS APCH TO RWY 14 AT PFN. I REQUESTED AND THE ILS APCH WAS COMMENCED. THE APCH WAS UNEVENTFUL AND RESULTED IN A NORMAL LNDG BY BOTH ACFT. THE CONCERN IS THAT AN ILS APCH IN FORMATION MAY NOT BE SAFE AND/OR PER FARS. CORRECTIVE ACTION MAY HAVE BEEN TO BREAK OFF THE 'FLT OF 2' AND PERFORM SEPARATE APCHS. CALLBACK CONVERSATION WITH RPTR REVEALED THE FOLLOWING INFO: RPTR STATES THE FLT WAS CONDUCTED IN AN RV6 AND RV4 ACFT. THESE ARE EXPERIMENTAL ACFT. RPTR DOES NOT HAVE AN INST RATING AND STATED THERE WAS SOME CONFUSION REGARDING THE CLRNC. HE DID NOT REALIZE HE WAS ACTUALLY ACCEPTING AN IFR CLRNC WHEN THE QUESTION 'CAN YOU ACCEPT AN ILS APCH' WAS ASKED. MORE DISTURBING TO HIM IS THE QUESTION OF A FORMATION INST APCH. HE HAS HAD VARYING DEGS OF CONFIRMATION AND NEGATIVE RESPONSES SINCE THE EVENT. IT WAS POINTED OUT THAT FROM A SAFETY STANDPOINT ALONE. IT IS NOT A PRUDENT PROC; ATC SEPARATION STANDARDS WOULD ALSO BE CONSIDERED COMPROMISED. RPTR CLAIMS HE HAS REALLY LEARNED FROM THIS EXPERIENCE.",,,,"SMA IN A FLT OF 2 MAKES ILS APCH WITH NON INST RATED PLT.",
272577,199405,0601-1200,FSM,AR,,245,0,,,IMC,,,Daylight,,,Center ZFW; TRACON FSM,Government,Baron 58/58TC,,1,Part 91,IFR,Ferry / Re-Positioning,,Cruise; Cruise; Descent; Descent; Other Emergency,,Class A ZFW; Class C FSM,,,,,,,,,,,,,,,,,,,,,,,,Air Conditioning Compressor,,X,Malfunctioning,,,,,,,,,,,,,,,,,,,,,,,,,,,,,,,,,,,,,,Government,Single Pilot; Pilot Flying,Flight Crew Commercial; Flight Crew Instrument,Flight Crew Last 90 Days 80; Flight Crew Total 3500; Flight Crew Type 1000,,,,,272577,,,Government,Other,Other Other,,,,,,,Aircraft Equipment Problem Critical; Other Unspecified,,,Person Flight Crew,,General None Reported / Taken,,Aircraft,"I WAS IN A BARON 58P ON AN IFR FLT PLAN FROM ABQ TO FSM; AT FL190 1 HR OUT OF FSM (245 MI). I BECAME NAUSEOUS AND HAD TINGLING IN MY ARMS AND HANDS. EYES WERE BURNING AND WATERING. I GOT ON 02 WHICH SEEMED TO HELP FOR A WHILE; BUT THEN THE SYMPTOMS RETURNED AND I WAS HAVING DIFFICULTY WITH BLURRED VISION AND STAYING AWAKE. I ASKED FOR LOWER ALT AND DSNDED BELOW 10000 FT. AFTER NUMEROUS HAND-OFFS WITH ZFW; I WAS GIVEN FT SMITH APCH. THE CONDITIONS WERE SPECIAL VFR AT FSM AND IMC ELSEWHERE FOR APCHS. I ASKED FOR A SPECIAL VFR APCH VISUAL INTO FSM WITH RADAR VECTORS TO FINAL. AFTER VISUALLY SIGHTING FSM ARPT; I DECLARED AN EMER WITH FSM APCH. TO RECEIVE PRIORITY IN LNDG AS THERE WAS NUMEROUS OTHER TFC DOING PRACTICE APCHS. AFTER AN UNEVENTFUL LNDG; I TAXIED INTO FBO AND WAS MET BY AN EMT AND AN AMBULANCE ARRIVED AND TRANSPORTED TO ST EDWARDS HOSPITAL. AFTER TESTS -- NOTHING CONCLUSIVE. A HOLE IN THE AIR DUCT IN THE BARON 580 WAS FOUND AND IT IS POSSIBLE THAT EXHAUST FUMES WERE PIPED THROUGH THE SUPERCHARGER PRESSURIZATION INTO THE CABIN. THE ACFT NOW HAS A CARBON MONOXIDE DETECTOR IN IT; AND THE HOLE REPAIRED. NOTE -- A CARBON MONOXIDE TEST WAS NOT PERFORMED IN FT SMITH ALTHOUGH I REQUESTED ONE.",,,,"AN SMT PLT SUFFERED FROM APPARENT CARBON MONOXIDE POISONING.",
275896,199406,1801-2400,OAK,CA,,5,,700,,IMC,5,,Night,900,,Tower OAK,FBO,Cessna 152,,1,Part 91,None,Training,,Cruise; Cruise; Initial Climb; Initial Approach,,Class C OAK,,,,,,,,,,,,,,,,,,,,,,,,Air/Ground Communication,,X,Malfunctioning,,,,,,,,,,,,,,,,,,,,,,,,,,,,,,,,,,,,,,Other Nonprofessional GA,Pilot Flying; Single Pilot,Flight Crew Private,Flight Crew Last 90 Days 50; Flight Crew Total 145; Flight Crew Type 145,,,,,275896,,,Other Compensated GA,Other,Flight Crew Commercial; Flight Crew Flight Instructor; Flight Crew Instrument,Flight Crew Last 90 Days 300; Flight Crew Total 1150; Flight Crew Type 900,,,,,275901,Deviation - Track / Heading All Types; Deviation / Discrepancy - Procedural FAR; Inflight Event / Encounter VFR In IMC; Other Airspace Violation Entry or Exit,,,Person Air Traffic Control; Person Flight Crew,,Air Traffic Control Issued New Clearance; Flight Crew Became Reoriented,,Human Factors,"I AM A PVT PLT. I WAS FLYING A CESSNA 152/U AT NIGHT FOR A TRAINING PURPOSE. I WAS COMING FROM LIVERMORE. AFTER I EXECUTED A FEW TOUCH AND GOES OVER THERE; I COULDN'T GET THE ATIS. THEN I TRIED TO CONTACT OAKLAND TWR; BUT DIDN'T GET ANY ANSWER FOR A WHILE. THEN I HEARD THEM SAYING; 'WHAT'S YOUR INTENTION?' I RESPONDED 'WANT TO LAND OAK;' BUT THEY DID NOT GIVE ME ANY SQUAWK NUMBER OR ANYTHING; MAYBE BECAUSE THEY DIDN'T HEAR ME ON THE RADIO BECAUSE IT WAS SCRATCHING. SO I DECIDED TO GO FOR ONE TOUCH AND GO AT HAYWARD AND I DID SAY IT ON THE RADIO BUT I DON'T KNOW WHETHER THEY HEARD ME OR NOT. SO; I WENT FOR A TOUCH AND GO AT HAYWARD. THEN; WHEN I WAS ON XWIND AT ABOUT 700 FT MSL GOING UP; HERE STARTS THE CONFUSION AND MY MISTAKE: 'I DID NOT GET THE ATIS' BUT THIS IS BECAUSE WE USUALLY DON'T GET ATIS WHEN COMING FROM HAYWARD. THE SECOND BIG MISTAKE IS THAT I ENTERED OAKLAND CLASS C AIRSPACE; AND I DO ADMIT THAT THAT'S A MISTAKE A PVT PLT SHOULD NOT FALL INTO (THE DISTANCE BTWN HAYWARD AND OAKLAND IS ABOUT 5 MI SO THEY ARE VERY CLOSE). I DO REALIZE MY MISTAKE AND I DID TALK TO MY INSTRUCTOR AND ONE OF HIS COLLEAGUES ABOUT THAT MISTAKE WHICH THEY EXPLAINED TO ME HOW TO AVOID IT IN THE FUTURE. I CONTACTED OAKLAND TWR; THEN THEY GAVE ME A SQUAWK NUMBER AND TOLD ME THAT I WAS AT 300 FT MSL; I ANSWERED NEGATIVE 700 FT MSL GOING UP. THEN THEY SAID 'DO NOT ENTER CLASS C AIRSPACE.' I ANSWERED 'IS THERE A CHANCE TO LAND OAKLAND TONIGHT?'. NO ANSWER. RADIO SCRATCHING. I DECIDED TO GO BACK TO HAYWARD. I STARTED A R DOWNWIND FOR HAYWARD WHEN I HEARD OAKLAND TWR SAY 'CESSNA...CLR TO LAND ON 27R.' SO I TURNED BACK TO XWIND; THEN I TURNED 6 MI FINAL FOR RWY 27R. (BUT I WAS NEVER AT ANY TIME ON FINAL OR ALIGNED WITH OAKLAND RWYS; AND I WAS NEVER GOING TO LAND OAKLAND WITHOUT CLRNC.) SUPPLEMENTAL INFO FROM ACN 275901: MY STUDENT WHO IS A PVT PLT WAS DOING A NIGHT SOLO FLT. HE FLEW TO LIVERMORE ARPT WHERE HE PRACTICED TOUCH AND GOES AND THEN DECIDED TO FLY BACK INTO OAKLAND. HE DEPARTED VFR; BUT APCHING OAKLAND HILLS TO THE E OF OAKLAND ARPT HE SAW THAT A LOW STRATUS OVCST TO BROKEN HAD MOVED IN. INSTEAD OF GOING BACK TO LIVERMORE HE ELECTED TO CONTINUE. THE BAY APCH CTLR ADVISED HIM THAT THE FIELD WAS IFR. THE STUDENT KEPT REQUESTING LNDG AT OAKLAND. A FEW MI FROM OAKLAND THE ATC CLRED HIM TO LAND. AFTER LNDG THEY ASKED HIM TO CALL THE TWR. TWR EXPLAINED TO HIM THAT HE COULD NOT FLY INTO CLASS C UNDER IFR MINIMUM A AND BECAUSE IT WAS NIGHT HE COULD NOT REQUEST 'SPECIAL VFR' BECAUSE HE IS NOT INST RATED. THE STUDENT SAID THAT HE KNEW THE REGS; BUT HE WAS DISTRACTED THAT NIGHT; BECAUSE OF THE BAD WX; AND DID NOT COMPLY WITH THEM.",,,,"SMA PLT ENTERS CLASS C AIRSPACE WITHOUT CLRNC. RADIO PROBS AGGRAVATE SIT.",
279253,199407,0601-1200,RDG,PA,,3,800,,,Marginal,3,,Daylight,1000,,Tower RDG,Personal,Any Unknown or Unlisted Aircraft Manufacturer,,1,Part 91,None,Personal,,Cruise; Cruise,,Class D RDG,,,,,,,,,,,,,,,,,,,,,,,,,,,,,,,,,,,,,,,,,,,,,,,,,,,,,,,,,,,,,,,,,Other Nonprofessional GA,Pilot Flying; Single Pilot,Flight Crew Flight Instructor; Flight Crew Instrument; Flight Crew Air Transport Pilot (ATP),Flight Crew Last 90 Days 60; Flight Crew Total 6000; Flight Crew Type 500,,,,,279253,,,Government,Local,Air Traffic Control Fully Certified,,,,,,,Deviation / Discrepancy - Procedural FAR; Inflight Event / Encounter VFR In IMC; Inflight Event / Encounter Weather / Turbulence; Other Airspace Violation Entry or Exit,,,Person Air Traffic Control,,General None Reported / Taken,,Weather,"I DEPARTED FROM N99 FOR ERIE; ENRTE TO OSHKOSH; IN VFR CONDITIONS. WX WAS POOR TO THE W; S; AND E; BUT LOOKED OK ON OUR NWBOUND RTE. I CHOSE A GPS COURSE THAT PASSED WELL SW OF READING AND NE OF LANCASTER. AT A POINT S OF READING WE ENCOUNTERED LOWER CLOUDS AND RAIN SHOWERS DIRECTLY AHEAD. WX APPEARED BETTER TO THE R (N) SO DIVERTED THAT WAY TRYING TO TURN BACK W AGAIN AT THE FIRST OPPORTUNITY. REPEATED THIS A COUPLE OF TIMES; GETTING CLOSER TO READING. I WAS UNSURE OF MY DISTANCE FROM READING--COULD HAVE OBTAINED IT FROM THE GPS; BUT IN THE MARGINAL CONDITIONS I HAD ALL MY ATTN FOCUSED OUTSIDE AND DID NOT WANT TO TAKE THE TIME TO LOOK UP THE READING IDENTIFIER AND ENTER IT AS A WAYPOINT. I BELIEVED WE WERE STILL WELL CLR OF THE READING ATA TO THE S; BUT MONITORED THE TWR FREQ AS A PRECAUTION. PRESENTLY I HEARD THE TWR CALLING 'ACFT TO THE SW OF THE READING ARPT...' ASSUMED THEY WERE REFERRING TO ME AND RESPONDED; REQUESTING SPECIAL VFR TO LAND AT READING. AT THEIR REQUEST I HELD TO THE SW OF THE ARPT; SET UP THE GPS AND ILS; AND SHORTLY LANDED AT READING ON A SPECIAL VFR BASIS WITHOUT FURTHER INCIDENT. FOUND OUT AFTER LNDG THAT PRIOR TO THE FIRST RADIO EXCHANGE; I HAD ENTERED THE READING ATA WITHOUT CLRNC.",,,,"PLT OF AN SMA SEL ERRONEOUSLY PENETRATED AN ATA AIRSPACE WHILE ATTEMPTING TO STAY VFR.",
280426,199408,0601-1200,GPZ,MN,,5,,1700,,IMC,,,Daylight,800,,,Corporate,Helicopter,,1,Other Unknown,None,Other Utility,,Cruise; Landing; Landing; Descent; Descent; Cruise,Direct,Class D GPZ,,,,,,,,,,,,,,,,,,,,,,,,,,,,,,,,,,,,,,,,,,,,,,,,,,,,,,,,,,,,,,,,,Other Compensated GA,Single Pilot; Pilot Flying,Flight Crew Air Transport Pilot (ATP),Flight Crew Last 90 Days 51; Flight Crew Total 7400; Flight Crew Type 415,,,,,280426,,,,,,,,,,,,Deviation / Discrepancy - Procedural Published Material / Policy; Deviation / Discrepancy - Procedural FAR; Inflight Event / Encounter VFR In IMC; Inflight Event / Encounter Weather / Turbulence; Other Airspace Violation Entry or Exit,,,Person Other Person,,General None Reported / Taken,,Weather,"AS I APCHED THE AIRFIELD TO LAND; I CHKED THE CHART TO SEE WHAT TYPE OF AIRSPACE EXISTED AT THIS LOCATION AND FOUND A MAGENTA COLORED CTL ZONE (CLASS E AIRSPACE) TO BE DEPICTED. BELIEVING THAT THE AIRSPACE ONLY WENT DOWN TO 700 FT AGL; I CONTINUED IN AND LANDED WITHOUT OBTAINING A SPECIAL VFR CLRNC. I ALSO DEPARTED IN A SIMILAR WAY. DURING A DISCUSSION WITH FELLOW PLTS LATER IT WAS POINTED OUT TO ME THAT I HAD VIOLATED AIRSPACE AND THAT THIS WOULD BE CONSIDERED AN AIRSPACE INCURSION. THIS PROB AROSE DUE TO MY UNFAMILIARITY WITH THE NEW AIRSPACE TYPES AND THE ASSUMPTION IN MY PART THAT THE MAGENTA COLOR STILL DEPICTED CTLED AIRSPACE THAT BEGINS AT 700 FT AGL. I BELIEVE THAT THE CORRECTIVE ACTION FOR THIS PROB IS TO BECOME BETTER/FAMILIAR WITH THE NEW AIRSPACE AND IT'S ASSOCIATED DEPICTION ON THE CHARTS.",,,,"ROTARY WINGED TFC RPT REGARDING THE POSSIBILITY OF UNAUTH PENETRATION OF A CLASS E SURFACE BASED CTL ZONE WHEN WX IS LESS THAN VMC. CTL ZONES ARE DOWN TO ARPT SURFACE.",
281993,199409,1201-1800,JHW,NY,,0,,,,,,,,,,TRACON ERI,,,,,,,,,,,Class E ERI,,,,,,,,,,,,,,,,,,,,,,,,,,,,,,,,,,,,,,,,,,,,,,,,,,,,,,,,,,,,,,,,,Government,Approach,Air Traffic Control Fully Certified,Air Traffic Control Military 4; Air Traffic Control Radar 22; Air Traffic Control Supervisory 2,,,,,281993,,,Government,FSS,,,,,,,,Deviation / Discrepancy - Procedural Published Material / Policy; Other Unspecified,,,Person Other Person,,General None Reported / Taken,,,"FAA 7400.2D PROCS FOR HANDLING AIRSPACE MATTERS; PARAGRAPHS 23-4 AND 23-5 DESCRIBE THE REQUIREMENTS FOR SURFACE AREAS. IN THESE PARAGRAPHS IT IS STATED 'WX OBSERVATIONS SHALL BE XMITTED EXPEDITIOUSLY TO THE ATC FACILITY HAVING JURISDICTION OVER THE SURFACE AREA.' ADDITIONALLY IF THIS XMISSION IS CONSISTENTLY UNAVAILABLE A NOTAM SHALL BE ISSUED AND RULEMAKING ACTION INITIATED TO REVOKE THE AIRSPACE. THIS IS IN FACT OCCURRING AT JHW ARPT SINCE THE AWOS WAS INSTALLED. ERIE APCH CTL; THE CTLING AGENCY OVER JHW SURFACE AREA DOES NOT GET THE WX FROM JHW AWOS. ACFT OPERATING IN AND OUT OF JHW ON IFR FLT PLANS ARE ADVISED TO CONTACT JHW AWOS FOR WX AND THEN ADVISE WHAT APCH THEY WOULD LIKE. THOSE ACFT OPERATE ON THE JHW ALTIMETER. THIS AREA IS HEAVILY TRANSITIONED BY OVERFLT TFC WHO ARE ISSUED THE ERI ALTIMETER; WHICH SOMETIME IS MUCH HIGHER OR LOWER THAN JHW. THIS IN ITSELF POSES AN UNSAFE SIT; HOWEVER; THERE IS ALSO A MORE COMPLICATING SCENARIO PRESENTED DUE TO THE LACK OF THE WX TO ERI CTLRS. WE NEED THE JHW WX TO MEET NUMEROUS REQUIREMENTS OF THE FAA 7110.65; ATC. I WILL LIST THE REQUIREMENTS THAT WE ARE UNABLE TO COMPLY WITH NOT HAVING THE CURRENT JHW WX: 7110.65H PARAGRAPHS -- 2-121 C 1-3 ALTIMETER SETTINGS. 3-100 DEP INFO. 4-92 A 4 APCH INFO BY APCH CTL FACILITIES. 7-31 VECTORS FOR VISUAL APCH. 7-32 B CLRNC FOR VISUAL APCH. 7-35 B CONTACT APCH. 7-40 A 4 SPECIAL VFR. 7-46 GND VISIBILITY BELOW 1 MI. IN ADDITION ANY ACFT WITHOUT A 720 CHANNEL RADIO IS UNABLE TO RECEIVE THE AWOS WX. ATC; ESPECIALLY IN NONRADAR OPS REQUIRES COMPLEX PLANNING TO EFFECT SEPARATION. WITHOUT THE CURRENT WX; IT IS VERY DIFFICULT TO FORMULATE ANY SOLID PLAN. IN ADDITION; WX IS AN EVER CHANGING PHENOMENA AND IT IS CRITICAL TO ACFT OPS INTO AND OUT OF ARPTS. JHW IS 40 NM E OF THE ERI RADAR ANTENNA AND NONRADAR PROCS ARE UTILIZED FOR ACFT BELOW 5000 FT MSL. THE LACK OF THE JHW WX HAS CREATED AN UNSAFE SIT FOR THE ABOVE MENTIONED REASON. THE ERIE AIR TFC MGR ISSUED A NOTAM REVOKING THE CLASS E SURFACE AREA AT JHW; HOWEVER; THE BUS AFSS CANCELED THE NOTAM; FOR REASONS WE ARE NOT AWARE. THEY REFUSE TO REISSUE THE NOTAM AND THIS ISSUE HAS ESCALATED TO THE EASTERN REGIONAL OFFICE AND WASHINGTON FAA HEADQUARTERS. THERE HAS BEEN NO LOGICAL ANSWER FROM EITHER TO DATE. CALLBACK CONVERSATION WITH RPTR REVEALED THE FOLLOWING INFO: RPTR STATED THERE HAS BEEN NO RESOLVE OF THIS SIT. RPTR IS FILING A UCR. FSS COULD RELAY THE WX TO ERI APCH CTL BUT WON'T.",,,,"NON ADHERENCE TO FAA HANDBOOK. CURRENT ARPT WX NOT AVAILABLE TO CTLING FACILITY.",
285694,199410,1201-1800,OTZ,AK,,0,0,,,IMC,1.3,,Daylight,1400,,Center ZAN; FSS OTZ,Air Carrier,Commercial Fixed Wing,,2,Part 135,IFR,Passenger,,Initial Approach; Landing; Landing,Other Straight In,Class E ZAN,,,,,,,,,,,,,,,,,,,,,,,,Company Operations Manual,,X,Improperly Operated,,,,,,,,,,,,,,,,,,,,,,,,,,,,,,,,,,,,,,Air Carrier,First Officer; Pilot Flying,Flight Crew Air Transport Pilot (ATP),Flight Crew Last 90 Days 200; Flight Crew Total 4000; Flight Crew Type 200,,,,,285694,,,Air Carrier,Captain,Flight Crew Air Transport Pilot (ATP); Flight Crew Flight Instructor,Flight Crew Last 90 Days 300; Flight Crew Total 5300; Flight Crew Type 1900,,,,,285693,Inflight Event / Encounter Weather / Turbulence; Other No Specific Anomaly Occurred; Other Unspecified,,,Person Flight Crew,,General None Reported / Taken,,Human Factors,"WHILE ON IFR CLRNC TO OTZ; WX WAS RECEIVED FROM OTZ FSS AND WAS DETERMINED TO BE GOOD FOR THE APCH. UPON INITIAL CONTACT WITH FSS; WHILE JOINING THE ARC FOR THE ILS RWY 8; FSS RPTED A CESSNA 207 HOLDING FOR SPECIAL VFR WINDS 160 DEGS AT 23 KTS; ALTIMETER SETTING 29.61 PREVAILING VISIBILITY GIVEN AT 3/4 VARIABLE 1/2 TO 1 1/4 INCHES. WE RPTED THE FAF INBOUND AND ASKED IF THEY WERE STILL RPTING 3/4 MI. FSS INDICATED 3/4 MI WAS STILL THE PREVAILING VISIBILITY. WE CONTINUED THE APCH TO THE GND; BREAKING OUT OF THE OBSCURATION AT 700-800 FT. FORWARD VISIBILITY WAS 1 1/2 - 2 MI AS SEEN FROM THE COCKPIT. UPON LNDG AND POSTFLT BRIEFING; WE REALIZED THAT RVR WAS CTLING AND USING PREVAILING VISIBILITY WAS CONTRARY TO FARS. COM WAS CONGESTED; MONITORING 122.9 WAS ESSENTIAL TO KEEP TRACK OF VFR ACFT IN MVFR AND IFR CONDITIONS. RVR RPTS OF 2800- 2400 FT WERE GIVEN TWICE TO OTHER ACFT; BUT WE DID NOT HEAR (ASSIMILATE) DUE TO RADIO CONGESTION AND LISTENING FOR OUR OWN CALL SIGN. NO RVR RPTS WERE GIVEN TO US AT ANY TIME (DETERMINED BY LISTENING TO FSS TAPES).",,,,"AN ACR SMT CREW THOUGHT THAT IT LANDED WITHOUT PROPER RVR.",
290757,199412,1801-2400,TXK,AR,,6,,3500,,Marginal,7,,Night,1100,,TRACON TXK; Tower TXK,Personal,Any Unknown or Unlisted Aircraft Manufacturer,,1,Part 91,None,Personal,,Cruise; Cruise,,Class E TXK,,,,,,,,,,,,,,,,,,,,,,,,,,,,,,,,,,,,,,,,,,,,,,,,,,,,,,,,,,,,,,,,,Other Nonprofessional GA,Pilot Flying; Single Pilot,Flight Crew Private,Flight Crew Last 90 Days 20; Flight Crew Total 500; Flight Crew Type 260,,,,,290757,,,Government,Approach,Air Traffic Control Fully Certified,,,,,,,Inflight Event / Encounter Weather / Turbulence,,,Person Flight Crew,,Air Traffic Control Provided Assistance,,Weather,"I FLEW FROM LITTLE ROCK; AR; TO ARKADELPHIA; AR; ARRIVING AT APPROX A00PM; OR SHORTLY THEREAFTER. AT APPROX C00PM; I CALL JONESBORO; AR; FSS AND ADVISED THAT I WAS PLANNING A VFR FLT FROM ARKADELPHIA TO EL DORADO; AR; IMMEDIATE DEP. I WAS TOLD THAT THE CEILING AT EL DORADO WAS 12000 FT AND THAT VISIBILITY WAS GOOD. NO FLT PRECAUTIONS WERE GIVEN. THERE WAS NO OVCST AT ARKADELPHIA AND THE STARS WERE VISIBLE. I DEPARTED ARKADELPHIA AT APPROX C10PM; AND TRAVELED TO EL DORADO AT 3500 FT MSL. WHEN I ARRIVED AT EL DORADO; THE SKY WAS SOLID OVCST AT APPROX 1100 OR 1200 FT MSL. BECAUSE I WAS UNABLE TO LAND; I THEN DECIDED TO RETURN TO LITTLE ROCK. I CALLED MEMPHIS FLT WATCH APPROX 50 MI S OF LITTLE ROCK; AND I WAS ADVISED THAT LITTLE ROCK WAS IFR; 900 FT OVCST. I WAS FURTHER ADVISED THAT SPECIAL VFR MIGHT BE AVAILABLE AT TEXARKANA; THE NEAREST AVAILABLE ARPT WITH AN APCH. I DECIDED TO GO TO TEXARKANA. 50 MI OUT FROM TEXARKANA I CALLED AND ADVISED TEXARKANA THAT I WAS VFR ON TOP; THAT I WAS ENRTE TO TEXARKANA; AND THAT I WOULD BE REQUESTING SPECIAL VFR FOR LNDG AT TEXARKANA. I WAS ADVISED BY TEXARKANA APCH TO RPT 6 MI. I THEN CONTACTED ZFW FOR FLT FOLLOWING INTO TEXARKANA. UPON ARRIVING AT TEXARKANA; I REQUESTED SPECIAL VFR FROM TEXARKANA APCH. THE REQUEST WAS INITIALLY GRANTED; AS I RECALL; BUT THEN DENIED. I WAS TOLD THAT I SHOULD TRY TO GO TO FT SMITH. I ADVISED APCH THAT I DID NOT HAVE ENOUGH FUEL TO GO TO FT SMITH; AND THAT I WANTED TO LAND AT TEXARKANA. SPECIAL VFR WAS THEN GRANTED. I THEN LANDED. THE ONLY REAL PROB I EXPERIENCED WAS THAT IMMEDIATELY BEFORE DEP FROM ARKADELPHIA; I WAS ADVISED BY JONESBORO FSS THAT THE CEILING IN EL DORADO WAS 12000 FT AND THAT THERE WAS NO PROB WITH VFR FLT TO EL DORADO. THE CEILING WAS INSTEAD 1100 OR 1200 FT SOLID OVCST WHEN I ARRIVED 30 MINS LATER. THE WX EITHER WAS INCORRECTLY RPTED; OR DETERIORATED RAPIDLY IN A VERY SHORT PERIOD OF TIME. I HAVE NO IDEA AS WHICH ACTUALLY OCCURRED.",,,,"SMA ENCOUNTERS WX AT DEST. DIVERT LAND WITH ASSIST FROM ATC.",
292293,199412,0001-0600,ABI,TX,,0,0,,,IMC,30,,Night,200,,TRACON ABI; Tower ABI,Personal,Skyhawk 172/Cutlass 172,,1,Part 91,VFR,Personal,,Landing; Landing; Other Pattern,,Class C ABI,,,,,,,,,,,,,,,,,,,,,,,,,,,,,,,,,,,,,,,,,,,,,,,,,,,,,,,,,,,,,,,,,Other Nonprofessional GA,Pilot Flying; Single Pilot,Flight Crew Private,Flight Crew Last 90 Days 4; Flight Crew Total 75; Flight Crew Type 35,,,,,292293,,,Government,Approach,Air Traffic Control Fully Certified,,,,,,,Inflight Event / Encounter VFR In IMC; Inflight Event / Encounter Weather / Turbulence; Other Unspecified,,,Person Air Traffic Control,,General None Reported / Taken,,Weather,"THERE WERE SEVERAL INACTIONS THAT LED TO MY VFR FLT ENDING WITH A LNDG IN GND FOG AT ABILENE REGIONAL ARPT AT XA30 AM; DEC/XX/94. THE FIRST MISTAKE WAS THAT OUR DEP TIME WAS EXTENDED PAST THE TIME FOR WHICH MY WX BRIEFING AT XC15 PM DEC/XX/94 (ZFW) WAS VALID. I ONLY TOOK INTO ACCOUNT THE CLRING TREND; AND NOT THE GND FOG WHICH WOULD DEVELOP AS THE NIGHTTIME TEMPS LOWERED; AND FAILED TO CALL WX BEFORE WE LEFT ARLINGTON MUNICIPAL AT XX15 AM. MY SECOND INACTION OCCURRED INFLT. I DIDN'T CALL FOR A WX UPDATE FOR ABILENE; NOR DID I LISTEN TO ATIS. MY FIRST KNOWLEDGE OF ABILENE BEING IFR BECAUSE OF LOW GND FOG CAME 30 MI OUT WHEN I CALLED APCH CTL. MY THIRD MISTAKE WAS THAT I FAILED TO REQUEST SPECIAL VFR CLRNC FROM APCH. INSTEAD; I SIMPLY ASKED TO FLY OVER THE ARPT TO SEE IF I COULD SEE THE END OF THE RWY. I WAS CLRED FOR SUCH ACTIONS; BUT APPARENTLY BECAUSE THE APCH CTLR THOUGHT I MIGHT HAVE A FUEL SIT. I RPTED I THOUGHT I HAD BTWN 30 MIN AND 1 HR OF RESERVE. (ONCE ON THE GND I CALCULATED I HAD AN HR AND 10 MIN OF RESERVE.) WHILE; I NEVER DECLARED A FUEL EMER; MY UNDERESTIMATION OF FUEL RESERVE CAUSED THE CTLR TO DECLARE THE SIT AN INCIDENT. I DID NOT KNOW THIS UNTIL I CALLED TWR AFTER WE WERE DOWN. HAD I SIMPLY ASKED FOR SPECIAL VFR CLRNC; THE SAME OUTCOME (A GOOD LNDG) WOULD HAVE OCCURRED WITHOUT THE SIT BECOMING AN INCIDENT. I WAS ABLE TO SEE THE END OF THE RWY; ASKED FOR CLRNC TO LAND; WAS GIVEN IT AND PROCEEDED TO LAND. I NOW KNOW THE IMPORTANCE OF ALWAYS CALLING WX; REGARDLESS OF HOW FAVORABLE THE WX SEEMS. I ALSO KNOW TO LISTEN TO ATIS AND GET INFLT WX RPTS. FINALLY; I HAVE ALREADY ARRANGED RECURRENT TRAINING WITH MY INSTRUCTOR IN THE AREA OF SPECIAL VFR CLRNCS IN ARSA'S. I HAVE DEFINITELY LEARNED AN IMPORTANT LESSON; 1 WHICH WILL CHANGE MY FLYING PROCS FOR THE BETTER.",,,,"PVT PLT OF AN SMA SEL LANDED BELOW ARPT VFR WX MINIMUMS.",
296380,199502,1201-1800,BMG,IN,,5,600,,,Marginal,1,,,600,,Tower BMG,Personal,Any Unknown or Unlisted Aircraft Manufacturer,,1,Part 91,None,Training,,Cruise; Cruise; Other Low Level High Speed,Visual Approach,Class D BMG,,,,,,,,,,,,,,,,,,,,,,,,,,,,,,,,,,,,,,,,,,,,,,,,,,,,,,,,,,,,,,,,,Other Nonprofessional GA,Pilot Flying; Single Pilot,Flight Crew Private; Flight Crew Instrument,Flight Crew Last 90 Days 30; Flight Crew Total 1400; Flight Crew Type 400,,,,,296380,,,Government,Local,Air Traffic Control Fully Certified,,,,,,,Deviation / Discrepancy - Procedural FAR; Inflight Event / Encounter Weather / Turbulence; Inflight Event / Encounter VFR In IMC,,,Person Flight Crew,,General None Reported / Taken,,Weather,"DEPARTED BARB ARPT PM30 LCL FOR TRAINING FLT. CONDITIONS 2000 BROKEN 6 MI VISIBILITY. CLBED THROUGH HOLE IN BROKEN LAYER/5500 FT TOPS. FLEW TO 15 MI NE OF BMG AND DSNDED FOR RETURN INBOUND TO ARPT. HEADED INBOUND; NOTICED LINES OF SNOW SHOWERS BTWN MY POS AND ARPT. REQUESTED SPECIAL VFR TO ENTER CTLR ZONE. WAS GIVEN CLRNC TO ENTER. RPTED FIELD 1 MI TO N. GIVEN CLRNC TO LAND RWY 35. ENTERED L DOWNWIND AND CIRCLED TO LAND RWY 35. PROB: DID NOT LISTEN TO WX CONDITIONS FROM TWR INBOUND AS I WAS NOT EXPECTING THE FIELD TO BE IFR. (DON'T KNOW IF IT WAS LESS THAN VFR MINIMUMS). SOLUTION -- SHOULD HAVE CLBED BACK UP ON TOP AND REQUESTED IFR CLRNC.",,,,"POSSIBLE IMC IN VFR FLT DURING A 'SPECIAL VFR' CLRNC.",
300969,199503,0601-1200,CGX; 3HA,IL,,1,,1200,,Marginal,10,,Daylight,1400,,Tower CGX,FBO,Robinson R22,,1,Part 91,None,Personal,,Cruise; Cruise,,Class D CGX,,,,,,,,,,,,,,,,,,,,,,,,,,,,,,,,,,,,,,,,,,,,,,,,,,,,,,,,,,,,,,,,,Other Nonprofessional GA,Pilot Flying; Single Pilot,Flight Crew Private,Flight Crew Last 90 Days 20; Flight Crew Total 130; Flight Crew Type 19,,,,,300969,,,Government,Local,Air Traffic Control Fully Certified,,,,,,,Deviation / Discrepancy - Procedural FAR; Inflight Event / Encounter Weather / Turbulence; Inflight Event / Encounter VFR In IMC; Other Airspace Violation Entry or Exit,,,Person Flight Crew,,General None Reported / Taken,,Weather,"2 PROBS TO RPT: FIRST; WHILE DISTRACTED (TALKING TO PAX) I BROKE INTO CGX CLASS D AIRSPACE FROM THE N; MAKING INITIAL RADAR CONTACT AT 3.9 NM (ACCORDING TO LORAN). (ATC MADE NO COMMENT ON THIS.) SECOND; AND MORE COMPLICATED: CRUISING THROUGH CGX CLASS D AT 1200 FT MSL (APPROX 600 FT AGL); I ENCOUNTERED SCATTERED CLOUDS AT APPROX 1400 FT MSL. THIS LED TO A DILEMMA: TO MAINTAIN 500 FT BELOW CLOUDS WHICH WOULD HAVE REQUIRED DSNDING TO 900 FT MSL (300 FT AGL) - THIS I DID NOT FEEL WOULD BE SAFE. SVFR WOULD HAVE PERMITTED ME TO PROCEED AND REMAIN CLR OF CLOUDS - BUT CONDITIONS WERE UNAMBIGUOUSLY VFR. I COULD NOT CLB THROUGH THE SCATTERED LAYER AND MAINTAIN 2000 FT HORIZ CLRNC. THE ONLY LEGAL OPTION SEEMED TO BE (A) TO LAND AT CGX (BUT THE HELI WAS RENTED AND DUE BACK SOON); OR (B) TO CIRCUMVENT THE CLOUDS OR CTLED AIRSPACE. EITHER ONE SEEMED AN OVER REACTION TO THE SIT. IT OUGHT TO BE POSSIBLE TO REQUEST SOMETHING LIKE SVFR IN THIS SIT EVEN THOUGH CONDITIONS (ON THE GND) ARE VFR. THANKS FOR YOUR ATTN. I WOULD BE GRATEFUL FOR YOUR OPINION ON WHAT I SHOULD HAVE DONE. I GOT NO GOOD ANSWER BACK AT THE FBO. CALLBACK CONVERSATION WITH RPTR REVEALED THE FOLLOWING INFO: RPTR STATED THAT WHILE RETURNING TO THE S TO HIS DEP ARPT (3HA); THE OFFSHORE CLOUD DECK WAS COMING IN OVER THE CGX ARPT MAKING IT DIFFICULT TO MAINTAIN 500 FT BELOW THE CLOUDS. HE WONDERED WHAT WOULD HAVE BEEN BEST TO DO IN THIS INCIDENT SINCE IT WOULD HAVE PUT HIM ABOUT 300 FT ABOVE THE GND. BASICALLY; SINCE THE ARPT WAS RPTING VFR; THE CTLR WOULD NOT USUALLY ISSUE A SPECIAL VFR; AND THEY DID ACKNOWLEDGE HIS RTE AND ALT WHEN THEY STATED CLRED THROUGH THE ARPT AREA! HOWEVER; IT WAS THE RPTING PLT'S RESPONSIBILITY TO REMAIN VFR AND ADVISE THE TWR IF THAT COULD NOT BE DONE. BY DOING THE LATER; IT WOULD HAVE AFFORDED THE CTLR TO RERTE OR CLR THE RPTR AS NEEDED; WHICH WOULD HAVE SATISFIED THE FAR VFR RULES IN AN ARPT TFC AREA; CLASS D AIRSPACE. THE RPTR WAS OPERATING AN R22 ROBINSON HELI.",,,,"PLT OF AN SMA HELI PENETRATED CLASS D AIRSPACE AND OPERATED TOO CLOSE TO CLOUDS IN THAT AIRSPACE.",
301097,199504,,ACV,CA,,,,,,,,,,,,FSS ACV,,,,,,SVFR,,,,,Class D ZSE; Class D ACV,,,,,,,,,,,,,,,,,,,,,,,,,,,,,,,,,,,,,,,,,,,,,,,,,,,,,,,,,,,,,,,,,Government,Enroute,Air Traffic Control Fully Certified,,,,,,301097,,,Government,FSS,,,,,,,,Deviation / Discrepancy - Procedural Published Material / Policy; Other Unspecified,,,Person Air Traffic Control,,,Procedure,Human Factors,"DISCUSSING SPECIAL VFR OPS WITH LCL FSS; THEY INDICATED THEY CAN CLR SIMULTANEOUS SVFR OPS OUT OF ECHO SURFACE AREA (OR SIMULTANEOUS INTO) UTILIZING 7110.65H; 7-44B; LCL OPS. RESTRICTING SVFR RTE OF FLT. 7110.65H; CHAPTER 7; SECTION 5; PARAGRAPH 7-43; ALT ASSIGNMENT; IS INDICATED AS THE ONLY RESTR THAT CAN BE APPLIED TO SVFR OPS TO SEPARATE SVFR FROM OTHER ACFT IN THE SURFACE AREA. EXAMPLE - AT A VFR TWR LOCATION; SVFR ACFT #; CLRED TO ENTER SURFACE AREA FROM THE E; RESTRICTED TO REMAIN BTWN VOR 020 DEG RADIAL CLOCKWISE TO 160 DEG RADIAL. AT THE SAME TIME ACFT #2 CLRED INTO SURFACE AREA FROM THE W; RESTRICTED TO REMAIN BTWN VOR 200 DEG RADIAL CLOCKWISE TO THE 340 DEG RADIAL. TWR CTLR IS ANTICIPATING THEY WILL HAVE BOTH ACFT INSIGHT AS THEY APCH FROM THE E AND W PRIOR TO REACHING THE ARPT. (VOR LOCATED ON ARPT). THE 2 EXAMPLES LISTED ABOVE WOULD RESULT IN AN UNSAFE CTL OP IF APPLIED WITH LOW CEILINGS; ALSO COULD BE UNSAFE WITH CERTAIN VISIBILITY ONLY RESTRS. (-X 1 1/2 F) OR CHANGING WX CONDITIONS. ONLY WX RESTR FOR SVFR IS 1 M VISIBILITY AND REMAIN CLR OF CLOUDS. THE PREVAILING VISIBILITY AT THE ARPT COULD BE BTWN 1 MI TO 2 1/2 MI AND THERE COULD STILL BE 2 QUADRANTS WHERE THE VISIBILITY WAS LESS THAN 1 MI. CALLBACK CONVERSATION WITH RPTR REVEALED THE FOLLOWING INFO: RPTR STATED ACV FSS WAS THE FSS THAT CAN RUN SIMULTANEOUS OPS IN ACCORDANCE WITH CTLR HANDBOOK. ACV FACILITY MGR STATED THEY HAVE A LOA WITH THE CTR WHICH DEFINES THE CONDITIONS OF THE FSS CONDUCTING SVFR OPS.",,,,"SIMULTANEOUS SVFR OPS BY FSS IN CLASS D AIRSPACE.",
301426,199504,1201-1800,CGX,IL,,2,,1000,,Mixed,.75,,Daylight,1500,,TRACON ORD; Tower CGX,Corporate,Any Unknown or Unlisted Aircraft Manufacturer,,2,Part 91,SVFR,Passenger,,Initial Approach,,Class D CGX,,,,,,,,,,,,,,,,,,,,,,,,VLF/Omega Navigation,,X,Improperly Operated,,,,,,,,,,,,,,,,,,,,,,,,,,,,,,,,,,,,,,Other Compensated GA,Captain; Pilot Flying,Flight Crew Air Transport Pilot (ATP),Flight Crew Last 90 Days 100; Flight Crew Total 12000; Flight Crew Type 3000,,,,,301426,,,Other Compensated GA,First Officer,Flight Crew Instrument; Flight Crew Commercial,,,,,,,Deviation - Track / Heading All Types; Other Unspecified,,,,,Air Traffic Control Issued New Clearance; Flight Crew Became Reoriented,,Human Factors,"BASIC PROB - UNFAMILIAR WITH OPS OF GNS LONG RANGE NAV. THE NAV SENSORS INCLUDE DME/DME; VLF; AND GPS. THE ACFT IS RATHER NEW FOR US; 4 MONTHS. WE OFTEN EXPERIENCE THE WARNING 'SENSORS MISCOMPARE;' WHICH USUALLY MEANS THAT THE VLF HAS DRIFTED OFF COURSE. SO I DON'T GET TOO CONCERNED WITH THIS TYPE OF WARNING. MEIGS ARPT IS A TWR CTLED ARPT WITHOUT AN IFR APCH. AT 20 MI OUT THE WX WAS 1500 FT 5 MI; AND BY THE TIME THAT WE ARRIVED IT HAD DROPPED TO 2 MI; THEN TO 3/4 MI. WE NEVER SAW THE ARPT DURING OUR SPECIAL VFR APCH (WE HAD CANCELED OUR IFR EARLIER WITH APCH). WE ASKED TWR TO COORDINATE AN IFR TO MIDWAY WHILE WE CLBED TO 2000 FT MSL ON 090 DEG HDG (NORMAL PROC OUT OF CGX). APCH FOUND US ON A RADAR 12 MI N OF CGX. THE GNS'S (2 OF THEM) SHOWED 4 MI N. THE REST OF THE FLT WAS UNEVENTFUL. WHAT HAD HAPPENED WAS THAT DURING OUR LOW MANEUVERING IN PRECIPITATION THERE WASN'T ENOUGH DME INFO TO SUPPLY THE GNS; SO THE DME/DME SENSORS DROPPED OFF-LINE LEAVING THE VLF AND THE GPS. WELL WE ALL KNOW HOW THE VLF SYS WILL WANDER; IT DID AND THE GNS SPLIT THE DIFFERENCE BTWN THE VLF AND THE GPS. THE WARNING MESSAGES ALL CAME UP; BUT BECAUSE OF HABIT AND LOW INFLT VISIBILITY I WASN'T AWARE OF THE STATUS OF THE GNS. WE NOW KNOW TO DISABLE THE VLF'S SHOULD WE FIND OURSELVES WITH INSUFFICIENT DME INFO AND A 'SENSOR MISCOMPARE' WARNING. NOT TO MENTION GETTING LURED INTO THE VFR INTO IFR SCENARIO! I HOPE THAT THIS INFO CAN BE TRANSLATED INTO A FORMAT THAT MAY BE OF SOME USE TO SOMEONE.",,,,"DURING A SPECIAL VFR CLRNC TO A NON INST APCH EQUIPPED ARPT; FLC OF AN LTT CPR JET BECAME DISORIENTED DUE TO LACK OF KNOWLEDGE IN OPERATING THE ACFT NAVIGATIONAL EQUIP.",
302324,199504,0601-1200,ALI,TX,,3,0,,,,7,,Daylight,800,,Center ALI,Personal,Amateur/Home Built/Experimental,,1,Part 91,SVFR; None,Passenger,,Landing; Initial Approach; Landing,Visual Approach,Class E ALI,,,,,,,,,,,,,,,,,,,,,,,,,,,,,,,,,,,,,,,,,,,,,,,,,,,,,,,,,,,,,,,,,Other Nonprofessional GA,Single Pilot; Pilot Flying,Flight Crew Private,Flight Crew Last 90 Days 50; Flight Crew Total 6000; Flight Crew Type 50,,,,,302324,,,,,,,,,,,,Deviation / Discrepancy - Procedural FAR; Inflight Event / Encounter VFR In IMC; Inflight Event / Encounter Weather / Turbulence,,,Person Flight Crew,,General None Reported / Taken,,Human Factors,"RETIRED MIL OFFICER; 23 YRS AND 6000 PLUS HRS; COMMAND PLT; PRIOR C-5 FLT EXAMINER. RECENTLY COMPLETED HOMEBUILT EXPERIMENTAL KITFOX ACFT WHICH I JUST BEGAN COMMUTING TO/FROM WORK (25 NM). I FLY FROM A PVT; UNCTLED GRASS AIRSTRIP (ARROWHEAD) TO THE UNCTLED (NO TWR) CITY OF ALICE ARPT CLASS E AIRSPACE. I FLEW INTO ALICE ARPT AIRSPACE AND LANDED AT ALICE ANNOUNCING MY POS AND INTENTIONS ON 123.0 CTAF FREQ. I DID NOT VERIFY ALICE WX AS VFR CONDITIONS AND DID NOT REQUEST A SPECIAL VFR CLRNC FOR ENTERING ALICE CLASS E AIRSPACE (VISIBILITY WAS BETTER THAN 7 MI AND CEILING WAS RAGGED). MY FLT TIME WAS 20 MINS AND 5 MINS FOR VFR APCH AND LNDG. I FLEW THE VFR PATTERN AT 200 FT BELOW NORMAL (800 FT AGL VICE 1000 FT) TO MAINTAIN CLRNC BELOW CLOUDS. AFTER UNEVENTFUL LNDG; I REVIEWED FAR 91.157 SPECIAL VFR WX MINIMUMS. I SHOULD HAVE REQUESTED A SPECIAL VFR ATC CLRNC PRIOR TO ENTERING ALICE CLASS E AIRSPACE TO PRECLUDE OPERATING IN CTLED AIRSPACE WITH WX (CEILING) BELOW REQUIRED MINIMUMS. THE VAST MAJORITY OF MY FLYING EXPERIENCE IS IN IFR CERTIFIED ACFT AS AN INST CERTIFIED PLT. I MISTAKENLY THOUGHT THAT THESE WERE REQUIREMENTS FOR SPECIAL VFR OPS. REREADING POORLY WRITTEN FAR 91.157 PARAGRAPH 64; I DISCOVERED IFR CERTIFICATION IS REQUIRED ONLY FOR NIGHT SPECIAL VFR OPS.",,,,"PLT FLIES HOMEBUILT ACFT INTO WX BELOW MINIMUMS IN CTLED AIRSPACE.",
304223,199505,1201-1800,CGX,IL,,7,,1400,,VMC,2.5,,Daylight,1600,,TRACON MDW; Tower CGX,Corporate,Any Unknown or Unlisted Aircraft Manufacturer,,1,Part 91,IFR,Passenger,,Initial Approach; Landing; Landing,,Class C MDW; Class D CGX,,,,,,,,,,,,,,,,,,,,,,,,,,,,,,,,,,,,,,,,,,,,,,,,,,,,,,,,,,,,,,,,,Other Nonprofessional GA,Pilot Flying; Single Pilot,Flight Crew Commercial; Flight Crew Instrument,Flight Crew Last 90 Days 85; Flight Crew Total 3200,,,,,304223,,,Government,Local,Air Traffic Control Fully Certified,,,,,,,Inflight Event / Encounter CFTT / CFIT; Other Unspecified,,,Person Flight Crew,,General None Reported / Taken,Procedure,Weather,"FLT WAS TO LAND AT CGX TO DROP OFF 2 PAX. WX CONDITIONS WERE RPTED AS AN ESTIMATED 800 FT OVCST; 5 MI VISIBILITY IN FOG. CHICAGO APCH CTLRS WERE QUERIED ABOUT PREVIOUS ACFT GETTING INTO CGX USING THE SHORE VISUAL APCH RWY 36 SINCE CGX HAS NO IAP. I WAS INFORMED BY APCH AND MDY TWR CTLRS THAT ACFT HAD GOTTEN INTO CGX. APCH VECTORED US FOR THE MDY RWY 31C ILS; WHICH WE FLEW TO APPROX 1600 FT MSL. UPON BREAKING OUT AND BEING ABLE TO MAINTAIN VFR AT 1400- 1600 FT MSL WE CANCELED IFR AS PER SHORE VISUAL RWY 36 INSTRUCTIONS. MIDWAY TWR PROVIDED A R 90 DEG HDG TO CLR THEIR APCH AND THEN DIRECT TO CGX. WE RECEIVED SPECIAL VFR CLRNC AT OR BELOW 1500 FT MSL FROM CGX AND PROCEEDED TO COMPLETE THE FLT WITH A NORMAL VISUAL LNDG. HOWEVER; THE WHOLE APCH BROUGHT SEVERAL QUESTIONS AND CONCERNS TO MY MIND: 1) IF THE APCH FROM MDY TO CGX IS NOT CONSIDERED A LNDG APCH; THE MINIMUM SAFE ALT FAR'S WERE VIOLATED (1000 FT ABOVE OBSTACLES WITHIN 2000 FT RADIUS). YET; CTLRS INSTRUCTED FLT AT OR BELOW 1500 FT MSL. 2) THE VISUAL APCH FROM GARY; IN; IS MUCH SAFER; FLYING LAKE MICHIGAN SHORELINE FROM GARY TO CGX; YET WAS NOT USED BY ATC. IN FUTURE; I WILL NOT ACCEPT THE VISUAL APCH USING MDY APCH ON RWY 31C ILS. INSTEAD; I WILL ASK FOR GARY; IN; AND SHORELINE APCH. THIS HAS NO OBSTACLES AND THEREFORE IS MUCH SAFER. I WAS TOO BUSY TO SORT ALL THIS OUT ON THE APCH TO MDY RWY 31C; AND THEN DURING THE VISUAL APCH TO CGX. I ALLOWED CTLRS TO 'FLY' THE PLANE INSTEAD OF BEING ASSERTIVE AND REQUESTING THE GARY VISUAL APCH.",,,,"PLT OF AN SMA SEL IS CONCERNED ABOUT THE LEGAL MINIMUM SAFE ALT WHEN TRANSITIONING FROM INST APCH PROC TO A VISUAL APCH TO ANOTHER NEARBY CTLED ARPT OVER A CONGESTED CITY!",
304530,199505,1801-2400,HFD,CT,,3,,900,,VMC,,,Daylight,2000,,TRACON HFD,FBO,Any Unknown or Unlisted Aircraft Manufacturer,,1,Part 91,IFR,Training,,Other Low Level High Speed,,Class D HFD,,,,,,,,,,,,,,,,,,,,,,,,,,,,,,,,,,,,,,,,,,,,,,,,,,,,,,,,,,,,,,,,,Other Compensated GA,Pilot Flying; Trainee,Flight Crew Flight Instructor,Flight Crew Last 90 Days 30; Flight Crew Total 1150; Flight Crew Type 1050,,,,,304530,,,Other Compensated GA,Instructor,,,,,,,,Deviation / Discrepancy - Procedural FAR; Inflight Event / Encounter VFR In IMC,,,Person Flight Crew,,General None Reported / Taken,,Human Factors,"WX WAS RPTED AS 900 FT CEILING AND 10 MI VISIBILITY. THERE WERE BREAKS IN THE OVCST ALONG THE APCH COURSE (NDB 2 AT HFD). I WAS ON AN IFR FLT PLAN RECEIVING AN ICC FROM A CFII. THE FLT ORIGINATED AT 4B8; WENT TO GON; THEN TO HFD; THEN RETURNED TO 4B8. AT THE TIME OF THE NDB 2 APCH AT HFD ATIS RPTED A 900 FT CEILING. THE APCH STARTED IN IMC BUT SOON BROKE OUT INTO VFR CONDITIONS. THE IFR FLT PLAN WAS CANCELED AND I FLEW VFR TO 4B8. I THINK I SHOULD HAVE REQUESTED A SPECIAL VFR CLRNC BEFORE CANCELING IFR BECAUSE THE RPTED CEILING AT HFD WAS 900 FT. THE ACTUAL CEILING WAS BETTER THAN 900 FT AND VFR CONDITIONS EXISTED ALONG THE RTE OF FLT.",,,,"IFR FLT PLAN CANCELED WHEN CONTINUING IN MARGINAL WX.",
308050,199506,1801-2400,ADQ,AK,,0,0,,,IMC,2,,Dusk,300,,Tower ADQ,Military,Hercules (C-130),,3,Other Other,IFR,Passenger,,Landing; Landing,,,,,,,,,,,,,,,,,,,,,,,,,,,,,,,,,,,,,,,,,,,,,,,,,,,,,,,,,,,,,,,,,,,Military,Pilot Flying; Captain,,Flight Crew Last 90 Days 70; Flight Crew Total 7000; Flight Crew Type 3900,,,,,308050,,,Military,First Officer,,,,,,,,Deviation / Discrepancy - Procedural Clearance; Deviation / Discrepancy - Procedural Landing Without Clearance; Deviation / Discrepancy - Procedural Published Material / Policy; Other Unspecified,,,Person Air Traffic Control,,General None Reported / Taken,,Human Factors,"WX ON DEP FROM ADQ WAS RPTED VFR; BUT CEILING AND VISIBILITY IN THE DEP AND APCH CORRIDOR WAS MARGINAL -- APPROX 1000 FT AND 2 MI. FLT TO EILSON WAS UNEVENTFUL. WHILE TRANSFERRING THE HELI CREWS AT EILSON WITH ENGS RUNNING; I SWAPPED SEATS WITH THE COPLT SO THAT I COULD FLY THE RETURN LEG FROM THE L SEAT. DEP FROM EILSON AND CRUISE BACK TO VICINITY OF KODIAK WAS UNEVENTFUL. ABOUT 5 NM N OF THE ARC FOR THE ILS/DME 2 SPECIAL APCH TO ADQ; ZAN ADVISED THAT WE WERE NOT YET CLR FOR THE APCH BECAUSE KODIAK TWR WAS HANDLING A SPECIAL VFR ARR. ALMOST IMMEDIATELY AFTER TURNING ON THE ARC; THOUGH; WE WERE CLRED FOR THE APCH AND BEGAN DSCNT AND CONFIGN. BECAUSE I PLAN TO RETIRE FROM THE SVC IN THE NEAR FUTURE TO PURSUE AN AIRLINE CAREER; I'M TRYING TO RESHAPE MY HABIT PATTERNS TO CIVILIAN OPERATING PRACTICES; AND SO I BRIEFED THE CREW THAT WE WOULD PUT THE GEAR DOWN AND COMPLETE THE PRE-LNDG CHKLIST AT THE FINAL APCH FIX. NORMAL CTR OF GRAVITY PRACTICE IS TO HAVE ALL CHKLISTS COMPLETED IN THE VICINITY OF THE APCH GATE. THE COPLT (PNF) CALLED TWR WHEN WE DEPARTED THE ARC. TWR ASKED HIM TO RPT THE FINAL APCH FIX SO THAT THE LIGHTS COULD BE ON FULL; AND THE COPLT ACKNOWLEDGED. AT FINAL APCH FIX I CALLED FOR GEAR DOWN AND CHKLIST. I HAD MY HANDS FULL FLYING THE ILS BECAUSE OF WIND ON FINAL ON THE TAIL AT 25 KTS AND A 10 KT XWIND AT THE FIELD. WE BROKE OUT AT MINIMUMS OF 300 FT CEILING; VISIBILITY APPROX 1 1/2 SM. I COULD BARELY SEE THE RWY BECAUSE THE LIGHTS WEREN'T ON. I DIDN'T THINK ANYTHING ABOUT THIS AT THE TIME. WE COMPLETED THE LNDG AND WERE CLRED TO TAXI BACK TO BASE PARKING. WHEN I ARRIVED AT BASE OPS; I WAS ASKED BY THE DUTY OFFICER TO CALL THE TWR. THE TWR OPERATOR STATED THAT WE HAD LANDED WITHOUT CLRNC. I WAS QUITE SURPRISED; BUT ON REFLECTION DON'T REMEMBER HEARING THE COPLT MAKE THE FINAL APCH FIX CALL. I WAS TASK SATURATED WITH FLYING AND DIDN'T BACK HIM UP ON COMS DUTIES. I DEBRIEFED THE COPLT; NAVIGATOR; AND RADIO OPERATOR (ANY OF WHOM COULD HAVE CAUGHT THIS OMISSION) ON THIS INCIDENT AS AN ILLUSTRATION OF HOW COCKPIT RESOURCE MGMNT AND BACKING EACH OTHER UP COULD HAVE PREVENTED THIS OCCURRENCE. I THINK THIS INCIDENT WAS CAUSED BY A CHANGE TO THE CREW'S NORMAL ROUTINE OF GETTING THE ACFT FULLY CONFIGURED AND ALL CHKLISTS COMPLETED PRIOR TO THE ARR AT THE APCH GATE. BUSY WITH THE GEAR AND CHKLIST AT THE FINAL APCH FIX; THE COPLT FORGOT THE CALL. BUSY WITH THE FLYING; I DIDN'T CATCH THE OMISSION. I'M GOING BACK TO THE UNOFFICIAL ROUTINE OF GETTING THE ACFT CONFIGURED AND HAVING ALL CHKLISTS DONE WELL PRIOR TO THE FINAL APCH FIX. IN THIS WAY I'LL HAVE MORE ATTN LEFT TO BACK UP THE CREW BEFORE BECOMING TASK SATURATED WITH A DIFFICULT INST APCH PROC. CALLBACK CONVERSATION WITH RPTR REVEALED THE FOLLOWING INFO: THIS RPTR WAS FLYING A UNITED STATES COAST GUARD HC130-H ON A SEARCH SUPPORT MISSION WHEN THE INCIDENT OCCURRED. HE SAID THAT THE TROUBLE BEGAN WHEN HE CHANGED FROM THE STANDARD PROCS TO A PRACTICE THAT HE HAD SEEN AN ACR FLC USE IN ORDER TO 'TRY IT OUT' SO HE WOULD BE READY FOR AN AIRLINE CAREER WHEN HE RETIRED. LATER; AFTER TALKING THE EVENT OVER WITH HIS CREW AND THE TWR CTLR AND THE STANDARDS DEPT; HE DECIDED THAT HE WOULD IN THE FUTURE USE STANDARD PROCS WHEREVER OR WHATEVER THEY WERE AT THE CURRENT ORGANIZATION.",,,,"UNAUTH LNDG -- MIL PLT LANDS WITHOUT CLRNC.",
309294,199507,0601-1200,ANC,AK,,0,0,,,IMC,10,,Daylight,700,,Tower ANC,Air Taxi,Commercial Fixed Wing,,1,Part 135,IFR,Passenger,,Parked; Taxi,,,,,,,,,,,,,,,,,,,,,,,,,,,,,,,,,,,,,,,,,,,,,,,,,,,,,,,,,,,,,,,,,,,Air Taxi,Pilot Flying; Single Pilot,Flight Crew Air Transport Pilot (ATP),Flight Crew Last 90 Days 110; Flight Crew Total 13900; Flight Crew Type 5000,,,,,309294,,,Government,Ground,Air Traffic Control Fully Certified,,,,,,,Deviation / Discrepancy - Procedural Clearance; Ground Incursion Runway,,,Person Air Traffic Control; Person Flight Crew,,Air Traffic Control Issued New Clearance; General None Reported / Taken,,Human Factors,"ACFT WAS CLRED TO TAXI FROM LAKE HOOD TXWY V TO RWY 6L AT TXWY R FOR DEP ON RWY 6L AT TXWY R. AS I APCHED TXWY K ON TXWY R THE AUTO-TRIM ANNUNCIATOR AND CHIME ACTIVATED. AS I LOOKED AT THE CIRCUIT BREAKER PANEL TO RESET THE TRIM SYS I CROSSED TXWY K; GLANCED TO MY L AND MISTOOK IT FOR TXWY L. I THEN CONTINUED ACROSS RWY 6L MISTAKING IT FOR TXWY K. AS I STOPPED AT THE HOLD LINE FOR RWY 6L I REALIZED I WAS ON TXWY G AT RWY 6R. AT THIS TIME GND CTL INFORMED ME THAT I HAD CROSSED RWY 6L. THEY THEN CLRED ME TO CALL TWR. TWR INITIALLY HAD ME MAKE A L TURN TO RETURN TO RWY 6L IN POS FOR TKOF. TWR THEN INFORMED THERE WAS A SPECIAL VFR INBOUND AND ASKED IF I WOULD ACCEPT RWY 24L; AT TXWY G FOR TKOF WITH 6000 FT REMAINING. I THEN MADE A 180 DEG TURN ON RWY 6L THEN A L TURN TO GET ON RWY 24L FOR TKOF. ALTHOUGH I HAVE USED THIS RTE TO RWY 6L AT TXWY R MANY TIMES IN THE PAST; RECENT TXWY CHANGES HAVE BEEN MADE AT ANC. TXWY G HAS BEEN MOVED BTWN RWY 6L AND TXWY K; A SHORT DISTANCE E. ALSO; TXWY R NOW GOES STRAIGHT ACROSS RWY 6L TO INTERSECT TXWY G AT RWY 6R. TXWY R PREVIOUSLY HAD A R DOGLEG TURN BTWN TXWY K AND RWY 6L THEN STOPPED AT RWY 6L. THE CURRENT ARPT DIAGRAM STILL SHOWS PREVIOUS TXWY ALIGNMENT. I FEEL THIS INCIDENT WAS CAUSED BY MY DISTR WHILE TAXIING AND TRYING TO TROUBLE- SHOOT THE TRIM MALFUNCTION LIGHT AT THE SAME TIME. PREVIOUS EXPERIENCE AT MAKING THE R DOGLEG TURN THEN STOPPING AT RWY 6L CAUSED ME TO CONTINUE ACROSS RWY 6L AS IT NOW GOES STRAIGHT AND I WAS NOT PAYING DILIGENT ATTN TO MY SURROUNDINGS.",,,,"SMT AIR TAXI CROSSES ACTIVE RWY WITHOUT CLRNC WHEN TAXIING.",
312950,199508,0601-1200,LAX; HHR,CA,,1,,3500,,VMC,15,,Daylight,,,TRACON LAX; Tower HHR,Personal,PA-28 Cherokee/Archer/Dakota/Pillan/Warrior,,1,Part 91,VFR,Personal,,Cruise; Climb; Cruise,Visual Approach; Direct,Class B LAX; Class E LAX,,,,,,,,,,,,,,,,,,,,,,,,Other Documentation,,X,Improperly Operated,,,,,,,,,,,,,,,,,,,,,,,,,,,,,,,,,,,,,,Other Nonprofessional GA,Single Pilot; Pilot Flying,Flight Crew Private,Flight Crew Last 90 Days 24; Flight Crew Total 297; Flight Crew Type 260,,,,,312950,,,Government,Local,Air Traffic Control Fully Certified; Flight Crew Commercial; Flight Crew Flight Instructor; Flight Crew Instrument,Air Traffic Control Non Radar 2,,,,,312941,Deviation - Altitude Undershoot; Deviation / Discrepancy - Procedural Published Material / Policy; Deviation / Discrepancy - Procedural FAR; Deviation / Discrepancy - Procedural Clearance; Other Airspace Violation Entry or Exit,,,Person Air Traffic Control,,,,Human Factors,"ALTHOUGH I FLT TRAINED IN THE LOS ANGELES BASIN IN 1966 I HAVE ONLY VISITED ONCE SINCE 1977. BEING SOMEWHAT APPREHENSIVE ABOUT NAVING AROUND SUCH CONGESTED AIRSPACE I ELECTED TO DEPART HHR TO THE W. MY ORIGINAL PLAN WAS TO CROSS LAX S TO N THROUGH THE SPECIAL VFR CORRIDOR AS I HAD ALWAYS DONE IN THE PAST. DURING PREFLT I CHANGED MY MIND IN FAVOR OF THE SHORELINE RTE INSTEAD. THIS WAS BASED ON SEVERAL FACTORS; 1) MY CLB RATE WOULD NOT GET ME 4500 FT WITHOUT TURNING S FIRST; 2) MY WIFE WANTED TO FLY UP THE COAST FOR THE VIEW; 3) I WANTED TO PRACTICE A LITTLE CLASS 'B' PROC. MISTAKE 1) I NOTIFIED HHR GND OF MY INTENT TO DEPART N UP THE COAST. I ASSUMED THAT HHR TWR WOULD ADVISE ME TO SWITCH FREQ TO APCH WHEN APPROPRIATE. TWR DID ASK IF I WAS FAMILIAR WITH THE SPECIAL VFR RTE; WHICH I WAS. THIS SHOULD HAVE CLUED ME THAT WE WERE NOT UNDERSTANDING EACH OTHER. AFTER TKOF I FLEW A BOXED PATTERN (RWY 27). I BECAME BUSY IN THE COCKPIT FOR A MIN OR TWO AND WHEN I REALIZED I WAS APCHING THE COAST AND HADN'T HEARD FROM HHR I CALLED FOR A RADIO CHK. HHR RESPONDED THAT THE RADIO WAS OK. MISTAKE 2) I DIDN'T HAVE THE LAX TCA CHART FOLDED SO I COULD SEE ENOUGH OF IT TO READ THE FLOORS OF CLASS B NEAR ME. INSTEAD OF SWITCHING TO SOCAL APCH; I CALLED HHR TO ASK WHAT ALT I SHOULD BE AT; THEY RESPONDED 4500 FT. AT THIS POINT I FOUND MYSELF SCRAMBLING TO REORIENT MYSELF TO THE CHART. DURING THIS PERIOD HHR CALLED TO HAVE ME SWITCH TO 'ADVISORY' FREQ. IT MUST HAVE BEEN AT THIS POINT THAT I ACTUALLY ENTERED CLASS B. I COULD HAVE DONE A NUMBER OF THINGS AT THIS POINT; NOT THE LEAST OF WHICH WAS A DSNDING 180 DEG TO THE L. INSTEAD; I FOLLOWED MY INTENDED COURSE N UP THE SHORELINE AND CONTACTED SOCAL TO ADVISE I WAS 'WITH THEM.' SOCAL GAVE ME A SQUAWK CODE AND ASKED MY INTENTIONS. I ANSWERED MY INTENTIONS WERE TO CROSS VIA SHORELINE S TO N. THEY ADVISED I HAD VIOLATED AIRSPACE; WHICH I KNEW; AND ASKED IF I HAD A CURRENT TCA CHART; WHICH I DID. I WAS THEN ASSIGNED AN ALT AND GIVEN INSTRUCTIONSTO CALL THE FAA DISTRICT SUPVR WHEN I LANDED AT RED BLUFF. IN RETROSPECT; A CHAIN OF EVENTS I SET IN MOTION PUT ME SO FAR BEHIND THE PLANE THAT I COULDN'T CATCH UP. I COMPOUNDED ONE SMALL ERROR ON TOP OF ANOTHER UNTIL I BECAME A CONFUSED PAX INSTEAD OF A PIC. I THINK A LARGE PART OF MY PROB WAS BECOMING INTIMIDATED BY FLYING IN AND AROUND A TCA. I SHOULD HAVE CALLED SOCAL APCH WHILE ON THE GND AND THEN ADVISED HHR GND OF MY CLRNC. I ALSO SHOULD HAVE CAREFULLY REVIEWED THE TCA BOUNDARIES ALONG MY INTENDED RTE AND MADE SURE THE CHART WAS FOLDED SO I COULD READ WHAT I NEEDED AT A GLANCE. I ALSO SHOULD HAVE MADE A CONTINGENCY PLAN IN CASE I WAS NOT CLRED INTO THE CLASS B. THIS INCIDENT HAS MADE ME REALIZE HOW EASY IT IS TO GET COMPLACENT IN FLYING SKILLS; ESPECIALLY WHEN MOST OF MY FLYING IS IN CENTRAL OREGON WHERE RADIO COM IS ALMOST EXCLUSIVELY CTAF AND FSS. I HAVE FOUND IT MUCH EASIER TO ENTER A TCA OR ARSA THAN TO GET OUT. THIS OF COURSE IS DUE TO HAVING MORE TIME TO PLAN AN APCH IN WITH PLENTY OF ADVANCE NOTICE TO APCH CTL. IT IS ALSO MORE COMFORTABLE IN THAT YOU ARE COMFORTABLE IN YOUR ENVIRONMENT. DURING TKOF THERE IS ALWAYS A PERIOD OF 'SETTING UP;' GETTING TRIMMED; ADJUSTING RADIOS/THROTTLES/MIXTURE/ETC; THAT CAN DISTRACT. SINCE I DON'T OFTEN HAVE THE OPPORTUNITY TO FLY IN A TCA/ARSA ENVIRONMENT I SUPPOSE THE NEXT BEST THING IS TO FORMULATE SOME TYPE OF CHKLIST TO MAKE SURE THAT WHEN I INTEND TO ENTER OR LEAVE THESE AREAS I HAVE PROPERLY PREPARED MYSELF FOR THE CHALLENGE. SUPPLEMENTAL INFO FROM ACN 312941: THE PLT OF A SINGLE-ENG CHEROKEE CALLED FOR TKOF CLRNC TO THE N FROM HAWTHORNE ARPT (HHR); CA. SINCE WE SHARE AIRSPACE WITH LOS ANGELES INTL (LAX); IT IS DIFFICULT TO GO N EXCEPT WITH AN ATC CLRNC FROM SOCAL APCH; OR THROUGH THE SPECIAL FLT RULES AREA (CORRIDOR). THIS PLT DECIDED TO GO THROUGH THE SFRA. NOTICED THE ACFT TARGET APPEAR TO GET FURTHER OFF COURSE (D-BRITE IN TWR CAB). IMMEDIATELY CALLED LOS ANGELES DEP CTL (VIA A DIRECT SHOUT LINE); AND ADVISED OFTHE DEV; ALONG WITH THE ACFT CALL SIGN. THIS ACFT ENDED UP BEING 1 MI OFF THE DEP END OF LAX AT 3500 FT. VERY DANGEROUS SIT; I BELIEVE OCCURRED BECAUSE THE PLT DID NOT UNDERSTAND THE CHART. COULD HAVE BEEN AVOIDED BY ADVISING ME THAT HE DIDN'T UNDERSTAND OR WAS NOT FAMILIAR WITH THE PROCS.",,,,"NON ADHERENCE TO ATC INSTRUCTION PROC BY PVT PLT IN A PA28. UNAUTH PENETRATION OF CLASS B AIRSPACE.",
316351,199509,0601-1200,ZZZ,US,,,500,,,IMC,,,Daylight,,,Center ZZZ,Air Taxi,Helicopter,,1,Part 135,None,Ambulance; Other Other,,Other Other,,Class E ZZZ; Class G ZZZ,,,,,,,,,,,,,,,,,,,,,,,,VHF,,X,Improperly Operated,,,,,,,,,,,,,,,,,,,,,,,,,,,,,,,,,,,,,,Air Taxi,Single Pilot; Pilot Flying,Flight Crew Commercial; Flight Crew Instrument,,,,,,316351,,,,,,,,,,,,Deviation / Discrepancy - Procedural Published Material / Policy; Deviation / Discrepancy - Procedural FAR; Inflight Event / Encounter VFR In IMC,,,Person Flight Crew,,General None Reported / Taken,ATC Equipment / Nav Facility / Buildings,Weather,"I HAD FILED AN IFR TO THE HOSPITAL. I HAD MADE AN INST APCH TO ARPT AND PROCEEDED TO THE DEST. COMING BACK INTO ARPT FOR FUEL AFTER DROPPING OFF EMS CREW; I WAS UNABLE TO TALK TO ATC DUE TO LOW ALT. I LANDED AND DEPARTED ARPT LOW LEVEL BACK TO HOSPITAL WITHOUT 'SPECIAL' VFR CLRNC. IN THE FUTURE; I WILL CONTACT FSS FOR A SPECIAL CLRNC BY PHONE IF NECESSARY; AND HAVE REVIEWED THE NEW AIRSPACE RESTRS!",,,,"AN EMS HELI PLT FLEW VFR IN IMC.",
317251,199509,1801-2400,SBP,CA,,1,700,,,Mixed,,,Daylight,,,Tower SBP,FBO,Any Unknown or Unlisted Aircraft Manufacturer,,1,Part 91,None,Training,,Landing; Landing; Initial Climb; Takeoff / Launch,,Class D SBP,,,,,,,,,,,,,,,,,,,,,,,,,,,,,,,,,,,,,,,,,,,,,,,,,,,,,,,,,,,,,,,,,Other Compensated GA,Instructor; First Officer,Flight Crew Flight Instructor; Flight Crew Private; Flight Crew Instrument; Flight Crew Commercial,Flight Crew Last 90 Days 238; Flight Crew Total 1200; Flight Crew Type 390,,,,,317251,,,Other Nonprofessional GA,Trainee; Pilot Flying; Single Pilot,Flight Crew Student,,,,,,,Deviation / Discrepancy - Procedural FAR; Inflight Event / Encounter VFR In IMC; Inflight Event / Encounter Weather / Turbulence,,,Person Air Traffic Control; Person Flight Crew,,,,Human Factors,"THE FOG WAS MOVING IN TOWARD THE ARPT FROM THE W. MY STUDENT AND I DEPARTED RWY 29. I UNDERESTIMATED HOW CLOSE AND LOW THE FOG WAS. MY INITIAL JUDGEMENT WAS THAT IF WE EVEN REACHED THE FOG DURING CLBOUT; WE WOULD BE ABLE TO GO UNDERNEATH THE PARTS CLOSEST TO THE RWY AND DEPART THE AREA. AFTER TKOF IT BECAME APPARENT THAT THE FOG WAS MUCH CLOSER THAN I THOUGHT; AND WAS TOO LOW TO ALLOW US TO PASS BENEATH IT. SO I CONTINUED OUR CLB TO GET ABOVE IT. WE DID NOT PENETRATE THE CLOUDS BUT WE WERE UNABLE TO MAINTAIN VFR (1000 FT ABOVE; 2000 FT HORIZ). DID I END THE FLT AT THIS POINT? NO; I CONTINUED TO THE PRACTICE AREA (WHICH WAS VFR) BELIEVING THAT I WOULD KEEP AN EYE ON THE ARPT AND PLANNED TO RETURN IF THE FOG CONTINUED TO COVER IT. WHEN WE DECIDED TO RETURN TO THE ARPT; ATIS RPTED 500 FT BROKEN. WE REQUESTED A SPECIAL VFR AND RETURNED TO THE ARPT WITHOUT ANY PROB. IN THIS AREA; SOME DAYS THE FOG WILL MOVE IN TOWARD THE ARPT; STOP 5 MI AWAY AND NEVER COME ANY CLOSER. SOME DAYS WE GO FROM VFR TO IFR IN LESS THAN 30 MINS (THIS FLT WAS 1 HR IN LENGTH). I HAVE CANCELED MANY LESSONS BECAUSE THE FOG WAS CLOSE AND 'COULD POSSIBLY' COME IN; THEN IT NEVER DID. I THINK; I FELT I HAVE BEEN OVERLY CAUTIOUS IN THE PAST; NOW I KNOW I WAS BEING SMART. I AM NOT GOD AND THERE IS NO WAY I CAN SECOND GUESS WHAT THE FOG IS GOING TO DO. IN ADDITION; I SHOULD HAVE DISCONTINUED THE FLT IMMEDIATELY AFTER I REALIZED HOW CLOSE THE FOG WAS. I JUST REFUSED TO BELIEVE IT WOULD MOVE IN SO QUICKLY. I DISCUSSED WITH MY STUDENT ALL OF MY ERRORS IN JUDGEMENT; AND THE FACT THAT I WILL NOT MAKE THE SAME MISTAKE AGAIN. HOPEFULLY; MY STUDENT WILL LEARN FROM MY ERRORS; AND NOT MY EXAMPLE.",,,,"INSTRUCTOR WITH STUDENT PLT DEPARTS WITH FOG MOVING INTO AREA. MUST REQUEST SVFR TO RETURN AT END OF TRAINING PERIOD.",
318571,199510,1201-1800,VNY,CA,,8,,4500,,Marginal,1.5,,Dusk,,,TRACON BUR; Tower VNY,,Commercial Fixed Wing,,2,Part 91,IFR,,,Initial Approach,Vectors,Class C BUR,,,,,,,,,,,,,,,,,,,,,,,,,,,,,Air Taxi,PA-31 Navajo/Chieftan/Mojave/T1040,,1,Part 135,VFR,Passenger,,Initial Approach,,,,,,,,,,,,,,,,,,,,,,,,,,,,Other Compensated GA,Captain; Pilot Flying,Flight Crew Air Transport Pilot (ATP),Flight Crew Last 90 Days 120; Flight Crew Total 4500; Flight Crew Type 1500,,,,,318571,,,Other Compensated GA,First Officer,Flight Crew Commercial; Flight Crew Instrument,,,,,,,Conflict NMAC,Horizontal 0; Vertical 400,,Person Flight Crew,,General None Reported / Taken,,Ambiguous,"WE WERE WITH SOCAL APCH AND HE WAS VERY BUSY. OUR HDOF FROM JOSHUA WAS LATE SO IT WAS OBVIOUS THAT SOCAL WOULD BE BUSY. SOCAL LEFT US HIGH FOR THE APCH AFTER VECTORING US ONTO THE LOC; I THINK 6000 FT AT 9 DME WHICH SHOULD BE GS ALT 4900 FT. THEY THEN CLRED US FOR THE APCH. WE IMMEDIATELY BEGAN THE APCH. VNY WAS RPTING 3 MI VISIBILITY; OUR INFLT VISIBILITY WAS ABOUT 1 1/2 MI. THE SUN WAS LOW AND FROM OUR ANGLE CONSIDERING SUNLIGHT WAS 1 MI. SOCAL WAS LATE HANDING US OFF TO TWR. WE WERE 8.0 DME; FAF IS 7.3. TWR GOT ON AND SAID TA YOUR IMMEDIATE VICINITY. THEN THE NAVAJO GOT ON AND SAID HE HAD US IN SIGHT IMMEDIATELY ABOVE HIM. WHEN WE GOT ON THE GND MY COPLT AND I BOTH TALKED TO HIM. HE WAS VFR ON LOC AND GS IN LIMITED VISIBILITY AND ASKED WHY HE DID NOT JUST GET AN IFR CLRNC. HE STATED THAT HIS BOSS WOULD HAVE SOMEONE ELSE FLY THE GRAND CANYON RUNS IF HE INCURRED TOO MANY DELAYS. THE FIELD SAYING THE VISIBILITY IS 3 MI HE THINKS GIVES HIM THE RIGHT TO NOT GO IFR IS RIDICULOUS. THE VISIBILITY WAS POOR ENOUGH THAT I NEVER SAW HIM AND COULD HAVE DSNDED RIGHT ON TOP OF HIM. THE ATTITUDE HE HAD WAS A BIT CAVALIER. THESE GUYS ARE LOW TIME AND WILL DO ANYTHING TO HANG ONTO A JOB AND BUILD TIME. THE GRAND CANYON FLTS OUT OF VNY ARE NUMEROUS AND NOW I FIND ARE A DANGER. I WOULD HOPE IF THEY CONTINUE TO DO THEIR OWN VERSION OF SPECIAL VFR WITHOUT A CLRNC THAT THEY STAY OFF THE LOC SO THOSE OF US THAT ARE LEGAL CAN GET DOWN SAFELY. I PLAN TO TALK TO THE LCL FSDO ABOUT THIS OCCURRENCE.",,,,"LTT HAS NMAC WITH SMT ON APCH.",
319425,199510,0601-1200,HGR,MD,,,,2000,,VMC,,,Daylight,,,Tower HGR,Air Taxi,Any Unknown or Unlisted Aircraft Manufacturer,,2,Part 135,IFR,Passenger,,Initial Approach; Landing; Landing,,Class D HGR,,,,,,,,,,,,,,,,,,,,,,,,,,,,,,,,,,,,,,,,,,,,,,,,,,,,,,,,,,,,,,,,,Air Taxi,Captain; Pilot Flying,Flight Crew Air Transport Pilot (ATP),Flight Crew Last 90 Days 150; Flight Crew Total 8500,,,,,319425,,,Air Taxi,First Officer,Flight Crew Commercial; Flight Crew Instrument,,,,,,,Deviation / Discrepancy - Procedural FAR; Inflight Event / Encounter Weather / Turbulence; Other Unspecified,,,Person Air Traffic Control,,General None Reported / Taken,,Weather,"AS WE JOINED THE INBOUND COURSE AND CHANGED TO TWR; WE HAD THE W END OF THE LNDG RWY IN SIGHT ALONG WITH MOST OF THE ARPT. VERY LOCALIZED FOG BANK OBSCURED THE APCH END TO RWY 27. I ADVISED TWR WE WOULD BREAK R FOR A L DOWNWIND TO RWY 9. THIS WAS APPROVED AND WE WERE CLRED TO LAND (ILS RWY 27). AT 2000 FT MSL; WE RPTED WE WERE BREAKING OFF THE APCH AND WERE PROCEEDING AS REQUESTED WITH THE RWY CLRLY IN SIGHT. WE LANDED AND STOPPED BEFORE THE FOG BANK. HOWEVER TWR ASKED US TO ADVISE WHEN WE WERE CLR OF THE RWY. I NOTICED THE TOP OF THE CTL TWR HAD FOG ONLY ON ITS S-SIDE. BEING PART 135; I SHOULD HAVE REQUESTED A CONTACT APCH OR CANCELED IFR AND REQUESTED A SPECIAL VFR. FOR ALIGNMENT AND TERRAIN CLRNC; HAVING PART OF THE RWY IN SIGHT; I CONTINUED ON THE VECTOR AND THE APCH. THE SAFER HOWEVER NOT ALLOWED BY PART 135; WHICH I DIDN'T REALIZE UNTIL AFTER THE LNDG.",,,,"APCH IN LOW VISIBILITY. CIRCLING APCH BELOW MINIMUMS.",
320300,199511,0601-1200,SBY,MD,,0,0,,,IMC,5,,Daylight,600,,FSS SBY; TRACON NHK,Military,Chinook (CH-47),,2,Other Other,None,Training; Other Other,,Landing; Landing; Initial Approach,,Class D SBY,,,,,,,,,,,,,,,,,,,,,,,,,,,,,,,,,,,,,,,,,,,,,,,,,,,,,,,,,,,,,,,,,Military,Pilot Flying; Captain,Flight Crew Instrument; Flight Crew Flight Instructor; Flight Crew Commercial; Flight Crew Air Transport Pilot (ATP),Flight Crew Last 90 Days 150; Flight Crew Total 4700; Flight Crew Type 2700,,,,,320300,,,Military,First Officer,,,,,,,,Deviation / Discrepancy - Procedural FAR; Inflight Event / Encounter VFR In IMC; Other Unspecified; Other Airspace Violation Entry or Exit,,,Person Air Traffic Control,,General None Reported / Taken,,Weather,"I WAS THE PIC OF A FOREIGN MIL CHINOOK HELI ON A FINAL TRAINING MISSION. WE DEPARTED VFR FOR A LOW LEVEL NAV FLT PREDOMINANTLY OVER WATER AWAY FROM LAND DUE TO THE LOW CEILINGS (500-1000 FT). THE RTE WAS TO PROCEED DOWN THE COAST AND TURN INLAND TO SALISBURY; MD. BEING A NON-TWR CTLED ARPT; WE WERE GOING TO MAKE A 'SPECIAL VFR' TYPE OF TOUCH AND GO; THEN DEPART BACK TO THE COAST. THIS WAS THE FIRST MISTAKE; NOT REALIZING THAT SALISBURY'S CLASS D AIRSPACE WOULD REQUIRE CONTACTING PATUXENT APCH CTL. WE PROCEEDED TO CONTACT SALISBURY FSS (CTAF). THEY STATED THE ALTIMETER AND CEILING AT 300 FT AND RWY 32 IN USE. I TOLD THEM THEY HAD BETTER CEILINGS THAN THAT BUT DID NOT STATE WHAT THEY WERE. WE WERE AT 500 FT AND CLR OF CLOUDS WITH AT LEAST 5 MI VISIBILITY. AT 5 NM WE TOLD FSS OUR INTENTIONS OF LNDG RWY 32. THEY ASKED IF WE WERE IFR AND I RESPONDED 'NO;' BUT THINKING OF THE CEILINGS BEING BELOW 1000 FT; I SAID I WAS SPECIAL VFR. THIS WAS MY SECOND MISTAKE; NOT ACCURATELY COMMUNICATING. I WAS IN FACT VFR AND HAD I SAID THIS; FSS WOULD PROBABLY HAVE TOLD ME TO CONTACT PAX APCH. HOWEVER; I AM SURE HE THOUGHT I WAS TALKING TO PAX AND CLRED US TO THE ARPT. IT WAS NOT MY INTENTION TO CONFUSE OR DECEIVE ANYONE BUT THAT IS WHAT HAPPENED. WHEN WE WERE ON BASE TO RWY 32; AN ACFT RPTED IN ON THE ILS TO RWY 32. HE WAS TOLD TO RPT 2 NM. I THEN CALLED BASE AND WAS CLRED TO LAND. BECAUSE I KNEW THERE WAS AN ACFT ON THE ILS; I IMMEDIATELY ASKED TO REPOS TO THE OTHER RWY. FSS ASKED US TO MOVE TO THE TXWY; I THEN DECIDED TO DEPART BEFORE THE ILS TFC ARRIVED. WE WERE CLRED TO DEPART AND AS WE WERE APCHING THE FIELD BOUNDARY; THE COPLT RPTED TO ME 'VISUAL CONTACT' WITH THE ILS TFC AS HE RPTED 2 NM. WE HAD CLRED THE ARPT BOUNDARY WHEN HE TOUCHED DOWN. WHEN I RPTED CLR OF THE ARPT THE FSS AGAIN ASKED IF I WAS IFR AND I RESPONDED 'NO.' IT WAS THEN FSS INFORMED ME I HAD VIOLATED THE AIRSPACE BECAUSE PAX APCH WAS IN CTL DURING IFR WX. HAVING FLOWN THIS ACFT FOR MORE THAN 120 HRS; WITH ITS ADVANCED NAV SYS; I HAD BECOME OVER CONFIDENT IN THE ABILITY TO 'GO ANYWHERE.' THIS; ALONG WITH THE 'CAN DO' ATTITUDE TO FINISH THE FLT TRAINING SO THE STUDENTS COULD DEPART FOR HOME; CAUSED ME TO NOT FULLY RECOGNIZE THE SIT WE WERE GETTING INTO.",,,,"MIL HELI OPERATES VFR INTO CLASS D AIRSPACE THAT'S IFR WITHOUT CLRNC.",
320873,199511,1801-2400,BET,AK,,2,600,,,IMC,,,Night,,,Tower BET,Air Taxi,Skylane 182/RG Turbo Skylane/RG,,1,Part 135,SVFR,Passenger,,Other Airhold,,Class D BET,,,,,,,,,,,,,,,,,,,,,,,,,,,,,,,,,,,,,,,,,,,,,,,,,,,,,,,,,,,,,,,,,Other Compensated GA,Single Pilot; Pilot Flying,Flight Crew Commercial; Flight Crew Instrument,Flight Crew Last 90 Days 189; Flight Crew Total 785; Flight Crew Type 265,,,,,320873,,,Government,Local,Air Traffic Control Fully Certified,,,,,,,Aircraft Equipment Problem Less Severe; Deviation / Discrepancy - Procedural Clearance; Inflight Event / Encounter VFR In IMC; Inflight Event / Encounter Weather / Turbulence; Other Airspace Violation Entry or Exit,,,Automation Aircraft Other Automation; Person Flight Crew,,General None Reported / Taken,,Human Factors,"ON A RETURN TRIP TO BETHEL; I WAS ADVISED THAT THE ARPT WX HAD DETERIORATED TO BELOW VFR MINIMUMS. I REQUESTED A SPECIAL VFR CLRNC AND WAS TOLD TO HOLD OUTSIDE THE AIRSPACE. DURING THE EXTENDED TIME OF THE HOLD; THE INST PANEL LIGHTING FAILED; AND IT HAD BECOME DARK. I ADVISED TWR THAT I WAS MAINTAINING POS WITH A WX TWR THAT WAS WITHIN THE CTLED AIRSPACE; THE TWR HAD A FLASHING BEACON FOR GND REF. LNDG OCCURRED WITHOUT INCIDENT.",,,,"RPTR FLIES INTO CLASS D AIRSPACE WITHOUT CLRNC VFR IN IMC AT NIGHT.",
322620,199512,0601-1200,GVW,MO,,5,,1600,,VMC,3,,Daylight,,,Tower GVW,FBO,Any Unknown or Unlisted Aircraft Manufacturer,,2,Part 91,SVFR,Training,,Initial Approach,,Class D GVW,,,,,,,,,,,,,,,,,,,,,,,,,,,,,,,,,,,,,,,,,,,,,,,,,,,,,,,,,,,,,,,,,Other Compensated GA,Instructor,Flight Crew Instrument; Flight Crew Flight Instructor,Flight Crew Last 90 Days 60; Flight Crew Total 19250; Flight Crew Type 12000,,,,,322620,,,Other Nonprofessional GA,Trainee; Single Pilot; Pilot Flying,Flight Crew Instrument,,,,,,,Deviation / Discrepancy - Procedural Clearance,,,Person Air Traffic Control,,Air Traffic Control Issued New Clearance,,Human Factors,"GVW WAS BELOW VFR MINIMUMS AND WE REQUESTED SPECIAL VFR FROM OVER PLEASANT HILL; MO; AND WERE REQUESTED TO RPT ENTERING THE CTL ZONE. WE RPTED ENTERING THE CTL ZONE AND BEING SE. I HAD A STUDENT WITH ME (WHO WAS INST RATED ALREADY). I HAD HIM INTERCEPT THE LOC FOR VFR TRACKING INBOUND. THE LOC WENT OFF THE AIR TEMPORARILY AND WE TURNED EBOUND AND REQUESTED AN IFR CLRNC AS WE BOTH WERE INST QUALIFIED AND THE PLANE INST EQUIPPED. RADAR (APCH) HOWEVER; COULD NOT PICK US UP AT THE LOW ALT SO WE FLEW OUTBOUND TO OUR PREVIOUS CALL POS (PLEASANT HILL) AND GOT ANOTHER CLRNC (SPECIAL) RETURNING INTO THE CTL ZONE. TWR THEN ASKED 'ARE YOU FAMILIAR WITH THE AREA?' WE SAID 'YES' BECAUSE WE WERE. RPTED RWY IN SIGHT AND LANDED. CLOSED SPECIAL VFR.",,,,"DURING AN INST TRAINING FLT; THE INSTRUCTOR FAILED TO FOLLOW THE SPECIAL VFR CLRNC INTO THE CLASS D AIRSPACE AND TURNED BACK OUTBOUND REQUIRING ANOTHER CLRNC.",
325226,199601,1201-1800,GAL,AK,,,0,,,IMC,30,,Dusk,0,,Center ZAN,Air Carrier,Airliner 99,,2,Part 135,VFR,Passenger,,Parked; Takeoff / Launch,,Class D GAL,,,,,,,,,,,,,,,,,,,,,,,,,,,,,,,,,,,,,,,,,,,,,,,,,,,,,,,,,,,,,,,,,Air Carrier,Captain,Flight Crew Air Transport Pilot (ATP),Flight Crew Last 90 Days 120; Flight Crew Total 7200; Flight Crew Type 1500,,,,,325226,,,Air Carrier,Pilot Flying; First Officer,Flight Crew Commercial; Flight Crew Instrument,,,,,,,Deviation / Discrepancy - Procedural FAR,,,Person Flight Crew,,General None Reported / Taken,Procedure,Human Factors,"THIS LEG OF THE FLT AS CAPT IN A BE99 ENDED WITH AN ILS APCH AND LNDG TO THE GALENA ARPT; GALENA; AK. WX WAS PARTIALLY OBSCURED; 2500 FT BROKEN; AND 7 MI; WITH VISIBILITY LOWER TO THE NE; WHICH WAS THE DIRECTION THE FLT WAS INBOUND FROM. THIS WX WAS RECEIVED FROM FAIRBANKS RADIO OVER THE RCO AND FROM ZAN BEFORE BEGINNING THE APCH. DURING THE WEEK WX MUST BE OBTAINED FROM ZAN OR FAI RADIO. DURING THE WEEKEND THE MIL WX OBSERVER IS OFF DUTY; AND THE AWOS IS TURNED ON WHICH THEN BECOMES THE OFFICIAL WX. DURING THE WEEK THE AWOS IS TURNED OFF AND CURRENT CONDITIONS ARE SENT TO FAI FSS AND CANNOT BE OBTAINED FROM ANY RPTING FACILITY AT THE ARPT; EVEN THOUGH THE WX OBSERVER IS ON DUTY. DURING THE APCH AND LNDG I EXPERIENCED 3 MI VISIBILITY IN LIGHT SNOW. AFTER UNLOADING AND RELOADING FOR THE NEXT LEG; THE FO AND I PREPARED FOR DEP. MY OBSERVATION OF THE WX WAS THAT SKY CONDITIONS WERE CLR AND VISIBILITY UNRESTR TO THE W THROUGH SE. I DID NOT LOOK TO THE N THROUGH THE NE. WINDS WERE LIGHT AND VARIABLE. THE WX HAD IMPROVED CONSIDERABLY AND APPEARED TO BE CAVU. WHILE TAXIING OUT AND PREPARING FOR DEP; I HEARD A TA FOR THE ARPT FROM A PLT WHO RPTED THAT HE WAS ON THE VOR DME RWY 7 APCH. MY IMMEDIATE THOUGHT WAS THAT HE WAS ON AN IFR PLAN AND HAD COME FROM AN AREA OF IMC WX AND WAS CONTINUING THE APCH IN ORDER TO REMAIN ON A FLT PLAN AS REQUIRED BY 135 REGS UNLESS A VFR PLAN IS IN EFFECT FOR THE SAME FLT; OR THE COMPANY HAS THEIR OWN FLT FOLLOWING. WHILE COMPLETING CHKLISTS FOR DEP AND WHILE THE FO WAS ATTEMPTING TO ACTIVATE OUR VFR FLT PLAN I OVERHEARD FAI RADIO GIVING A SPECIAL WX OBSERVATION TO ANOTHER PLT. I THOUGHT THAT SINCE THE WX APPEARED CAVU; IT WAS AN UPDATE TO THE LAST OBSERVATION THAT I RECEIVED WHILE ON APCH; FOR IMPROVING CONDITIONS; WHICH I OBSERVED WHILE WALKING TO THE ACFT AND TAXIING OUT FOR DEP. AFTER ACTIVATION OF OUR VFR FLT PLAN WE DEPARTED RWY 7 AND MADE A STANDARD L HAND TURN TO THE N TO DEPART THE AREA TO THE W. UPON COMPLETION OF THE TURN WE ENCOUNTERED A SCATTERED LAYER AT 1000 FT AGL AND REMAINED CLR OF THE CLOUDS UNTIL CAVU CONDITIONS WERE ENCOUNTERED ON THE L DOWNWIND DEP. I THEN REALIZED THE CLASS G AIRSPACE COULD OF BEEN IFR IF THE CLOUDS HAD BEEN RPTED AS A BROKEN LAYER. I ASKED THE FO IF HE HAD HEARD DURING THE SPECIAL OBSERVATION WE OVERHEARD WHILE STILL ON THE GND AND HE SAID HE WAS NOT SURE WHAT THE SKY CONDITION HAD BEEN RPTED AS. WHILE LEAVING THE ARPT TFC AREA TO THE W; WE OVERHEARD ANOTHER ACFT GIVE AN ADVISORY REGARDING HIS POS AND THAT HE WAS HOLDING FOR A SPECIAL VFR CLRNC TO LAND AT THE ARPT. I THEN DISCOVERED THAT WE MAY HAVE DEPARTED THE CLASS E AIRSPACE IN IFR CONDITIONS WITHOUT THE PROPER CLRNC. THE CORRECTIVE ACTIONS I WILL TAKE TO INSURE THAT THIS DOES NOT HAPPEN AGAIN IS ALWAYS OBTAIN CURRENT WX FROM THE RPTING AGENCY RESPONSIBLE FOR THE ARPT BEFORE DEP. THIS MAY BE AT TIMES DIFFICULT AND TIME CONSUMING OVER THE RCO DUE TO HIGH RADIO TFC THROUGH FSS; BUT THE TELEPHONE CAN ALSO BE UTILIZED FOR THIS PURPOSE BEFORE BOARDING THE ACFT. MY INCORRECT PERCEPTION OF THE WX; RADIO XMISSIONS FROM ANOTHER ACFT AND FROM FAI RADIO; CONTRIBUTED TO THE MISTAKE. I SHOULD OF SLOWED DOWN MY DEP SEQUENCE AND NOT BEEN IN SUCH A HURRY TO DEPART BEFORE THE INBOUND ACFT LANDED. THAT WOULD OF THEN ALLOWED ME TO PERCEIVE THE WX SIT CORRECTLY; LISTEN TO COMS WITH CTR; AND TAKE APPROPRIATE AND CORRECT ACTION BEFORE DEPARTING. I WOULD HAVE ALSO HAD THE TIME TO REMEMBER; HAVING ONCE FLOWN FOR THE COMPANY THAT WAS OPERATING THE INBOUND FLT ON APCH; THAT THEY USE COMPANY FLT FOLLOWING AND WERE NOT REQUIRED TO BE ON AN FAA FLT PLAN. THE ACTION WOULD OF BEEN TO REQUEST AND RECEIVE A SPECIAL VFR CLRNC TO DEPART THE CLASS E AIRSPACE. I ALLOWED THE FACTOR OF WANTING TO COMPLETE THE NEXT LEGS OF THE FLT AND COMPLETE MY FLYING DAY TO AFFECT MY JUDGEMENT.",,,,"THE FLC OF A BE99 DEPARTED A CLASS E ARPT WHILE THE CTL ZONE WAS IN EFFECT WITHOUT SPECIAL VFR OR IFR CLRNC. THE CAPT STATES THAT THE INFLT VISIBILITY WAS ABOVE CTL ZONE MINIMUMS WHILE THE FLC WAS INBOUND ON THE APCH; BUT PARTY-LINE RADIO CONVERSATIONS INDICATED THAT THE WX WAS RPTED AS LESS THAN VFR; DURING THE FLC'S DEP.",
328241,199602,1201-1800,PVD,RI,,10,,1500,,IMC,2,,Daylight,2500,,TRACON PVD,Personal,Small Aircraft; Low Wing; 1 Eng; Retractable Gear,,1,,VFR,Personal,,Landing; Initial Approach; Landing,,Class C PVD,,,,,,,,,,,,,,,,,,,,,,,,,,,,,,,,,,,,,,,,,,,,,,,,,,,,,,,,,,,,,,,,,Other Nonprofessional GA,Single Pilot; Pilot Flying,Flight Crew Private,Flight Crew Last 90 Days 50; Flight Crew Total 380; Flight Crew Type 150,,,,,328241,,,Government,Approach,Air Traffic Control Fully Certified,,,,,,,Deviation / Discrepancy - Procedural FAR; Inflight Event / Encounter VFR In IMC; Inflight Event / Encounter Weather / Turbulence,,,Person Flight Crew,,General None Reported / Taken,,Human Factors,"THE VFR FLT WAS FROM FARMINGDALE; NY (FRG); TO NORWOOD; MA (OWD). MY PLANNED RTE WAS FRG BDR HFD PUT AND RADAR VECTORS TO THE PRACTICE LOC RWY 35 APCH. I HAD RADAR ADVISORY SVC THROUGHOUT THE FLT. I HAD RECEIVED A WX BRIEFING THAT WARNED OF A POSSIBILITY OF MARGINAL VFR WITH OCCASIONAL LOW CEILINGS AND OCCASIONAL LIGHT SNOW SHOWERS. THE INDIVIDUAL PREDICTIONS FOR THE STATIONS ALONG MY RTE OF FLT WERE VFR AND THE RTE WAS RPTING VFR WHEN I DEPARTED; WITH CEILINGS 4500 FT OR BETTER. AT DEP THE SKY WAS CLR OVER LONG ISLAND. ENRTE I CAME ACROSS LIGHT HAZE OR FOG; STILL VERY DEFINITELY VISUAL CONDITIONS. HOWEVER; BTWN BRIDGEPORT AND HARTFORD I COULD SEE THICKENING HAZE A FEW MI AHEAD ALONG MY RTE OF FLT. AFTER MY EARLIER EXPERIENCES OF THE WEEKEND I WAS TRYING TO BE PARTICULARLY CAREFUL TO COMMUNICATE WITH ATC; USE ALL THE RESOURCES AVAILABLE TO MAKE AN INFORMED DECISION ABOUT THE WX; AND CHOOSE AN ALTERNATE DEST IF NECESSARY. RATHER THAN PENETRATE THE HAZE; I CIRCLED AND CALLED FLT WATCH TO DISCUSS MY OPTIONS. I WAS TOLD THAT THERE WERE VFR CONDITIONS TO MY N AND ALONG AN E W LINE FROM WORCESTER TO NORWOOD. SINCE THE WIND WAS FROM THE N; IT MADE SENSE TO ME THAT I COULD GO AROUND THE CLOUDS. I COULD ALSO SEE CLRER SKIES TO THE NW. I CONTINUED TO THE HARTFORD VOR AND N. SUDDENLY; ABOUT 5 MI N OF HARTFORD I CAME UP AGAINST A SOLID WALL OF FOG FORMING AN E W LINE PERPENDICULAR TO MY RTE OF FLT. I WAS STILL FIRMLY IN VISUAL CONDITIONS; AND I CIRCLED; REMAINING S OF THE CLOUDS AS I DISCUSSED THE WX SIT WITH PROVIDENCE APCH AND THE EFAS BRIEFER. WHILE I CIRCLED; I TRAVELED A FEW MI E TO THE WINDHAM ARPT. THERE; I TRIED TO DECIDE WHETHER TO LAND OR TO GO TO PROVIDENCE. I ASKED THE PROVIDENCE APCH CTLR WHAT CONDITIONS WERE AT PROVIDENCE AND WAS TOLD THAT PROVIDENCE WAS 2500 FT BROKEN. NO MENTION WAS MADE OF DETERIORATING CONDITIONS; AND SINCE I HAD JUST COME FROM LONG ISLAND SOUND WHERE CONDITIONS HAD BEEN CLR; I THOUGHT I WOULD HAVE LITTLE TROUBLE GOING TO PROVIDENCE; WHICH I DECIDED TO DO. (PROVIDENCE WAS CLOSER TO MY DEST; AND A MUCH MORE CONVENIENT PLACE TO ABANDON MY AIRPLANE THAN WINDHAM; WHERE I DIDN'T KNOW I'D BE ABLE TO GET PUBLIC TRANSPORTATION.) AS I FLEW THE 25 MI E TO PROVIDENCE; THE CEILING WAS QUITE ADEQUATE FOR VFR FLT; BUT ABOUT 10 MI OUT IT STARTED SNOWING. AT FIRST IT WAS LIGHT SNOW AND I STILL HAD 5 MI VISIBILITY; BUT THE SNOW BECAME HEAVIER AND THE FOG THICKENED; AND I HAD TO DSND TO 1500 FT WHILE MY VISIBILITY GRADUALLY WENT DOWN TO A COUPLE OF MI. VISIBILITY WENT BELOW MINIMA JUST ABOUT THE TIME I ENTERED THE PROVIDENCE CLASS C; AND I DIDN'T KNOW WHAT TO DO OTHER THAN MAINTAIN A SAFE ALT AND LAND IN IMC. I KEPT GOOD POSITIONAL AWARENESS; WAS ALWAYS IN VIEW OF THE GND; AT 2-3 MI VISIBILITY; HAD APCH PLATES AND VFR CHARTS AND CHKED FOR OBSTACLES ALONG MY RTE OF FLT. WITHOUT EXPLICITLY STATING THAT I WAS IN IMC; I STATED CLRLY TO THE CTLR THAT I WAS UNABLE TO ACCEPT AN IFR CLRNC; AND THAT I HAD THE ILS APCH PLATE AND WOULD BE HAPPY TO FLY THE APCH IF THAT SEEMED PREFERABLE. THIS SEEMED TO CREATE SOME CONFUSION; THE CTLR NOT REALLY TAKING THE HINT; OR UNDERSTANDING WHAT I WAS ASKING FOR. I HAD HOPED HE WOULD PUT ME ON A RTE WHERE I COULD USE THE INSTS; SO I COULD MAKE A MORE CTLED APCH. I WAS ANXIOUS BECAUSE AT THIS POINT I HAD BEEN VECTORED AROUND; AND THOUGH I SAW NO OBSTRUCTIONS AT MY ALT ON THE APCH PLATE I WAS SOMEWHAT BELOW MSA FOR THE APCH AND I WAS NO LONGER CERTAIN EXACTLY WHERE I WAS ON THE CHART. THE CTLR VECTORED ME AROUND FOR TFC AND THEN TO A FINAL APCH TO RWY??? (NO ILS; I WOULD HAVE HAD TO CIRCLE IF I HAD BEEN GIVEN THE ILS). FINALLY; I GOT INTO VISUAL CONTACT WITH THE ARPT AT 1 1/2 TO 2 MI AND 1200 FT. PERHAPS I SHOULD HAVE ASKED FOR SPECIAL VFR CLRNC. I LANDED IN VIGOROUS SNOW AND TAXIED TO THE RAMP; SOMEWHAT SHAKEN. WITHIN AN HR THE WEAK FRONT HAD PASSED OUT TO SEA; THE CONDITIONS RETURNED TO SOLID VFR; AND I WAS ABLE TO COMPLETE THE 15 MIN TRIP TO NORWOOD IN BEAUTIFUL CLR WX. THERE ARE A LOT OF LESSONS FROM THIS EPISODE; BUT THE FIRST IS THAT WX CHANGES FAST. I NEED TO LEARN TO BETTER INTERPRET WX AND TO BE MORE CONSERVATIVE UNTIL I'VE REALLY COME TO UNDERSTAND WX; OR AT LEAST UNDERSTAND WHAT I CAN AND CAN'T INTERPRET. DESPITE SEVERAL HUNDRED HRS OF PILOTING EXPERIENCE; MY WX EDUCATION IS STILL INADEQUATE; AND ALTHOUGH I'VE FLOWN BTWN NEW YORK AND BOSTON REPEATEDLY; I HAVEN'T DEALT THAT MUCH WITH WINTER WX. ABOUT A YR AGO I TOOK A 10 DAY INST ACCELERATED COURSE. I REMEMBER BEING VERY DISAPPOINTED THAT NONE OF THEIR INSTRUCTORS SEEMED REALLY ABLE TO USE WX PRODUCTS COMPETENTLY. I HAD ASKED THEM TO GO OVER A BRIEFING WITH ME IN DETAIL; AND THEY HAD A LOT OF TROUBLE TRANSLATING IT; MUCH LESS INTERPRETING IT. MY CURRENT INSTRUCTOR; WITH WHOM I AM FINISHING MY INST TRAINING; IS VERY GOOD; BUT WE HAVEN'T REALLY DONE A SERIOUS WX SYLLABUS. I'M PLANNING ON DOING A 'WX INTENSIVE' AT THE FIRST OPPORTUNITY. I'D LIKE TO TAKE A WX INTERP COURSE THAT REALLY TEACHES HOW TO BUILD A SOLID PICTURE. I'VE BEEN EXPLORING INTERNET WX AND FOUND DOZENS OF DIFFERENT WX PRODUCTS; BUT I DON'T REALLY KNOW HOW TO USE THEM. I'VE COMPLETED ALL MY INST TRAINING; BUT I HAVEN'T BEEN SIGNED OFF FOR THE FLT TEST BECAUSE I STILL NEED MORE PRACTICE. I EXPECT TO HAVE THE RATING SOON. TO SOME EXTENT IT'S INEVITABLE THAT HAVING RECEIVED THE TRAINING AND HAVING TRAVELED IN CLOUDS WITH AN INSTRUCTOR; I DON'T FEAR FOR MY SAFETY JUST BECAUSE I'M IN CLOUDS; AND I HAVE TO WORK HARDER TO AVOID TAKING CHANCES THAT I WOULD HAVE AVOIDED WHEN CLOUDS WERE STILL COMPLETELY ALIEN. THE EXPERIENCE OF THIS TRIP TELLS ME THAT I HAVE TO BE MORE CAREFUL. I HAVE NO BUSINESS FLYING IN CLOUDS UNTIL THE FAA BESTOWS AN INST RATING UPON ME.",,,,"NON-INST RATED PVT PLT FLEW INTO INST CONDITIONS. RPTS FROM SAME PLT WITHIN PREVIOUS 2 DAYS SHOW DISREGARD FOR FARS AND WX CONDITIONS.",
330779,199603,0601-1200,OPF,FL,,0,0,,,Marginal,6,,Daylight,,,TRACON MIA; Tower OPF,Air Taxi,Cessna 210 Centurion / Turbo Centurion 210C; 210D,,1,Part 135,SVFR,Cargo / Freight / Delivery,,Initial Approach; Descent; Cruise; Cruise; Descent,,Class D OPF; Class E MIA,,,,,,,,,,,,,,,,,,,,,,,,,,,,,,,,,,,,,,,,,,,,,,,,,,,,,,,,,,,,,,,,,Air Taxi,Pilot Flying; Single Pilot,Flight Crew Air Transport Pilot (ATP),Flight Crew Last 90 Days 200; Flight Crew Total 4700; Flight Crew Type 2700,,,,,330779,,,Government,Approach,Air Traffic Control Fully Certified,,,,,,,Deviation / Discrepancy - Procedural FAR; Inflight Event / Encounter Weather / Turbulence; Other Unspecified,,,Person Flight Crew,,General None Reported / Taken,,Human Factors,"ON MY FLT FROM TPA TO OPF ATC ADVISED OPF LOC INOP. I DEVIATED TO MIA; DUMPED MY CARGO; PICKED UP AN IFR TO FXE. MY PLAN WAS TO GET BELOW THE SCATTERED LAYER AT FXE AND CANCEL IFR; PICK UP A SPECIAL VFR AND GO TO OPF. (I HAD CALLED THE OPF TWR AND HE SAID THE WX WAS FAVORABLE FOR SPECIAL VFR.) AFTER SHOOTING THE LOC APCH IT WAS EVIDENT THE WX WAS VERY GOOD; VISIBILITY WAS EXCELLENT AND CLOUDS WERE VERY SCATTERED; BUT SEEMED TO BE AROUND 800 FT. ENRTE TO OPF I DSNDED TO AN ALT OF 650 FT TO REMAIN CLR OF THE SCATTERED LAYER. THE ONLY REG I BUSTED WAS THE 1000 FT OBSTACLE CLRNC OVER A POPULATED AREA. (WHICH A SVFR CLRNC SEEMS TO CONDONE ANYWAY). A SVFR IS ONLY ISSUED IF THE CEILING IS BELOW 1000 FT AND IN FORT LAUDERDALE YOU ARE DEFINITELY OVER A POPULATED AREA. DOES A SVFR MAKE IT LEGAL TO BE BELOW 1000 FT OVER A POPULATED AREA. IF NOT; IT SHOULD NOT EXIST OR BE ALLOWED IN AREAS WHERE IT IS NOT POSSIBLE. REGARDLESS I WOULD NOT HAVE BEGUN THE SVFR FLT HAD I THOUGHT THE SCATTERED LAYER WOULD DRIVE ME DOWN SO LOW. I LET THE VISIBILITY TRICK ME. I WON'T BOTHER NEXT TIME. SVFR EVEN IN ITS MOST LEGAL INTERP FORCES YOU TO BE ILLEGAL IN THE CITIES.",,,,"AN ATX CARGO PLT FLIES BELOW 1000 FT ABOVE A POPULATED AREA ON A SVFR CLRNC TO LAND AT OPF AFTER THE ILS WAS TAKEN OTS.",
339671,199604,1801-2400,5KE,AK,,0,200,,,,15,,Daylight,2500,,FSS 5KE,Air Taxi,Beaver DHC-2,,1,Part 135,None,Passenger,,Takeoff / Launch; Initial Climb,,Class G 5KE,,,,,,,,,,,,,,,,,,,,,,,,,,,,,,Skywagon 185,,1,Other Unknown,,,,Cruise; Cruise,,,,,,,,,,,,,,,,,,,,,,,,,,,,Air Taxi,Pilot Flying; Single Pilot,Flight Crew Instrument; Flight Crew Commercial,Flight Crew Last 90 Days 45; Flight Crew Total 6800; Flight Crew Type 2100,,,,,339671,,,Other Unknown GA,Single Pilot; Pilot Flying,Flight Crew Private; Flight Crew Instrument; Flight Crew Commercial,,,,,,,Deviation / Discrepancy - Procedural Other / Unknown; Deviation / Discrepancy - Procedural Published Material / Policy,Horizontal 300; Vertical 300,,Person Flight Crew,,Flight Crew Took Evasive Action,,Human Factors,"THE ACFT WAS A DEHAVILLAND BEAVER FLOAT PLANE DEPARTING FROM THE KETCHIKAN WATERFRONT SEAPLANE BASE. THE ATIS RPTED WESTERLY WINDS AND W RTES IN USE. AT THE TIME OF MY TKOF THE WINDS HAD SWITCHED TO A SE DIRECTION AND WOULD HAVE REQUIRED ME TO TKOF WITH A QUARTERING TAILWIND. I ELECTED TO TKOF WITH A QUARTERING HEAD WIND (APPROX HDG 170 DEGS) WHICH REQUIRED A R TURN AFTER TKOF TO RETURN TO THE EASTERN SHORELINE TO DEPART TO THE W. AFTER STARTING MY R TURN I OBSERVED A C185 FLOAT PLANE HEADING EASTERLY; BUT WELL BEYOND THE CTRLINE OFF THE TONGASS CHANNEL (THAT IS; THE C185 WAS ON THE WRONG SIDE OF CTRLINE FOR W TFC FLOW). THE C185 WAS APPROX 3/4 MI AHEAD OF ME AND WAS GOING TO PASS OFF MY R WING. C185 WAS AT APPROX 700 FT AGL AND I WAS APPROX 200 FT AGL. THE C185 WAS FOLLOWED BY A DHC2 FLOAT PLANE AT APPROX 800 FT AGL; BUT FLYING ON THE WESTERN SHORELINE OF THE TONGASS CHANNEL (THE CORRECT ROUTING). IN ORDER FOR ME TO RETURN TO THE E SIDE OF THE CHANNEL I WOULD HAVE HAD TO FLY IN FRONT OF THE C185 AND LOSE SIGHT OF IT ABOVE MY L WING. I ELECTED TO PASS BEHIND AND BELOW THE C185; OFF ITS R WING AND BELOW AND TO THE L OF THE H2. I DIDN'T OBSERVE EITHER ACFT MAKE AN EVADING MANEUVER AND OUR PASSAGE DISTANCES WERE NO CLOSER THAN DURING MANY OPS CONDUCTED IN THE HARBOR AREA. THE H2 WAS APPROX 1/4 MI BEHIND AND TO THE R OF THE C185; BY APPROX 400 FT. WITHIN APPROX 1 TO 1 1/2 MIN THE WIND SHIFT I HAD OBSERVED AND NOTED WAS CALLED BY KETCHIKAN RADIO AND THE RTES WERE CHANGED FROM W TO E. I WAS NOT OVERLY FAMILIAR WITH THE TFC RTES IN TONGASS NARROWS AS THIS WAS ONLY MY FIFTH DAY ON-LINE HERE. BECAUSE MY COMPANY IS UPGRADING TO TWIN ENG TURBOPROPS I HAD ALMOST NO FACE TO FACE TRAINING ON THE LCL OPS. NO DIAGRAMS OF LCL TFC FLOW WERE USED DURING TRAINING. THIS IS UNIQUE AIRSPACE IN MY EXPERIENCE. KETCHIKAN RADIO ISSUES AN ATIS AND TA'S AND WILL ISSUE SPECIAL VFR CLRNCS WHEN BELOW VFR MINIMUMS. THERE IS EVEN A SPECIAL-SPECIAL ALLOWING FLOAT PLANE OP AT 200-400 FT AGL E OF THE CTRLINE OF TONGASS NARROWS WHILE IFR TFC IS INBOUND OR OUTBOUND. I HAVE SEEN NO PRINTED LITERATURE REGARDING THESE OPS. I ONLY RECEIVED APPROX 10 MINS OF ORAL BRIEFING CONCERNING THESE MATTERS DURING MY 135 GND TRAINING. MY GUESSTIMATION IS THAT 90-95 PERCENT OF THE ACFT OPS IN THIS AREA ARE FLOAT PLANES; YET THE OBS AT KETCHIKAN RADIO FACE THE RWY AT THE ARPT. THE H2 MAY HAVE BEEN IN THEIR VIEW; THE C185 WAS ALMOST CERTAINLY NOT IN THEIR VIEW DURING THE TIME I MADE MY DECISION TO PASS BEHIND IT. NEITHER CAN THEY SEE THE FLOAT PLANE DOCK ON THE ARPT SIDE OF THE TONGASS NARROWS. ALMOST ALL WHEELPLANE OPS HERE ARE STRAIGHT IN AND OUT OPS REQUIRING LITTLE OBSERVATION. I FEEL THAT FAA PICTORIALS OF THE SPECIAL AIRSPACE OF THE KETCHIKAN AREA TFC FLOWS SHOULD BE MADE AVAILABLE DURING GND TRAINING; AND MORE TIME SPENT EXPLAINING THE UNIQUE OPERATIONAL REQUIREMENTS OF THIS AREA. AND BECAUSE SO MANY FLOAT PLANE OPS ARE CONDUCTED IN REMOTE SITE UNCTLED AIRSPACE MANY OF US FLOAT PLTS ARE NOT ACCUSTOMED TO THESE SORT OF OPS. I WAS ALSO STARTING MY 13TH HR OF MY DUTY DAY. IN SHORT: BETTER TRAINING BY PART 135 OPERATORS CONCERNING THESE OPERATIONAL PROCS. MORE READILY AVAILABLE FAA PUBLISHED INFO ON THESE OPS TO BE USED DURING TRAINING AND FAMILIARIZATION TO THE AREA. HAVE BETTER VIEW FOR THE PEOPLE ISSUING THE TA'S. SHORTER DUTY DAYS FOR PART 135 CREWS. BETTER OBSERVATION OF SHIFTING WINDS IN THE HARBOR. ALSO; HAD I ADVISED KETCHIKAN RADIO OF MY TKOF RTE AND INTENTIONS; I COULD HAVE CLARIFIED THE SIT. CALLBACK CONVERSATION WITH RPTR REVEALED THE FOLLOWING INFO: RPTR STATES THAT THE ACFT WERE NO CLOSER THAN 300 FT VERT AND 300 FT HORIZ AND THAT THIS IS NORMAL SEPARATION FOR THIS TYPE OP. HE WAS MORE CONCERNED ABOUT THE LACK OF ANY PUBLISHED PROCS FOR THE TFC PATTERN. HE NORMALLY FLIES OUT OF JUNEAU AND THE FSDO THERE HAS PUBLISHED AN INFO FLYER ON SPECIFIC CHKPOINTS FOR LCL OPS. IT IS VERY HELPFUL AND MAKES NEW PLTS TO THE AREA MORE INFORMED. HE HAS SPOKEN TO HIS COMPANY AND THEYMOSTLY APOLOGIZED FOR THE MINIMAL TRAINING HE RECEIVED AS THEY WERE IN A TRANSITION PHASE. RPTR WOULD LIKE TO SEE SOMETHING DONE FOR KETCHIKAN TO NOTIFY PLTS OF THE LCL PROCS. A SIMPLE LINE DRAWING IS ALL THAT IS NEEDED AND IT SHOULD BE POSTED IN THE PLT AREAS AND PLACED IN THE TRAINING MANUALS. RPTR WAS ENCOURAGED TO SPEAK TO THE LCL FAA REPRESENTATIVES REGARDING HIS SUGGESTIONS.",,,,"AIR TAXI FLOAT PLANE ENCOUNTERS ANOTHER FLOAT PLANE IN OPPOSITE DIRECTION ON THE WRONG SIDE OF THE NARROWS FOR THE DIRECTION OF FLT.",
343610,199608,0601-1200,MVY,MA,,8,,500,,Marginal,7,,Daylight,500,,Tower MVY,Air Taxi,A109 All Series,,1,Part 135,VFR,Passenger,VOR / VORTAC MVY,Landing; Landing; Initial Approach,,Class D MVY,,,,,,,,,,,,,,,,,,,,,,,,,,,,,,,,,,,,,,,,,,,,,,,,,,,,,,,,,,,,,,,,,Air Taxi,Single Pilot; Pilot Flying,Flight Crew Air Transport Pilot (ATP),,,,,,343610,,,Government,Local,Air Traffic Control Fully Certified,,,,,,,Deviation / Discrepancy - Procedural FAR; Deviation / Discrepancy - Procedural Landing Without Clearance; Inflight Event / Encounter CFTT / CFIT,,,Person Flight Crew; Person Air Traffic Control,,General None Reported / Taken,,Human Factors,"I WAS OPERATING AN AGUSTA 109C TWIN TURBINE HELI ON A FAR PART 135 OP. WITH 2 PAX ONBOARD AND AT 500 FT MSL AT 8 MI N OF MVY ARPT; I REQUESTED A SPECIAL VFR CLRNC TO LAND AT MVY; ATIS 500 FT BROKEN 7 MI VISIBILITY WAS CURRENT. THE CTLR ADVISED A 5 MIN DELAY AND TO REMAIN CLR OF CLASS D AIRSPACE. DURING THIS HOLD THE ATIS RPTED FEW AT 500 FT VISIBILITY 7 MI THE FIELD WAS VFR. I REQUESTED CLRNC TO LAND. I WAS TOLD TO RPT A 3 MI R BASE TO FINAL RWY 24. I RPTED MY POS. THE TWR DID NOT HAVE ME IN SIGHT. I WAS INSTRUCTED TO RPT ROLLOUT TO FINAL RWY 24. I DID AND THE TWR STILL DID NOT HAVE ME VISUAL; I WAS DISPLAYING A LNDG LIGHT. THE CTLR WHO IS THE ACTING TWR SUPVR BECAME INCREASINGLY UPSET AS I CONTINUED MY APCH BECAUSE OF HIS INABILITY TO SEE MY ACFT. I LANDED THE ACFT AND REQUESTED TO TALK TO THE TWR CTLR BUT WAS DENIED ACCESS. THIS IS AN OBVIOUS CASE OF OVERLOADED OR INCOMPETENT ATC HANDLING AND UNPROFESSIONAL BEHAVIOR. AS A PROFESSIONAL PLT I REFUSE TO TOLERATE THIS TREATMENT BY ATC.",,,,"ATX HELI INBOUND TO ARPT THAT WAS MARGINALLY VFR LANDED WITHOUT CLRNC. TWR CTLR UNABLE TO SEE HELI AND WAS UPSET WITH PLT FOR LNDG WITHOUT CLRNC.",
345760,199608,0601-1200,BWG,KY,,0,,3500,,IMC,2.75,,Daylight,,,FSS BWG,Personal,Any Unknown or Unlisted Aircraft Manufacturer,,1,Part 91,VFR,Passenger,,Other Airhold,,Class E ZME,,,,,,,,,,,,,,,,,,,,,,,,,,,,,,,,,,,,,,,,,,,,,,,,,,,,,,,,,,,,,,,,,Other Nonprofessional GA,Pilot Flying; Single Pilot,Flight Crew Private,Flight Crew Last 90 Days 25; Flight Crew Total 300,,,,,345760,,,Government,FSS,Other Other,,,,,,,Inflight Event / Encounter Weather / Turbulence; Other Unspecified,,,Person Other Person,,,,Weather,"WHILE FLYING VFR FROM LOU TO BWG; ENRTE TO BWG INFLT VISIBILITY WAS GREATER THAN 4 MI AT 3500 FT MSL. SKIES CLR WITH FOG AND MIST IN LOW LYING AREAS. WHEN 10 MI FROM BWG; FSS WAS CONTACTED. FSS RPTED THAT GND VISIBILITY WAS 2 3/4 MI. FSS STATED THAT 'THE CLASS E AIRSPACE AT THE SURFACE WAS IFR; WHAT ARE MY INTENTIONS.' I TOLD THE FSS THAT I WANTED TO LAND BWG VFR AND COULD THEY RECHK FLT VISIBILITY. MY INFLT VISIBILITY WAS GREATER THAN 5 MI. I COULD SEE THE CITY OF BOWLING GREEN AND THE ARPT FROM THE NE. S OF THE ARPT WAS A LOW LYING LAYER OF MIST BUT NONE OF THIS MIST HAD A BEARING ON MY INFLT VISIBILITY. THE FSS ANSWERED SAYING VISIBILITY IS 2 3/4 MI; WHAT ARE MY INTENTIONS. I TOLD THE FSS THAT I WAS VFR AT 3500 FT AND WOULD OVERFLY THE ARPT AT 3500 FT. I PROCEEDED OVER THE N END OF THE ARPT AT 3500 FT VFR AND TURNED BACK TO THE NE. THE FSS ASKED ME AGAIN; 'WHAT ARE MY INTENTIONS.' I TOLD THEM THAT I WAS RETURNING TO LOU. THE FSS STATION TOLD ME THAT I COULD NOT ENTER CLASS E AIRSPACE UNLESS I FILED AN IFR FLT PLAN WHEN I FIRST CONTACTED THEM. I TOLD THE FSS THAT I WAS VFR AND MY INFLT VISIBILITY WAS GREATER THAN 3 MI. THE FSS SAID THAT I NEEDED TO FILE IFR OR REMAIN CLR OF THE CLASS E AIRSPACE; THE CLASS E AIRSPACE IS ACTIVE. MY ALT FOR THIS PORTION OF THE FLT WAS AT 3500 FT MSL. I DO NOT BELIEVE THAT I VIOLATED ANY AIRSPACE OR INFLT RULES BY ENTERING THE CLASS E AIRSPACE. FAR 91.155 (D) RESTRICTS OPS IN THE TFC PATTERN TO AND FROM THE ARPT. I WAS NEVER IN THE TFC PATTERN. WAS I CORRECT WITH MY INTERP OF THIS RULE? SUGGESTION: WHEN I TOLD THE FSS THAT I WOULD LIKE TO LAND VFR AT BWG ARPT; A SPECIAL VFR CLRNC WOULD HAVE ALLOWED ME TO LAND. WHEN I REQUESTED TO LAND; THE FSS COULD HAVE GIVEN ME A SPECIAL VFR CLRNC TO ENTER THE TFC PATTERN. SO; I REMAINED VFR AND RETURNED TO LOU. THE FSS SHOULD BE ABLE TO MAKE A SPECIAL VFR CLRNC AVAILABLE TO THE PLT. CALLBACK CONVERSATION WITH RPTR REVEALED THE FOLLOWING INFO: RPTR STATED THAT HE HAD SINCE DISCUSSED THIS MATTER WITH THE FSS AND LEARNED THAT HE COULD HAVE RECEIVED A SPECIAL VFR THROUGH THE ATC ARTCC CTR IF HE WOULD HAVE ASKED. HE THOUGHT THAT BY STATING HOW GOOD THE FLT VISIBILITY WAS; IT WOULD HAVE TRIGGERED THE SPECIAL VFR CLRNC POSSIBILITY IF AVAILABLE. HE FURTHER STATED THAT HE HAS SINCE BECOME INST RATED.",,,,"PVT PLT OF AN SMA SEL RETURNED TO LAND AT HIS ORIGIN ARPT DUE TO WX RPTED BELOW VFR MINIMUMS FOR CLASS E AIRSPACE.",
347620,199609,1801-2400,DDC,KS,,0,0,,,IMC,,,Daylight,,,Tower DDC,Air Taxi,Any Unknown or Unlisted Aircraft Manufacturer,,2,Part 91,None,Cargo / Freight / Delivery,,Takeoff / Launch; Parked; Taxi,,,,,,,,,,,,,,,,,,,,,,,,,,,,,,,,,,,,,,,,,,,,,,,,,,,,,,,,,,,,,,,,,,,Air Taxi,Pilot Flying; Captain,Flight Crew Instrument; Flight Crew Flight Instructor; Flight Crew Commercial,Flight Crew Last 90 Days 250; Flight Crew Total 1430; Flight Crew Type 270,,,,,347620,,,Air Taxi,First Officer,Flight Crew Commercial; Flight Crew Instrument,Flight Crew Last 90 Days 50; Flight Crew Total 280; Flight Crew Type 10,,,,,347621,Deviation / Discrepancy - Procedural FAR; Inflight Event / Encounter VFR In IMC,,,Person Air Traffic Control; Person Flight Crew,,General None Reported / Taken,,Human Factors,"ON SEP/XX/96; ACFT DEPARTED DDC ARPT WHILE THE FIELD HAD GONE IFR. I DID NOT REALIZE THE FIELD WAS A CLASS E ARPT. I WAS UNDER THE IMPRESSION THE ARPT WAS CLASS G. AT THAT TIME I FELT I COULD DEPART THE AREA VFR AND PICK UP MY CLRNC IN THE AIR. ONCE I WAS AIRBORNE I REACHED ZKC AND THEY GAVE ME A SQUAWK CODE AND ASKED IF I COULD MAINTAIN MY OWN OBSTACLE CLRNC UP TO 5000 FT. I SAID I COULD AND CLBED TO THAT ALT AND RECEIVED MY CLRNC. IT WAS NOT UNTIL I HEARD THE SENECA ASK CTR IF I HAD A SPECIAL VFR THAT IT OCCURRED TO ME THAT THE AIRSPACE COULD BE CLASS E RESULTING IN A CTLED AREA TO THE SURFACE. UNFORTUNATELY; IT WASN'T UNTIL THAT NIGHT WHEN I WAS ALREADY ON THE GND DID I NOTICE ON THE APCH PLATE THAT THERE WAS A FREQ FOR WICHITA RADIO. ALSO; I DID ASK THE BONANZA AHEAD OF ME ON THE GND AT DDC IF THERE WAS A FREQ TO CONTACT CTR ON. HE NEVER DID RESPOND TO ME SO THAT ALSO LED ME TO BELIEVE THAT I COULD PICK UP MY IFR IN THE AIR ASSUMING EVERYONE ELSE WAS. I REALIZE NOW THE ERROR I MADE AND HAVE LEARNED FROM IT. I NOW KNOW TO EITHER GET A VOID TIME; CONTACT FFS OVER THE PHONE OR USE THE CORRECT RADIO FREQ. SUPPLEMENTAL INFO FROM ACN 347621: IN THE FUTURE I WILL GET A CLRNC ON THE GND THROUGH FSS. I WILL ALSO DETERMINE THE AIRSPACE CLASSIFICATION FOR EVERY ARPT AND WILL NOT ASSUME ANYTHING. IT WAS MY SECOND DAY AS SIC WITH COMPANY AND FELT HESITANT TO SPEAK TO CAPT DUE TO INTIMIDATION. I SHOULD HAVE SPOKE UP WITH ANY HESITATIONS DEPARTING. I WOULD NOT HAVE DEPARTED IF I HAD BEEN PIC. I WILL NOT USE MY CAPT'S INFO AS THE SOLE WAY OF DETERMINING IF FLT IS SAFE. I WILL BE MORE OUTSPOKEN IN THE FUTURE.",,,,"CHARTER FLC DEPARTS A CLASS E ARPT VFR WHEN IT WAS IFR AND UNDER THE IMPRESSION THAT IT WAS A CLASS G ARPT WHEN IT WAS CLASS E WITH REQUIRED CLRNC FOR TKOF.",
349740,199610,0601-1200,CAE,SC,,,0,,,IMC,2.5,,Daylight,800,,Tower CAE,Personal,Commercial Fixed Wing,,1,Part 91,SVFR,Passenger,,Climb,,Class D CAE,,,,,,,,,,,,,,,,,,,,,,,,,,,,,,,,,,,,,,,,,,,,,,,,,,,,,,,,,,,,,,,,,Other Nonprofessional GA,Pilot Flying; Single Pilot,Flight Crew Private,Flight Crew Last 90 Days 23; Flight Crew Total 151; Flight Crew Type 140,,,,,349740,,,Government,Local,Air Traffic Control Fully Certified,,,,,,,Deviation / Discrepancy - Procedural FAR; Deviation / Discrepancy - Procedural Clearance; Inflight Event / Encounter VFR In IMC,,,Person Flight Crew,,Air Traffic Control Provided Assistance; General None Reported / Taken,,Human Factors,"PLT DEPARTED UNDER SPECIAL VFR CLRNC FROM GND CTL. AFTER TKOF THROUGH IFR LAYER; PLT BROKE OUT INTO VFR CONDITIONS AT APPROX 1400 FT. CRUISED WITHOUT INCIDENT VFR TO OGB. OGB UNICOM ADVISED ARPT WAS IFR AND ADVISED NOT TO LAND. I CONTACTED CAE DEP; REQUESTED SPECIAL VFR TO RETURN TO CAE. I WAS ADVISED TO DIVERT TO CHS WHERE VFR CONDITIONS EXISTED. I DIVERTED AND WAS HANDED OFF TO SHAW CTLR. I WAS ADVISED THAT MNI HAD POSSIBLE VFR CONDITIONS. I DIVERTED TO MNI AND LANDED SAFELY WITH NO PROBS. THE INCIDENT EMPHASIZED TO ME THE IMPORTANCE OF NOT TAKING OFF UNLESS I AM SURE I CAN LAND AT MY DEST. I SHOULD HAVE CALLED OGB AND GOT THE CONDITIONS. I WILL BE MUCH MORE CAUTIOUS IN MY REQUEST FOR SPECIAL VFR. THE CTLRS DID A SUPER JOB ASSISTING ME WHICH WAS VERY REASSURING AND COMFORTING.",,,,"PVT PLT ON SPECIAL VFR CLRNC CLBED THROUGH IFR CONDITIONS AND THEN FOUND HIS DEST WAS IFR.",
350600,199610,1201-1800,BET,AK,,2,1000,,,VMC,20,,Daylight,5000,,Tower BET,Air Carrier,Twin Otter DHC-6,,2,Part 135,VFR,Passenger,,Initial Approach; Other Pattern,,Class D BET,,,,,,,,,,,,,,,,,,,,,,,,,,,,,,Cessna Single Piston Undifferentiated or Other Model,,1,Part 91,VFR,,,Initial Approach; Other Pattern,,,,,,,,,,,,,,,,,,,,,,,,,,,,Air Carrier,First Officer,Flight Crew Air Transport Pilot (ATP); Flight Crew Commercial; Flight Crew Flight Instructor,Flight Crew Last 90 Days 300; Flight Crew Total 4200; Flight Crew Type 570,,,,,350600,,,Air Carrier,Captain; Pilot Flying,Flight Crew Commercial; Flight Crew Air Transport Pilot (ATP),Flight Crew Last 90 Days 250; Flight Crew Total 7500; Flight Crew Type 5600,,,,,350894,Conflict NMAC; Deviation / Discrepancy - Procedural FAR,Horizontal 300; Vertical 300,,Person Flight Crew,,Flight Crew Took Evasive Action,,Human Factors,"UPON ARR IN ACFT ACR X; THE WX WAS RPTED ON ATIS AS BELOW BASIC VFR. WE CALLED BETHEL TWR 10 DME SE AND REQUESTED A SPECIAL VFR CLRNC WITH A SE TRANSITION. WE WERE TOLD TO RPT 1 MI FROM THE CLASS D SURFACE AREA. WE RPTED 1 MI FROM THE SURFACE AREA ON THE BETHEL 135 DEG RADIAL. THE TWR INSTRUCTED US TO MAINTAIN VFR AND HOLD OUTSIDE THE SURFACE AREA. WE COMPLIED AND ENTERED A HOLD ON THE 135 DEG RADIAL. OUTBOUND IN THE HOLD THE TWR RPTED THE FIELD AS VFR. THE TWR BEGAN CLRING ACFT INTO THE TFC PATTERN FROM THE NE FOR A R DOWNWIND ENTRY FOR RWY 36. OTHER ACFT WERE ALSO CLRED IN FROM THE SW FOR RWYS 36 AND 11. THE TWR CLRED OUR ACFT IN FROM THE SE FOR A R BASE TO RWY 11; AND REQUESTED WE RPT ON R BASE. I REPEATEDLY REQUESTED VERIFICATION; SINCE THIS INSTRUCTION WAS NOT CONSISTENT WITH A NORMAL PATTERN ENTRY AND WOULD PUT US IN CONFLICT WITH TFC IN THE RWY 36 TFC PATTERN. THE CAPT SLOWED THE ACFT TO MINIMUM APCH SPD TO ALLOW MORE TIME TO MESH WITH OTHER TFC IN THE PATTERN FOR RWY 36. THE LCL CTLR FAILED TO RESPOND TO OUR RADIO CALLS; SO WE PROCEEDED TO ENTER R TFC FOR RWY 11. THE TWR THEN RPTED 2 ACFT (ONE TO OUR L AND ONE ON THE R) ON R DOWNWIND FOR RWY 36. WE RPTED BOTH TFC IN SIGHT. THE TWR THEN INSTRUCTED US TO INITIATE A R TURN. AT THAT TIME; WE BELIEVED A R TURN WOULD HAVE PUT US IN CONFLICT WITH THE ACFT TO OUR R. IN DISCRETION OF SAFETY WE INFORMED THE TWR THAT WE WERE PROCEEDING TO FOLLOW THE ACFT TO OUR L; AT WHICH TIME THE CTLR CLRED US TO ENTER THE R DOWNWIND FOR RWY 36. UPON INITIATING THE L TURN; A CESSNA; WHICH WAS PREVIOUSLY BLOCKED FROM VIEW BY OUR R WING; WAS SPOTTED BY US SIMULTANEOUSLY. THE CESSNA WAS ABOVE US BY APPROX 200 FT AND SLIGHTLY TO THE R OF OUR POS. THE CAPT INCREASED HIS L BANK TO PROVIDE GREATER SEPARATION AND TO AVOID AN EMER CONFLICT WITH THE CESSNA. AT THAT TIME THE CTLR INSTRUCTED US TO CONTINUE ON THE R DOWNWIND FOR RWY 36. AFTER EXTENDING DOWNWIND AT THE TWR'S REQUEST; WE WERE ISSUED A LNDG CLRNC. WE LANDED WITHOUT FURTHER INCIDENT. I BELIEVE OUR PROB WAS A RESULT OF THE FOLLOWING FACTORS: 1) THE LARGE NUMBER OF ACFT OPERATING IN THE ATA AT THE SAME TIME; 2) FREQ CONGESTION WHICH DID NOT ALLOW PLTS TO VERIFY CLRNCS OR INSTRUCTIONS; 3) INSTRUCTIONS ISSUED BY CTLRS WHICH ARE IMPOSSIBLE TO COMPLY WITH DUE TO CONFLICTING TFC; AND 4) POSSIBLE ERRONEOUS CLRNCS AND INSTRUCTIONS ISSUED BY CTLRS DUE TO THEIR WORKLOAD OR INEXPERIENCE. BETHEL ATCT WAS RECENTLY TAKEN OVER BY A PVT CONTRACTOR WHICH USED FAA CTLRS FAMILIAR WITH LCL OPS TO TRAIN ITS NEW PERSONNEL. I FEEL THE NON FEDERAL CTLRS WERE RELEASED FROM TRAINING BEFORE THEY COULD ADEQUATELY CTL THE SOMETIMES LARGE VOLUME OF TFC THAT EXISTS IN THIS AREA. IN FACT; THE NEW NON FEDERAL CTLRS FREQUENTLY MAKE ERRORS; EVEN DURING LIGHT TFC PERIODS; WHICH REDUCES ALL PLTS CONFIDENCE IN THEIR ABILITY TO PROPERLY SEQUENCE ACFT. A RECURRENCE OF THIS SIT COULD BE PREVENTED BY GIVING TRANSITIONING CTLRS ADEQUATE TIME TO TRAIN UNDER SUPERVISION DURING HVY TFC PERIODS. ADDITIONALLY; DURING PEAK TFC PERIODS CTLRS SHOULD BE PREPARED TO LIMIT THE NUMBER OF ACFT ENTERING THEIR AIRSPACE BEFORE IT REACHES A SIMILAR LEVEL OF SATURATION. SUPPLEMENTAL INFO FROM ACN 350894: I ALSO DISCUSSED CONFLICT WITH TWR CTLR/SUPVR AND NO FURTHER ACTION WAS DEEMED NECESSARY BY EITHER PARTY.",,,,"ARPT HAD JUST GONE VFR AFTER BEING BELOW VFR MINIMA FOR A WHILE. NUMEROUS ACFT WERE ENTERING DOWNWIND FOR EITHER RWY 11 OR RWY 36. AN ACR DHC6 WAS TOLD TO ENTER R BASE FOR RWY 11 WHILE INBOUND FROM THE SE AND HAD AN NMAC WITH A VFR CESSNA INBOUND FOR RWY 36. THE DHC6 TOOK EVASIVE ACTION. TWR JUST RECENTLY WENT FROM FAA CTL TO A CONTRACT TWR. RPTR SAYS TOO MUCH TFC FOR CTLR TO SAFELY HANDLE.",
386320,199711,1201-1800,VRB,FL,,2,,600,,IMC,6,,Daylight,700,,Center ZMA; Tower VRB,FBO,PA-44 Seminole/Turbo Seminole,,2,Part 91,IFR,Training,,Initial Approach,,Class D VRB,,,,,,,,,,,,,,,,,,,,,,,,,,,,,,PA-44 Seminole/Turbo Seminole,,,Part 91,,,,,,,,,,,,,,,,,,,,,,,,,,,,,,,,Government,Local,Air Traffic Control Fully Certified; Flight Crew Instrument,Air Traffic Control Non Radar 13; Air Traffic Control Radar 2; Flight Crew Total 525,,,,,386320,,,Government,Enroute,Air Traffic Control Fully Certified,,,,,,,ATC Issue All Types; Deviation / Discrepancy - Procedural FAR; Deviation / Discrepancy - Procedural Published Material / Policy,Horizontal 15000,,Person Air Traffic Control,,General None Reported / Taken,,Human Factors,"I TRIED TO COORDINATE WITH ZMA TO MAKE ROOM BTWN THEIR INBOUNDS FOR A SPECIAL VFR DEP. THEY ADVISED OF 2 ACFT INBOUND ON THE VOR/DME RWY 29L APCH AND THAT THEY'D ALLOW ROOM AFTER THE FIRST ONE FOR MY SVFR DEP. ALL NECESSARY COORD WAS COMPLETED. AFTER THE FIRST ONE LANDED; MIAMI CALLED AND ASKED THE STATUS OF MY SVFR DEP BECAUSE THEY HAD THE NEXT INBOUND ESTABLISHED ON FINAL 7 MI SE. I VOLUNTEERED TO HOLD THE SVFR DEP; WHICH THEY DECLINED. A DISCUSSION ENSUED; AND THEY INSISTED IT WAS OKAY TO DEPART THE SVFR PA44; WHICH I DID. AS THE SVFR LIFTED OFF; THE INBOUND PA44 CHKED IN ON MY FREQ AT '7.2 DME' WHICH PUT HIM 2.2 MI FROM THE APCH END OF THE RWY. I VERIFIED HIS POS AND OBSERVED THAT HE WAS; INDEED; ON A 2 MI FINAL; AND THAT THE DEPARTING PA44 HAD NOT YET CROSSED THE DEP END OF THE RWY. I DON'T KNOW WHAT KIND OF SEPARATION ZMA THINKS THEY WERE APPLYING HERE; AND I DON'T KNOW HOW TO GET LCL MGMNT TO TAKE NOTE OF THESE KINDS OF OCCURRENCES. IF I HAD A BRITE SCOPE I COULD ACT AS A SAFETY NET; A SECOND SET OF EYES. AS IT STANDS NOW; IT'S A MIRACLE THAT WE HAVEN'T HAD A MIDAIR HERE YET. AND I'M GETTING TIRED OF FILLING OUT ONE (OR MORE) OF THESE FORMS EVERY SUNDAY.",,,,"TWR CTLR COMPLAINT AGAINST ARTCC CTLR HAVING AN IFR PA44 INBOUND ON FINAL FOR RWY 29L BEFORE A SPECIAL VFR PA44 WAS CLR OF THE DEP END OF THE RWY. RPTR CITES LACK OF BRITE RADAR TO ASSIST IN ACFT SEPARATION.",
389780,199712,0601-1200,L45; BFL,CA,170,6,,1500,,Marginal,4,,Daylight,,,Tower BFL,Personal,Skylane 182/RG Turbo Skylane/RG,,1,Part 91,None,Other Other,,Cruise; Cruise; Parked; Takeoff / Launch,,Class D BFL; Class G L45,,,,,,,,,,,,,,,,,,,,,,,,,,,,,,,,,,,,,,,,,,,,,,,,,,,,,,,,,,,,,,,,,Other Nonprofessional GA,Pilot Flying; Single Pilot,Flight Crew Private; Flight Crew Instrument,Flight Crew Last 90 Days 20; Flight Crew Total 240; Flight Crew Type 4,,,,,389780,,,Government,Local,Air Traffic Control Fully Certified,,,,,,,Deviation / Discrepancy - Procedural FAR; Deviation / Discrepancy - Procedural Published Material / Policy; Inflight Event / Encounter VFR In IMC; Inflight Event / Encounter Weather / Turbulence; Other Airspace Violation Entry or Exit,,,Person Air Traffic Control; Person Flight Crew,,Air Traffic Control Issued New Clearance,,Weather,"MY ACFT WAS ON THE GND AT L45 PRIOR TO A POSITIONING FLT TO BFL. ON THE GND AT L45 I LISTENED TO THE CURRENT BFL ATIS INFO WHICH WAS CLR; 4 MI IN HAZE. I TAXIED FOR TKOF ON L45 RWY 34. IMMEDIATELY AIRBORNE I CONTACTED THE BFL TWR STATING MY INTENTIONS FOR LNDG AND THE CURRENT ATIS INFO CODE. THE TWR RESPONDED WITH MY CALL SIGN; BUT NO FURTHER INSTRUCTION. I CONTINUED TOWARDS BFL. THE CTLR INFORMED ME (ONCE INSIDE THE D AIRSPACE) THAT THE FIELD WAS IFR AS VISIBILITY HAD DROPPED TO 2 1/2 MI. HE ASKED MY INTENTIONS. I REQUESTED A SPECIAL VFR CLRNC FOR LNDG. I CONTINUED TOWARDS THE ARPT; BUT RECEIVED NO SUBSEQUENT COM TO A POINT WITHIN ABOUT 2 NM OF ARPT. AT THIS POINT I SIMULTANEOUSLY TURNED W AWAY FROM ARPT AND ASKED THE CTLR IF I WAS CLRED TO APCH THE ARPT FOR LNDG. AT THIS POINT HE ISSUED THE SPECIAL VFR CLRNC; BUT APPARENTLY SAW MY TURN ON HIS RADAR SCOPE AND QUERIED WHETHER I WAS LNDG AT BFL. I SAID I WAS GOING TO LAND AT BFL AND TURNED TOWARDS THE ARPT; BUT I HAD BECOME SOMEWHAT DISORIENTED AND FLEW PAST THE ARPT. THE CTLR PROVIDED A HEADING BACK TO THE ARPT AND I LANDED UNEVENTFULLY. I THINK THIS PROB HAPPENED AS THE UNLIKELY RESULT OF EVENTS: 1) WX CHANGED OVER A SHORT PERIOD (CAUSING THE ISSUANCE OF A SPECIAL OBSERVATION); 2) AN EXTREMELY SHORT FLT ORIGINATING JUST OUTSIDE OF THE D AIRSPACE. HAD THE CTLR RESPONDED ON HIS FIRST XMISSION THAT THE FIELD HAD JUST GONE IFR; I WOULD HAVE TURNED TO A WESTERLY HEADING TO AVOID THE D AIRSPACE AND WORK OUT THE APCH CLRNC. HAVING ESTABLISHED RADIO CONTACT AND OPERATING WITH THE RECORDING I HAD HEARD MINS EARLIER AS 4 MI I ASSUMED NO PARTICULAR PROB. HOWEVER I SUSPECT THE WX HAD JUST CHANGED AND THE POP UP PLUS THE WX CHANGE CAUGHT THE CTLR OFF GUARD. I THINK IT UNREASONABLE TO EXPECT A CTLR TO PERFORM DIFFERENTLY. PERHAPS REQUIRING ALL CONTACTS TO GO THROUGH APCH CTL FIRST; OR ADJUSTING AIRSPACE SO THAT NEARBY SATELLITE ARPTS TO D AIRSPACE ARE CTLED BY THE PRIMARY TWR WOULD HELP.",,,,"C182 PVT PLT ENTERS BFL D AIRSPACE WITHOUT AUTH AS IT GOES IMC WITH 2 PT 5 MI VISIBILITY RPTED. RPTR HAD LEFT L45 JUST S OF BFL WITH THE ATIS RPTING 4 MI VISIBILITY.",
390735,199801,1201-1800,NEW,LA,,2,0,,,,1.5,,Dusk,4000,,Tower NEW,Corporate,Cessna Stationair/Turbo Stationair 6,,1,Part 91,SVFR,Passenger,,Landing; Landing,,,,,,,,,,,,,,,,,,,,,,,,,,Gear Float,,X,Malfunctioning,,,,,,,,,,,,,,,,,,,,,,,,,,,,,,,,,,,,,,Other Compensated GA,Pilot Flying; Single Pilot,Flight Crew Commercial; Flight Crew Instrument; Other Other,Flight Crew Last 90 Days 60; Flight Crew Total 6700; Flight Crew Type 5500,,,,,390735,,,Government,Local,Air Traffic Control Fully Certified,,,,,,,Inflight Event / Encounter CFTT / CFIT; Inflight Event / Encounter Weather / Turbulence; Other Unspecified,,,Automation Aircraft Other Automation; Person Flight Crew,,Aircraft Aircraft Damaged; General None Reported / Taken,,Weather,"I WAS PIC OF C206 AMPHIBIAN. THE ATIS INFO AT NEW LAKEFRONT CALLED FOR LIGHT WINDS; 300 FT SCATTERED CLOUDS; 4000 FT OVCST; VISIBILITY 1 1/2 MI DUE TO HVY RAIN. I REQUESTED A SPECIAL VFR AT 13 MI AND WAS GRANTED CLRNC UPON REACHING 5 MI E. ON A WIDE L BASE FOR RWY 18L WITH 10 DEGS OF FLAPS AND THE LNDG GEAR DOWN; I CALLED TFC IN SIGHT FOR PARALLEL RWY 18R; AT WHICH TIME THE ANNUNCIATOR PANEL LIGHT INDICATING R LOW FUEL CAME ON. WHILE VERIFYING FUEL QUANTITY AND FUEL SELECTOR ON BOTH; I DSNDED TO A POINT WHERE WATER LNDG WAS IMMINENT. THE ACFT STOPPED AND WHILE TAXIING; I RETRACTED THE GEAR AND BEGAN TAXIING TOWARD SHALLOW WATER. AFTER 2 MINS OF TAXIING THE ACFT WAS STARTING TO LIST TO THE R. AT THIS POINT I RADIOED LAKEFRONT TWR AND REQUESTED RESCUE EQUIP. THE ACFT REMAINED UPRIGHT FOR 5 MINS THEN SLOWLY ROLLED TO THE R; CAPSIZING. CALLBACK CONVERSATION WITH RPTR REVEALED THE FOLLOWING INFO: RPTR STATED THAT THE ENG NEVER RAN OUT OF FUEL OR QUIT; BUT IN EFFECT; HE JUST RAN INTO THE WATER WITH THE AMPHIBIOUS FLOATS GEAR DOWN. THE LAND ARPT WAS 2 MI AWAY. THE R FLOAT LEAKED AND CAUSED THE ACFT TO LEAN TO THE R. THEN THE ACFT SANK TAIL AND R WING FIRST. HE CALLED THE TWR FOR RESCUE HELP AND THE ACFT WAS PULLED FROM THE WATER THE NEXT DAY WITH NO DAMAGE FOR CORROSION FROM THE WATER. THE C206 WAS MOUNTED ON AMPHIBIOUS FLOATS AND HAD A SOLOY TURBOPROP CONVERSION AND WAS OPERATED FOR A CORPORATION.",,,,"WHILE APCHING TO LAND ON AN ARPT NEAR A LAKE; THE PLT OF A CPR C206; WITH AMPHIBIOUS FLOATS; INADVERTENTLY MADE A WATER LNDG WITH THE GEAR DOWN. HE WAS MAKING A SPECIAL VFR APCH IN LOW VISIBILITY.",
390952,199801,1201-1800,NEW,LA,,,0,,,,1.5,,Dusk,4000,,Tower NEW,,Cessna Stationair/Turbo Stationair 6,,1,Part 91,SVFR,Passenger,,Initial Approach; Landing; Landing,,Class D NEW,,,,,,,,,,,,,,,,,,,,,,,,,,,,,,,,,,,,,,,,,,,,,,,,,,,,,,,,,,,,,,,,,Other Unknown GA,Single Pilot; Pilot Flying,Flight Crew Commercial; Flight Crew Instrument,Flight Crew Last 90 Days 60; Flight Crew Total 6700; Flight Crew Type 5500,,,,,390952,,,Government,Local,Air Traffic Control Fully Certified,,,,,,,Aircraft Equipment Problem Critical; Deviation - Altitude Overshoot; Deviation / Discrepancy - Procedural FAR; Deviation / Discrepancy - Procedural Published Material / Policy; Inflight Event / Encounter CFTT / CFIT; Other Unspecified,,,Person Flight Crew,,Aircraft Aircraft Damaged; General None Reported / Taken,,Human Factors,"I WAS PIC OF A C206. THE ATIS INFO AT NEW LAKEFRONT CALLED FOR LIGHT WINDS; 300 FT SCATTERED CLOUDS; 4000 FT OVCST; VISIBILITY OF 1 1/2 MI DUE TO HVY RAIN. I REQUESTED A SPECIAL VFR AT 13 MI AND WAS GRANTED CLRNC UPON REACHING 5 MI E. ON A WIDE L BASE FOR RWY 18L WITH 10 DEG OF FLAPS AND THE LNDG GEAR DOWN; I CALLED TFC IN SIGHT FOR PARALLEL RWY 18R; AT WHICH TIME THE ANNUNCIATOR PANEL LIGHT INDICATING R LOW FUEL CAME ON. WHILE VERIFYING FUEL QUANTITY AND FUEL SELECTOR ON BOTH; I DSNDED TO A POINT WHERE WATER LNDG WAS IMMINENT. THE ACFT STOPPED AND WHILE TAXIING; I RETRACTED THE GEAR AND BEGAN TAXIING TOWARD SHALLOW WATER. AFTER 2 MINS OF TAXIING THE ACFT WAS STARTING TO LIST TO THE R. AT THIS POINT I RADIOED LAKEFRONT TWR AND REQUESTED RESCUE EQUIP. THE ACFT REMAINED UPRIGHT FOR 5 MINS THEN SLOWLY ROLLED TO THE R; CAPSIZING.",,,,"PLT IN A C206 AMPHIBIAN LANDS SHORT OF RWY 18L AT NEW LA. FORTUNATELY; HE WAS OVERWATER AND LANDED THERE. UNFORTUNATELY; THE ACFT ROLLED OVER AND SANK.",
391111,199801,1201-1800,CPS,IL,,0,0,,,IMC,.75,,Daylight,200,,Tower CPS,Corporate,Cessna 425 Corsair,,2,Part 91,IFR,Ferry / Re-Positioning,,Takeoff / Launch; Other Divert; Other Emergency,Visual Approach; Other Circling,Class D CPS,,,,,,,,,,,,,,,,,,,,,,,,Cargo Door,,X,Improperly Operated,,,,,,,,,,,,,,,,,,,,,,,,,,,,,,,,,,,,,,Other Compensated GA,Captain; Pilot Flying,Flight Crew Instrument; Flight Crew Air Transport Pilot (ATP); Flight Crew Commercial,Flight Crew Last 90 Days 60; Flight Crew Total 7000; Flight Crew Type 250,,,,,391111,,,Other Compensated GA,First Officer,Flight Crew Air Transport Pilot (ATP),,,,,,,Aircraft Equipment Problem Critical; Deviation - Altitude Undershoot; Deviation / Discrepancy - Procedural Published Material / Policy; Inflight Event / Encounter Weather / Turbulence; Other Unspecified,,,Person Air Traffic Control; Person Flight Crew,,Air Traffic Control Issued New Clearance; General Declared Emergency,,Human Factors,"AT APPROX AB20 LCL ANOTHER CAPT (ACTING AS COPLT) AND I HAD JUST COMPLETED A FLT FROM CLEVELAND (IFR) UNLOADED OUR 1 PAX AND WERE REPOSITIONING FROM CPS TO ALN FOR A SCHEDULED INSPECTION. WE RECEIVED OUR CLRNC AND TAXIED TO RWY 30L FOR TKOF. ATIS INFO WAS CURRENT. WE RECEIVED TKOF CLRNC FROM TWR AND STARTED TKOF. AFTER LIFT-OFF AND GEAR RETRACTION THE L BAGGAGE DOOR POPPED OPEN. THERE WAS NOT SUFFICIENT RWY REMAINING FOR LNDG. BEING FEARFUL OF SEPARATION OF THE DOOR AND DAMAGE TO THE WINDSHIELD WE ASKED TWR FOR AND RECEIVED PERMISSION TO STAY LOW AND RETURN FOR LNDG. ON TURN FROM XWIND TO DOWNWIND TWR TOLD US TO TURN OFF OUR XPONDER WHICH WE DID. ON DOWNWIND TWR TOLD US WE WERE GRANTED A 'SPECIAL VFR CLRNC.' BEING BASED AT CPS AND FAMILIAR WITH ARPT ENVIRONMENT; WE WERE ABLE TO RETURN TO RWY 30L AND LAND WITHOUT INCIDENT. WE DID THIS AT MUCH BELOW PATTERN ALT.",,,,"A C425 CARGO DOOR IMPROPERLY CLOSED AND LATCHED COMES OPEN ON TKOF. A LOW ALT CIRCLE BACK FOR LNDG AT 200 FT IS ACCOMPLISHED. TWR CTLR ISSUED A SPECIAL VFR CLRNC TO THE CREW WITH THREE FOURTHS MI VISIBILITY.",
408713,199807,0601-1200,YBL,BC,,1,,340,,IMC,2,,Daylight,1500,,FSS YBL,Personal,Skylane 182/RG Turbo Skylane/RG,,1,Part 91,SVFR,Personal,,Descent; Descent; Initial Approach,Visual Approach; Other Arrival,Class E YBL,,,,,,,,,,,,,,,,,,,,,,,,,,,,,,,,,,,,,,,,,,,,,,,,,,,,,,,,,,,,,,,,,Other Nonprofessional GA,Pilot Flying; Single Pilot,Flight Crew Private,Flight Crew Last 90 Days 30; Flight Crew Total 397; Flight Crew Type 60,,,,,408713,,,Government,FSS,,,,,,,,Conflict Ground Conflict; Critical; Deviation / Discrepancy - Procedural FAR; Inflight Event / Encounter CFTT / CFIT; Inflight Event / Encounter VFR In IMC; Inflight Event / Encounter Weather / Turbulence; Other Unspecified,,,Person Flight Crew,,Flight Crew Regained Aircraft Control; Flight Crew Took Evasive Action,,Human Factors,"THEY SHOULD NOT OFFER A SPECIAL VFR WITH CEILING 500 FT AGL IN THAT ARPT. ON JUL/TUE/98; AT APPROX XX45 AM; I WAS APCHING YBL AND I WAS HANDED OFF TO 122.0 CAMPBELL RIVER RADIO. THEY ASKED ME IF I WAS IFR RATED AND I TOLD THEM NO; I WAS NOT IFR RATED. THEN THEY ASKED IF MY AIRPLANE WAS IFR EQUIPPED. I TOLD THEM YES IT WAS. THEY PROCEEDED TO TELL ME THAT THEY COULD GIVE ME A SPECIAL VFR CLRNC IF I COULD WAIT FOR 2 OTHER PLANES IN FRONT OF ME TO LAND. I WAITED; CIRCLING AT 800 FT. THEY RADIOED ME AND TOLD ME TO COME IN ON RWY 29. I PROCEEDED IN ON A 290 DEG HDG APPROX 1/2 MI FROM THE ARPT. THEY SAID THAT THE ARPT SHOULD BE COMING UP ON MY L. AND AT THAT POINT; THE TREES IN FRONT CAME UP WITH THE GND ELEVATION. I IMMEDIATELY PULLED UP TO CLR THE TREES; HITTING THE TOP OF ONE TREE. THAT IMMEDIATELY PUT ME IN TO IFR. I RADIOED 122.0 BACK AND RPTED WHAT HAPPENED; THEY TOLD ME TO GO BACK TO COMOX RADIO WHERE THEY VECTORED ME BACK TO COMOX IFR AND I LANDED AT YQQ.",,,,"C182 PLT HIT TREES WHILE CONDUCTING A SPECIAL VFR APCH.",
409932,199806,1201-1800,MCI,MO,,,500,,,VMC,,,Daylight,,,TRACON MCI; Tower MCI,Personal,PA-31P Navajo P,,1,Part 91,IFR,Personal,,Initial Climb,,Class B MCI,,,,,,,,,,,,,,,,,,,,,,,,Reciprocating Engine Assembly,,X,Malfunctioning,,,,,,,,,,,,,,,,,,,,,,,,,,,,,,,,,,,,,,Other Nonprofessional GA,Pilot Flying; Single Pilot,Flight Crew Instrument; Flight Crew Private,Flight Crew Last 90 Days 45; Flight Crew Total 1074; Flight Crew Type 212,,,,,409932,,,Government,Departure,Air Traffic Control Fully Certified,,,,,,,Aircraft Equipment Problem Critical; Other Unspecified,,,Automation Aircraft Other Automation; Person Flight Crew,,,,Aircraft,"ON IFR FLT PLAN JUST AFTER TKOF I HAD JUST WENT TO DEP. APPROX 1 MI FROM MKC ARPT ACFT WAS NOT CLBING; WAS LOSING AIRSPD. L ENG SHOWED LOW MANIFOLD PRESSURE. IN VISUAL CONDITIONS. TOLD THE CTLR I HAD AN ENG PROB AND NEEDED TO RETURN TO MKC. TURNED BACK TO THE ARPT. CTLR ASKED IF I WANTED VECTORS FOR THE APCH. I SAID NEGATIVE; WE'RE IN VISUAL CONDITIONS. HE CANCELED MY IFR FLT PLAN AND HANDED ME BACK TO DOWNTOWN (MKC) TWR WHO GAVE ME A CLASS B CLRNC AND SPECIAL VFR CLRNC TO LAND. LANDED WITHOUT INCIDENT.",,,,"PLT OF A PIPER PA31P LOST PWR IN THE L ENG DURING AN IFR CLBOUT AFTER TKOF AND RETURNED TO LAND WITHOUT FURTHER INCIDENT.",
412640,199808,1201-1800,ONP,OR,,0,0,,,,,,Daylight,,,,Personal,Helicopter,,1,Part 91,SVFR; None,Passenger,,Initial Climb; Takeoff / Launch,,Class D ONP,,,,,,,,,,,,,,,,,,,,,,,,,,,,,,Helicopter,,1,Other Unknown,,,,Other Airhold,,,,,,,,,,,,,,,,,,,,,,,,,,,,Other Compensated GA,Pilot Flying; Single Pilot,Flight Crew Commercial,Flight Crew Last 90 Days 110; Flight Crew Total 7000; Flight Crew Type 110,,,,,412640,,,,Single Pilot,,,,,,,,Deviation / Discrepancy - Procedural FAR; Inflight Event / Encounter VFR In IMC; Other Airspace Violation Entry or Exit; Other Unspecified,,,Person Flight Crew,,General None Reported / Taken,,Weather,"DEPARTING NEWPORT ARPT; AT THE TIME OF DEP; THE W HALF OF THE ARPT WAS STARTING TO FOG IN. I HOVER-TAXIED TO THE FAR E END OF THE ARPT AND WAS ABLE TO TAKE OFF IN BLUE SKIES AND UNLIMITED VISIBILITY. THIS ARPT IS SET UP FOR A CTL ZONE WHEN THE VISIBILITY IS LESS THAN 3 MI AND A 1000 FT CEILING. THERE WAS ANOTHER HELI IN THE PATTERN WHOM I WAS IN RADIO CONTACT WITH. HE GAVE ME PERMISSION TO TAKE OFF FIRST AND THEN HE WENT IN AND LANDED. ALL OF THIS WAS DONE VFR ON THE E END OF THE FIELD WHILE THE W END WAS FOGGED IN. THE STANDARD FOR THE OTHER ARPTS WITH CTL TWRS HAS BEEN IF I WAS INSIDE OF THEIR CTL ZONE AND IT WAS IN EFFECT; THEY HAVE ALLOWED ME TO WORK INSIDE THE CTL ZONE WITHOUT A SPECIAL VFR IF I WAS IN THE STANDARD VFR CONDITIONS. ALL I NEEDED TO DO WAS MAKE RPTS OF MY LOCATIONS WHILE WORKING IN THEIR AIRSPACE. AS LONG AS I WAS VFR; I DID NOT NEED A SPECIAL VFR TO BE INSIDE THE AIRSPACE. MY POINT TO ALL OF THIS IS THAT IT IS NOT TAUGHT TO NEW STUDENTS THIS WAY SO IT BECOMES MORE LIKE JUST A STORY WHEN AN OLDER PLT DOES SOMETHING LIKE THIS. IT IS LEGAL TO DO BUT NOT GOOD FOR STUDENTS TO SEE. NOT SURE OF HOW OR WHERE TO MAKE A POINT OF THIS; OR IF MAYBE IT IS NOT A RELATIVE POINT TO MAKE AT ALL. HOPE THIS IS NOT TOO CONFUSING; AND THANK YOU FOR YOUR TIME.",,,,"A COMMERCIAL PLT TOOK OFF IN AN SMA HELI FROM A DESIGNATED CLASS E NON TWR ARPT WHEN WX CONDITIONS REQUIRED A SVFR CLRNC. THE PLT DID NOT HAVE A CLRNC; OR BELIEVED THAT HE NEEDED ONE; SINCE HE WAS OPERATING A HELI WHEN THE FLT VISIBILITY MET THE HELI FLT VISIBILITY REQUIREMENT.",
416412,199809,0601-1200,SAX,NJ,,0,,2500,,Marginal,0.5000,,Daylight,500,,,FBO,PA-28 Cherokee/Archer/Dakota/Pillan/Warrior,,1,Part 91,None,Personal,,Descent; Landing; Landing; Descent; Cruise; Cruise,,Class E N90,,,,,,,,,,,,,,,,,,,,,,,,,,,,,,,,,,,,,,,,,,,,,,,,,,,,,,,,,,,,,,,,,Other Nonprofessional GA,Pilot Flying; Single Pilot,,Flight Crew Last 90 Days 21; Flight Crew Total 90; Flight Crew Type 9,,,,,416416,,,Government,Approach,,,,,,,,Inflight Event / Encounter Weather / Turbulence; Inflight Event / Encounter VFR In IMC,,,Person Flight Crew,,Air Traffic Control Issued New Clearance,,,"I SCHEDULED THE RENTAL (PA28-181) FROM FBO AT ESSEX COUNTY ARPT. FBO'S POLICY IS THAT IF A RENTAL PLANE IS NOT BACK ON THE FLT LINE BY XX00 THE NEXT MORNING; THERE WILL BE A MINIMUM 3.5 HR CHARGE FOR THAT DAY. I WAS STRICTLY ADVISED THAT THE PLANE WAS SCHEDULED FOR RENTAL ON SUNDAY MORNING; AND WAS THREATENED WITH HVY FINANCIAL PENALTIES IF I WAS AT ALL LATE. SATURDAY EVENING I DEPARTED CDW FOR HVN WHERE I PICKED UP 2 PAX. I CONTINUED TO MSV; WHERE THE 3 OF US WERE VISITING MY SISTER. FLT CONDITIONS THROUGHOUT WERE EXCELLENT VFR AND WERE FORECAST TO REMAIN THAT WAY FOR THE REST OF THE WEEKEND. ON SUNDAY MORNING I RETURNED TO THE ARPT WITH 1 PAX. DAWN HAD JUST BROKEN; AND A THICK FOG WAS BLANKETING THE AREA. I PREFLTED THE PLANE; BUT DECIDED NOT TO TKOF DUE TO THE FOG. LATER THE FOG APPEARED TO BE LIFTING; AND I ESTIMATED GND VISIBILITY TO HAVE IMPROVED TO 3-4 MI. BECAUSE THE FORECAST THE DAY BEFORE HAD PREDICTED GOOD VFR WX; I ASSUMED THAT I WAS LOOKING AT RADIATION FOG FROM THE NIGHT BEFORE AND DECIDED THAT IT WAS LIKELY TO BURN OFF IN THE RISING SUN. THE FIELD AT MSV IS 1400 FT MSL; WHILE CDW IS AT 174 MSL. SINCE I WOULD LAND AT A LOWER ELEVATION AND LATER IN THE DAY; I THOUGHT THAT THE FOG WAS LIKELY TO BE GONE BY THE TIME I GOT TO CDW. I FELT IMMENSE PRESSURE TO GET THE PLANE BACK TO CDW BY XA00 -- IT WOULD COST ME A LOT OF MONEY AND BEING YELLED AT IF I DIDN'T. I ALLOWED THAT THOUGHT TO CONSUME ME DURING THE NIGHT AND IN THE MORNING. I FORGOT ENTIRELY TO OBTAIN A WX BRIEFING; AND IT HAD BEEN MADE CLR TO ME BY THE OWNER OF THE FBO THAT REQUESTING AN AUTH TO RETURN THE PLANE LATE WAS NOT AN OPTION. UNDER THESE CONDITIONS; I MADE THE NEARLY FATAL MISTAKE OF DECIDING TO FLY DIRECTLY BACK TO CDW. I TOOK OFF WITH 1 PAX FROM MSV AND CLBED OUT TO 2500 FT MSL ON DIRECT HDG TO THE HUGENOT VOR. VISIBILITY DURING THE CLB WAS A FEW MI IN FOG; BUT AROUND 2000 FT MSL (600 FT AGL) WE CLRED THE TOP OF THE FOG AND VISIBILITY WAS VIRTUALLY UNLIMITED. THIS REINFORCED MY BELIEF THAT THE FOG WAS BURNING OFF; AND THAT IT WAS PROBABLY CONFINED TO THE HIGHER TERRAIN. WE FLEW IN GOOD VISIBILITY; THOUGH WITHOUT GND CONTACT; TO HUGENOT WHERE WE PICKED UP THE 165 DEG RADIAL FROM THE VOR. AFTER APPROX 10 MINS VISIBILITY BEGAN TO DECLINE MARKEDLY; AND I DECIDED TO ALTER COURSE TO THE SPARTA VOR; WHERE I HOPED TO BE ABLE TO ORIENT MYSELF TOWARDS CDW. AS WE CAME TO SPARTA VOR VISIBILITY ON TOP WAS AGAIN VERY GOOD; AND I WAS ABLE TO SEE THE VOR ANTENNA ON THE TOP OF A HILL VERY CLRLY. THE VALLEYS ALL AROUND WERE STILL BLANKETED IN A THICK FOG; AND I WAS UNABLE TO IDENT ANY TERRAIN FEATURES BEYOND THE AREA OF THE VOR. I BEGAN TO CIRCLE THE VOR WHILE I CONTACTED THE CDW TWR. THEY ADVISED ME THAT THE ARPT WAS IN SOLID IMC; AND THAT NO SPECIAL VFR DSCNT WAS POSSIBLE. AFTER DETERMINING THAT I WAS NOT IFR-RATED; THEY ADVISED ME TO CONTACT N90 FOR ASSISTANCE. APCH ADVISED THAT THEY COULD VECTOR ME TO STEWART INTL OR TO DUCHESS COUNTY ARPTS. I DECIDED THAT IF I HAD TO HEAD BACK; I MIGHT AS WELL HEAD BACK TO MY SISTER'S HOUSE WHERE I COULD WAIT OUT THE WX. SINCE BOTH STEWART AND POUGHKEEPSIE ARE FAIRLY CLOSE TO WHITE LAKE; I GUESSED THAT THE WX WOULD BE THE ACCEPTABLE AT MSV. I TOLD APCH THAT I WOULD RETURN TO SULLIVAN COUNTY; AND OBTAINED FLT FOLLOWING FROM THEM. I TRACKED BACK TO MSV USING THE SPARTA AND HUGENOT VORS; AND AS I NEARED THE ARPT APCH ASKED ME IF I HAD IT IN SIGHT. I SAID THAT I WAS UNSURE; AND THEY TOLD ME THAT I WAS VERY CLOSE TO IT. THE FOG HAD THICKENED CONSIDERABLY SINCE MY DEP; AND MY GND CONTACT WAS SPORADIC. IN A MOMENT; THOUGH; I THOUGHT THAT I SAW THE RWY THROUGH A HOLE IN THE FOG; AND I ADVISED APCH THAT I HAD THE ARPT IN SIGHT. THEY TERMINATED RADAR SVC; AND I DSNDED THROUGH THE HOLE. AT AROUND 2300 FT MSL I REALIZED THAT WHAT I HAD SEEN HAD NOT BEEN THE ARPT; AND THAT THE BASE OF THE FOG WAS VERY LOW. I TRIED LOOKING EVERYWHERE FOR THE ARPT; AND WAS STRUGGLING WITH EXTREME SPATIAL DISORIENTATION AND INCREASING TENSION. I CONTINUED TO DSND TO 2000 FT MSL; WHERE I WAS ABLE TO SEE THE GND FOR ABOUT 1/2 MI AROUND ME. AFTER A FEW MINS; I CONTACTED APCH AND TOLD THEM THAT I'D BEEN WRONG ABOUT IDENTING THE ARPT. THEY ADVISED ME TO CLB SO THAT THEY COULD GET ME ON RADAR. I CLBED TO 3500 FT MSL THROUGH THICK FOG; AGAIN STRUGGLING WITH EXTREME SPATIAL DISORIENTATION AND FLYING ON INSTS ALONE. AT 2700 FT MSL I BROKE THROUGH THE TOPS OF THE FOG; AND APCH WAS ABLE TO ASSIGN ME A XPONDER CODE. THEY VECTORED ME BACK TO THE ARPT; AND AGAIN I HAD TO DSND VERY LOW TO SEE THE GND. I SEARCHED THE AREA FOR QUITE SOME TIME AROUND 2000 FT MSL (600 FT AGL) BEFORE FINDING THE RWY. I ANNOUNCED MY POS AND INTENTIONS OVER THE CTAF. VISIBILITY AT THIS POINT WAS SO POOR THAT I LOST SIGHT OF THE ARPT WHEN I WENT INTO A LOW DOWNWIND FOR RWY 15. I ANNOUNCED THAT I WAS ABORTING THE PATTERN AND MAKING A SHORT APCH FOR RWY 34. I PASSED LOW OVER THE ARPT; AND CIRCLED INTO A SHORT L TFC LNDG ON RWY 34. THERE WAS NO OTHER TFC IN THE PATTERN. AFTER I CALLED FBO TO EXPLAIN THE SIT; I OBTAINED PERIODIC WX BRIEFINGS UNTIL FLT CONDITIONS IMPROVED. IN EXCELLENT VFR LATE THAT AFTERNOON; I TOOK MY 2 PAX BACK TO HVN; AND THEN RETURNED TO CDW WITHOUT FURTHER INCIDENT. ANALYSIS: I MADE SEVERAL CRITICAL MISTAKES. FIRST; I HADN'T DEVELOPED A CONTINGENCY PLAN IF WX PREVENTED ME FROM RETURNING; NOR HAD I DISCUSSED THAT POSSIBILITY WITH THE FBO. SECOND; I FORGOT TO OBTAIN A WX BRIEFING IMMEDIATELY BEFORE MY FLT. THIRD; I ALLOWED FINANCIAL PRESSURE TO AFFECT MY GO/NO GO DECISION; WITH THE RESULT THAT I MADE THAT DECISION VERY POORLY. I FEEL THAT MY FLT TRAINING DID NOT ADEQUATELY ADDRESS THE INTRICACIES OF THE DECISION MAKING PROCESS. NO ONE REALLY TALKED TO ME AT ANY LENGTH ABOUT THE WAYS IN WHICH FINANCIAL PRESSURE; ANXIOUS PAX; AND TIME PRESSURE CAN AFFECT THE DECISION TO TKOF. FLYING WITH A PPL IS DIFFERENT THAN FLYING SOLO AS A STUDENT; AND THERE IS NO MECHANISM IN PLACE TO ASSIST IN THE TRANSITION. MY SUGGESTION IS THAT SOME FORMAL COM BTWN THE CFI AND THE PLT BE MAINTAINED IN THE PERIOD IMMEDIATELY FOLLOWING THE ISSUANCE OF THE LICENSE; AND THAT THAT COM RELATE TO EACH FLT. FURTHERMORE; THE FBO MADE NO EFFORT TO INFORM ME OF ANY EXISTING POLICIES ABOUT LATE RETURNS DUE TO WX. I WAS BADGERED AND BULLIED ABOUT GETTING THE PLANE BACK ON TIME; AND WAS CONVINCED THAT NO ALTERNATIVE WAS POSSIBLE. THIS WAS ABSOLUTELY THE MOST IMPORTANT FACTOR THAT AFFECTED MY DECISION MAKING PROCESS. MY SUGGESTION HERE IS THAT AN FBO RENTING ACFT OVERNIGHT BE OBLIGED TO BRIEF THE RENTER ON CONTINGENCY POLICIES FOR BAD WX; AND THAT SUCH FBO'S BE PREVENTED FROM PENALIZING PLTS WHO DECIDE FOR ANY REASON THAT IT IS UNSAFE TO COMPLY WITH THEIR RENTAL POLICIES. THERE WERE A FEW THINGS WHICH I FEEL SAVED MY LIFE THAT DAY. FOREMOST; NEW YORK APCH CTL REMAINED CALM; FRIENDLY; AND EXTRAORDINARILY HELPFUL THROUGHOUT THE FLT. THE FEELING THAT I HAD FRIENDS HELPING ME BY MONITORING MY POS AND GUARDING ME FROM TFC WAS IMMENSELY REASSURING. SECOND; THE FAA REQUIREMENT FOR HOOD TIME (SIMULATED IMC) DURING PVT PLT TRAINING GAVE ME THE SKILLS AND THE CONFIDENCE THAT I NEEDED TO DEAL WITH MY FLT INTO IMC. THESE SKILLS ALLOWED ME TO RECOGNIZE SPATIAL DISORIENTATION; AND GAVE ME A CONCRETE PLAN OF ACTION TO DEAL WITH IT. THIRD; I WAS FORTUNATE TO HAVE A PAX WHO MADE NO DEMANDS ON ME DURING THE FLT. HE REMAINED CALM AND SILENT; KEEPING HIS APPREHENSIONS AND TENSION TO HIMSELF UNTIL WE WERE SAFELY ON THE GND. IF HE HAD REQUIRED MY REASSURANCES OR EXPLANATIONS INFLT; I FEAR THAT THE DISTR WOULD HAVE DRAMATICALLY INCREASED THE DANGER THAT WE WERE IN.",,,,"PLT OF A PA28-181 INADVERTENTLY FLIES INTO MARGINAL WX. HE CONTACTS APCH AND IS VECTORED TO A NEARBY ARPT. HE ENTERS IMC.",
423951,199812,1201-1800,BFI,WA,,5,,1000,,IMC,5.0000,,Daylight,2000,,,FBO,Skyhawk 172/Cutlass 172,,1,,None,Training,,,,Class D BFI,,,,,,,,,,,,,,,,,,,,,,,,Air/Ground Communication,,X,Malfunctioning,,,,,,,,,,,,,,,,,,,,,,,,,,,,,,,,,,,,,,Other Compensated GA,Instructor; Pilot Flying; Single Pilot,Flight Crew Commercial; Flight Crew Flight Instructor,Flight Crew Last 90 Days 30; Flight Crew Total 560; Flight Crew Type 250,,,,,423951,,,Other Nonprofessional GA,Trainee; Single Pilot,Flight Crew Student,,,,,,,Aircraft Equipment Problem Less Severe; Inflight Event / Encounter VFR In IMC; Inflight Event / Encounter Weather / Turbulence; Other Unspecified,,,Person Flight Crew,,General None Reported / Taken,,,"WHILE CONDUCTING A PRIMARY DUAL INSTRUCTIONAL FLT UNDER VFR AS A CFI; I FLEW INTO AN AREA OF IMC WHILE LNDG AT A TWR-CTLED ARPT. THE ATIS AT BOEING FIELD INDICATED 5 MI VISIBILITY WITH A CEILING OF AT LEAST 2000 FT. HOWEVER; FROM 6 MI TO THE S AS I RADIOED THE TWR PRIOR TO ENTERING CLASS D AIRSPACE; THE FIELD WAS NOT YET VISIBLE. THE FIELD IS LOCATED IN A VALLEY AND WAS OBSCURED BY WHAT APPEARED TO BE MIST. FLT VISIBILITY IN ALL DIRECTIONS AROUND ME WAS APPROX 5 MI; BUT VISIBILITY N TOWARDS THE FIELD APPEARED TO BE AROUND 3 MI. I WAS TOLD BY THE TWR TO MAKE A STRAIGHT-IN APCH TO RWY 31R. I ALSO HEARD A BOEING JET ON THE ILS BACK COURSE APCH BEING CLRED TO LAND ON RWY 31L. I DID NOT KNOW HOW FAR BEHIND ME THE JET WAS WHEN IT WAS CLRED TO LAND. CLOSER TO THE ARPT; I CALLED FOR AND RECEIVED CLRNC TO LAND ON RWY 31R. AS I PROCEEDED TOWARDS THE RWY; WHICH I STILL COULD NOT SEE; VISIBILITY DETERIORATED TO ABOUT 2 MI IN BLOWING SNOW. I WAS ALREADY AT PATTERN ALT (1000 FT). I FOLLOWED A HWY (I-5) THAT I KNEW FROM EXPERIENCE WOULD LEAD ME DIRECTLY TO THE RWY. IT DID; AND I WAS EASILY ABLE TO INTERCEPT THE VASI AT PATTERN ALT AND LAND WITHOUT INCIDENT. I TUNED IN THE ATIS WHILE TAXIING. A 'SPECIAL OBSERVATION' INDICATED THAT THE FIELD WAS IFR WITH VISIBILITY OF 2 MI IN SNOW. THE TIME GIVEN FOR THE 'SPECIAL OBSERVATION' WAS SEVERAL MINS BEFORE I HAD LANDED. APPARENTLY A FAST- MOVING; LOCALIZED; UNFORECAST SNOW SQUALL (IN SEATTLE?!) HAD MOVED IN FROM LAKE WASHINGTON AND OBSCURED ONLY BOEING FIELD. NEARBY RENTON AND SEA-TAC REMAINED VFR. ANALYSIS: MY DECISION TO CONTINUE VFR IN CLASS D AIRSPACE TOWARDS A RWY I COULD NOT SEE WAS CLRLY AN ERROR. WHEN I REQUESTED AND WAS GRANTED CLRNC TO LAND FROM 3 MI AWAY; I STILL COULD NOT SEE THE RWY. I KNEW I WAS MAKING A DECISION; AND I KNEW THAT IT WAS PROBABLY THE WRONG ONE. HOWEVER; SOMEWHAT INCREDIBLY; IN THE HEAT OF THE MOMENT; I DID NOT IMMEDIATELY THINK OF WHAT THE RIGHT DECISION MIGHT BE; SO I BLUNDERED FORWARD. WHAT I SHOULD HAVE DONE: ON MY INITIAL CALL-UP FROM 6 MI AWAY; I SHOULD HAVE INDICATED TO THE TWR THAT THE FIELD DID NOT APPEAR TO BE VFR; AND TO PLEASE ADVISE. AT THAT TIME; I COULD EASILY HAVE REQUESTED A SPECIAL VFR. CERTAINLY UPON REQUESTING MY LNDG CLRNC; I SHOULD HAVE TOLD THE TWR THAT THE FIELD DID NOT APPEAR TO BE VFR. BY THAT POINT; ALREADY IN CLASS D; I COULD NOT HAVE OBTAINED A SPECIAL VFR CLRNC; BUT SOME SORT OF ARRANGEMENTS COULD HAVE BEEN MADE. IN ANY EVENT; I SHOULD HAVE EXECUTED A 180 DEG TURN UPON ENTERING IMC; SINCE I KNEW THAT VFR CONDITIONS EXISTED BEHIND ME; AND I DID NOT KNOW HOW BAD THE VISIBILITY WAS IN FRONT OF ME. IN CONDITIONS OF BLOWING SNOW; IT COULD EASILY HAVE DETERIORATED TO 1 MI OR LESS. IN GENERAL; MORE COM EARLIER ON WITH THE TWR WOULD HAVE PREVENTED ME FROM GETTING INTO THIS SIT. REASONS I DID NOT MAKE THE PROPER DECISIONS: THERE WAS NO PUSH-TO-TALK BUTTON ON THE R-HAND YOKE; FORCING ME TO USE THE HAND-HELD MIKE. THE MIKE HAD FALLEN TO THE FLOOR IN FRONT OF ME; AND; AS VISIBILITY DETERIORATED; I WAS CONCENTRATING ON MY FLYING AND HESITATED TO REACH DOWN AND PICK IT UP. MOREOVER; THE TWR HAD TOLD ME THAT THEY HAD DIFFICULTY HEARING MY XMISSIONS FROM THE MIKE (AND FROM THE CRUMMY ACFT RADIOS). I HESITATED TO EXECUTE A 180 DEG TURN OUT OF IMC BECAUSE I DID NOT KNOW THE POS OF THE BOEING JET BEHIND ME. IT MIGHT HAVE BEEN RIGHT ON MY TAIL; AND A BLIND 180 DEG TURN TOWARDS IT COULD HAVE BEEN DISASTROUS. MY STUDENT HAD TOLD ME THAT SHE NEEDED TO BE ON THE GND BY XA00 PM; AND TIME WAS RUNNING SHORT. AS A FAIRLY NEW CFI WITH A FAIRLY NEW STUDENT; I DID NOT WANT TO APPEAR THAT I WAS UNSURE OF WHAT TO DO. (HOWEVER; IN PREVIOUS SITS; THIS HAD NEVER BEEN A PROB FOR ME.) AFTER THIS FLT; MY STUDENT LEFT QUICKLY TO GET TO AN APPOINTMENT. BEFORE OUR LESSON THE NEXT DAY; HOWEVER; I GAVE HER A LENGTHY AND CANDID EVALUATION OF THE ERRORS IN JUDGEMENT I HAD MADE; AND WE HAD A VERY PRODUCTIVE DISCUSSION OF HUMAN FACTORS AND AVIATION DECISION-MAKING IN GENERAL.",,,,"INSTRUCTOR PLT OF A C172 OF A DUAL TRAINING FLEW INTO IMC WX CONDITIONS DURING RETURN TO HOME BASE. THE FLT VISIBILITY WAS REDUCED BY A SNOW SHOWER WHICH TOOK THE RPTR BY SURPRISE. HE DID NOT DO A 180 DEG TURN BACK TO VFR WX SINCE THERE WAS A RPTED B727 BEHIND HIM MAKING AN APCH TO THE ADJACENT PARALLEL RWY.",
437100,199905,0601-1200,ONP.Airport,OR,,5,,300,,IMC,Rain; 1,,Daylight,300,,UNICOM ONP,Air Taxi,Iroquois 205 (Huey),,1,,VFR,,GPS,,,Class G ZSE.G,,,,,,,,,,,,,,,,,,,,,,,,,,,,UNICOM ONP,Government,SA 365 Dauphin 2,,1,Part 91,VFR,,,Cruise,,Class G ZSE.G,,,,,,,,,,,,,,,,,,,,,,,,Aircraft X,,Air Taxi,Pilot Flying; Single Pilot,,Flight Crew Last 90 Days 162; Flight Crew Total 9205; Flight Crew Type 272,,,,,437100,Aircraft Y,,Military,Pilot Flying; Single Pilot,,,,,,,,Deviation / Discrepancy - Procedural FAR; Inflight Event / Encounter Weather / Turbulence; Other See and Avoid,Horizontal 300; Vertical 50,,Person Flight Crew,,Flight Crew Took Evasive Action,Human Factors; Weather,Human Factors,"ON AN AFTERNOON IN MAY; AT APPROX 4 NM S OF ONP ARPT; I WAS FLYING A BELL UH1H. THE WX AT THE SHORELINE WAS 300 FT INDEFINITE AND 3/4 TO A MI VISIBILITY. I SAW WHAT APPEARED TO BE A MIL DAUPHIN APCHING. HE HAD PREVIOUSLY CALLED 7 MI TO THE S OF ONP ON A SPECIAL VFR TO ONP. I HAD DETERMINED MY POS TO BE JUST OUTSIDE THE CLASS E AND WAS ABOUT TO CALL WHEN I SAW THE ACFT. I DIVERTED MY COURSE TO THE R. THE MIL HELI EXECUTED A CLBING L TURN AND I TURNED L TO AVOID. OUR SEPARATION ON PASSING WAS ABOUT 300 FT HORIZ AND 50 FT VERT. I CALLED ON 123.025 AND LATER ON 122.8 BUT RECEIVED NO RESPONSE. I LANDED AT THE NEXT ARPT S AT FLORENCE. A CALL CAME IN AS I WAS REFUELING THE HELI. THE PLT OF THE MIL HELI AND I DISCUSSED THE SIT. I CALLED THE CHIEF PLT OF MY COMPANY; AND SECURED THE ACFT FOR THE DAY IN THE WORSENING WX.",,,,"HELI PLT ENCOUNTERS NMAC WITH MIL HELI.",
443037,199907,0601-1200,ONP.Airport,OR,,2,,600,,Mixed,10,,Daylight,800,,Center ZSE.ARTCC,Personal,PA-32 Cherokee Six/Lance/Saratoga/6X,,1,Part 91,None,Personal,,Initial Approach,Other Straight In,Class D ONP.D,,,,,,,,,,,,,,,,,,,,,,,,,,,,,,,,,,,,,,,,,,,,,,,,,,,,,,,,,,,,,,,Aircraft X,,Personal,Pilot Flying; Single Pilot,Flight Crew Instrument; Flight Crew Commercial,Flight Crew Last 90 Days 34; Flight Crew Total 2632; Flight Crew Type 356,,,,,443037,Facility ZSE.ARTCC,,Government,Enroute,Air Traffic Control Fully Certified,,,,,,,Deviation / Discrepancy - Procedural Published Material / Policy; Deviation / Discrepancy - Procedural FAR; Inflight Event / Encounter VFR In IMC; Inflight Event / Encounter Weather / Turbulence,,,Person Flight Crew,,General None Reported / Taken,Weather; Human Factors,Human Factors,"APCHED ONP FROM THE E IN CAVU CONDITIONS; RECEIVING VFR FLT FOLLOWING FROM ZSE. THE ARPT IS SITUATED ON A 200 FT BLUFF ABOUT 1/2 MI INLAND FROM THE PACIFIC AND IS IN A CLASS E SURFACE AREA. I WAS MONITORING THE ONP AWOS; WHICH WAS INDICATING 800 FT SCATTERED WITH VISIBILITY AT LEAST 10 MI. AS I GOT CLOSER; I COULD SEE AREAS OF MARINE STRATUS; MOSTLY FROM MID-FIELD S; BUT COULD SEE THE ARPT BUILDINGS CLRLY BENEATH THE CLOUDS. CTR TERMINATED RADAR SVC WITHOUT ANY MENTION OF THE WX AT ONP; WHICH CONFIRMED MY BELIEF THAT THE FIELD WAS ABOVE VFR MINIMUMS. I MADE AN ATTEMPT TO CONTACT UNICOM; BUT THERE WAS NO REPLY. SINCE THE WIND WAS RPTED AS NORTHERLY AT 10 KTS; I DECIDED TO DSND WBOUND ABOUT 3 MI S OF THE FIELD; CROSS UNDER THE CLOUD LAYER; AND MAKE A STRAIGHT-IN APCH TO RWY 34; STAYING SLIGHTLY W OF CTRLINE. THIS WOULD KEEP ME AWAY FROM HIGHER TERRAIN AND MOSTLY OVER THE BEACH IN THE EVENT I ENCOUNTERED LOWER CLOUDS. TO REMAIN CLR OF CLOUDS; I HAD TO DSND TO ABOUT 600 FT MSL (WHICH WAS 600 FT ABOVE THE BEACH BUT ABOUT 400 FT ABOVE THE ARPT). I MADE POS RPTS ON UNICOM AND HEARD A PLANE RPT THAT HE WAS DEPARTING RWY 34 VFR. I BRIEFLY ENCOUNTERED REDUCED VISIBILITY (APPROX 2 MI); BUT NEVER LOST GND CONTACT; AND THE LNDG WAS UNEVENTFUL. WHEN I WENT TO THE FBO TO ARRANGE GND TRANSPORTATION; THE PERSON THERE WAS ALSO THE OFFICIAL WX OBSERVER AND MENTIONED IN PASSING THAT HE HAD RECENTLY CALLED IN AN OBSERVATION OF 800 FT BROKEN; MAKING THE FIELD BELOW VFR MINIMUMS. IT IS QUITE POSSIBLE THAT I MADE THE APCH TO ARPT WHILE IT WAS BELOW VFR MINIMUMS; THOUGH CTR DID NOT ADVISE ME OF THAT FACT. PRIOR TO DEP; I CONTACTED MMV FSS TO DETERMINE THE STATUS OF THE ARPT; THOUGH IT APPEARED TO BE BENEATH A SCATTERED LAYER; THE OFFICIAL OBSERVATION WAS 700 FT BROKEN; SO I OBTAINED A SPECIAL VFR CLRNC. WHILE I WAS ON THE RADIO; A CESSNA DEPARTED VFR. THE SIT OF AN ARPT WITH A CLASS E SURFACE AREA AND NO 'OFFICIAL' ADVISORY SVC AT THE ARPT CREATES SPECIAL PROBS IN MARGINAL WX CONDITIONS; WHICH ARE COMMON ON THE PACIFIC COAST. OBTAINING THE OFFICIAL OBSERVATION FROM A REMOTE FSS CAN BE VERY TIME-CONSUMING; ESPECIALLY GIVEN THE WORKLOAD AT A TYPICAL AFSS. I WOULD SUGGEST ADDING A PROMINENT MESSAGE TO THE AWOS/ASOS WHEN THE FIELD IS BELOW MINIMUMS. FOR EXAMPLE; I HAVE SEEN OTHER ARPTS ADD THE OFFICIAL OBSERVER WX TO THE RECORDING. AT ONE COASTAL ARPT (ACV); THEY ONCE HAD (AND MAY STILL HAVE) A FLASHING YELLOW LIGHT IN THE RUN-UP AREA WHICH WAS TURNED ON WHEN THE WX WAS BELOW VFR MINIMUMS; NO HELP TO ARRS; BUT IT DID ADDRESS THE DEP SIT.",,,,"GA PLT CONCERNED THAT LNDG AT ONP WAS UNDER IFR CONDITIONS.",
460521,200001,0601-1200,,TX,20,12,,2500,,IMC,10,,Daylight,900,,TRACON ABI.TRACON,Personal,PA-28 Cherokee/Archer/Dakota/Pillan/Warrior,,1,Part 91,IFR,Training,GPS,Cruise; Initial Approach,Vectors; Other Instrument Non Precision,Class C ABI.C; Class E ABI.E,,,,,,,,,,,,,,,,,,,,,,,,Electrical Wiring & Connectors,,X,Malfunctioning,,,,,,,,,,,,,,,,,,,,,,,,,,,,,,,,,,,,Aircraft X,,Personal,Pilot Flying; Single Pilot,Flight Crew Instrument; Flight Crew Private,Flight Crew Last 90 Days 5; Flight Crew Total 180; Flight Crew Type 180,,,,,460521,Facility ABI.TRACON,,Government,Approach,Air Traffic Control Fully Certified,,,,,,,Aircraft Equipment Problem Less Severe; Deviation - Altitude Overshoot; Deviation - Altitude Crossing Restriction Not Met; Deviation / Discrepancy - Procedural Clearance; Deviation / Discrepancy - Procedural Published Material / Policy; Inflight Event / Encounter Weather / Turbulence; Inflight Event / Encounter Unstabilized Approach,,,Automation Air Traffic Control; Person Air Traffic Control,,Air Traffic Control Issued Advisory / Alert; Flight Crew Returned To Clearance; Flight Crew Became Reoriented; Flight Crew Took Evasive Action,Aircraft; Human Factors; Weather,Human Factors,"I AM A NEWLY IFR RATED PVT PLT WITH 4.5 HRS OF ACTUAL IMC; 49.3 HRS SIMULATED INST; 180.5 HRS PIC TIME. I WAS PIC OF A PA28-140 AT ELMDALE ARPT; (6F4) ABILENE; TX. WE DEPARTED ELMDALE AND I RPTED AIRBORNE AS I TURNED TO 120 DEG HDG AND CONTINUED CLBING. WE WERE QUICKLY IN THICK IMC. APCH VECTORED ME AROUND TO THE N AND WE WERE ON TOP OF THE OVCST AT ABOUT 3800 FT AND I CONTINUED TO CLB AND LEVEL OUT AT 4000 FT. APCH VECTORED ME ONTO THE 020 DEG RADIAL OFF OF TUSCOLA; TQA; VOR. I WAS CLRED TO DSND TO 3100 FT AND WAS ADVISED I WAS 7 MI FROM FAF; BOWIE INTXN. AS I DSNDED INTO THE CLOUDS I WAS BUSY CTLING THE AIRPLANE AND KEEPING UP MY SCAN. APCH ADVISED ME TO EXPECT CLRNC TO RWY 17R. THE AIRPLANE DSNDED BELOW THE 3100 FT I WAS CLRED FOR. I FIRST NOTICED THAT I WAS AT 2600 FT BECAUSE I HAD DSNDED BELOW THE CLOUD. I WENT FULL PWR AND BEGAN CLBING; BUT WAS AT INDICATED 2500 FT BEFORE I COULD REVERSE MY DSCNT. I NOTICED THE PRISON WATER TWR AND KNEW I WAS WELL ABOVE ANY OBSTRUCTIONS SO OUR SAFETY WAS NOT SO MUCH A CONCERN TO ME AT THAT POINT AS THE FACT THAT I KNEW I HAD INADVERTENTLY BUSTED A MINIMUM ALT. I SET MYSELF UP FOR TROUBLE WHEN I CHANGED THE WAY I HAD BEEN TRAINED TO TRIM BACK TO 80 MPH IAS AT 2200 RPM WHILE MANEUVERING FOR AN APCH. APCH ADVISED ME WITH A LOW ALT ALERT AND I ADVISED I WAS ALREADY CORRECTING. APCH TOLD ME TO TURN R TO 270 DEG HDG AND CLB AND MAINTAIN 4000 FT AND ADVISED THEY COULD NOT CONTINUE THE APCH SINCE MY XPONDER HAD STOPPED WORKING. I TURNED TO 270 AND CLIMBED TO 4000 FEET. I ADVISED APPROACH WE WERE TRYING TO FIX THE TRANSPONDER PROBLEM AND ALSO MENTIONED I HAD JUST HAD IT WORKED ON. I NOW HAD BROKEN SKY BELOW AND I ADVISED APCH I WANTED TO GET BACK ON THE GND TO TROUBLESHOOT THE XPONDER PROB AS IT WAS NOT A BLOWN FUSE. I ADVISED I WOULD LIKE TO CANCEL IFR CLRNC AND GET A SPECIAL VFR CLRNC FOR DIRECT FLT BACK TO ELMDALE BELOW THE OVCST. APCH ASKED FOR A POS RPT AS WE MANEUVERED FOR A L DOWNWIND. WE LANDED AND RPTED THAT TO APCH. THE NEXT DAY I PERFORMED SOME TROUBLESHOOTING AS I HOLD AIRFRAME AND POWER PLANT MECH LICENSES. I FOUND THE POSITIVE LEAD TO THE KT-76 XPONDER ALSO FED THE LORAN AND HAD A COLD SOLDER JOINT TO THE FUSE HOLDER AT THE BUSBAR. THIS COLD SOLDER JOINT WAS DETERMINED TO BE THE CAUSE OF THE INTERMITTENT OP OF THE XPONDER. I MADE APPROPRIATE REPAIRS. IN ORDER TO PREVENT GOING BELOW ASSIGNED ALT ON AN APCH I AM GOING TO IMPROVE MY SCAN WITH MORE PRACTICE. I AM ALSO GOING TO SLOW DOWN TO THE LOW CRUISE (80 MPH AT 2200 RPM) BEFORE REACHING THE INBOUND RADIAL OR LOC. THIS SLOWS THINGS DOWN FOR ME AS A BEGINNER AND MAKES IT SIMPLER FOR ME.",,,,"LOW IFR TIME PA28 PLT DSNDS FROM ASSIGNED ALT WHEN ON APCH TO ABI DUE TO LOSS OF SITUATIONAL AWARENESS AND LESS SEVERE EQUIP PROBS.",
477751,200007,1201-1800,MVY.Airport,MA,,3,,1500,,IMC,10,,Daylight,700,,Tower MVY.Tower,Personal,,,2,Part 91,IFR,Passenger,Localizer/Glideslope/ILS 24,Initial Approach; Landing,,Class D MVY.D,,,,,,,,,,,,,,,,,,,,,,,,,,,,Tower MVY.Tower,,Small Aircraft; High Wing; 1 Eng; Fixed Gear,,1,,,,,Initial Approach,,Class D MVY.D,,,,,,,,,,,,,,,,,,,,,,,,Aircraft X,,Personal,First Officer; Pilot Flying,Flight Crew Air Transport Pilot (ATP),Flight Crew Last 90 Days 100; Flight Crew Total 8000; Flight Crew Type 250,,,,,477751,Aircraft X,,Personal,Captain; Pilot Not Flying,Flight Crew Air Transport Pilot (ATP),,,,,,,Conflict Airborne Conflict,Horizontal 1000; Vertical 700,,Person Flight Crew,,Flight Crew Executed Go Around / Missed Approach,Human Factors; Weather,Weather,"THE FLT WAS UNEVENTFUL UNTIL ON APCH INTO MVY. APCHING MVY THE WX WAS OBTAINED VIA ATIS AND WAS RPTED AS CLR SKIES 10 MI VISIBILITY WINDS 310 DEGS AT 4 KTS ALTIMETER 29.99. UPON REACHING THE ARPT THE WX HAD CHANGED SIGNIFICANTLY TO A 700 FT OVCST LAYER. I DON'T BELIEVE THIS IS UNUSUAL FOR MVY. THE DECISION TO DO THE ILS TO RWY 24 WAS AGREED UPON BY BOTH THE CAPT AND MYSELF. THIS APCH SET UP AND BRIEFED WELL BEFORE REACHING THE ARPT. BEFORE REACHING THE CLASS C AIRSPACE OF MVY IT WAS QUITE OBVIOUS THAT MVY WAS VERY BUSY JUST BY THE AMOUNT OF RADIO TFC ON APCH CTL (IT WAS JUL/SAT/00). WE WERE VECTORED TO AND WERE CLRED FOR THE ILS RWY 24; WHICH WE DID. JUST PRIOR TO AND BEFORE REACHING THE FINAL APCH FIX (FAF) WE WERE HANDED OFF TO AND TOLD TO CONTACT MVY TWR. BECAUSE OF RADIO TFC SATURATION WE WERE NOT ABLE TO IMMEDIATELY CONTACT TWR CTL AS INSTRUCTED. JUST AFTER REACHING THE FAF/GS INTERCEPT AND WHILE DSNDING ON THE GS WE RECEIVED A TA ALERT ON THE TCASII. IN THE INTEREST OF SAFETY I ARRESTED MY DSCNT ON THE GS. THE CAPT ACQUIRED A HIGH WING CESSNA IN FRONT OF AND BELOW US IN THE ILS APCH CORRIDOR. TO CONTINUE THE DSCNT ON THE GS WOULD HAVE AT THE VERY LEAST RESULTED IN A NEAR MISS AND AT THE VERY WORST A MIDAIR COLLISION. AS PF I ELECTED TO GO MISSED APCH. IN THE 10-15 SECONDS THAT HAD ELAPSED FROM OUR HDOF FROM APCH TO TWR WE WERE VERY BUSY BOTH FLYING AND VISUALLY ACQUIRING OUR TA. AT THE VERY FIRST OPPORTUNITY TO CONTACT TWR BECAUSE OF RADIO TFC SATURATION WE DID. BECAUSE I HAD ELECTED TO GO MISSED APCH THE CAPT CHKED IN WITH MVY TWR; 'LTT WITH YOU ILS RWY 24 GOING MISSED APCH.' WE PROCEEDED TO THE MISSED APCH AND DID THE PUBLISHED MISSED APCH. AT NO TIME PRIOR TO THIS DID WE CANCEL IFR NOR ACCEPT A VISUAL APCH. UPON OUR CHK IN WITH TWR THAT WE WERE GOING MISSED APCH WE WERE QUERIED AS TO WHY? THEY WERE INFORMED THAT WE HAD VISUALLY ACQUIRED TFC IN THE APCH CORRIDOR AND IN THE INTEREST OF SAFETY HAD ELECTED TO GO MISSED APCH. WE REQUESTED FURTHER INSTRUCTIONS AND RECEIVED VECTORS BACK TO THE ILS RWY 24 WHICH WE DID AND LANDED AT MVY. IN CONCLUSION I CAN ONLY ASSUME THAT THE CESSNA THAT WAS IN OUR APCH CORRIDOR WAS ON A SPECIAL VFR CLRNC BECAUSE OF THE 700 FT CEILING. MY DECISION TO GO MISSED APCH WAS APPROPRIATE AND IN THE INTEREST OF SAFETY CALLED FOR.",,,,"FO OF A LEARJET; LR60 MADE MISSED APCH IN RESPONSE TO A TCASII TA AND SUBSEQUENT OBSERVATION OF A CESSNA PARALLEL TO HIS ILS APCH COURSE INSIDE OF THE FINAL APCH FIX.",
482969,200008,1201-1800,PWM.Airport,ME,,1,800,,,Mixed,Rain; 2.5,,,1100,,TRACON PWM.TRACON,Personal,Caravan 208A,,1,Part 91,None,Passenger,,Initial Approach,VFR Route; Visual Approach,Class C PWM.C,,,,,,,,,,,,,,,,,,,,,,,,,,,,,,,,,,,,,,,,,,,,,,,,,,,,,,,,,,,,,,,Aircraft X,,Personal,Pilot Flying; Single Pilot,Flight Crew Commercial; Flight Crew Multiengine,Flight Crew Last 90 Days 60; Flight Crew Total 4000; Flight Crew Type 35,,,,,,Facility PWM.TRACON,,Government,Approach,Air Traffic Control Fully Certified,,,,,,,Deviation / Discrepancy - Procedural FAR; Inflight Event / Encounter VFR In IMC; Inflight Event / Encounter Weather / Turbulence,,,Person Flight Crew,,Air Traffic Control Provided Assistance; General Declared Emergency,Human Factors; Weather,Weather,"WAS ON 'SPECIAL VFR' FOR LNDG AT PWM. LOST SIGHT OF RWY DUE TO LOW CLOUDS. OPTED TO CLB AND TURN TOWARDS VFR WX. WAS UNABLE TO MAINTAIN VFR. CTLRS WERE WONDERFUL AND GAVE ME PRIORITY HANDLING. A FEW MI OUT I REQUESTED AND GOT A HEADING BACK TO THE ARPT AND LANDED UNEVENTFULLY. I THINK MY DECISION TO OPT FOR THE SPECIAL WAS REASONABLE DUE TO FORECAST AND CURRENT CONDITIONS. I HAD GOOD VFR ALL AROUND EXCEPT PWM. I BELIEVE THE WX WAS DETERIORATING AS I ARRIVED ON DOWNWIND. PLEASE CALL WITH ANY QUESTIONS.",,,,"PLT OF A CESSNA 208 FAILED TO MAINTAIN VFR DURING A SPECIAL VFR APCH RESULTING IN ASKING APCH CTL FOR LNDG ASSISTANCE.",
488968,200010,0601-1200,SDL.Airport,AZ,,5,,2000,,VMC,,,Daylight,,,TRACON P50.TRACON,Corporate,Beech F90,,1,Part 91,IFR,Ferry / Re-Positioning,,Climb,SID NS,,,,,,,,,,,,,,,,,,,,,,,,,Altitude Alert,,X,Improperly Operated,,,,,,,,,,,,,,,,,,,,,,,,,,,,,,,,,,,,Aircraft XX,,Corporate,Single Pilot; Pilot Flying,Flight Crew Air Transport Pilot (ATP),Flight Crew Last 90 Days 120; Flight Crew Total 9800; Flight Crew Type 400,,,,,488968,Facility P50.TRACON,,Government,Departure,Air Traffic Control Fully Certified,,,,,,,Deviation - Altitude Undershoot; Deviation / Discrepancy - Procedural Clearance; Deviation / Discrepancy - Procedural Published Material / Policy; Inflight Event / Encounter CFTT / CFIT; Other MIS SET ALT ALERTER. PLT ILLNESS,,,Person Air Traffic Control; Person Flight Crew,,Air Traffic Control Issued New Clearance,Human Factors,Human Factors,"CLRNC READ 'CLB TO 5000 FT; EXPECT 20000 FT IN 3 MINS.' FOR SOME UNKNOWN REASON I DIALED IN 2000 FT FOR MY INITIAL CLB. ON DEP I LEVELED BTWN 2000 FT AND 2200 FT AND ASKED FOR HIGHER. APCH ASKED WHAT ALT I WAS CLRED TO THEN SAID 'CLB TO 5000 FT.' I STARTED MY CLB AND ATC ASKED ME IF I WAS 'EXPERIENCING ANY DIFFICULTY.' I SAID 'NO' AND THE REST OF THE FLT WAS UNEVENTFUL. AN INITIAL CLB TO 2000 FT MSL PUT ME 500 FT AGL. AT A HIGH SPD THIS WAS A DANGEROUS FLT SIT. WHAT PUZZLED ME WAS THAT I WAS HELD FOR 8-10 MINS FOR MY RELEASE. DURING THIS TIME I OBVIOUSLY MADE POOR USE OF MY TIME TO DOUBLE-CHK MY COCKPIT SETUP. I HAD FLOWN 3 HRS TO SDL FROM SQL AND PRIOR TO THAT I FLEW FROM 2Q3 TO THE HWD LOC COURSE TO GET UNDERNEATH A BAY AREA ACFT. I BROKE OFF THE LOC AND GOT A SPECIAL VFR INTO SQL. ALL THIS SINGLE PLT (EARLY MORNING) FLYING; COUPLED WITH AN EYE INFECTION; WHICH WAS NAGGING ON ME SHOULD HAVE MADE ME EXTRA CAREFUL IN IFR SETUP AND FLT. WASTING THOSE 8-10 MINS WHILE 'HOLDING SHORT' IN LIEU OF DOUBLE-CHKING MY SETUP WILL NOT HAPPEN AGAIN. TOO; I COULD HAVE RELAXED AND HAD LUNCH PRIOR TO LAUNCHING OFF ON MY RETURN TRIP MIGHT HAVE SERVED TO 'SLOW ME DOWN.'",,,,"BE9T PLT HAD ALT UNDERSHOOT IN P-50 CLASS D.",
508470,200104,1201-1800,SMO.Airport,CA,,,,3500,,VMC,,,Daylight,,,TRACON SCT.TRACON,Personal,PA-46 Malibu/Malibu Mirage/Malibu Matrix,,,,IFR,Passenger,,Climb,,,,,,,,,,,,,,,,,,,,,,,,,,,,,,,,,,,,,,,,,,,,,,,,,,,,,,,,,,,,,,,,,Aircraft X,,Personal,Single Pilot; Pilot Flying,Flight Crew Multiengine; Flight Crew Private; Flight Crew Instrument,Flight Crew Last 90 Days 57; Flight Crew Total 1000; Flight Crew Type 250,,,,,508470,,,,,,,,,,,,Airspace Violation All Types; Deviation / Discrepancy - Procedural FAR; Deviation / Discrepancy - Procedural Published Material / Policy; Deviation / Discrepancy - Procedural Clearance,,,,,Air Traffic Control Issued New Clearance; Air Traffic Control Issued Advisory / Alert; General None Reported / Taken,Airspace Structure; Human Factors,Human Factors,"MY PROB WAS INITIATED AT SMO ARPT. I HAD JUST ARRIVED ON AN IFR FLT FROM SUN. MY PAX WAS DROPPED AND I MADE A QUICK TURN FOR MY FINAL DEST (MYF). I READ THE SPECIAL VFR FLT RULES OUT OF MY CHART. WHILE ON THE GND AT SMO; I CONTACTED THE GND CTLR OR A CODE FOR CLASS B CLRNC FOR THE COASTLINE RTE SBOUND. THE CTLR RECOMMENDED A R 270 DEG TURN PRIOR TO PROCEEDING SBOUND. I ASSUMED THE TURN WAS RECOMMENDED IN ORDER TO MAKE THE MINIMUM ALT OF 2500 FT. WHILE IN CLBOUT; I WAS APPROVED FOR A FREQ CHANGE. WHILE CLBING IN A R-HAND TURN; I CONTACTED SOCAL AT FREQ 134.9. THE CTLR IMMEDIATELY GAVE ME A PHONE NUMBER AND CLRED ME TO 14500 FT. I BELIEVE A SIGNIFICANT CTLING FACTOR FOR THE PROB WAS THE ASSIGNMENT OF THE INCORRECT CODE FROM THE GND CTLR. I SHOULD HAVE READ THE REG MORE THOROUGHLY AS IT CLRLY STATES 'REMAIN CLR OF CLASS B UNTIL RECEIVING SPECIFIC APPROVAL TO ENTER.'",,,,"UNAUTH PENETRATION OF CLASS B AIRSPACE BY A PVT PLT IN A PA46-350 NEAR SMO; CA.",
520844,200108,0601-1200,ANB.Airport,AL,,,50,,,VMC,10,,Daylight,2500,,UNICOM anb,Personal,PA-34-200 Seneca I,,2,Part 91,,Personal,,,VFR Route; Airway V18.Airway,Class E A80.E,,,,,,,,,,,,,,,,,,,,,,,,,,,,,,,,,,,,,,,,,,,,,,,,,,,,,,,,,,,,,,,Aircraft X,,Personal,Pilot Flying; Single Pilot,Flight Crew Multiengine; Flight Crew Instrument,Flight Crew Last 90 Days 30; Flight Crew Total 460; Flight Crew Type 200,,,,,520844,Facility A80.TRACON,,Government,Approach,,,,,,,,Deviation / Discrepancy - Procedural FAR; Inflight Event / Encounter Weather / Turbulence; Other CURRENT WX REPORT,,,Person Other Person,,Flight Crew Landed As Precaution,Weather; Human Factors; Airspace Structure,Weather,"APPROX 10-12 MI OUT FROM ANB WHILE ON AN IFR FLT PLAN I ADVISED ATL I WAS VFR AND CANCELED IFR. MY CTLR HAD ME SQUAWK 1200. HE WAS VERY BUSY AND I THOUGHT I WOULD BE EASING HIS WORKLOAD. I CALLED ANNISTON FSS 123.6 AND ADVISED THEM I WAS VFR INBOUND. THEY ADVISED ME THEY WERE IFR IN HVY RAIN. AT THIS POINT I WAS 5-10 MI OUT. I REASSESSED MY CONDITIONS. I COULD SEE ALL LCL LANDMARKS; BOTH ENDS OF THE RWY AND 2 PEOPLE WORKING NEXT TO A CAR NEXT TO THE TXWY; THE CEILING WAS APPROX 2000 FT. AFTER REASSESSING THE CONDITIONS AND WAITING FOR A BREAK TO TALK WITH FSS WHICH WAS BUSY TALKING WITH OTHER ACFT; I WAS PRACTICALLY AT THE ARPT ALREADY. I ADVISED AFSS I WAS VFR ON FINAL FOR RWY 23. THEY ADVISED ME I WAS NOT CLRED AND ASKED MY INTENTIONS. I DID NOT LAND. INSTEAD I FLEW THE LENGTH OF THE RWY AT ABOUT 50 FT AGL. I CALLED BIRMINGHAM 125.45 AND TOLD THEM I WAS VFR; JUST OFF THE END OF THE RWY AND WANTED CLRNC TO LAND. THEY TOLD ME TO CLB TO 4000 FT PROCEED TO TALLADEGA AND FLY THE APCH. ALSO SINCE BOGGA WAS OUT THAT WOULD INCLUDE A DME ARC. I ADVISED THEM I WAS VFR MAYBE 100 YARDS FROM THE END OF RWY 5 IN ANNISTON AND A CLB WOULD PUT ME IN THE CLOUDS. HE ASKED ME IF I WAS INST RATED AND I SAID YES BUT THE ARPT WAS RIGHT IN FRONT OF ME. HE SAID I WAS CLRED ONCE ESTABLISHED ON THE LOC. I ADVISED HIM I WAS ON THE LOC AND SWITCHED TO ANNISTON FSS WHICH BY THIS TIME HAD SENT AN OBSERVER OUT TO VERIFY THAT CONDITIONS WERE IN FACT VFR. I LANDED AND TAXIED TO THE HANGAR. I WENT BY TO TALK WITH MY FLT INSTRUCTOR AND FSS FRIEND THE NEXT MORNING. HE TOLD ME A BETTER WAY TO HAVE HANDLED THE SIT WOULD HAVE BEEN TO ASK FOR A SPECIAL VFR APCH OR A CONTACT APCH FROM ATC. TO PREVENT A RECURRENCE IN THE FUTURE I WILL ASK FOR THIS OR STAY WITH MY IFR PLAN AND ATC UNTIL I'M ON THE GND. THIS WHOLE THING STARTED WHEN I TRIED TO GIVE MY BUSY CTLR ONE LESS PLANE TO HAVE TO COMMUNICATE WITH. ALSO A WINDOW AT AFSS MIGHT HELP. IF MY CTLR HAD BEEN ABLE TO LOOK OUT AND IMMEDIATELY VERIFY THAT CONDITIONS WERE VFR INSTEAD OF SENDING OUT AN OBSERVER THINGS MIGHT HAVE GONE SMOOTHER. ALSO THE AWOS AT ANB IS LOCATED QUITE A DISTANCE FROM THE RWY AND IS NOTORIOUSLY INACCURATE.",,,,"PA34-200 PLT CANCELED IFR AND DSNDED TO ARPT TFC PATTERN VFR TO LAND AT UNCTLED ARPT WHEREIN THE FAA FSS LOCATED ON THE ARPT SHOWED THE CURRENT WX AS NEEDING AN IFR; OR SPECIAL VFR CLRNC. HOWEVER; THE RPTR FLEW OVER THE RWY AND HAD GOOD VISIBILITY WITH WHICH TO LAND.",
533341,200112,1801-2400,MCO.Airport,FL,,,,2000,,Mixed,,,Daylight,800,,TRACON MCO.TRACON,FBO,Cessna 152,,1,Part 91,VFR,Training,,Cruise,,Class C MCO.C,,,,,,,,,,,,,,,,,,,,,,,,,,,,,,,,,,,,,,,,,,,,,,,,,,,,,,,,,,,,,,,Aircraft X,,FBO,Single Pilot; Pilot Flying,Flight Crew Student,Flight Crew Last 90 Days 26; Flight Crew Total 60; Flight Crew Type 60,,,,,533341,Facility MCO.TRACON,,Government,Approach,,,,,,,,Airspace Violation All Types; Deviation / Discrepancy - Procedural FAR; Inflight Event / Encounter VFR In IMC; Inflight Event / Encounter Weather / Turbulence,,,Person Air Traffic Control,,Air Traffic Control Issued Advisory / Alert; Air Traffic Control Provided Assistance; Flight Crew Exited Penetrated Airspace,Airspace Structure; Human Factors; Weather,Human Factors,"ON DEC/SAT/01; I WAS RTNING FROM A SOLO XCOUNTRY FROM KTIX TO KSFB. I INADVERTENTLY FLEW INTO AN AREA WHERE VISUAL REFERENCE TO THE GND COULD NO LONGER BE MADE. I TURNED THAT ACFT AROUND TO FIND AN AREA WHERE I COULD REFERENCE THE GND TO OBTAIN MY LOCATION AND LAND AT AN ARPT. DURING THIS PROCESS I ENTERED CLASS 'B' AIRSPACE UNKNOWINGLY. I WAS ABLE TO FIND AN AREA WHERE I COULD CIRCLE TO TRY TO DETERMINE MY LOCATION. MY FIRST OBSERVATION WAS THAT I WAS IN AN AREA MUCH MORE DENSELY POPULATED THAN I HAD EXPECTED. I WAS ALSO ABLE TO SPOT A LIGHTER THAN AIR TYPE ACFT WHICH I HAD HEARD CONVERSATIONS OF ONE IN THE ORLANDO AREA. I MADE A DECISION TO HEAD EAST AND CLB TO AVOID THE ORLANDO VICINITY. I SWITCHED TO ORLANDO APCH TO ASK FOR MY POS AND VECTORS TO SANFORD (KSFB). AT THIS POINT; ATC NOTIFIED ME THAT I HAD ENTERED CLASS 'B' AIRSPACE WITHOUT CLRNC. I EXPLAINED THAT I WAS LOST AND THE CTLR WAS VERY HELPFUL IN VECTORING ME TO SANFORD. I WAS UNABLE TO MAINTAIN VFR FLT CONDITIONS IN ANY DIRECTION AT THIS POINT. ATC WAS ABLE TO GUIDE ME THROUGH A DSCNT IN IMC CONDITIONS THAT ENABLED ME TO USE VISUAL REFERENCES TO RTN TO SANFORD. CONDITIONS DID NOT ALLOW ME TO MAINTAIN VFR CLOUD CLRNCS. I DOD NOT KNOW IF I REQUESTED SPECIAL VFR FOR LNDG. IN RETROSPECT; I LEARNED A GREAT DEAL FROM THIS EXPERIENCE. I WILL CERTAINLY BE MORE AWARE OF THE WX CONDITIONS AND THE CHANGES THAT ARE OCCURRING. I WILL ALSO COMMUNICATE WITH ATC SOONER TO PREVENT INADVERTENTLY ENTERING CLASS 'B' AIRSPACE. THE TRAINING THAT I HAD RECEIVED; ALSO WITH THE HELP OF ATC SAVED MY LIFE AND POSSIBLY OTHERS. I WILL CONTINUE TO STRIVE TO BE MORE SITUATIONAL AWARE AND EXERCISE GOOD PIC JUDGMENT.",,,,"CESSNA 152 STUDENT PLT INADVERTENTLY FLY INTO CLASS B AIRSPACE AFTER BECOMING LOST DUE TO ENTERING IMC CONDITIONS DURING A SOLO CROSS COUNTRY FLT.",
539404,200203,1801-2400,ZZZ.Airport,US,,25,,1200,,Mixed,Snow; 5,,Night,2000,,TRACON ZZZ.TRACON; Tower ZZZ.Tower,Air Taxi,Helicopter,,1,Part 135,VFR,Passenger,GPS,Cruise,,Class C ZZZ.C,,,,,,,,,,,,,,,,,,,,,,,,,,,,,,,,,,,,,,,,,,,,,,,,,,,,,,,,,,,,,,,Aircraft X,,Air Taxi,Pilot Flying; Single Pilot,Flight Crew Commercial; Flight Crew Flight Instructor; Flight Crew Instrument; Flight Crew Private,Flight Crew Last 90 Days 37; Flight Crew Total 2350; Flight Crew Type 100,,,,,539404,Aircraft X,,,Passenger,,,,,,,,Deviation / Discrepancy - Procedural FAR; Deviation / Discrepancy - Procedural Published Material / Policy; Inflight Event / Encounter Weather / Turbulence; Other IMC IN VFR FLT,,,Person Flight Crew,,Air Traffic Control Provided Assistance; Flight Crew Landed As Precaution; Flight Crew Diverted,Human Factors; Weather; Environment - Non Weather Related; Company Policy,Human Factors,"I AM A PLT OF A BELL HELI AND DROPPED OFF A PATIENT AT XXX HOSPITAL IN XXX CITY UNDER PART 135. WHEN I LANDED THERE THE VISIBILITY WAS 10 MI AND THE CEILING AROUND 7000 FT. WE WERE AT THE HOSPITAL FOR ABOUT 45 MINS. BY THIS TIME IT IS DARK OUTSIDE AND STARTING TO SNOW. IT IS STILL VFR AND THE XXX ASOS SAID 3 MI AND 1900 FT CEILING. THE MEDICAL CREW (3 ON THIS FLT) AND I TOOK OFF HEADING E TOWARDS ZZZ TO OUR HOME BASE IN YYY; US; WHICH IS ABOUT 9 MI ENE OF THE ZZZ ARPT. THE VISIBILITY PROGRESSIVELY GOT WORSE BUT THE ZZZ ARPT WAS RPTING 5 MI AND CEILING WELL ABOVE 1000 FT. I CAN'T REMEMBER THE CEILING ALT BUT THEY WERE VFR. IT GOT TO THE POINT WHERE THE SNOW GOT HVY AND I COULD NOT SEE IN FRONT ANYMORE BUT WE COULD STILL SEE THE OCCASIONAL LIGHTS BELOW US. I CALLED UP ZZZ APCH; I THINK; ABOUT 25 MI NW OF THEM BUT I'M NOT SURE. AT THIS POINT I'M PRETTY NERVOUS FROM THE SHOCK OF INADVERTENT IMC. I ADVISE THEM I WAS NOW IN IMC AND NEEDED THEIR ASSISTANCE. THEY WANTED TO GIVE ME AN IFR CLRNC BUT I DID NOT THINK I COULD LEGALLY ACCEPT THAT DUE TO NOT BEING IFR CURRENT. WE PRACTICE IMC AND APCHS EACH QUARTER AND I AM INST RATED; JUST NOT CURRENT. WE ARE A VFR EMS PROGRAM. I CAN'T REMEMBER THE EXACT CONVERSATION OR THE ORDER AND WAS CONCENTRATING ON FLYING THE ACFT. ZZZ APCH GAVE ME A SPECIAL VFR INTO THE CLASS C AIRSPACE; I THOUGHT. THERE SEEMS TO BE SOME CONFUSION THERE. AT FIRST I WAS WANTING TO GET THE LIGHTED AREA OF THE CITY AND MAY BE ABLE TO MAKE IT BACK TO OUR BASE DUE TO THE VISIBILITY BEING BETTER THERE. BUT THE VISIBILITY CAME DOWN VERY QUICKLY WITH THE CEILING AND SNOW. ZZZ APCH SUGGESTED FOLLOWING THE LOC FOR RWY 9 AND THEN MAYBE PROCEEDING TO OUR BASE. I DECIDED NOT TO DO THAT AND REQUESTED THE ILS RWY 9 APCH BUT I DID NOT WANT TO CLB TO THE 2000 FT ALT DUE TO POSSIBLE ICING IN THE CLOUDS. I INITIALLY WAS AT 2000 FT WHEN I FIRST CALLED THEM BUT DROPPED TO 1500 FT DUE TO THE CEILING COMING DOWN AND POSSIBLE ICE. THEY GAVE ME RADAR VECTORS TO THE LOC FOR RWY 9. AT SOME POINT THEY SAID THE VISIBILITY WAS DOWN TO 1/4 TO 1/2 MI AND THE CEILING WAS DROPPING TO EITHER 600 OR 800 FT; I CAN'T BE SURE. THEY CANCELED MY SPECIAL VFR BUT DID NOT SAY WHY. I THINK IT WAS DUE TO THE VISIBILITY DROPPING BELOW THE 1 MI MINIMUM FOR HELI SVFR. NOW I AM IN IMC IN CTLED AIRSPACE; WITHOUT A CLRNC AND NOT INST CURRENT. I FOLLOWED THE LOC FOR RWY 9 AND LANDED. THE TWR TOLD ME TO GIVE THEM A CALL. I SHOULD HAVE DECLARED AN EMER. IN MY MIND I DID WHEN I CALLED FOR ASSISTANCE BUT DID NOT SAY IT VERBALLY.",,,,"IMC IN VFR FLT PERFORMED BY AN EMS PLT IN ROTARY WINGED TFC INCIDENT THAT REQUIRED A FLT ASSIST AND DIVERSION TO ALTERNATE ARPT NEAR ZZZ; UNITED STATES.",
559730,200209,1201-1800,OTZ.Airport,AK,,8,500,,,Marginal,Rain; Fog; 0.75,,Daylight,500,2500,FSS OTZ.FSS,Personal,Small Aircraft; High Wing; 1 Eng; Fixed Gear,,,Part 91,None; SVFR,Personal,,Cruise; Initial Approach,Other Traffic Pattern,Class E OTZ.E,,,,,,,,,,,,,,,,,,,,,,,,,,,,,,,,,,,,,,,,,,,,,,,,,,,,,,,,,,,,,,,Aircraft X,,Personal,Single Pilot; Pilot Flying,Flight Crew Air Transport Pilot (ATP); Flight Crew Flight Engineer,Flight Crew Last 90 Days 37; Flight Crew Total 13000; Flight Crew Type 800,,,,,559730,Facility OTZ.FSS,,Government,Flight Service,,,,,,,,Airspace Violation All Types; Deviation / Discrepancy - Procedural Published Material / Policy; Deviation / Discrepancy - Procedural FAR; Deviation / Discrepancy - Procedural Other / Unknown; Inflight Event / Encounter VFR In IMC; Inflight Event / Encounter Weather / Turbulence,,,Person Flight Crew,,Flight Crew Diverted; Flight Crew Landed in Emergency Condition; General Declared Emergency,Human Factors; Weather; Aircraft,Weather,"DEPARTED KOTZEBUE AT APPROX XA50 LCL ON SEP/FRI/02. DEPARTED VFR WITH LCL TFC AND WX ADVISORY. DEPARTED BEHIND 2 OTHER VFR DEPS. FLEW APPROX 15 MI N OF KOTZEBUE AND ENCOUNTERED MARGINAL VFR CONDITIONS. RETURNED TO KOTZEBUE AND AFTER CONTACTING FSS; FOUND THAT THE WX WAS BELOW SPECIAL VFR CONDITIONS AND DROPPING (VISIBILITY 3/4 MI). COULD NOT GET A SPECIAL VFR; BUT COULD SEE THE VILLAGE AT 3 MI. DID NOT HAVE ANY PLACE TO LAND IF WX GOT WORSE. COULD NOT FIND A PLACE ON THE RIVERBANK TO LAND. I DECLARED AN EMER SINCE I DID NOT HAVE IFR INSTS; AND THE SIT WAS GETTING WORSE. DO NOT SEE HOW THIS COULD HAVE BEEN PREVENTED WITH THE RAPIDLY CHANGING WX IN THE ARTIC PART OF ALASKA. IN MY JUDGEMENT DECLARING AN EMER WAS THE SAFEST THING TO DO. LANDED WITH RWY IN SIGHT.",,,,"AN ATP PLT GETS CAUGHT IN A LOW VISIBILITY VFR DEP AT A LOW ALT WITHOUT 'IMC' INSTS; DECLARES AN EMER; RETURNS AND LANDS WITH THREE-FOURTHS MI VISIBILITY AT OTZ; AK.",
564666,200210,1201-1800,JLN.Airport,MO,,0,0,,,Marginal,2.5,,Daylight,1200,,Tower JLN.Tower,Personal,Baron 55/Cochise,,1,Part 91,None,Passenger,,Landing,,,,,,,,,,,,,,,,,,,,,,,,,,Main Gear,,X,Failed,,,,,,,,,,,,,,,,,,,,,,,,,,,,,,,,,,,,Aircraft X,,Personal,Pilot Flying; Single Pilot,Flight Crew Private; Flight Crew Multiengine,Flight Crew Last 90 Days 73; Flight Crew Total 1393; Flight Crew Type 820,,,,,564666,,,,,,,,,,,,Aircraft Equipment Problem Critical; Other Lndg Gear Collapsed,,,Person Flight Crew,,Aircraft Aircraft Damaged; General Maintenance Action; General None Reported / Taken,Aircraft,Aircraft,"I WAS ON A SPECIAL VFR APCH INTO KJLN. I HAD VISUAL CONTACT WITH THE GND AT 2200 FT MSL. I HAD VISUAL CONTACT WITH THE RWY 2.5 MI TO 3 MI OUT. I MADE A NORMAL APCH; DID MY FIRST GUMP CHK AT 4 MI OUT AND MY SECOND GUMP AT 2 MI OUT. I TOUCHED DOWN AND MY MAIN GEAR COLLAPSED. I HAD NO INDICATION THAT THERE WAS ANY PROB UNTIL MY PROPS WERE IN CONTACT WITH THE RWY. THERE WAS NO PROX HORN/BELL. I SLID TO A STOP; PULLED THE MIXTURES; MANIFOLD PRESSURE; AND PROPS; SHUT OFF THE ELECTRICAL SYS AND EXITED THE PLANE WITHOUT FURTHER INCIDENT.",,,,"E55 BARON PLT HAS MAIN LNDG GEAR COLLAPSE AFTER TOUCHDOWN AT KJLN.",
567982,200212,1201-1800,FRR.Airport,FL,,,800,,,Marginal,,,Daylight,,,Tower FPR.Tower,Corporate,PA-44 Seminole/Turbo Seminole,,2,Part 91,SVFR,Training,,Initial Approach,,Class D FPR.D,,,,,,,,,,,,,,,,,,,,,,,,,,,,,,,,,,,,,,,,,,,,,,,,,,,,,,,,,,,,,,,Aircraft X,,Personal,Pilot Flying,Flight Crew Multiengine; Flight Crew Instrument; Flight Crew Commercial; Flight Crew Flight Instructor,Flight Crew Last 90 Days 20; Flight Crew Total 520; Flight Crew Type 120,,,,,567982,Aircraft X,,Personal,Pilot Not Flying; Examiner,,,,,,,,Deviation / Discrepancy - Procedural FAR; Inflight Event / Encounter Other / Unknown; Inflight Event / Encounter Weather / Turbulence; Inflight Event / Encounter VFR In IMC,,,Person Flight Crew,,Flight Crew Took Evasive Action,Human Factors; Weather,Human Factors,"EVENT OCCURRED WHILE ON A CHK RIDE FLT (MEI) WITH AN EXAMINER ABOARD. FLT WAS TO INVOLVE 1 OR 2 LNDGS IN THE LCL PATTERN. ATIS (ABOUT 45 MINS OLD) RPTED 900 FT SCATTERED; 2100 FT BROKEN; AND RPTS FROM 2 INSTRUCTORS THAT LANDED JUST PRIOR MY DEP INDICATED THE PATTERN WAS CLR OF CLOUDS; AND 10 MI VISIBILITY. AFTER DEP; UPON REACHING 800 FT AGL; WE STARTED HAVING TO MANEUVER TO AVOID SCATTERED CLOUDS; AND I LEVELED AT 800 FT AGL. I REQUESTED AND RECEIVED A SPECIAL VFR CLRNC FROM FPR TWR. JUST W OF THE FIELD (RWY 9 OP); IT BECAME INCREASINGLY DIFFICULT TO REMAIN CLR OF CLOUDS. WITHIN ABOUT 1/2 MI OF THE RWY; ON BASE LEG; I INDICATED WE SHOULD START A DSCNT TO STAY CLR OF CLOUDS; INTENDING TO DSND TO 600-700 FT AGL (CIRCLING MINIMUMS FOR FPR ARE 640 FT AGL) AND RETURN TO LAND ON RWY 9. HOWEVER; THE EXAMINER ABOARD DID NOT AGREE; AND INSTEAD; INCREASED PWR TO FULL PWR; STARTED CLBING; AND INSTRUCTED ME TO CONTINUE A CLB TO 1500 FT AGL. AFTER THAT; THE EXAMINER REQUESTED AN IFR CLRNC; AND WE RETURNED TO FPR FOR AN ILS APCH AND LNDG. THE CLB RESULTED IN ENTERING SOME CLOUDS BEFORE RECEIVING THE IFR CLRNC. RECURRENCE OF SUCH EVENTS COULD BE PREVENTED BY CLARIFYING; BEFORE A FLT; RESPONSIBILITIES DURING A CHK RIDE BTWN EXAMINER AND EXAMINEE; AND DISCUSSING COURSE OF ACTION IN CASE OF UNEXPECTED CIRCUMSTANCES. ALTHOUGH THE EXAMINER IS GENERALLY NOT THE PIC; IN A TESTING ENVIRONMENT; IT'S NOT OBVIOUS WHEN THE EXAMINEE SHOULD CHALLENGE INSTRUCTIONS FROM THE EXAMINER. ALSO; IT IS NOT CLR WHO BECOMES PIC WHEN THE EXAMINER TAKES THE CTLS OF THE ACFT.",,,,"PA44 PLT ON AN EXAMINER CHK RIDE; TRANSITION FROM AN SVFR CLRNC WHILE IN THE CTL ZONE TO AN IFR RETURN; INST APCH CLRNC. PLT QUESTIONS 'WHO'S THE PIC?'",
569932,200212,1201-1800,A11.TRACON,AK,,,,400,,Marginal,Fog; 2,,Dusk,400,,TRACON A11.TRACON,Government,Skywagon 185,,1,Part 91,VFR,Ferry / Re-Positioning,GPS,Initial Approach,Visual Approach,Class C ANC.C,Y,,,,,Repair,,,,,,,,,,,,,,,,,,Air/Ground Communication,,X,Failed,,,,,,,,,,,,,,,,,,,,,,,,,,,,,,,,,,,,Aircraft X,,Government,Pilot Flying; Single Pilot,Flight Crew Flight Instructor; Flight Crew Air Transport Pilot (ATP),Flight Crew Last 90 Days 15; Flight Crew Total 9500; Flight Crew Type 1000,,Time Pressure,,,569932,Facility A11.TRACON,,Government,Approach; Pilot Flying,,,,,,,,Aircraft Equipment Problem Critical; Deviation / Discrepancy - Procedural FAR; Deviation / Discrepancy - Procedural Published Material / Policy; Deviation / Discrepancy - Procedural Maintenance; Deviation / Discrepancy - Procedural MEL / CDL; Inflight Event / Encounter Weather / Turbulence,,,Person Flight Crew; Person Air Traffic Control,,Flight Crew Diverted; Flight Crew Landed in Emergency Condition; General Maintenance Action,Human Factors; Weather; Logbook Entry; Company Policy; Aircraft,Human Factors,"FLEW ACFT FROM BETHEL; AK; TO ANCHORAGE WITH STOP IN KENAI; AK. WX AT ANCHORAGE WAS RPTED AS IMPROVING. 700 FT BROKEN AND 1000 FT BROKEN WAS RPTED AT AREA ARPTS. AFTER LOSING MY ONLY NAV RADIO 10 MINS FROM MY DEST; I WAS FACED WITH NAVING ACROSS A CONGESTED AREA AT ALTS LOWER THAN I NORMALLY FLY. THE ALTS WERE BELOW THOSE SPECIFIED IN THE REGS. I CHOSE NOT TO DECLARE AN EMER WHEN THE GPS/COM RADIO FAILED. APCH CTL WAS VERY BUSY; THOUGH HELPFUL. ANC INTL WAS BELOW BASIC VFR AND THEY SEEM TO HAVE BEEN TRYING TO WORK ALL THE TFC ON ONE RWY. Z41 WAS AWOS CLOSED. THE PATH BACK TO KENAI WOULD HAVE BEEN VFR. THE NAV RADIO FAILURE PROMPTED ME TO WANT TO GET THE AIRPLANE ON THE GND ASAP. I WAS CONCERNED THAT THE 40 MIN FLT BACK TO KENAI WOULD INCLUDE A TOTAL RADIO FAILURE. I HAD ALREADY REQUESTED A SPECIAL VFR CLRNC TO THE DEST (ALTERNATE) ARPT. THE WX AT THE FIELD WAS 700 BROKEN AND 10 MI VISIBILITY. THE FILED DEST WAS Z41. RWY WAS CLOSED FOR SNOW REMOVAL. I HAD ASKED FOR A SPECIAL VFR INTO ANC; BUT IT WAS DENIED. ANC ARPT COULD HAVE BEEN NAVIGATED TO WITHOUT OVERFLYING (LOW OVER) A CONGESTED AREA. IF THERE IS EVER A NEXT TIME FOR THIS SCENARIO; THE DECISIONS AND ACTIONS COULD BE HANDLED DIFFERENTLY. I WOULD NOT FEEL PRESSURED TO GET THE AIRPLANE TO ANC. I WOULD TELL ATC THAT I HAD LOST NAV RADIOS EVEN THOUGH I WAS 'A VFR FLT.' I WOULD DECLARE AN EMER IN ORDER TO HAVE ACCESS TO ANC WHERE THE FLT COULD HAVE BEEN COMPLETED WITHOUT FLYING OVER HOUSES.",,,,"C185 PLT HAD RADIO FAILURE IN ZAN CLASS C. PLT WAS OPERATING ON FERRY PERMIT; AND HAD 18 OTHER INOP ITEMS ON THE ACFT THAT WERE NOT RECORDED IN MAINT RECORDS OR DEFERRED IN THE MEL.",
572545,200301,1201-1800,GTR.Airport,MS,,,0,,,Marginal,10,,Daylight,1100,,,FBO,Skyhawk 172/Cutlass 172,,1,Part 91,None,Training,,Takeoff / Launch,,Class E GTR.E,,,,,,,,,,,,,,,,,,,,,,,,,,,,,,,,,,,,,,,,,,,,,,,,,,,,,,,,,,,,,,,Aircraft X,,FBO,Single Pilot; Pilot Flying,Flight Crew Instrument; Flight Crew Commercial; Flight Crew Flight Instructor; Flight Crew Multiengine,Flight Crew Last 90 Days 35; Flight Crew Total 3915; Flight Crew Type 1140,,,,,572545,,,Government,Examiner,,,,,,,,Deviation / Discrepancy - Procedural Published Material / Policy,,,Person Flight Crew,,,Airspace Structure; Human Factors; Weather,Human Factors,"ON A DAY OF MARGINAL WX; I HAD POSITIONED AN ACFT TO GTR FROM STF TO ACCOMMODATE A STUDENT CHKRIDE WITH THE EXAMINER. THE FLT WAS ACCOMPLISHED UNDER AN 1100 FT CEILING WITH 10 MI VISIBILITY. THE CEILINGS HAD BEEN FORECASTED TO LIFT THROUGHOUT THE DAY AND SHOWED SIGNS OF IMPROVEMENT. MY STUDENT HAD DRIVEN TO GTR TO ACCOMPLISH HIS ORAL; AND I WAS BRINGING THE ACFT AFTER COORD WITH THE EXAMINER. JUST BEFORE XA30 I DISCUSSED THE WX WITH THE EXAMINER; CHKED THE AWOS FOR GTR; AND THEY WERE STILL RPTING GOOD VISIBILITY AND 1100 FT CEILING. SINCE IT HAD NOT IMPROVED; WE DIDN'T THINK IT LIKELY. SO; I PLANNED TO DEPART TO RETURN THE ACFT TO ITS HOME BASE STF; 13 MI AWAY. AFTER MY RUNUP; I DIALED UP THE AWOS AND HEARD THE CEILING HAD DROPPED TO 900 FT. I CALLED COLUMBUS CLRNC DELIVERY ON THEIR REMOTE FREQ AND RECEIVED A REPLY. THEN; I REQUESTED SPECIAL VFR OUT OF THE CLASS E SURFACE AREA TO THE W BELOW THE OVCST. ANOTHER ACFT CALLED FOR IFR CLRNC; AND THE CTLR ANSWERED HIM. ANOTHER ACFT ALSO CALLED; AND THEY TOLD HIM TO STAND BY. AFTER WHAT SEEMED AN APPROPRIATE WAIT FOR RESPONSE; I CALLED AND ASKED HOW LONG OF A DELAY TO ANTICIPATE; THINKING THEY MIGHT HAVE AN ARR INBOUND. THEY TOLD ME I WAS #2 FOR DEP BEHIND THE IFR PLANE THAT HAD NOW TAXIED OUT BEHIND ME. I SAID THAT I WAS IN FRONT OF THE ACFT THAT HAD CALLED AFTER I MADE MY REQUEST; AND THAT HE WAS NOW TAXIING UP BEHIND ME. THEY ASKED ME IF I WAS #1 AND IF I WAS READY FOR IMMEDIATE DEP; AND I REPLIED THAT I WAS. THEY THEN ASKED ME IF I WAS IFR RATED AND EQUIPPED. I REPLIED IN THE AFFIRMATIVE; BUT INDICATED I HAD NO INTENTION OF FLYING IFR. THEY ASKED ME IF I HAD FILED A FLT PLAN; AND I SAID NO; THAT IT WAS NOT REQUIRED FOR SPECIAL VFR. THEY ADVISED ME THAT I SHOULD RETURN TO THE RAMP AND FILE IFR; BECAUSE THEY COULD NOT/WOULD NOT GIVE ME A SPECIAL VFR CLRNC. I INDICATED THAT I NEEDED A SPECIAL VFR CLRNC TO DEPART VFR WITH 1 MI AND CLR OF CLOUDS; BECAUSE OF THE CLASS E SURFACE AREA. AFTER THEY INDICATED THAT IF MY INTENTION WAS TO DEPART VFR AND REMAIN VFR AT LOW ALT; I DIDN'T NEED A CLRNC. THEY SAID THEY COULDN'T GIVE ME A CLRNC BECAUSE THEY DIDN'T HAVE THE AUTH IN UNCTLED AIRSPACE. THREE DIFFERENT CTLRS COMMUNICATED THIS; A CLRNC DELIVERY PERSON; A PERSON WHO IDENTED HIMSELF AS THE COORD; AND INDIVIDUAL WHO SAID HE WAS THE APCH CTLR. THEY SAID I COULD DEPART VFR AND THAT THEY DIDN'T HAVE AUTH TO ISSUE A CLRNC. (THEY ARE IDENTED AS THE ATC FACILITY WITH JURISDICTION ON ALL PERTINENT PUBS.) I TAXIED ON THE RWY AFTER ANNOUNCING ON THE CTAF; AND HEARD THEM ADDRESS THE OTHER ACFT AND PROCEED TO GIVE HIM HIS CLRNC. I WAS GOING TO EXIT AT MIDFIELD TO THE RAMP; BUT TUNED TO THE AWOS. I HEARD CEILING 1000 FT; SO I THROTTLED UP AND DEPARTED TO THE W AT 500 FT AGL OVER SPARSELY POPULATED AREAS. I FLEW AT 500-700 FT AGL CLR OF CLOUDS WITH FLT VISIBILITIES LOWERING FROM 6 MI AT GTR TO 2 MI AT STARKVILLE IN CLASS G AIRSPACE. I TOOK CARE TO REMAIN MORE THAN 500 FT ABOVE AND/OR 500 FT AWAY FROM ALL OBSTACLES AS I PROCEEDED TO LAND AT STF. I MONITORED THE APPROPRIATE RADAR FREQS THAT WERE CTLING IFR TFC TO AND FROM STF AND GTR. THERE WERE NO OTHER ACFT ARRIVING OR DEPARTING AT EITHER ARPT; BESIDES THE ACFT THAT DEPARTED IFR AFTER I HAD DEPARTED VFR. HE HAD RPTED CLR OF THE AREA TO THE W. OUTSIDE THE CLASS E SURFACE AREA; I WAS IN AIRSPACE CLASSIFIED AS G. WHILE IN CLASS E AIRSPACE; I WAS OVER SPARSELY POPULATED AREAS AND MAINTAINED MORE THAN THE REQUIRED OBSTACLE CLRNC AND DISTANCE FROM CLOUDS; SINCE THE WX WAS DETERIORATING NEAR STF. THE VISIBILITY DECREASED AND THE CEILING LOWERED; BUT I WAS IN CLR AIR BELOW CLOUDS WITH A MINIMUM OF 2 MI ALL THE WAY TO LNDG AT STF. DURING THE NEXT HR; CONDITIONS DETERIORATED TO LOW IFR. THE CTLR'S INDECISION; AND APPARENT LACK OF UNDERSTANDING OF THE APPROPRIATENESS OF A SPECIAL VFR CLRNC; SEEMED TO BE A MAJOR STUMBLING BLOCK TO THE SMOOTH AND ORDERLY FLOW OF TFC OUT OF GTR. I KNOW THAT I WAS DELAYED AND THE ACFT BEHIND ME WAS DELAYED FROM DEPARTING FOR A FEW MINS. THIS SEEMED ENTIRELY OUT OF PLACE WITH PROCS DEFINED IN INSTRUCTIONS TO PLTS AND CTLRS. THE STATEMENT THAT ATC COULD NOT PROVIDE A SPECIAL VFR CLRNC OUT OF THE CLASS E SURFACE AREA WAS PATENTLY FALSE. I HAVE; IN FACT; RECEIVED SUCH CLRNCS IN AND OUT OF GTR IN THE PAST; FROM COLUMBUS APCH AND FROM ZME; AS WELL AS CLRNCS RELAYED BY GREENWOOD RADIO FROM CTR; ALL ROUTINE AND WITHOUT INCIDENT.",,,,"THE RPTR EXPRESSED SURPRISE AND IRRITATION THAT THE CBM TWR DID NOT UNDERSTAND THE MEANING OF SPECIAL VFR.",
583729,200306,0601-1200,LAF.Airport,IN,,,,,,IMC,,,Daylight,,,Tower LAF.Tower,,Any Unknown or Unlisted Aircraft Manufacturer,,1,,,,,Cruise,,Class D LAF.D,,,,,,,,,,,,,,,,,,,,,,,,,,,,,,,,,,,,,,,,,,,,,,,,,,,,,,,,,,,,,,,Aircraft X,,,Pilot Flying; Single Pilot,Flight Crew Private; Flight Crew Student,,,,,,583729,Facility LAF.Tower,,Government,Local,,,,,,,,Deviation / Discrepancy - Procedural FAR; Inflight Event / Encounter VFR In IMC; Inflight Event / Encounter Weather / Turbulence,,,Person Flight Crew,,General Declared Emergency,Human Factors; Weather,Human Factors,"I WAS ON A TRIP BACK TO MADISON; IN; WHEN I ENCOUNTERED LOW CEILINGS AND THEN SUDDENLY I WAS IN IFR CONDITIONS. I WAS CLOSE TO LAF AND CALLED THE TWR; BUT FORGOT TO ASK FOR SPECIAL VFR AND FINALLY DECLARED AN EMER TO GET THE TWR TO APPROVE MY COMING IN TO LAND.",,,,"A VFR SINGLE PLT ENCOUNTERS IMC CONDITIONS WHILE ENRTE; RESULTING IN AN EMER DECLARED TO GET THE ACFT ON THE GND.",
585459,200306,1201-1800,POC.Airport,CA,,0.75,,1800,,Mixed,3,,Daylight,900,,Tower POC.Tower,Personal,PA-30 Twin Comanche,,1,Part 91,None,Other Maint Chk,Localizer/Glideslope/ILS 26L,,Other Traffic Pattern,Class D POC.D,,,,,,,,,,,,,,,,,,,,,,,,,,,,Tower POC.Tower,Personal,Any Unknown or Unlisted Aircraft Manufacturer,,1,Part 91,IFR,Personal,VOR / VORTAC POM.VORTAC,Initial Approach,,Class D POC.D,,,,,,,,,,,,,,,,,,,,,,,,Aircraft X,,Personal,Pilot Flying; Single Pilot,Flight Crew Multiengine; Flight Crew Air Transport Pilot (ATP); Flight Crew Flight Instructor; Flight Crew Instrument,Flight Crew Last 90 Days 15; Flight Crew Total 11750; Flight Crew Type 2300,,,,,585459,Aircraft Y,,Personal,Pilot Flying; Single Pilot,,,,,,,,Deviation / Discrepancy - Procedural FAR; Deviation / Discrepancy - Procedural Clearance; Inflight Event / Encounter VFR In IMC; Inflight Event / Encounter Weather / Turbulence,,,Person Air Traffic Control; Person Flight Crew,,Air Traffic Control Issued New Clearance,Weather; Environment - Non Weather Related; Human Factors,Human Factors,"INITIAL WX RPT PRIOR TO TAXI WAS 1000 FT CEILING; 3+ MI VISIBILITY (THIS IS 1000 FT AGL). JUST PRIOR TO DEP SPECIAL WX RPT CALLED CEILING 900 FT; 3 MI VISIBILITY. REQUESTED SPECIAL VFR (DUE TO CEILING) TO REMAIN IN S PATTERN. CLRED FOR TKOF I DEPARTED TO REMAIN IN PATTERN. AFTER TURNING DOWNWIND AT 1800 FT MSL (800 FT AGL) I FOUND LOWER CLOUD BASES AND DSNDED TO 1600 FT MSL (600 FT ABOVE ARPT ELEVATION BUT ONLY 300 FT ABOVE LCL HILLS ADJACENT TO FLT PATH). ADDITIONAL LOWER CLOUDS OBSCURED FLT PATH BUT VISUAL CONTACT WAS RETAINED WITH GND AND HIGHWAY. AT THIS POINT I REQUESTED POC LCL CTLR TO OBTAIN IFR CLRNC FOR ILS BACK TO POC. SHE RESPONDED SHE WAS UNABLE. I HEADED IN NORTHERLY DIRECTION TO INTERCEPT THE ILS COURSE BUT I WAS TOO CLOSE IN TO PROPERLY INTERCEPT AND TRACK ILS TO ARPT (RWY 26L). AFTER OVERSHOOTING LOC; TURNED AND TRACKED INTO THE POM VOR (WHICH SITS ON HILL APPROX 1/2 MI S OF RWY 26L AT POC). THE LCL CTLR REQUESTED MY POS STATING SHE HAD IFR TFC INBOUND TO POC ON VOR-A APCH (INBOUND ON POM 164 DEG RADIAL). LCL CTLR ASKED ME TO CROSS OVER ARPT AND ENTER R TFC FOR RWY 26R. I DID SO AND LANDED RWY 26R. SEVERAL ISSUES COME TO MIND WHICH SUGGEST CERTAIN OF MY ACTIONS AND THE CTLR'S ACTIONS COULD HAVE AVERTED MY INADVERTENT ENTRY INTO IMC AND POTENTIAL CONFLICT WITH IFR TFC. CTLR'S ACTIONS: 1) DENY SVFR LCL OPS IN LOW WX WHEN IFR OPS ARE IN PROGRESS. 2) GRANT MY REQUEST FOR IFR CLRNC AND OBTAIN SAME FOR ME FROM SOCAL. MY ACTIONS: 1) NOT REQUESTING SVFR WHEN SPECIAL WX RPT INDICATED REDUCTION IN CEILING. 2) DECLARING EMER AND FORCING ACQUISITION OF IFR CLRNC. (THIS COURSE OF ACTION SEEMED EXTREME AT THE TIME SINCE I WAS NOT AWARE OF IFR OPS UNTIL OVER POM VOR.)",,,,"SVFR PA30 ENCOUNTERED IMC CONDITIONS WHILE CONDUCTING PATTERN WORK AT POC.",
586593,200307,0601-1200,POC.Airport,CA,,,,3250,,VMC,Turbulence; 5,,Daylight,,,Tower POC.Tower,Personal,Cessna 152,,1,Part 91,None; SVFR,Personal,,Descent; Initial Approach,Direct,Class D POC.D; Class G CCB.G,,,,,,,,,,,,,,,,,,,,,,,,,,,,,,,,,,,,,,,,,,,,,,,,,,,,,,,,,,,,,,,Aircraft X,,Personal,Single Pilot; Pilot Flying,Flight Crew Commercial; Flight Crew Flight Instructor,Flight Crew Last 90 Days 25; Flight Crew Total 900,,,,,586593,Facility POC.Tower,,Government,Local,,,,,,,,Airspace Violation All Types; Deviation / Discrepancy - Procedural Clearance; Inflight Event / Encounter Weather / Turbulence,,,Person Flight Crew,,General None Reported / Taken,Human Factors,Human Factors,"I WAS RETURNING FROM REDLANDS ARPT TO BRACKETT ARPT AT 3250 FT MSL ALONG THE BASE OF THE SAN GABRIEL MOUNTAINS OUTSIDE OF ONTARIO'S CLASS C AIRSPACE. I HAD BEGUN THE DAY JUST ABOUT 45 MINS EARLIER DEPARTING BRACKETT FOR REDLANDS. THE TERRAIN IS GENERALLY AT 1500 FT TO 2000 FT MSL ALONG THIS RTE. THE AIRSPACE IS CLASS E. THE VISIBILITY WAS GOOD AT 5 MI E OF CABLE ARPT (UNCTLED) SINCE I COULD EASILY SPOT CABLE ARPT FROM THIS POS. TEMP WAS VERY HOT AND THE MECHANICAL/CONVECTIVE TURB WAS PRODUCING UPDRAFTS AND DOWNDRAFTS. WHILE MONITORING CABLE'S FREQ. I ALSO PICKED UP THE BRACKETT ATIS AND LEARNED THAT BRACKET WAS REPORTING 2 MI VISIBILITY. DEPARTING BRACKETT EARLIER; THE WX WAS 3 MI -- I HAD EXPECTED WX TO IMPROVE. BRACKETT IS LOCATED JUST A FEW MI W OF CABLE AND CAN HAVE SIGNIFICANTLY LOWER LOC WX DUE TO A NEARBY LAKE. THERE WERE ACFT OPERATING AT CABLE; AND AS A RESULT; IT'S VERY IMPORTANT TO KEEP AN EYE OUT FOR TFC AS CABLE'S TFC TYPICALLY DEPARTS TO THE N TOWARD THE BASE OF THE SAN GABRIEL MOUNTAINS. THIS IS A HIGH DENSITY TFC ENVIRONMENT. I REQUESTED SPECIAL VFR FROM BRACKETT AND WAS GIVEN AN APPROPRIATE CLRNC ITO BRACKETT'S CLASS D AIRSPACE. THE CLRNC INCLUDED THE FOLLOWING '...MAINTAIN AT OR BELOW 2500 FT ...' NORMALLY; I STAY ABOVE 3000 FT MSL UNTIL JUST W OF CABLE ARPT TO MAINTAIN PROPER MINIMUM ALTS; AND THEN START A DSCNT FOR LNDG. UNFORTUNATELY; THIS TIME; I STARTED MY DSCNT; FOR THE PURPOSE OF LNDG; TOO EARLY AND DSNDED LOWER THAN WAS NECESSARY FOR THE OP. I BEGAN MY DSCNT TOO EARLY TO MEET THE 2500 FOOT LIMITATION. I BELIEVE THAT THE PROB WAS COMPOUNDED BY LOW VISIBILITIES AT BRACKETT ARPT; THE 'AWARENESS' OF THE HIGH TFC ENVIRONMENT; MONITORING OF MULTIPLE COM SOURCES; TRYING TO STAY CLR OF ONTARIO'S CLASS C AIRSPACE; AND THE MOUNTAINS. IN HINDSIGHT; IT WOULD HAVE BEEN BEST TO START THE DAY WITH BETTER THAN 3 MI TO PROVIDE ADEQUATE MARGINS FOR VFR FLT. AS A RESULT; I WILL INCREASE MY PERSONAL VFR MINIMUMS TO 5 MI. THE WORKLOAD WAS QUITE HIGH AND SITUATIONAL AWARENESS WAS NEGATIVELY EFFECTED.",,,,"A C152 PLT WAS CONCERNED THAT HE DSNDED TOO EARLY ON APCH TO POC; EVEN THOUGH HE FOLLOWED THE INSTRUCTIONS GIVEN.",
589932,200308,0601-1200,OSH.Airport,WI,,,500,,,Marginal,,,,,,Tower OSH.Tower,Personal,Small Aircraft; Low Wing; 1 Eng; Retractable Gear,,1,Part 91,,,,Initial Climb; Takeoff / Launch,,Class D OSH.D,,,,,,,,,,,,,,,,,,,,,,,,,,,,,,,,,,,,,,,,,,,,,,,,,,,,,,,,,,,,,,,Aircraft X,,Personal,Pilot Flying; Single Pilot,Flight Crew Private; Flight Crew Instrument,Flight Crew Last 90 Days 30; Flight Crew Total 2900; Flight Crew Type 2500,,,,,589932,Facility OSH.Tower,,Contracted Service,Local,,,,,,,,Deviation / Discrepancy - Procedural FAR; Deviation / Discrepancy - Procedural Published Material / Policy; Inflight Event / Encounter Weather / Turbulence; Inflight Event / Encounter VFR In IMC,,,Person Flight Crew,,,Environment - Non Weather Related; Human Factors; Weather,Human Factors,"DEPARTED VFR RWY 27 OSH SPECIAL VFR PROCS. ATIS RPTED VFR CONDITIONS. ACTUAL CONDITIONS NO BETTER THAN 600 FT CEILING; VISIBILITY 4 IN MIST. UNABLE TO MAINTAIN CLRNC WITH KNOWN OBSTRUCTIONS AND RISING TERRAIN TO W AND S; I CLBED THROUGH THIN OVCST TO VFR CONDITIONS AND PROCEEDED TO MSN VFR; LANDED; AND FILED AN IFR FLT PLAN TO MY ENRTE DEST. I FEEL THAT OSH/FAA WAS TOO EAGER TO DECLARE VFR WHEN; IN FACT; CONDITIONS WERE SIGNIFICANTLY BELOW VFR. HUNDREDS OF PLANES LAUNCHED INTO THESE CONDITIONS WITH FAA BLESSING.",,,,"VFR PLT DEPARTING OSH AFTER AIRSHOW CLBED THROUGH CLOUDS.",
590542,200308,0601-1200,,AK,,70,,35000,,Mixed,,,Daylight,,,Center ZAN.ARTCC,Air Carrier,B757-200,,2,Part 121,IFR,Passenger,,Cruise,,Class A ZAN.A,,,,,,,,,,,,,,,,,,,,,,,,,,,,,,,,,,,,,,,,,,,,,,,,,,,,,,,,,,,,,,,Facility ZAN.ARTCC,,Government,Enroute,Air Traffic Control Fully Certified,Air Traffic Control Non Radar 18; Air Traffic Control Radar 18; Air Traffic Control Time Certified In Pos 1 (yrs) 15; Flight Crew Total 32,,,,,590542,Facility ZAN.ARTCC,,Government,Handoff / Assist,,,,,,,,ATC Issue All Types; Airspace Violation All Types; Deviation / Discrepancy - Procedural Published Material / Policy,,,Person Air Traffic Control,,General None Reported / Taken,Human Factors,Human Factors,"AROUND XA00 WEDNESDAY I WAS WORKING THE R-7 POS AT ZAN. I GOT BUSY WITH NUMEROUS XFERS (MANUAL) TO EDMONTON ARTCC; ARRS AND DEPS AND SPECIAL VFR'S AT CORDOVA ARPT; A SEQUENCING SIT AT ANCHORAGE ARPT AND SEVERAL DEPS FROM ANCHORAGE. I REQUESTED THE SUPVR TO PROVIDE ME A D-SIDE; BUT HE WAS HESITANT TO GET ME ONE BECAUSE WE WERE SHORT STAFFED. WHEN HE FINALLY DID GET ME A D-SIDER; I WAS GETTING BEHIND ON COORD; AND HAD LOST RADIO CONTACT WITH 2 ACFT BECAUSE I HAD FAILED TO CHANGE THEM TO THE NEXT FREQ. THE D-SIDE HELPED FOR A FEW MINS THEN WAS TAKEN SOMEWHERE ELSE BECAUSE HE WAS NEEDED ON ANOTHER SECTOR. WHILE I WAS DISTR WITH ALL THESE THINGS; I FAILED TO HDOF A B757 TO ANOTHER SECTOR; UNTIL HE WAS RIGHT AT THE BOUNDARY. THE SUPVR POINTED IT OUT TO ME AND I MADE THE HDOF; BUT HE WAS ALREADY LESS THAN 2 1/2 MI FROM THE SECTOR BOUNDARY; WHICH IS A SYS DEV. THE DEV WENT UNRPTED BY THE SUPVR; POSSIBLY BECAUSE I WAS STILL NEEDED FOR ATC DUTY; AND POSSIBLY BECAUSE THE LCL MGMNT DOES NOT WANT TO ADMIT THAT OUR SHORT STAFFING IS COMPROMISING SAFETY.",,,,"ZAN CTLR EXPRESSED FRUSTRATION WITH LACK OF STAFFING DURING BUSY AND COMPLEX TFC SIT.",
594962,200309,0601-1200,ORL.Airport,FL,,,,,,IMC,Clouds; 9,,,1200,,Tower ORL.Tower,FBO,Skyhawk 172/Cutlass 172,,2,Part 91,None,Training,,Cruise,Other Traffic Pattern,Class D ORL.D,,,,,,,,,,,,,,,,,,,,,,,,,,,,Tower ORL.Tower,Personal,Any Unknown or Unlisted Aircraft Manufacturer,,1,Part 91,,,,,,,,,,,,,,,,,,,,,,,,,,,,,,Aircraft X,,FBO,Instructor; Pilot Not Flying,Flight Crew Commercial; Flight Crew Multiengine; Flight Crew Instrument; Flight Crew Flight Instructor,Flight Crew Last 90 Days 500; Flight Crew Total 1260; Flight Crew Type 3000,,,,,594962,Aircraft X,,FBO,Trainee; Pilot Flying,Flight Crew Student,,,,,,,Deviation / Discrepancy - Procedural FAR; Deviation / Discrepancy - Procedural Published Material / Policy; Inflight Event / Encounter VFR In IMC; Inflight Event / Encounter Weather / Turbulence; Inflight Event / Encounter Other / Unknown,,,Person Flight Crew,,General None Reported / Taken,Weather; Human Factors,Human Factors,"ON SEP/SUN/03; AT APPROX XA00 EASTERN DAYLIGHT TIME; IN MY CAPACITY AS FLT INSTRUCTOR; I ELECTED TO CONDUCT A TRAINING FLT UNDER PART 91; ORIGINATING FROM ORL TO REMAIN IN THE LCL TFC PATTERN; IN A CESSNA 172SP; UNDER VISUAL FLT RULES. RPTED WX AT THE TIME OF DEP IS NOTED BELOW: 'KORL 00000KT 10SM FEW008 SCT021 27/26 A2990 RMK AO2 SLP127 T02670256 $=.' THE SUBSEQUENT METAR'S (WHICH WERE DISSEMINATED AFTER LNDG) WERE: KORL 00000KT 10SM BKN009 BKN014 BKN021 28/26 A2991 RMK AO2 SLP129 TO2780256 51012=. KORL VRB03KT 10SM CLR 28/25 A2992 RMK AO2 SLP132 TO2830250=.' INITIALLY; AS MY STUDENT PREFLTED THE ACFT; SKIES WERE ESSENTIALLY CLR WITH FEW CLOUDS AT APPROX 2000 FT. BY THE TIME WE WERE READY TO BEGIN THE ENG START SEQUENCE; I NOTED ALOUD TO MY STUDENT THAT A LOWER-LEVEL SCATTERED CLOUD LAYER HAD ROLLED IN AND THAT WE WOULD NEED TO KEEP AN EYE ON THE WX TO ENSURE WE MAINTAINED VFR. AS WE TAXIED TO THE RUN-UP AREA; GND CTL ADVISED THAT AN ACFT WAS AN UNSPECIFIED DISTANCE TO THE N OF THE ARPT RPTED BASES AS LOW AT 700 FT. FROM THE RAMP I COULD SEE THAT THE AREA IMMEDIATELY TO THE N OF THE ARPT (THE TFC PATTERN FOR RWY 7-25) WAS ESSENTIALLY CLR WITH FEW TO SCATTERED CLOUDS AT APPROX 1000-12000 FT WHILE THE AREA TO THE W/SW OF THE ARPT (APCH FOR RWY 7) LOOKED TO BE BROKEN AT APPROX 1000 FT. WE MADE L TFC FOR RWY 7 AND WERE EASILY ABLE TO MAINTAIN VFR (MINIMUM CLOUD CLRNC AND VISIBILITY). ON OUR SECOND CIRCUIT I NOTED THAT A MORE SOLID CLOUD LAYER (PERHAPS SCATTERED TO BROKEN) WAS ROLLING IN SLOWLY FROM THE W-NW. I CONTACTED TWR AND STATED THAT WE NOTICED THE BASES WERE DROPPING AND THAT WE WERE REQUESTING A SPECIAL VFR CLRNC. THE TWR REPLIED WITH 'I HAVE YOUR REQUEST. THE CLASS D SURFACE AREA IS CURRENTLY VFR. MAINTAIN VFR.' I REPLIED WITH 'ROGER.' I WAS 1 OF 2 ACFT IN THE LCL TFC PATTERN AT THIS TIME. THERE HAD BEEN 2 VFR DEPS AT THE TIME OF OUR INITIAL TKOF AND I BELIEVE ONE OTHER ACFT DEPARTED VFR AS WE FLEW THE PATTERN AS WELL. ANOTHER ACFT IN AN UNSPECIFIED AREA XMITTED TO TWR THAT HE DID NOT THINK THE WX WAS VFR AT HIS LOCATION; THAT HE FELT THE BASES WERE AT 800-1000 FT AND SPECIFICALLY SAID 'I REALLY DON'T THINK THIS IS VFR.' THE LCL CTLR ACKNOWLEDGED HIS XMISSION. WE MADE A TOUCH AND GO AND ON THE THIRD CIRCUIT; STILL MAINTAINING VFR IN THE AREA TO THE N OF THE ARPT; THE PLT OF THE AFOREMENTIONED ACFT IN THE UNSPECIFIED AREA AGAIN XMITTED THAT HE FELT THE WX WAS NOT VFR AND STATED THAT 'I DON'T KNOW IF THE TWR REALLY WANTS TO ALLOW TOUCH AND GOES RIGHT NOW.' THE LCL CTLR DID NOT REPLY; BUT XMITTED TO MY STUDENT AND I THAT WE WERE 'CLRED TO LAND; FULL STOP;' THEN MADE THE SAME XMISSION TO THE OTHER VRF ACFT IN THE LCL PATTERN. WE ACKNOWLEDGED THE CLRNC AND LANDED WITHOUT INCIDENT. I AM CERTAIN THAT AT NO TIME DID MY ACFT VIOLATE THE CLOUD CLRNC AND VISIBILITY REQUIREMENTS OF PART 91.155(A). HOWEVER; I DO FEEL THAT IN MY ROLE AS A FLT INSTRUCTOR I SHOULD HAVE BEEN MORE CONSERVATIVE WHEN ELECTING TO CONDUCT THIS FLT. MY STUDENT WAS A LOW-TIME AND IMPRESSIONABLE STUDENT PLT WHO MAY HAVE GOTTEN THE WRONG MESSAGE FROM MY WILLINGNESS TO CONDUCT THE FLT IN THE AFOREMENTIONED CONDITIONS. AS SUCH; I FEEL THAT MY FLT WAS LEGAL AND SAFE; BUT NOT AN EXAMPLE OF GOOD INSTRUCTIONAL JUDGEMENT. I WILL ENDEAVOR TO REMEMBER THAT IN THE FUTURE; JUST BECAUSE A FLT IS SAFE AND LEGAL DOES NOT MEAN THAT AN INSTRUCTIONAL GOAL IS BEING MET; OR THAT THE BEST INTERESTS OF THE STUDENT ARE BEING SERVED. THE ACTIONS I AM UNDERTAKING AS A RESULT OF THIS INCIDENT ARE TO: 1) BRIEF MY STUDENT ON THE IMPORTANCE OF OBSERVING THE REQUIREMENTS OF 91.155(A) AND EMPHASIZE BEING CONSERVATIVE WHEN IT COMES TO WX DECISIONS. 2) REVIEW ADM (AERONAUTICAL DECISION MAKING) SECTION OF THE AERONAUTICAL INFO MANUAL. 3) REVIEW FOI (FUNDAMENTALS OF INSTRUCTING) LAWS OF LEARNING; AND APPLY THAT REVIEW TO HOW I INSTRUCT MY STUDENTS.",,,,"C172 INSTRUCTOR PLT CONTINUED FLT INSTRUCTION AFTER 2 PLT RPTS INDICATED IFR CONDITIONS EXISTED.",
598879,200311,,6K4.Airport,OK,,0,0,,,VMC,1.5,,Daylight,800,,CTAF 6K4,,Any Unknown or Unlisted Aircraft Manufacturer,,1,Part 91,None,Training,,Initial Approach; Landing,,,,,,,,,,,,,,,,,,,,,,,,,,,,,,,,,,,,,,,,,,,,,,,,,,,,,,,,,,,,,,,,,Aircraft X,,Personal,Single Pilot; Pilot Flying,Flight Crew Commercial; Flight Crew Flight Instructor; Flight Crew Multiengine,Flight Crew Last 90 Days 20; Flight Crew Total 4100; Flight Crew Type 3500,,,,,598879,,,Government,REPRESENTATIVE,,,,,,,,Deviation / Discrepancy - Procedural FAR; Inflight Event / Encounter Weather / Turbulence,,,Person Flight Crew,,,Airport; Weather; Human Factors; Airspace Structure,Weather,"HOW THE PROB AROSE: AFTER RECEIVING A FLT BRIEFING FROM FSS 3 TIMES I DEPARTED VFR FROM 43OK TO 6K4; WELLSTON TO FAIRVIEW; OK; TO ATTEND THE FLY-IN THERE. THE WX WAS RPTED AND FORECAST ENRTE TO BE VFR BELOW 1200 FT (THE FBO AT 6K4 CONFIRMED VIA PHONE 1200 FT CEILINGS AND 5 MI VISIBILITY JUST PRIOR TO DEP) AND PATCHES OF IFR ABOVE THAT AND IT WAS THAT UNTIL I APCHED 6K4 AT LESS THAN 700 FT AGL. AT ABOUT 5 MI FROM 6K4 THE VISIBILITY STARTED DETERIORATING RAPIDLY. AN EFFORT TO CONTACT THE NEAREST TWR; FSS CTR; OR UNICOM FOR SPECIAL VFR CLRNC FAILED; DUE PROBABLY TO THE LOW ALT AND DISTANCE. WITH VISIBILITY WELL ABOVE 1 MI BUT CHANGING FAST THE ARPT APPEARED ABOUT 3 MI AHEAD. I ELECTED IN THE INTEREST OF SAFETY TO CONTINUE TO LAND INSTEAD OF GOING TO THE ALTERNATE ARPT WHICH MAY HAVE WORSE WX. THE VISIBILITY AT LNDG WAS MORE THAN 1 MI. WITH ABOUT ZERO CHANCE OF ANY IFR TFC AT THIS ARPT LNDG SEEMED LIKE THE BEST CHOICE. AFTER LNDG AN FAA OPS REPRESENTATIVE ASKED TO SEE MY PLT LICENSE; MEDICAL; AND IF I HAD RECEIVED A PREFLT BRIEFING. I SHOWED HIM AND SAID YES; 3 BRIEFINGS ACTUALLY. HE SAID THE FIELD WAS IFR WITH VISIBILITY LESS THAN 1 MI. I POINTED OUT SOME TREES ON THE N END OF THE FIELD WHICH WERE QUITE VISIBLE AND ASKED IF THAT WAS 1 MI OR NOT. HE SAID 'I DON'T THINK SO' AND THAT I WOULD BE HEARING FROM THE FAA AND WALKED OFF ALL HUFFED UP. SUBSEQUENT MEASUREMENT FROM THE EXTREME S END OF THE FIELD; FROM WHICH THE TREES WERE STILL QUITE VISIBLE; TO THE TREES WAS OVER 1.5 MI. 3 OTHER CURRENT PLTS AT THE ARPT AT THAT TIME HAVE VERIFIED IN WRITING IT IS THEIR OPINION THAT THE VISIBILITY WAS OVER 1 MI AT THE TIME OF MY LNDG AND THE ROTATING BEACON WAS NOT ON. AT NO TIME DURING THE FLT WAS THERE ANY DOUBT AS TO ITS SUCCESSFUL COMPLETION. THE ONLY PROBS WERE MY INABILITY TO CONTACT ATC FOR CLRNC AT 6K4 EVEN THOUGH IT IS NOT NEEDED IN CLASS G AIRSPACE WITH MORE THAN 1 MI VISIBILITY AND MY DECISION TO LAND INSTEAD OF CONTINUING INTO DETERIORATING CONDITIONS. CONTRIBUTING FACTORS: FAST CHANGING WX. DISTANCE TO NEAREST ATC FACILITY PREVENTING TIMELY COMS. DIFFERENCES IN PERCEPTIONS OF DISTANCE.",,,,"AFTER AN L8 PLT LANDED AT 6K4 ARPT VFR WITH VISIBILITY ESTIMATED TO BE AT APPROX 1 MI; HE WAS MET BY AN FAA OPS REPRESENTATIVE WHO DISAGREED THE VISIBILITY WAS AT LEAST 1 MI.",
601878,200312,0601-1200,ZZZ.Airport,US,,1,,,,Marginal,2,,Night,2300,,Tower ZZZ.Tower,Personal,Helicopter,,,Part 91,VFR,Other New Gathering,,Cruise,,Class C ZZZ.C,,,,,,,,,,,,,,,,,,,,,,,,,,,,,,,,,,,,,,,,,,,,,,,,,,,,,,,,,,,,,,,Aircraft X,,Personal,Pilot Flying; Single Pilot,Flight Crew Commercial; Flight Crew Flight Instructor,Flight Crew Last 90 Days 150; Flight Crew Total 7570; Flight Crew Type 1150,,,,,601878,Facility ZZZ.Tower,,Government,Local,,,,,,,,Deviation / Discrepancy - Procedural Clearance; Inflight Event / Encounter Weather / Turbulence,,,Person Flight Crew,,Flight Crew Took Evasive Action,Human Factors; Airspace Structure; Weather,Human Factors,"SBOUND OVER INTERSTATE X ON TFC WATCH (NEWS GATHERING) 7 MI OUTSIDE ZZZ. REQUESTED 'SPECIAL VFR FOR 'E TO N.' 'E TO N' IS A PRE-APPROVED RTE; ALONG INTERSTATE X EBOUND; THEN TURNING NBOUND OF HWY INTERCHANGE; THEN N ALONG INTERSTATE Y NBOUND OUT OF CLASS C. AT THE TIME OF REQUEST; WE COULD SEE DOWNTOWN SKYLINE; BUT HAZY. ATIS WAS RPTING VISIBILITY 2 MI; CEILING 2300 FT OVCST. WE SQUAWKED OUR CODE XXXX FOR 'FLT Y' AND GOT APPROVAL FOR OUR SPECIAL. WE PROCEEDED EBOUND; ENCOUNTERING LOWERING VISIBILITY DUE TO FOG ABOUT 1 MI NW OF ARPT. I REQUESTED TO TURN BACK WBOUND; AS FURTHER FLT E OR N WOULD PUT US IN DETERIORATING VISIBILITY DUE TO FOG. CTLR DENIED REQUEST BACK WBOUND. I ASKED AGAIN SAYING 'I REALLY; REALLY WOULD LIKE TO GO WBOUND.' HE DENIED ME SAYING; 'I CAN'T LET YOU DO THAT. I HAVE AN APCH INBOUND. I NEED YOU TO CONTINUE NBOUND.' I STARTED N; BUT RAN INTO FOG; SO PULLED INTO A HOVER TO WAIT UNTIL HE COULD CLR ME BACK W. ABOUT A MIN LATER HE ASKED IF I WAS FLYING WBOUND. I SAID 'NO; I AM HOVERING HERE.' HE SAID 'I CAN'T LET YOU STAY THERE; EITHER. YOU NEED TO GO N.' SO I EDGED N AND W TO CLR THE AREA OF FOG. ABOUT A HALF MI FURTHER AND I WAS BACK INTO BETTER VISIBILITY. I ANNOUNCED I WAS NBOUND. CTLR TOLD ME TO SQUAWK 1200 SVCS TERMINATED. I WAS STILL IN HIS CLASS C WITH ABOUT 1 MI TO GO TO CLR. WE CONTINUED NEWS AND TFC RPTING FOR ANOTHER 20 MINS BEFORE ENDING FLT IN UNCTLED AIRSPACE. I KNOW I SHOULD HAVE SAID 'UNABLE TO MAINTAIN VFR NBOUND;' BUT FEARED REPERCUSSIONS FROM ZZZ ATC. I HAD GOTTEN CHEWED OUT OVER FREQ FOR BEING W OF THE FIELD AND I WAS 7 MI OUT IN UNCTLED AIRSPACE! 3 MONTHS AGO! BY THIS GUY.",,,,"HELI ON SVFR CLRNC ENCOUNTERS WX AND HOVERS CAUSING CONCERN AND QUESTION FROM ATC.",
623490,200407,0601-1200,HWD.Airport,CA,,10,900,,,Marginal,10,,Daylight,1500,,TRACON NCT.TRACON,Personal,PA-28 Cherokee/Archer/Dakota/Pillan/Warrior,,1,Part 91,None,Personal,,Climb,,Class E NCT.E,,,,,,,,,,,,,,,,,,,,,,,,,,,,,,,,,,,,,,,,,,,,,,,,,,,,,,,,,,,,,,,Aircraft X,,Personal,Pilot Flying; Single Pilot,Flight Crew Private,Flight Crew Last 90 Days 7.2; Flight Crew Total 560; Flight Crew Type 326,,,,,623490,Facility NCT.TRACON,,Government,Approach,,,,,,,,Deviation / Discrepancy - Procedural FAR; Deviation / Discrepancy - Procedural Published Material / Policy; Inflight Event / Encounter Other / Unknown; Inflight Event / Encounter Weather / Turbulence,,,Person Flight Crew,,General None Reported / Taken,Human Factors; Weather,Human Factors,"THE FLT INVOLVED WAS A 40 MIN FLT BTWN PAO AND 103. AS OFTEN IS THE CASE IN THE BAY AREA; OVCST HAD DEVELOPED OVERNIGHT AND WAS BURNING OFF DURING THE MORNING HRS. 1 HR PRIOR TO OUR SCHEDULED DEP; I CHKED THE RECORDED WX INFO AVAILABLE AT THE OAKLAND AUTOMATED FLT SVC STATION. PAO; SJC; AND HWD WERE ALL RPTING VFR CONDITIONS WITH CEILINGS AROUND 1400-1500 FT. AS WE DROVE TO THE ARPT AND PREFLTED; THE CLOUDS WERE CLRING OVER PAO AND TO THE S WE COULD SEE SUNSHINE OVER SUNOL PASS; WHICH WAS OUR INTENDED RTE OF FLT. THE CEILINGS WERE LOWER FROM HAYWARD TO THE N. WE DEPARTED PAO USING A STANDARD 'R DUMBARTON' DEP AND CONTACTED NORCAL APCH FOR FLT FOLLOWING AND TO ESTABLISH 2-WAY RADIO CONTACT IN THE EVENT THAT OUR FLT PATH TOOK US INTO THE NORTHERN CORNER OF THE SJC CLASS C AIRSPACE. THERE WAS SOME MISCOM WITH ATC AT THIS POINT. RATHER THAN JUST ASK FOR FLT FOLLOWING; I MENTIONED THE CLRNC THROUGH SJC CLASS C. ATC ASKED IF I WAS GOING TO SAN JOSE AND I REPLIED; 'NO; I WAS JUST TRANSITIONING S TOWARD SUNOL PASS TO AVOID THE OVCST.' ATC THEN GRANTED CLRNC INTO CLASS B AIRSPACE; WHICH I NEITHER REQUESTED NOR NEEDED. (IN FACT; THIS WAS NOT POSSIBLE FROM MY LOCATION DUE TO THE OVCST ABOVE. THE CLASS B FLOOR IS 4000 FT IN THIS AREA.) DURING THIS EXCHANGE; ATC NOTED MY MODE C ALT AT 900 FT; AND I REALIZED THAT I HAD BEEN FOCUSED ON MAINTAINING CLOUD CLRNCS ABOVE AND HAD NEGLECTED TO MAINTAIN THE REQUIRED 1000 FT AGL MINIMUM CLRNC OVER THE CITY. I CONFIRMED HIS READING AND CLBED IMMEDIATELY TO CORRECT THE SIT. IN DOING SO I FOUND I WAS UNABLE TO REMAIN 500 FT BELOW THE CLOUDS. I HAD MISJUDGED THE CLOUD LEVEL IN THIS AREA. WITHIN 2-3 MI; THE CEILING LIFTED; I REACHED THE BREAK IN THE OVCST THAT I HAD OBSERVED FROM PAO; AND I WAS ABLE TO CLB ABOVE THE CLOUD LAYER IN VFR CONDITIONS. AT NO TIME WAS MY VISIBILITY LESS THAN 10 MI; BUT AT SOME POINTS I WAS ONLY ABOUT 200-300 FT BELOW THE CLOUDS. THE REST OF OUR FLT WAS UNEVENTFUL. I AM GENERALLY A VERY CONSERVATIVE PLT. MOST OF MY FLYING INVOLVES TRIPS SUCH AS THIS ONE WHERE I AM TRANSPORTING MY FAMILY ON A PLEASURE TRIP. WE USUALLY DO NOT FLY IN ROUGH OR MARGINAL WX. BASED ON 'IFFY RPTS;' I HAVE OFTEN CANCELLED FLTS AND DRIVEN OUR CAR JUST TO AVOID GETTING INTO THE SIT DESCRIBED ABOVE. THIS TIME I BELIEVED THAT THE OVCST HAD CLRED ENOUGH FOR US TO TRANSITION THIS AREA SAFELY WHILE MAINTAINING ALL OF THE APPROPRIATE CLRNCS. BY THE TIME I REALIZED I WAS WRONG; THE SAFEST OPTION WAS TO CONTINUE ON AND CLB OUT. I AM USUALLY VERY ALERT TO 'GET-THERE-ITIS' AND AVOID THAT PITFALL. HOWEVER; IN THIS CASE; I WONDER IF OUR PLANS FOR THE HOLIDAY WEEKEND CAUSED ME TO PUSH MY LIMITS BEYOND WHAT I NORMALLY WOULD HAVE; OR TO MISREAD THE CONDITIONS PRIOR TO DEP? IN RETROSPECT; I REALIZE THAT I SHOULD HAVE DELAYED OUR DEP AT LEAST ANOTHER 1/2 HR TO 1 HR SO THAT THE OVCST WOULD NOT HAVE BEEN AN ISSUE. IT IS ALSO POSSIBLE THAT I COULD HAVE OBTAINED A 'SPECIAL VFR CLRNC' FOR THE TRANSITION; AS VFR UNDER THOSE MINIMUMS WAS EASILY MAINTAINED; BUT THIS DIDN'T OCCUR TO ME SINCE I THOUGHT I WOULD BE OK ANYWAY.",,,,"A PA28 PLT WAS UNABLE TO MAINTAIN CLOUD CLRNC DURING A VFR FLT FROM PAO TO 103.",
627569,200408,1201-1800,BTT.Airport,AK,,,,,,,,,Daylight,,,Center ZAN.ARTCC,Personal,PA-18/19 Super Cub,,1,Part 91,VFR; SVFR,Personal,,Landing; Initial Approach,Other Special VFR,Class E ZAN.E,,,,,,,,,,,,,,,,,,,,,,,,,,,,Center ZAN.ARTCC,Personal,PA-18/19 Super Cub,,1,Part 91,VFR,Personal,,Initial Approach; Landing,VFR Route,Class E ZAN.E,,,,,,,,,,,,,,,,,,,,,,,,Aircraft X,,Personal,Single Pilot; Pilot Flying,Flight Crew Private,Flight Crew Last 90 Days 70; Flight Crew Total 1800; Flight Crew Type 500,,,,,627569,Company,,Air Taxi,FBO Personnel,,,,,,,,Inflight Event / Encounter Weather / Turbulence; Other Visibility Disputed,,,Person Flight Crew,,Air Traffic Control Separated Traffic,Weather,Weather,"ON AUG/THU/04; I WAS APCHING BETTLES FROM DIRECTLY N WITH SECOND PA18 PIPER ACFT TRAVELING WITH ME. THE LCL WX ADVISORY ON 122.9 RPTED POOR VISIBILITY DUE TO SMOKE. MY PARTNER CALLED ZAN ON 124.6 FOR A SPECIAL VFR CLRNC TO LAND AND THIS WAS GRANTED. ZAN ASKED IF WE COULD MAINTAIN VISUAL SEPARATION FROM ONE ANOTHER AND WE ADVISED 'NO PROB.' THERE WERE NO OTHER ACFT IN THE PATTERN; APCHING; OR CLOSE TO APCHING. WE RPTED OUR APCH AND ARR ON CTAF AND UNDOUBTEDLY MANY LCL PLTS AND LODGE OWNERS WERE LISTENING WHILE SITTING IN FRONT OF THEIR UNICOM BASE RECEIVERS. THE LNDGS WERE WITHOUT INCIDENT OR CONFLICT OF ANY ACFT OF ANY KIND. UPON PARKING AND EXITING THE 2 ACFT; BOTH MY PARTNER AND I WERE APCHED BY A LCL AIR TAXI OPERATOR WHO COMPLAINED HE COULD NOT GET HIS CLIENTS OUT AND WANTED TO KNOW WHY WE COULD VIOLATE THE MINIMUMS WHEN COMING INTO BETTLES. WE ADVISED THE COMPLAINING PLT WE HAD BEEN GRANTED A 'SPECIAL.' HE ALLOWED THAT THIS WAS NOT POSSIBLE SINCE THE 'OFFICIAL' WX WAS LESS THAN VISIBILITIES MINIMUMS. I TOLD THE COMPLAINING PLT THAT WE HAD WELL OVER A MI ON APCH SINCE THE VOR TWR WAS CLRLY VISIBLE FROM OVER A MI OUT; AND THAT HE COULD CONFIRM THAT WE HAD A 'SPECIAL' BY CALLING ZAN. HE WAS ARGUMENTATIVE AND BELLIGERENT. WHEN WE LEFT BETTLES LATER IN THE DAY AFTER TAKING ON FUEL; WE HAD 4 MI AND 1400 FT FROM THE WX ADVISORY. WE CALLED FOR A 'SPECIAL' ANYWAY; TO ZAN; JUST TO BE SAFE; AND THIS WAS GRANTED; EVEN THOUGH THE WX WAS ABOVE MINIMUMS. THE CONFLICT HERE MAY BE A MISUNDERSTANDING FOR BETTLES' LCL PLTS; REGARDING IF ZAN CAN GIVE A 'SPECIAL' AT THEIR DISCRETION OR IF THEY NEED PERMISSION/CONFIRMATION FROM THE (NON FAA) LCL CONTRACT WX ADVISOR. IF WE HAD BEEN GRANTED A 'SPECIAL' AND CONFIRMED WE COULD MAINTAIN VISUAL SEPARATION TO ZAN; WE BELIEVED IT WAS A FULLY A CORRECT; SAFE; AND AUTH APCH AND LNDG.",,,,"FLT OF 2 PA18 ACFT; AFTER LNDG BTT; ARE CHALLENGED BY A LCL AIR TAXI OPERATOR FOR LNDG IN POOR VISIBILITY.",
629919,200409,,UES.Airport,WI,,7,500,,,,3,,Daylight,1000,,Tower UES.Tower,Air Taxi,Bell 47,,1,Part 135,None; SVFR,Other Power Line Patrol,,Cruise,,Class E UES.E,,,,,,,,,,,,,,,,,,,,,,,,,,,,,,,,,,,,,,,,,,,,,,,,,,,,,,,,,,,,,,,Aircraft X,,Air Taxi,Single Pilot; Pilot Flying,Flight Crew Instrument; Flight Crew Flight Instructor; Flight Crew Commercial; Flight Crew Multiengine; Flight Crew Air Transport Pilot (ATP),Flight Crew Last 90 Days 100; Flight Crew Total 17000; Flight Crew Type 6000,,,,,629919,Facility UES.Tower,,Government,Local,,,,,,,,,,,Person Flight Crew,,General None Reported / Taken,Airspace Structure; Weather; ATC Equipment / Nav Facility / Buildings,Airspace Structure,"NEWLY CREATED SURFACE CLASS E AIRSPACE IS UNSAFE FOR HELI OPS. AT 500 FT OR LESS RADAR COVERAGE IS NOT AVAILABLE. AT 500 FT OR LESS TWR OR ANY ATC COM IS MARGINAL OR NOT AVAILABLE. NO WX RPTING IS AVAILABLE IN THE NEWLY CREATED SURFACE CLASS E AIRSPACE; CONDITIONS VARY CONSIDERABLY FROM THOSE IN UES CLASS D AIRSPACE. HELI REQUIREMENTS WERE NEVER CONSIDERED WHEN THIS NEW SURFACE CLASS E AIRSPACE WAS CREATED. UTILITY HELI OPS ARE CONDUCTED 12 MONTHS OUT OF THE YEAR IN AND THROUGH THIS AREA. UTILITY HELI OPS ARE CONDUCTED AT LOW LEVEL AND WHEN WX IS LESS THAN 1000 FT AND 3 MILES. FOR SPECIAL VFR OPS; RELIABLE COMS AND WX RPTING ARE VERY IMPORTANT. CALLBACK CONVERSATION WITH RPTR REVEALED THE FOLLOWING INFO: RPTR STATES THAT HE OPERATES AN FAR PART 135 HELI OPERATION WHICH CONDUCTS POWER LINE PATROL AND WILDLIFE SURVEY FLT WITHIN THE AREA ENCOMPASSED BY THE SURFACE CLASS E AIRSPACE. RPTR STATES THAT THE AREA ONLY PRESENTS A PROB WHEN THE WX IS BELOW VFR AND IT BECOMES NECESSARY TO COM WITH UES TWR TO OBTAIN SPECIAL VFR CLRNC. RPTR STATED THAT HE BELIEVES UES IS LOCATED IN TERRAIN DEPRESSION WHICH CAUSES COM DISRUPTION IN THE SURFACE CLASS E AREA.",,,,"B47J PLT CONTENDS THAT SURFACE CLASS E AIRSPACE AT UES IS UNSAFE FOR HELI OPS.",
646717,200502,,ZZZ.Airport,US,,,1000,,,IMC,Fog; 0,,Night,150,,Military Facility ZZZ.MILFAC; TRACON ZZZ.TRACON; Tower ZZZ.Tower,Personal,Skyhawk 172/Cutlass 172,,1,Part 91,None,Personal,,Initial Approach; Initial Climb,,Class G ZZZ.G,,,,,,,,,,,,,,,,,,,,,,,,,,,,,,,,,,,,,,,,,,,,,,,,,,,,,,,,,,,,,,,Aircraft X,,Personal,Pilot Flying; Single Pilot,Flight Crew Private,Flight Crew Last 90 Days 20; Flight Crew Total 15; Flight Crew Type 150,,,,,646717,Facility ZZZ.Tower,,Government,Local,,,,,,,,Deviation / Discrepancy - Procedural FAR; Inflight Event / Encounter VFR In IMC,,,Person Flight Crew,,Air Traffic Control Provided Assistance; Flight Crew Diverted; Flight Crew Landed As Precaution; General Declared Emergency,Human Factors; Weather,Human Factors,"RENTED A CESSNA 172 FOR WHAT STARTED OUT TO BE SOME NIGHT TOUCH AND GO'S. BEFORE DEPING; CALLED FOR A WX RPT; ALL LOCAL ARPTS RPTED ABOUT SAME; CEILING 800 FT; WHICH WOULD BE ABOVE LOCAL PATTERN BY 100 FT; AND 1 MI VISIBILITY. LOOKING AT THE SKY AROUND THE ARPT; THE PATTERN APPEARED TO BE SAFE AND CLR FOR SPECIAL VFR. AS SOON AS I BEGAN MY CLBOUT; AT ABOUT 1000 FT (ARPT ELEVATION 850 FT) LOST SIGHT OF RWY LIGHTS; ARPT; AND GND. COMPLETELY ENGULFED BY FOG; I LEVELED OFF AT 1200 FT CLR OF ANY OBSTACLES AROUND THE ARPT; AND BEGAN A STANDARD RATE TURN AROUND WHERE THE PATTERN SHOULD BE. I WAS HOPING TO FIND THE RWY; OR ANYTHING I RECOGNIZED TO FIGURE OUT WHERE THE ARPT WAS. QUICKLY REALIZING I WASN'T GOING TO FIND ANYTHING WITHOUT FLYING LOWER; AND KNOWING OF SEVERAL OBSTACLES INCLUDING TWRS; PWR LINES; AND OIL RIGS AROUND OUR FIELD; I CONTACTED ZZZ1 TWR; TOLD THEM OF MY SIT; AND THEY TRIED TO FIND A LOCAL ARPT WITH VFR CONDITIONS. WITH NO LUCK FINDING VFR; I TOLD THEM I WAS NOT INSTRUMENT RATED; AND THEY DECLARED AN EMER; AND AFTER DIRECTING ME ON A SAFE ALT AND HDG; THEY HANDED ME OFF TO APCH. I TOLD APCH I DID NOT HAVE ENOUGH FUEL TO GO TO ZZZ2; OR ZZZ3; AND I WANTED TO TRY AN INSTRUMENT APCH INTO ANY ARPT; AND ASKED IF THEY COULD GUIDE ME THROUGH IT. AT THAT POINT; THEY CONTACTED A MILFAC AND HANDED ME OFF TO ZZZ4 APCH; WHO THEN GUIDED ME IN ON A PRECISION RADAR APCH. ABOUT 1/8 MI OUT AND 150 FT UP; I SAW THE RWY AND MADE AN UNEVENTFUL LNDG.",,,,"INEXPERIENCED PRIVATE PLT TAKES OFF FOR PLEASURE FLT IN C172 IN MARGINAL VISIBILITY AND FINDS HIMSELF SOLID IFR. ULTIMATELY GETS TALKED DOWN ON PAR APCH TO A MILITARY ARPT.",
657824,200505,1201-1800,HYA.Airport,MA,,4.0,300,,,Marginal,Turbulence; Fog; 3,,Daylight,800,,TRACON CQX.TRACON,Corporate,S-76/S-76 Mark II,,2,Part 91,VFR,Passenger,,Cruise,,Class D CQX.D,,,,,,,,,,,,,,,,,,,,,,,,FMS/FMC,,X,Improperly Operated,,,,,,,,,,,,,,,,,,,,,,,,,,,,,,,,,,,,Aircraft X,,Corporate,Pilot Flying; First Officer,Flight Crew Multiengine; Flight Crew Instrument; Flight Crew Flight Instructor; Flight Crew Air Transport Pilot (ATP); Flight Crew Commercial,Flight Crew Last 90 Days 70; Flight Crew Total 5780; Flight Crew Type 500,,,,,657824,Aircraft X,,Corporate,Pilot Not Flying; Captain,Flight Crew Instrument; Flight Crew Flight Instructor; Flight Crew Air Transport Pilot (ATP); Flight Crew Commercial; Flight Crew Multiengine,Flight Crew Last 90 Days 150; Flight Crew Total 10000; Flight Crew Type 5000,,,,,657283,Airspace Violation All Types; Deviation / Discrepancy - Procedural FAR; Deviation / Discrepancy - Procedural Published Material / Policy; Inflight Event / Encounter Weather / Turbulence; Inflight Event / Encounter VFR In IMC,,,,,,Weather; Airspace Structure; Human Factors,Human Factors,"I WAS PLT FLYING FROM RIGHT SIDE OF COCKPIT ON A VFR PAX FLT. FIRST LEG OF FLT WAS GOOD VFR UNTIL PAST PVD. THE WX BEGAN TO DETERIORATE TO LOWER THAN FORECAST CONDITIONS (WORST FORECAST WAS APPROX 800 AND 3; ACTUAL FELL TO ABOUT 300 AND 1.5). FALLBACK PLAN WAS TO PICK UP IFR CLRNC PAST NEW BEDFORD; AND CONTINUE TO CQX; BUT CAPT SEEMED RELUCTANT TO EXECUTE PLAN B ON ACCOUNT OF FUEL RANGE (NO FUEL AVAIL AT CQX); AND FEAR OF GETTING DELAYED BY ATC. I FAILED TO ADVOCATE STRONGLY FOR PLAN B BECAUSE OF FUEL CONCERNS; TARGET FIXATION; AND PAST HISTORY WITH THIS CAPT. WE TRANSITED FMH'S CLASS D IN CONTACT WITH LOCAL CTLR; THEN CALLED HYA TWR FOR SPECIAL VFR CLRNC THROUGH THEIR AREA. THEY DENIED US CLRNC AND TOLD US TO REMAIN CLR ON ACCOUNT OF INBOUND IFR TFC. WE CONTINUED SE BOUND TO THE SHORELINE; AND THEN TURNED EBOUND ABOUT A HALF MILE OFFSHORE TO PARALLEL THE SHORELINE. DISTANCE TO HYA WAS APPROX 7.5 MI ACCORDING TO FMS. AT THIS POINT THE CAPT DECIDED TO ESTABLISH CONTACT WITH CAPE APCH FOR ADVISORIES; AND SELECTED 'DIRECT TO' THE NEXT POINT (CQX) ON OUR FLT PLAN; SO I COULD NO LONGER READ 'COUNT DOWN' DISTANCE TO HYA ON MY EFIS DISPLAY. CAPE APCH IDENTED US AND STATED (ROUGHLY): 'RADAR CONTACT 2 MI W OF HYA HDG E.' AS MENTIONED; I WAS PF; NOT THE PLT ON THE MAP; BUT I DON'T BELIEVE THAT GEOMETRY IS POSSIBLE FOR AN ACFT OVER THE OCEAN S OF THE SHORELINE AND TRACKING E. I DO BELIEVE; HOWEVER; THAT WE PROBABLY PENETRATED THE SOUTHERN EDGE OF THE CLASS D AREA; AND MAY HAVE CLOSED WITHIN 3-4 NM OF HYA.",,,,"UPON ENCOUNTERING DETERIORATING WX CONDITIONS DURING A VFR PAX FLT; FLT CREW OF HELI ENTER HYA CLASS D AIRSPACE WITHOUT CLRNC.",
664844,198907,1201-1800,HYA.Airport,MA,,12,500,,,IMC,3,,Daylight,500,,,Personal,PA-28 Cherokee/Archer/Dakota/Pillan/Warrior,,1,Part 91,VFR,Personal,,Initial Approach,,Class D HYA.D,,,,,,,,,,,,,,,,,,,,,,,,,,,,,,,,,,,,,,,,,,,,,,,,,,,,,,,,,,,,,,,Aircraft X,,Personal,Pilot Flying; Single Pilot,Flight Crew Private,Flight Crew Last 90 Days 15; Flight Crew Total 217; Flight Crew Type 110,,,,,664844,Aircraft X,,,Passenger,,,,,,,,Deviation / Discrepancy - Procedural FAR; Inflight Event / Encounter VFR In IMC; Inflight Event / Encounter Weather / Turbulence,,,Person Flight Crew,,Flight Crew Became Reoriented; Flight Crew Diverted,Human Factors; Weather,Weather,"MY WIFE AND I DEPARTED DXR EASTBOUND FOR CQX (AT THE ELBOW OF CAPE COD ABOUT 12 MILES E OF HYA) IN CAVU. APCHING CQX; A CLOUD BANK WAS VISIBLE MOVING IN FROM THE SOUTHWEST AT ABOUT 2000 FT MSL. I FLEW OVER THE CLOUDS LOOKING FOR A HOLE; BUT NONE WAS FOUND. I TOLD MY WIFE WE WOULD CIRCLE BACK AND TRY TO GET UNDER THE CLOUDS AND IF THAT DIDN'T WORK WE WOULD BE FORCED TO HEAD BACK TO HYA AND RENT A CAR THAT WOULD COST US TIME AND MONEY. DUCKING UNDER THE CLOUDS PROVED FUTILE SINCE THE CEILING CONTINUED TO DROP AS I GOT CLOSER TO CQX. AT HALF THE NORMAL PATTERN ALT AND WITHOUT A SPECIAL VFR CLRNC I DECIDED TO HEAD BACK WEST TO HYA. I MADE A R TURN THAT WAS THE SHORTEST RTE TO HYA; UNFORTUNATELY THAT TOOK US INTO THE CLOUD BANK. CONTINUING THE R TURN WOULD HAVE KEPT US IN THE CLOUDS TOO LONG AND A BELATED L TURN NOW WOULD HAVE US HEADED OUT OVER THE ATLANTIC OCEAN IN IMC; SO THE ONLY OPTION WAS TO CLB TO THE CLOUD TOPS WHICH I KNEW WERE ABOUT 2000 FT. I BECAME CONCERNED THAT SOMEONE MIGHT HAVE GOTTEN AN IFR RELEASE AND THAT I MIGHT BE ON HIS RWY HDG AND THAT I MIGHT BE AT HIS ALT; SO I DECIDED TO CLEAR THE AREA AS QUICKLY AS POSSIBLE; WHICH MEANT CLB. AFTER AN ETERNITY; I THOUGHT I HEARD THE VOICE OF ONE OF MY FORMER INSTRUCTORS TELLING ME TO STOP LOOKING AT THE WHITE FLUFF OUTSIDE THE WINDSCREEN AND TO SCAN MY INSTRUMENTS. I SAW THE AIRSPD INDICATOR SLICING THROUGH 60 KNOTS AND QUICKLY BEGAN RECOVERING FROM MY UNUSUAL ATTITUDE (YEARS LATER I LEARNED TO DO CHANDELLES CORRECTLY). AFTER RETURNING THE ACFT TO A NORMAL CLB; WE CLEARED THE CLOUDS AND LANDED AT HYA WITHOUT INCIDENT EXCEPT FOR THE PART WHERE MY WIFE; A FLT ATTENDANT FOR A MAJOR CARRIER; DISCUSSED AT GREAT LENGTH THE VARIOUS DEFECTS IN MY BRAIN AND WHAT I SHOULD DO ABOUT THEM. MAKING THAT RIGHT TURN TO SAVE A FEW MINUTES OF FLT TIME AND WORRYING ABOUT 'MIGHT HAVES' COULD HAVE EASILY KEPT US FLYING FOREVER; BUT HAVING PAID ATTENTION TO GOOD FLT INSTRUCTORS IN THE PAST GAVE THE LITTLE VOICE A CHANCE TO BRING US BACK TO THE REALITY OF THE PRESENT.",,,,"A PA28 PLT FLIES UNDER A CLOUD DECK. BECOMES IMC AND DURING A TURN BACK TO VMC BECOMES DISORIENTED; BUT RECOVERS TO LAND AT AN ALTERNATE.",
667837,200508,1801-2400,SBA.Airport,CA,,,,1000,,Marginal,,,Night,,,Tower SBA.Tower,Personal,Skyhawk 172/Cutlass 172,,1,,,Training,,,,,,,,,,,,,,,,,,,,,,,,,,,,,,,,,,,,,,,,,Initial Approach,Other Traffic Pattern,Class C SBA.C,,,,,,,,,,,,,,,,,,,,,,,,Aircraft X,,Personal,Pilot Not Flying; Single Pilot,Flight Crew Flight Engineer; Flight Crew Air Transport Pilot (ATP); Flight Crew Flight Instructor,Flight Crew Last 90 Days 200; Flight Crew Total 16700; Flight Crew Type 200,,,,,667837,,,,,,,,,,,,Inflight Event / Encounter VFR In IMC; Inflight Event / Encounter Weather / Turbulence,,,Person Flight Crew,,General None Reported / Taken,Human Factors; Weather,Weather,"MY DESIRE TO GET NIGHT CURRENT OUTWEIGHED MY BETTER JUDGEMENT IN THE FACE OF DETERIORATING WX. ALTHOUGH THE METAR AND TAF OBTAINED THROUGH THE AFSS PRIOR TO FLT INDICATED FAVORABLE CONDITIONS; THE DEW ON THE WINGS AT PREFLT AND TEMP/DEW POINT SPREAD ON THE ATIS SHOULD HAVE CLUED ME IN TO THE POSSIBILITY OF AN EARLIER APPEARANCE OF LOW STRATUS/FOG. WITH R ANGLE; INTERSECTING RWYS; I (WITH TWR APPROVAL) VARIED MY PATTERN AND RWY TO TURN FROM THE STRATUS AS I REALIZED IT WOULD BE IMPOSSIBLE TO MAINTAIN THE REQUIRED VFR CLOUD SEPARATION. ALTHOUGH A SPECIAL VFR CLRNC (I HAD CURRENT IFR QUALIFICATIONS) WOULD HAVE BETTER ENSURED MY LEGALITY AS FAR AS CLOUD SEPARATION; THE SAFER OPTION WOULD HAVE BEEN TO POSTPONE MY EFFORT TO ANOTHER DAY; RATHER THAN AGGRESSIVE MANEUVERING USING INSTRUMENT AND OUTSIDE REFERENCES TO MAINTAIN VISUAL CONTACT WITH THE ARPT.",,,,"EXPERIENCED PLT OF C172 ENCOUNTERS DETERIORATING WX DURING PATTERN WORK TO MAINTAIN NIGHT QUALIFICATION.",
669641,200508,1201-1800,ZZZ1.Airport,US,,,200,,,Marginal,5,,Daylight,1500,,TRACON ZZZ2.TRACON,Personal,Skyhawk 172/Cutlass 172,,1,Part 91,None,Training,,Initial Climb; Takeoff / Launch,,Class E ZZZ2.E,,,,,,,,,,,,,,,,,,,,,,,,,,,,,,,,,,,,,,,,,,,,,,,,,,,,,,,,,,,,,,,Aircraft X,,FBO,Instructor; Pilot Flying,Flight Crew Commercial; Flight Crew Flight Instructor; Flight Crew Instrument,Flight Crew Last 90 Days 85; Flight Crew Total 900; Flight Crew Type 200,,,,,669641,Aircraft X,,FBO,Trainee; Pilot Not Flying,,,,,,,,Deviation / Discrepancy - Procedural Clearance; Deviation / Discrepancy - Procedural FAR; Inflight Event / Encounter Weather / Turbulence; Inflight Event / Encounter VFR In IMC; Other Student Plt Maintains Acft Ctl In IMC,,,Person Flight Crew,,Air Traffic Control Provided Assistance; Air Traffic Control Issued New Clearance,Company Policy; Weather,Weather,"I AM A CFII AT ZZZ1. ON AUG/THU/05; I WAS SCHEDULED WITH A STUDENT AND PLANNED TO WORK IN THE PATTERN AT ZZZ1. WX RPTED AT ZZZ2; APPROX 12 MI FROM ZZZ1; WAS RPTED AS WINDS OUT OF THE SE; CEILINGS 1500 FT; VISIBILITY 5 MI. THIS SHOULD HAVE BEEN SUFFICIENT FOR PATTERN WORK. WE DEPARTED ZZZ1 AT APPROX XA15 AND APPROX 200 FT ABOVE THE GND WE STARTED GOING INTO THE CLOUDS. I TRIED TO GET CTL OF THE ACFT FROM MY STUDENT TO LEVEL OFF AND STAY OUT OF THE CLOUDS; TELLING HIM THREE TIMES I HAD THE AIRPLANE. HOWEVER; MY STUDENT; WHO IS SIGNIFICANTLY LARGER AND STRONGER THAN MYSELF; APPARENTLY FROZE ON THE CTLS. BY THE TIME I WRESTLED THE PLANE FROM HIM; WE WERE DEEP INTO SOLID IMC. AT THAT POINT I DID NOT WANT TO DSND TO VMC BECAUSE I WAS NOT SURE OF OUR LOCATION AND WAS WORRIED ABOUT DSNDING INTO TERRAIN OR ANY OF THE SEVERAL TWRS AROUND THE ZZZ1 ARPT. SO I PROCEEDED TO CLB AND CONTACTED ZZZ2 APCH TO 'CLB; CONFESS; AND COMPLY.' I TOLD ZZZ2 APCH THAT I HAD INADVERTENTLY GOTTEN INTO IFR CONDITIONS AND NEEDED A CONTACT APCH INTO ZZZ2; BUT PERHAPS SHOULD HAVE ASKED FOR AN ASR OR RADAR APCH. I WAS A LITTLE DISTRESSED AT THE TIME; HAVING JUST WRESTLED THE ACFT FROM A STUDENT AND ENDING UP IN IMC. APCH ASKED IF I WAS IFR RATED AND I TOLD THEM I WAS. THEY GAVE ME THE ILS LOC FREQUENCY BUT I WAS NOT IN POSITION TO RECEIVE; SO I ASKED FOR VECTORS TO THE ARPT. IN THAT ACFT THE ONLY EQUIPMENT I HAD WAS A VOR WITH A CDI THAT WOULD NOT CTR. APCH VECTORED ME TOWARDS THE ZZZ2 ARPT AND EVENTUALLY THE GND REAPPEARED. I ASKED FOR A DSCNT AND SPECIAL VFR BACK TO ZZZ1; THEY AGREED AND GAVE ME VECTORS. WE WERE ABLE TO RETURN TO ZZZ1 WITHOUT INCIDENT. THERE ARE SEVERAL ISSUES HERE THAT CAUSED THE PROB: THE FIRST AND MOST IMPORTANT IS THE POSITIVE EXCHANGE OF ACFT CTL WAS NOT ACCOMPLISHED IN AN EXPEDITIOUS MANNER. MY PLAN IN THE FUTURE IS TO MAKE SURE MY STUDENTS UNDERSTAND WHEN I SAY I HAVE THE ACFT; IT MEANS THEY MUST LET GO. SECOND; I HAD RELIED ON A WX RPT THAT WAS CURRENT; BUT RELATIVE 12 MI AWAY. IN THE FUTURE I WILL ATTEMPT TO BETTER ASSESS THE IMMEDIATE LOCAL WX BEFORE DEP. CALLBACK CONVERSATION WITH RPTR REVEALED THE FOLLOWING INFO: RPTR DISCUSSED THE INCIDENT WITH HER STUDENT THE NEXT DAY. HE DID NOT REALIZE AND HAD NO RECOLLECTION OF WHAT HAD OCCURRED. RPTR STATED THE STUDENT PERFORMS VERY WELL; BUT IN THIS CASE; FROZE AT THE CTLS. THE INSTRUCTOR SAID WHEN SHE CALLED APCH CTL TO RPT THEIR SIT; SHE WAS VERY EXCITED BECAUSE FOR A PERIOD OF TIME SHE WAS AFRAID OF LOSS OF ACFT CTL. THE BOSS TALKED WITH APCH CTL THE NEXT DAY AND THE AUTHS DID NOT FEEL SHE HAD DONE ANYTHING 'WRONG.'",,,,"A C172 INSTRUCTOR WITH A STUDENT ENTERED IMC AT 200 FT AFTER TAKEOFF. THE STUDENT DIDN'T RELEASE ACFT CTL REQUIRING THE INSTRUCTOR TO CLB IMC AND REQUEST AN IFR RETURN.",
673265,200509,1201-1800,OLM.VORTAC,WA,,3,,1200,,Mixed,Rain,,Daylight,,,TRACON S46.TRACON; Tower OLM.Tower,Corporate,Cessna 340/340A,,1,Part 91,IFR,Passenger,,Initial Approach,Other Instrument Non Precision,Class D OLM.D,,,,,,,,,,,,,,,,,,,,,,,,,,,,,,,,,,,,,,,,,,,,,,,,,,,,,,,,,,,,,,,Aircraft X,,Corporate,Pilot Flying; Single Pilot,Flight Crew Commercial; Flight Crew Instrument; Flight Crew Multiengine,Flight Crew Last 90 Days 37; Flight Crew Total 1900; Flight Crew Type 1200,,,,,673265,Facility S46.TRACON,,Government,Approach,,,,,,,,Airspace Violation All Types; Deviation / Discrepancy - Procedural Clearance; Deviation / Discrepancy - Procedural FAR; Inflight Event / Encounter Weather / Turbulence,,,Person Flight Crew,,General None Reported / Taken,Airspace Structure; Human Factors,Human Factors,"I WAS ON AN IFR FLT PLAN FROM YKM TO CLS. CLS DOES NOT HAVE AN INSTRUMENT APCH AVAILABLE. RPTED WX (ASOS) AT OLM 18 MILES TO THE N OF CLS WAS 1 3/4 TO 3 MI VISIBILITY AND 1900 FT OVERCAST. ABOUT 40 MI OUT FROM CLS I REQUESTED THE VOR DME 35 APCH AT OLM IN THE EVENT I DID NOT BREAK OUT FOR THE VISUAL TO CLS. THE CTLR ASKED ME IF I WANTED TO 'OVER-FLY' CLS OR START THE APCH NOW. I WAS NOT SURE WHAT HE MEANT BY 'OVER-FLY.' I DID NOT THINK IT WOULD DO ANY GOOD TO FLY OVER CLS AT 3500 FT (THE LOWEST THE CTLR COULD GET ME DOWN TO) WITH AN OVERCAST RPTED AT 1900 FT AT OLM. I THEREFORE ASKED TO START THE APCH TO OLM ASSUMING THE VOR DME 35 APCH WHICH HAS BEEN THE PROC NUMEROUS TIMES BEFORE. THE CTLR CLRED ME DIRECT OLM AND TO EXPECT THE ILS APCH. I KNEW FROM MY PREFLT BRIEFING THAT THE ILS WAS OUT AT OLM SO I ASKED THE CTLR IF IT WAS AVAILABLE. HE CAME BACK AND CONFIRMED THAT IT WAS NOT AND TO EXPECT THE VOR A APCH. THE PURPOSE OF FLYING THE APCH IS TO GET LOWER; BREAK OUT AND PROCEED VFR TO CLS; NOT TO LAND AT OLM. THE CTLR THEN GAVE ME VECTORS TO SET ME UP E AND BRING ME N OF OLM FOR THE FINAL APCH COURSE FOR THE VOR A APCH WHICH IS 171. THE CTLR INFORMED ME THAT AN ACFT AHEAD OF ME TO CLS HAD BROKEN OUT AND RPTED BASES AT 3300 FT AND GOT IN TO CLS. MY MINDSET WAS TO STAY ON THE APCH UNTIL I BROKE OUT; CANCEL IFR; AND PROCEED TO CLS. IN MY MIND I SAW THIS HAPPENING S OF OLM. I BROKE OUT AT ABOUT 4000 FT. I CANCELLED IFR AND TURNED SW TO INTERCEPT HWY I5 AND FOLLOW IT TO CLS. WHAT I FAILED TO RECOGNIZE WAS THAT WHILE ON VECTORS I HAD FLOWN N AND E OF OLM. WHEN I TURNED SW AND PROCEEDED TOWARDS I5 I SUDDENLY REALIZED THAT I WAS INSIDE OF OLM CLASS D AIRSPACE. I CALLED THE TWR AND CONFESSED MY SIT. THE TWR ADVISED ME THE ARPT WAS IFR AND GAVE ME THE WX. I THEN CONTINUED ON SW AND LEFT THE AIRSPACE. MY CONCERN IS THAT I ENTERED THE CLASS D AIRSPACE WITHOUT A CLRNC AND FAILED TO ASK FOR A SPECIAL VFR TO OPERATE IN THE AIRSPACE. SEVERAL FACTORS CONTRIBUTED TO THIS EVENT. I FAILED TO MAKE MY REQUEST CLR FOR THE APCH I WANTED AND WHEN I WANTED TO START IT. I ALSO BECAME VERY BUSY HAND FLYING THE AIRPLANE; SETTING UP RADIOS FOR AN UNEXPECTED APCH; DSNDING; MAINTAINING HDGS; AND TRYING TO MAINTAIN SITUATIONAL AWARENESS OF WHERE CLS WOULD BE WHEN I BROKE OUT. EVEN THOUGH I BROKE OUT AT 4000 FT; CEILINGS IN THE AREA WERE LOWER AND I WAS SOON DOWN TO 1200 FT WITH ABOUT 3 MILES VISIBILITY. MOST OF MY ATTENTION WAS DIRECTED OUTSIDE THE AIRPLANE TRYING TO RECOGNIZE LANDMARKS AND STAY VFR. I COULD NOT SEE THE OLM ARPT DUE TO VISIBILITIES UNTIL I WAS ALREADY IN THE CLASS D AIRSPACE. I SHOULD HAVE NOTICED MY DME DISTANCE BUT MY ATTENTION WAS OUTSIDE THE AIRPLANE. IT WAS NOT UNTIL TOO LATE THAT I REALIZED I SHOULD HAVE REQUESTED SPECIAL VFR CLRNC TO OPERATE IN THE CLASS D AIRSPACE. I ALSO DID NOT BELIEVE I HAD FLOWN N OF THE OLM AIRPORT WHILE STILL ON VECTORS AND BELIEVED MYSELF TO BE S OF OLM. I HAD OBVIOUSLY LOST SITUATIONAL AWARENESS. I HAVE MADE THIS FLT NUMEROUS TIMES BEFORE AND WAS ALWAYS ALLOWED TO DSND TOWARDS CLS AND GIVEN THE VOR DME 35 APCH IF I HAD NOT BROKEN OUT BY 3500 FT BY SIMPLY TURNING N AND INTERCEPTING THE INBOUND FINAL APCH COURSE WITHOUT HAVING TO OVER-FLY THE ARPT FIRST. I WAS NOT ENTIRELY FAMILIAR WITH THAT TERMINOLOGY. NEXT TIME I WILL MAINTAIN BETTER SITUATIONAL AWARENESS. I WILL MAKE MY INTENTIONS AND REQUESTS CLR TO THE CTLR. I WILL ASK FOR SPECIAL VFR WHEN APCHING CLASS D AIRSPACE. I WILL NOT GIVE UP MY IFR CLRNC UNTIL I AM POSITIVE OF MY POSITION.",,,,"A C340 CONDUCTED A VOR A APCH TO OLM AND WHEN VFR CANCELLED IFR AND PROCEEDED TO CLS. HOWEVER; THE PILOT OPERATED IN OLM CLASS D WITHOUT CLRNC.",
679724,200511,,EKO.Airport,NV,,6,,6000,,IMC,2.5,,Night,,,Center ZLC.ARTCC,Personal,Cessna 210 Centurion / Turbo Centurion 210C; 210D,,1,Part 91,VFR,,,Initial Approach,Visual Approach,Class A ZLC.A,,,,,,,,,,,,,,,,,,,,,,,,,,,,,,,,,,,,,,,,,,,,,,,,,,,,,,,,,,,,,,,Facility ZLC.ARTCC,,Government,Enroute,Air Traffic Control Fully Certified,Air Traffic Control Non Radar 19; Air Traffic Control Radar 18; Air Traffic Control Time Certified In Pos 1 (yrs) 18,,,,,679724,Facility EKO.Tower,,Government,Local,,,,,,,,Deviation / Discrepancy - Procedural Published Material / Policy,,,Person Air Traffic Control,,Air Traffic Control Issued New Clearance,Human Factors,Ambiguous,"ELKO TWR CALLED TO SAY THE ARPT WAS IFR AND HE WAS SENDING ACFT X TO US FOR AN IFR APCH. THE CALL SIGN WAS ACFT X. THE ACFT SAID TWR SENT HIM TO US FOR AN IFR APCH. ACFT X WANTED TO INTERCEPT THE LOC. HE WAS 5.5 MI FROM THE ARPT AT 6000 FT. ARPT ELEVATION IS 5140 FT. HE WAS GIVEN A CLRNC TO THE VOR FOR AN LDA APCH WITH A CLB TO 11000 FT. 11000 FT IS THE MINIMUM IFR ALT WITHOUT BEING ON A PUBLISHED SEGMENT. ACFT X CONTINUED FOLLOWING THE FREEWAY SAYING HE HAD GOOD GND VISIBILITY. ACFT X WAS NOW AT 5800 FT. ACFT X SAID HE COULD MAKE THE ARPT. ACFT X WAS ASKED WHAT HIS VISIBILITY WAS. HE SAID 2 1/2 MI. THE CTLR ASKED ACFT X IF HE HAD THE ARPT IN SIGHT; HE SAID YES. ACFT X WAS CLRED VISUAL APCH TO THE ARPT. THE TWR WAS TOLD ACFT X WAS ON A VISUAL APCH 2 1/2 MI OUT. TWR'S RESPONSE WAS 'OK.' THE TWR THEN ASKED FOR A CLRNC ON ANOTHER ACFT WHICH WAS GIVEN WITH A HOLD FOR RELEASE. HE ASKED HOW LONG THE 'HFR' WOULD BE. HE WAS TOLD THE RELEASE WOULD BE WHEN ACFT X WAS DOWN OR CANCELED. ACFT X DID NOT WANT TO BE IFR. AT NO TIME DID HE TRY TO CLB. THE WX WAS GETTING WORSE AND ACFT X DIDN'T WANT TO BE IN THE AIR. ACFT X LANDED GEAR UP; BUT 2 CTR CTLRS WERE RELIEVED FROM DUTY. THE DECISION FOR TWR TO SEND THE ACFT TO CTR MADE NO SENSE. WHY NOT ASK FOR SPECIAL VFR? 6 MI FROM THE ARPT IS ONLY 1 MI FROM CTL ZONE. WE FELT HELPING THE ACFT LAND WAS THE MOST IMPORTANT; EVEN IF TWR RPTED THE ARPT IFR. CTRS DON'T CTL RWYS. WITH THE PLT HAVING 'GOOD' GND VISIBILITY AND THE ARPT; WE FELT IT WAS BEST TO LET HIM LAND.",,,,"ZLC CTLR DESCRIBED INCIDENT WHEN VFR ACFT WAS RELUCTANT TO CLB IN IMC FOR IFR CLRNC; ENDING WITH CTLR DECERTIFICATION AND GEAR UP LNDG.",
720090,200612,1201-1800,BET.Airport,AK,60,12,,2000,,IMC,1,,Dusk,300,,Center ZAN.ARTCC,Air Carrier,Beech 1900,,2,Part 121,IFR,Passenger,,Initial Approach,,Class D BET.D,,,,,,,,,,,,,,,,,,,,,,,,,,,,,,,,,,,,,,,,,,,,,,,,,,,,,,,,,,,,,,,Facility ZAN.ARTCC,,Government,Enroute; Handoff / Assist,Air Traffic Control Fully Certified,Air Traffic Control Non Radar 25; Air Traffic Control Radar 24; Air Traffic Control Time Certified In Pos 1 (yrs) 25,,,,,720090,Aircraft X,,Air Carrier,Pilot Flying; Captain,,,,,,,,Other ads - equip/procs,,,Person Air Traffic Control,,General None Reported / Taken,ATC Equipment / Nav Facility / Buildings; Procedure,Company Policy,"ACR X WAS DSNDING TO THE BETHEL (BET) TERMINAL AREA FOR APCH TO BETHEL FROM THE E. THE ACFT IS NOT ADS-B EQUIPPED. THE WX HAD BEEN BAD ALL DAY WITH MANY POP-UP IFR REQUESTS AND MUCH IFR TFC IN AND OUT OF BET. FORTUNATELY; AT THE TIME OF THE INCIDENT; THERE WAS A LULL IN THE TFC FOR A SHORT PERIOD. THERE WERE SEVERAL ACFT IN THE AREA THAT HAD EITHER DEPARTED ON SPECIAL VFR CLRNCS OR HOLDING VFR FOR A SPECIAL INTO THE CLASS D/E AIRSPACE. THESE VFR ACFT WERE ADS-B EQUIPPED AND WERE ON THE RADAR SCOPE SQUAWKING 1200 VIA THE ADS-B CODE. ACR X DROPPED OFF THE RADAR APPROX 20 MI E OF BET. THE FLT WAS CLRED FOR APCH. WHEN THE RADAR CTLR REPOSITIONED THE DATA BLOCK; WHICH WAS A COAST TRACK; NOT PAINTED BY RADAR OR ADS-B; TO A SPOT ON THE RADAR NEAR THE ARPT; THE DATA BLOCK ACQUIRED ON ONE OF THE 1200 CODES NEAR THE ARPT. THE CTLRS REPOSITION NON-RADAR DATA BLOCKS ALL THE TIME AS A TECHNIQUE TO INDICATE TO THEMSELVES THAT THERE IS A NON-RADAR ACFT WHERE THEY ARE REPOSITIONING THE DATA BLOCK TO. THE ACR X DATA BLOCK BEGAN FLYING WBOUND FROM BET IN THE GREEN COLOR INDICATING IT WAS ADS-B EQUIPPED. THIS OCCURS WITH REGULARITY IN THE ADS-B AREA OF AK. THE FAA AUTOMATION CLASSIFIES THE PROB AS A 'M-EARTS' PROB. THIS DOES NOT OCCUR IN ANY OTHER PART OF THE 'M-EARTS' ALASKAN AIRSPACE THAT IS NON-ADS-B. IT IS EXTREMELY UNSAFE FOR DATA BLOCKS TO HAVE THE CAPABILITY OF ACQUIRING ONTO ANOTHER ACFT. THIS IS AN UNACCEPTABLE CAPABILITY IN ALL AREAS OF AIR TFC CTL AND SHOULD BE UNACCEPTABLE IN THE ADS-B AREA OF ALASKA.",,,,"ZAN CTLR DESCRIBED QUESTIONABLE RADAR IDENT PROCS INVOLVING ADS-B AND NON ADS-B EQUIPPED ACFT.",
724619,200701,1801-2400,BDR.VOR,CT,,14,,,,VMC,Rain; Snow; 10,,Daylight,2500,,Tower BDR.Tower,Personal,Trinidad TB-20,,1,Part 91,VFR,Personal,,Initial Approach,Visual Approach,Class D BDR.D,,,,,,,,,,,,,,,,,,,,,,,,,,,,,,,,,,,,,,,,,,,,,,,,,,,,,,,,,,,,,,,Aircraft X,,Personal,Single Pilot; Pilot Flying,Flight Crew Private,Flight Crew Last 90 Days 35; Flight Crew Total 1300; Flight Crew Type 1100,,,,,724619,Facility BDR.Tower,,Government,Local,,,,,,,,Deviation / Discrepancy - Procedural FAR; Inflight Event / Encounter Weather / Turbulence; Inflight Event / Encounter VFR In IMC,,,Person Flight Crew,,Air Traffic Control Provided Assistance,Human Factors; Weather,Human Factors,"MY FLT WAS TO BE A VFR FLT. I BEGAN MY FLT TO MY HOME ARPT WITH A PHONE CALL FOR A WX BRIEFING. THE WX ENRTE WAS FORECAST AS VFR. AS I FLEW CLOSER TO MY DEST ARPT THE CEILING STARTED TO GET LOWER. I STARTED A DSCNT FROM MY CRUISING ALT TO REMAIN CLR OF CLOUDS AND REMAIN VFR. THE FLT VISIBILITY AT THAT TIME SEEMED TO BE DROPPING AND THE GND REMAINED VISIBLE. I WAS WITHIN 14 NM OF MY DEST ARPT. THE DEST ARPT IS SURROUNDED BY APPROX 75% WATER. I CONTINUED MY VFR FLT IN VFR CONDITIONS. AS MY FLT PROGRESSED TOWARDS MY DEST ARPT; I STARTED TO OBSERVE MISTY AND SNOWY CONDITIONS. THE WX I WAS SEEING WAS NOT THE WX I EXPECTED TO SEE PER THE FORECAST. I DID GET A WX BRIEFING FROM A BRIEFER LESS THAN 1 HR EARLIER AND THE WX WAS FORECAST TO BE 'BETTER' VFR THAN ACTUALLY OBSERVED. I STARTED TO GET CONCERNED BY THE WX CONDITIONS I WAS ENCOUNTERING AND THEN INADVERTENTLY FOUND MYSELF FEELING GEOGRAPHICALLY DISORIENTED. I BEGAN TO GET CONCERNED ABOUT POSSIBLY GOING IMC OR DSNDING AND HITTING SOME OF THE OBSTACLES IN THE SURROUNDING AREA. NOT BEING INST RATED; I CALLED ATC FOR A SPECIAL VFR CLRNC BEFORE ENTERING THE CLASS D AIRSPACE. THE ARPT WAS MARGINAL VFR AT THE TIME. I THOUGHT THIS PROCESS MIGHT BE A WAY OF GETTING SOME ATC HELP IN THE COCKPIT. I WAS BEGINNING TO GET CONCERNED ABOUT THE INCREASING WORKLOAD AND BELIEVED GETTING ON THE GND WOULD BE THE SAFEST THING TO DO AND THOUGHT COMMUNICATING WITH ATC WOULD BE A STEP IN THE RIGHT DIRECTION. MY FLT CONTINUED; I BECAME INCREASINGLY CONCERNED ABOUT THE SAFETY OF MY FLT AND OTHER ACFT IN THE VICINITY. THE CHANGING WX CONDITIONS AND MY JUDGEMENT SEEMED TO BE COMPROMISED BY THE INCREASED WORKLOAD. FLYING OVER THE WATER INCREASED MY LOSS OF POSITIONAL AWARENESS. I WAS FEELING TIRED FROM LACK OF SLEEP. I WAS ALSO RUN DOWN BY MY MOTHER'S BATTLE WITH TERMINAL CANCER. SHE PASSED AWAY JUST A FEW DAYS AFTER THIS FLT. I WAS FOCUSING NARROWLY AND NOT LOOKING AT THE BIG PICTURE AT THIS POINT. I FOUND MYSELF INADVERTENTLY FLYING IN MARGINAL VFR AND POSSIBLY IMC CONDITIONS IN THE VICINITY AROUND MY DEST ARPT. I'M NOT ACTUALLY SURE IF I WAS INADVERTENTLY IN IMC; BECAUSE I SPENT MOST OF MY FLT QUESTIONING MY POS OVER THE WATER IN RELATIONSHIP TO THE ARPT. WHILE OVER WATER IT WAS HARD FOR ME TO MAKE OUT LANDMARKS AND THEREFORE MAKE THAT DETERMINATION. I AM NOT SURE IF I FLEW INTO THESE NEIGHBORING ARPT AIRSPACES SINCE I WAS GEOGRAPHICALLY CHALLENGED. I AM NOT SURE OF MY POS AT ALL TIMES. DUE TO A LONG WORKDAY AND THE HVY WORKLOAD ENCOUNTERED IN MY FLT; MY SPEECH SEEMED TO BE INCOHERENT AT TIMES. AFTER I LANDED; I FOUND THAT SOME PEOPLE OVERREACTED TO THE FACT THAT ATC HAD DECLARED AN EMER FOR ME AND HAD ME SQUAWK 7700. I HAD A FEW PEOPLE OVERREACT AND THEY APCHED THE PLANE IN AN UNSAFE MANNER. THEY WERE NOT TRAINED LINE CREW PERSONNEL. I FOUND THIS WHOLE EXPERIENCE BOTH PHYSICALLY AND EMOTIONALLY DRAINING. CAUSE: THE CAUSE OF MY PROB WAS A CHAIN OF EVENTS: 1) HVY WORKLOAD THAT DAY. 2) LACK OF PROPER PLANNING FOR A FLT DIVERSION. 3) BLINDLY DEPENDED ON WX BRIEFING. 4) GET HOMEITIS. 5) LACK OF INST PROFICIENCY. SOLUTIONS: I NEED TO LEARN TO SAY; 'NO FLYING TODAY' WHEN I'M NOT 100% READY. I SHOULD HAVE DIVERTED TO A DIFFERENT ARPT TO LAND BEFORE CONDITIONS DETERIORATED IN THE SURROUNDING AREA. GET ADDITIONAL TRAINING. I SHOULD HAVE CALLED FLT WATCH ENRTE FOR WX UPDATES.",,,,"A VFR TB20 PILOT BECAME IMC ENROUTE TO HIS DESTINATION AND SOUGHT ATC'S ASSISTANCE GETTING TO HIS DESTINATION.",
794002,200806,1201-1800,ZZZ.Airport,US,,,,,,IMC,Fog; Turbulence; Windshear,,Daylight,200,1400,TRACON ZZZ.TRACON,Corporate,Merlin III,,,Part 91,IFR,Passenger,,Landing; Initial Approach,,Class D ZZZ.D,,,,,,,,,,,,,,,,,,,,,,,,,,,,,,,,,,,,,,,,,,,,,,,,,,,,,,,,,,,,,,,Aircraft X,,Corporate,Captain,Flight Crew Instrument; Flight Crew Multiengine; Flight Crew Flight Instructor; Flight Crew Commercial; Flight Crew Air Transport Pilot (ATP),Flight Crew Last 90 Days 28; Flight Crew Total 15650; Flight Crew Type 2025,,,,,794002,,,,,,,,,,,,Inflight Event / Encounter Weather / Turbulence; Inflight Event / Encounter Other / Unknown; Inflight Event / Encounter Bird / Animal,,,Person Flight Crew,,Aircraft Aircraft Damaged; Flight Crew Executed Go Around / Missed Approach; Flight Crew Diverted,Aircraft; Environment - Non Weather Related; Weather,Environment - Non Weather Related,"ON APCH TO ZZZ; ILS RWY AB AT LOW MINIMUMS. EVERYTHING SEEMED NORMAL. AFTER SPOTTING RWY FOR LNDG; ACFT ENCOUNTERED SEVERE DOWNDRAFT WITH A HIGH RATE OF VERT SPD. ATTEMPTED TO GO TO FULL PWR AROUND WHEN I HEARD A LOUD BANG AND PROCEEDED TO GO AROUND. I BELIEVE I HAD HIT A FLOCK OF GEESE OR SOMETHING ELSE. PERFORMED GAR AND REQUESTED TO GO TO THE ARPT THAT HAD THE BEST WX IN THE AREA AT THAT TIME. MADE A NORMAL SPECIAL VFR APCH TO ZZZ. LNDG WAS NORMAL. WHEN I ARRIVED AT THE GATE; I NOTICED DAMAGE TO R GEAR DOOR AND R PROP AND BELLY ANTENNAS.",,,,"SW3 SUFFERS MULTIPLE BIRD STRIKES ON INSTRUMENT APCH. GOES AROUND AND DIVERTS TO A VFR ARPT.",
814864,200812,1201-1800,ZZZ.Airport,US,,0,0,,,,1.5,,Dusk,600,,Tower ZZZ.Tower,Personal,Skyhawk 172/Cutlass 172,,1,Part 91,SVFR,Personal,,Landing,Visual Approach,Class D ZZZ.D,,,,,,,,,,,,,,,,,,,,,,,,,,,,Tower ZZZ.Tower,,Other,,,Part 91,,,,,,,,,,,,,,,,,,,,,,,,,,,,,,Aircraft X,,Personal,Pilot Flying; Single Pilot,Flight Crew Instrument; Flight Crew Private,Flight Crew Last 90 Days 6; Flight Crew Total 710; Flight Crew Type 612,,,,,814864,Facility ZZZ.Tower,,Government,Local,,,,,,,,Conflict Airborne Conflict; Deviation / Discrepancy - Procedural Other / Unknown; Inflight Event / Encounter Unstabilized Approach,,,Person Air Traffic Control,,Air Traffic Control Issued New Clearance; Air Traffic Control Separated Traffic; Flight Crew Executed Go Around / Missed Approach,Human Factors; Weather,Human Factors,"AFTER OBTAINING ATIS INFO I CONTACTED GND AND ASKED FOR TAXI CLRNC TO RWY 19. GND CTL ASKED MY INTENTIONS AND I RESPONDED THAT I WOULD BE DOING PATTERN WORK. HE ASKED ME TO STAND BY AND APPEARED TO ASK SOMEONE IF THAT WAS PERMISSIBLE. AFTER A FEW MINS HE CAME BACK AND INFORMED ME THAT THE ONLY WAY I COULD BE GRANTED MY REQUEST WAS SPECIAL VFR. I RESPONDED THAT SPECIAL VFR WOULD BE FINE AND HE CLRED ME TO RWY 19L. UPON APCHING THE RUN-UP FOR RWY 19L HE ASKED ME IF I WAS READY TO COPY CLRNC INSTRUCTIONS. I RESPONDED THAT I WOULD COPY AT RUN-UP. AFTER RUN-UP HE STATED CLRNC TO STAY AT OR BELOW 1500 FT WHILE OPERATING IN CLASS D AIRSPACE. I REPEATED THE CLRNC; HE CLARIFIED SOME PHRASING OF THE READBACK AND THEN APPROVED MY READBACK. HE THEN INFORMED ME THAT IF I DIDN'T TAKE OFF IN THE NEXT MIN I WOULD NEED TO MOVE TO RWY 19R. I RESPONDED THAT WE WERE READY TO GO AND GND CTL ADVISED ME TO SWITCH TO TWR FREQ; WHICH I DID. TWR FREQ TOLD ME THEY HAVE A BONANZA ON A 5 MI FINAL AND THAT I WOULD NEED TO MOVE TO RWY 19R AND HOLD. I RESPONDED THAT I COPIED THE INSTRUCTIONS AND RELOCATED TO RWY 19R. AFTER OUR HOLD WE WERE CLRED FOR RWY 19R. I REQUESTED FROM TWR CTL TO NOT STAY WITHIN THE PATTERN BUT DETOUR S AND AWAY FROM THE ARPT ABOUT 3-5 MI TO HELP RELIEVE ANY CONGESTION. TWR DENIED THAT REQUEST AND SAID THAT I CANNOT DETER FROM MY CLRNC AND THAT I WOULD HAVE TO REMAIN IN THE PATTERN. I RESPONDED THAT I WOULD OBLIGE THE MANDATE AND THAT I WOULD STAY IN THE PATTERN. ALMOST IMMEDIATELY AFTER TKOF; WHILE I WAS ON L XWIND THE TWR CHANGED MY APCH TO RWY 32; AND THEN STATED 'WIND IS CALM.' I ACKNOWLEDGED THE REQUEST AND BEGAN A TURN BACK TO MY R TO SET UP A DOWNWIND APCH TO RWY 32. WHILE ON DOWNWIND; AGAIN THE TWR ANNOUNCED 'AIRCRAFT X; CONFIRM THAT YOU ARE LNDG 32R.' I ACKNOWLEDGED AND CONFIRMED. A FEW MOMENTS LATER HE ASKED ME TO INITIATE AND EXECUTE MY APCH TO RWY 32R EVEN THOUGH I HAD NOT TURNED TO A BASE OR FINAL APCH POS. I OBLIGED AND MADE A STEEP DECLINE DOWN AND TO THE L TO MAKE THE RWY. BECAUSE OF MY INCREASED DSCNT; MY SPD WAS ALSO INCREASED AND I LANDED APPROX HALFWAY DOWN RWY 32. I RETRACTED FLAPS AND ATTEMPTED TO STOP THE ACFT AS THE CTLR YELLED 'FULL STOP!' I WAS TRAVELING TOO QUICKLY ON THE GND TO COME TO A FULL STOP BEFORE APCHING THE END OF THE RWY SO IN THE SPIRIT OF SAFETY I INITIATED A GAR AND INFORMED THE TWR THAT I HAD TOO MUCH SPD TO INITIATE A FULL STOP. AT THAT POINT; THE CTLR INFORMED ANOTHER PLT TO PERFORM A GAR ON RWY 19R. I ANNOUNCED TO THE TWR THAT I WAS DONE AND WANTED TO LAND. THE CTLR INSTRUCTED ME TO LAND ON RWY 1 (THE OPPOSITE DIRECTION OF INCOMING IFR TFC). I ACKNOWLEDGED AND EXECUTED MY TURNS TO SET UP FOR LNDG ON RWY 1. AFTER LNDG I WAS INSTRUCTED TO CROSS RWY 19L AND HOLD BTWN TXWYS A AND B. I OBLIGED AND THE CTLR PROVIDED ME WITH A PHONE NUMBER AND TOLD ME TO CALL THE TWR WHEN IT WAS POSSIBLE FOR ME TO DO SO. I ACKNOWLEDGED THE REQUEST AND CALLED THE TWR AT TIE-DOWN. HE TOLD ME THAT HE WAS GOING TO NEED TO FILE A RPT FOR LOSS OF SEPARATION AND ASKED FOR MY NAME; CONTACT INFO; AND PLT CERTIFICATE NUMBER. HE ASKED ME TO HOLD AND THEN APPARENTLY WENT BACK TO ASK SOMEONE ADDITIONAL QUESTIONS. HE RETURNED AND TOLD ME THAT HE DID NOT NEED ANYTHING ELSE. I MENTIONED THAT I WAS CONCERNED AND THIS WAS UNNERVING BECAUSE I HAD NEVER BEEN ASKED TO CALL THE TWR. HE TOLD ME THAT HE HAD TO DO THAT DUE TO THE LOSS OF SEPARATION AND THAT SOMEONE FROM THE FAA WOULD FOLLOW UP.",,,,"WHILE ATTEMPTING TO PRACTICE TAKEOFFS AND LANDINGS IN SPECIAL VFR CONDITIONS; PRIVATE PILOT OF C172 MUST MAKE A GO-AROUND AFTER LANDING TOO FAR DOWN THE RUNWAY TO STOP ON THE PAVED SURFACE. LOSS OF SEPARATION OCCURS WITH AN INBOUND IFR AIRCRAFT.",
836465,200905,0601-1200,SDL.Airport,AZ,,,,,,IMC,Rain; 10,,Daylight,700,,Tower SDL,FBO,Skyhawk 172/Cutlass 172,,,Part 91,VFR,Personal,,Descent,None,Class D SDL,,,,,,,,,,,,,,,,,,,,,,,,,,,,,,,,,,,,,,,,,,,,,,,,,,,,,,,,,,,,,,,Facility SDL.Tower,,Government,Local,Air Traffic Control Fully Certified,Air Traffic Control Military 0; Air Traffic Control Non Radar 0; Air Traffic Control Radar 0; Air Traffic Control Supervisory 0; Air Traffic Control Time Certified In Pos 1 (mon) 2; Air Traffic Control Time Certified In Pos 1 (yrs) 1,,Communication Breakdown,Party1 ATC; Party2 Flight Crew,,836465,,,,,,,,,,,,Deviation / Discrepancy - Procedural FAR; Deviation / Discrepancy - Procedural Published Material / Policy; Inflight Event / Encounter Weather / Turbulence; Inflight Event / Encounter VFR In IMC,,,Person Air Traffic Control,In-flight,Air Traffic Control Issued New Clearance,Human Factors; Procedure; Weather,Human Factors,"While working local control at SDL i observed a C172; on radar; on a Biltmore sector VFR tag about 20 miles west of SDL.  The scratchpad indicated the aircraft was destined for SDL.  The Controller working Biltmore sector (TRACON) called and asked how weather looked to the west and north to attempt to get this inbound aircraft below the cloud layer; I gave my best estimate.  I assumed the aircaft was going to request special VFR when/if he got below the clouds.  About 10 minutes after the conversation with TRACON; I observed the VFR data tag enter SDL airspace from the northwest; without contacting the tower.  The aircraft entered a right downwind for Runway 21 and only contacted the tower when he was abeam the numbers. I informed the aircraft that 'the airport is below basic VFR and to say intentions'; the aircaft said; 'I intend to land.'  I exchanged several transmitions with this VFR aircraft expecting him to request special VFR; and he never did.  In his last transmition the pilot said; 'I am IFR.'  Not quite sure how to handle this; as his data tag said he was VFR; and that by this time the aircraft was turning base; I gave him the weather and cleared him to land.  When the pilot landed we asked him to call the Tower.  The Controller-in-Charge spoke with the pilot who again indicated he was on an IFR flight plan.  I still don't know; if he was really IFR or who changed him to VFR.  Tracon indicated that he gave the pilot a frequency change in a timely manor so he could call SDL before entering the airspace.  The tracon also indicated to his knowledge the aircraft was VFR and was instructed that radar services were terminated just before giving a frequency change.  Looking back; it may have been a good idea to indicate to the Biltmore Controller that SDL was IFR; while he should have known this already; he may have said something to the pilot and other questions would have been asked at that time.  Also; had the Cessna understood that 'radar services terminated frequency change approved' is not something told to IFR flight in poor weather; he could have questioned the instruction.",,,,"SDL Controller described event when VFR aircraft; initially with Approach Control; entered SDL Class D without any type of required clearance; pilot indicating they were infact IFR; reporter indicating a communication failure between ATC and the pilot.",
841336,200906,0601-1200,ZZZ.Airport,US,180,3,1500,,,,10,,Daylight,CLR,,Tower ZZZ,Personal,Bonanza 36,,1,Part 91,IFR,Personal,,Initial Approach,,Class C ZZZ,,,,,,,,,,,,,,,,,,,,,,,,,,,,,,,,,,,,,,,,,,,,,,,,,,,,,,,,,,,,,,,Aircraft X,Flight Deck,Personal,Single Pilot; Pilot Flying,Flight Crew Air Transport Pilot (ATP),Flight Crew Last 90 Days 25; Flight Crew Total 11000; Flight Crew Type 1500,,,,,841336,,,,,,,,,,,,ATC Issue All Types; Deviation / Discrepancy - Procedural Published Material / Policy; Deviation / Discrepancy - Procedural FAR,,N,Person Flight Crew,In-flight,Air Traffic Control Issued New Clearance,Human Factors; Weather; Procedure,Human Factors,"While flying into the airport on an IFR flight plan; the ATIS was calling 1/2 mile & RVRs. The weather was old because as I flew closer to the base; I could see the fog bank had moved east of the field and field was CAVU. I called the field in sight and requested visual approach and was denied since Approach only had the old weather. Instead of taking vectors for south of the VFR field; for an ILS; I canceled IFR and contacted Tower.  Tower seemed very confused; asking if I could accept 'special VFR;' which I accepted. I was cleared to land. With my gear down and on short final I was told to climb to 3000 FT and contact Approach. Since my gear was down; and I was short final (field was completely VFR -- ceiling unlimited (blue sky); no fog; mist; etc visibility unlimited). I asked if there was any way I could just land since flight visibility was unlimited. The Tower said; 'Land at your own risk' and I accepted; landed; and was told to call Approach. They said the official weather was 1/4 mile fog and therefore they couldn't let me land VFR by their rules. I said that either the transmisometer was faulty; or someone forgot to update the weather when the fog bank passed because the airport was completely and totally VFR the whole time during my arrival.",,,,"IFR general aviation aircraft noted weather; fog bank; had completely dissipated from the landing airport and requested a visual approach but was denied a clearance by the tower; ATC noting the official weather that had not yet been updated; reporter was finally granted SVFR clearance with; 'land at your own risk'; addendum.",
844017,200907,,ZZZ.Airport,US,,,,900,,IMC,5,,Daylight,800,,UNICOM ZZZ,Personal,Bonanza 35,,1,Part 91,IFR,Personal,GPS,Landing; Final Approach,,Class E ZZZ,,,,,,,,,,,,,,,,,,,,,,,,,,,,UNICOM ZZZ,Air Taxi,Small Transport; Low Wing; 2 Turboprop Eng,,,,SVFR,Passenger,,Landing,Visual Approach,Class E ZZZ,,,,,,,,,,,,,,,,,,,,,,,,Aircraft X,Flight Deck,Personal,Pilot Flying; Single Pilot,Flight Crew Instrument; Flight Crew Private,Flight Crew Last 90 Days 10; Flight Crew Total 430; Flight Crew Type 120,,Communication Breakdown; Situational Awareness,Party1 Flight Crew; Party2 Flight Crew,,844017,,,,,,,,,,,,Conflict Airborne Conflict; Deviation / Discrepancy - Procedural FAR; Deviation / Discrepancy - Procedural Published Material / Policy; Inflight Event / Encounter Weather / Turbulence,,,Person Flight Crew,In-flight,General None Reported / Taken,Airport; Company Policy; Weather,Company Policy,"I was on approach (GPS LNAV/VNAV); in IMC. ASOS reported ceiling 800 FT. Approach called '2000 FT till established; cleared for the GPS Runway XX approach ZZZ.' At about 1800 FT Approach called 'radar service terminated; cancel on the ground or in the air.' I was IMC at the time and did not switch to UNICOM. I continued on the approach and broke out of the clouds at -900 FT (DA 570 FT) and immediately canceled IFR and switched to UNICOM. At the next moment; I both observed and was alerted (on UNICOM) to a twin (ABC Airlines) on short final; about 0.5 miles ahead of me. I slowed as much as possible and chose to land; a moment after the other plane cleared the runway. When I entered the FBO; I asked how that 'airline' had arrived VFR in such poor weather (they were not on ATC frequency during my approach) and was told that they 'have a special VFR waiver and always operate; even in much lower weather' and I 'should have been monitoring UNICOM during my approach.' I contacted ABC Airlines and asked about their procedures and was told that they 'routinely fly VFR with 500 FT ceilings and will go down to 300 FT ceiling with 2 mile visibility.' I asked if they monitor Approach and was told; 'some of the pilots do.' Considerations: I should have switched to and reported to and monitored UNICOM as soon as I was 'radar service terminated.' I never expected there to be VFR traffic in the weather in this airspace. Shouldn't an aircraft on an SVFR clearance be in contact with ATC?",,,,"A Beechcraft A35 broke out on an instrument approach to an uncontrolled airport to find an aircraft 1/2 mile ahead of him making a VFR approach.",
860391,200911,0601-1200,ZZZ.Airport,US,350,3,50,,,IMC,Cloudy; 7,,Daylight,800,,,Air Taxi,Jet/Long Ranger/206,,1,Part 135,VFR,Passenger,,Takeoff / Launch,Direct,Class D ZZZ,,,,,,,,,,,,,,,,,,,,,,,,,,,,,,,,,,,,,,,,,,,,,,,,,,,,,,,,,,,,,,,Aircraft X,Flight Deck,Air Taxi,Pilot Flying; Single Pilot,Flight Crew Flight Instructor; Flight Crew Air Transport Pilot (ATP); Flight Crew Multiengine,Flight Crew Last 90 Days 50; Flight Crew Total 6700; Flight Crew Type 1850,,Communication Breakdown; Confusion; Time Pressure; Distraction,Party1 Flight Crew; Party2 ATC,,860391,,,,,,,,,,,,ATC Issue All Types; Deviation / Discrepancy - Procedural Published Material / Policy; Inflight Event / Encounter Weather / Turbulence,,,Person Air Traffic Control,In-flight,Air Traffic Control Issued Advisory / Alert,Airspace Structure; Human Factors; Procedure,Procedure,"Our EMS Helicopter is based at the local Hospital. The hospital lies within the class D airspace of a joint civil/military airport. The conditions at the airport were reported as ceiling of 800' and visibility of 7 miles. Upon lifting from the pad at the hospital; I made contact with ZZZ tower to request a special VFR clearance through their airspace headed to an accident scene. The response from the tower was to contact approach.  So; I switched over immediately to approach as I continued my departure from the hospital. Approach answered and I informed them that I was just departing from the hospital. Before I was even given an opportunity to request the special VFR clearance; the controller immediately chastised me for being in violation of the Federal Code of Regulations for departing within the class D airspace without a special VFR clearance. He went on and on and I believe that the appropriate thing to do if he felt that way was to grant the special VFR clearance and then have me call him on the land line to discuss what he felt was a violation. I feel that would have been more appropriate than chastising me on frequency. In my defense; pertinent FARs discuss departing a satellite airport within the boundaries of class D airspace. It specifically says to contact them as soon as possible after departing. I did do this per the FAR. I was passed from ZZZ Tower without the opportunity to request the special. Approach did not give me a chance to request the special before chastising me. After returning later from the flight; I initiated contact with the supervisor on duty at approach control. We had a good discussion in which he said that there was no violation and no paperwork would be filed. It was on a recorded land line. The controller was out of line for chastising me on the frequency; and the supervisor advised me that they are used to having ZZZ Tower call them up to request clearance of a special VFR prior to contact by the aircraft.  Because the airspace is unique and it's joint military and civilian; there is a communication disagreement as to how to handle a special VFR clearance. I spoke with the supervisor and believe this issue to be resolved.",,,,"An EMS helicopter pilot reports an approach controller took exception to his attempts to obtain a special VFR clearance following a takeoff from a hospital pad within the confines of the associated airport's Class D airspace.",
868020,201001,1201-1800,ZZZ.Airport,US,,,150,,,Marginal,Icing; Fog,,Dusk,,,CTAF ZZZ; FSS ZZZ1; UNICOM ZZZ,Personal,F-28 Enstrom Helicopter,,1,Part 91,None,Ferry / Re-Positioning,,Final Approach; Cruise; Descent,None,Class E ZZZ; Class G ZZZ,,,,,,,,,,,,,,,,,,,,,,,,Fuel Distribution System,,X,Malfunctioning,,,,,,,,,,,,,,,,,,,,,,,,,,,,,,,,,,,,Aircraft X,Flight Deck,Personal,Pilot Flying,Flight Crew Commercial; Flight Crew Flight Instructor,Flight Crew Last 90 Days 100; Flight Crew Total 6000; Flight Crew Type 3500,,Time Pressure; Troubleshooting; Communication Breakdown; Confusion; Distraction; Situational Awareness,Party1 Flight Crew; Party2 ATC; Party2 Ground Personnel; Party2 Flight Crew,,868020,,,,,,,,,,,,Aircraft Equipment Problem Critical; Inflight Event / Encounter Weather / Turbulence; Inflight Event / Encounter VFR In IMC; Inflight Event / Encounter Fuel Issue,,,Person Flight Crew,In-flight,Flight Crew Landed As Precaution; Flight Crew Diverted; General Police / Security Involved,Airport; Weather,Airport,"I was flying a helicopter along an Interstate Highway on a ferry flight. I contacted Flight Watch for a weather advisory and was told of MVFR and IFR in the area ahead. I had planned to go south around the worst of the weather and stop at a convenient airport for the night. Just as I was adjusting course my fuel pressure warning light illuminated. Having no other option at this point I contacted Radio using both 122.5 and 122.0. I knew 122.5 was listed as Out of Service (OTS) but tried anyway. I then attempted several times to contact Flight Watch to get a Special VFR clearance into surface Class E airspace but received no response. At this point I felt my situation was becoming critical and contacted Unicom on 123.0 to advise them of my situation and intent to be sure they weren't aware of any incoming IFR traffic. I was contacted by an aircraft 7 miles out that they were inbound. I advised them of my intentions as I was approaching the ramp and had no further contact with the approaching aircraft. After securing the aircraft I was approached by local law enforcement concerned about a low flying helicopter they had received reports about. I explained the situation and gave the officer my pilot information. This problem was caused by my attempt to press on in deteriorating conditions to an airport on the other side of the bad weather complicated be a mechanical failure which gave me no choice but to deviate into even worse weather at a controlled airport where no FSS could be reached or land in a field prior to reaching the airport. To further complicate things I did not have an approach frequency available and was forced to contact Unicom. The situation was easily avoidable by simply ending my flight prior to encountering bad weather. Every flight should include back-up frequencies in case of inadvertent encounters with deteriorating weather or mechanical difficulties which can suddenly change the best laid plans and intentions.",,,,"An EN28 helicopter pilot reported a fuel pressure low warning while diverting around deteriorating weather. A nearby IFR airport was selected because of the warning. After landing local police questioned the aircraft's low flight profile.",
885777,201004,1801-2400,ILI.Airport,AK,,,,,,,,,,,,FSS FAI,,Helicopter,,1,,,,,Initial Approach,None,Class E ILI,,,,,,,,,,,,,,,,,,,,,,,,,,,,,,,,,,,,,,,,,,,,,,,,,,,,,,,,,,,,,,,Facility FAI.FSS,,Government,Flight Service,,,,Situational Awareness; Communication Breakdown,Party1 ATC; Party2 Flight Attendant,,885777,Facility FAI.FSS,,Government,Flight Service; Instructor,Air Traffic Control Fully Certified,,,,,,885780,ATC Issue All Types; Airspace Violation All Types; Deviation / Discrepancy - Procedural Clearance,,,Person Air Traffic Control,In-flight,General None Reported / Taken,Human Factors,Human Factors,"Helicopter called for a Special VFR into ILI. Anchorage Center had the airspace due to an IFR inbound and Helicopter was advised of this and advised to maintain VFR outside the ILI surface area. The pilot of Helicopter acknowledged this. A few minutes later I contacted Helicopter with an update and advised him to expect a clearance in a few minutes. The pilot responded he was 1/2 mile from touching down. I acknowledged this and his apparent violation of the airspace was reported to the Supervisor in Charge. On review the pilot seemed to be acknowledging clearance into the ILI surface area rather than remaining clear of the surface area. There have been many pilot complaints of poor reception of our radios in the ILI area which may have contributed to the pilot of Helicopter misunderstanding. Recommendation; fix the radios at ILI.",,,,"FAIF controller described a loss of separation event involving a SVFR operation into ILI airport; indicating an ATC failed clearance read back error caused the pilot to believe entry to the airport was authorized.",
913252,201010,1201-1800,MGM.Airport,AL,,,,,,IMC,2.5,,,,,Tower MGM,,PA-28 Cherokee/Archer/Dakota/Pillan/Warrior,,1,,SVFR,,,Initial Climb,,Class D MGM,,,,,,,,,,,,,,,,,,,,,,,,,,,,,,,,,,,,,,,,,,,,,,,,,,,,,,,,,,,,,,,Facility MGM.TRACON,,Government,Departure; Approach,Air Traffic Control Fully Certified,,,Situational Awareness; Confusion,,,913252,Facility MGM.Tower,,Government,Supervisor / CIC; Flight Data / Clearance Delivery; Ground; Local,Air Traffic Control Fully Certified,,,,,,913887,ATC Issue All Types; Deviation / Discrepancy - Procedural Published Material / Policy,,,Person Air Traffic Control,,General None Reported / Taken,Weather; Human Factors; Procedure,Human Factors,"Airport was reporting IFR conditions with 2-1/2 SM visibility. Tower visibility was not reported as it was probably more than 4 SM. Local Control scanned two departure strips; with the first one apparently being SVFR and the next one IFR. The rules on SVFR are somewhat vague and always the subject to interpretations; but the last one that I heard indicated that if an aircraft was operating under Special VFR in a Class Delta Surface Area; then it could be the only aircraft airborne in the CDSA. I think that is excessive; but that is the way I understand the last interpretation of the rules that I was briefed on. I called Local Control and asked if the aircraft was on a Special VFR clearance; and he replied that I was correct; although the tone in his voice suggested that he had forgotten that until I posed the question. The SVFR aircraft had been fanned left to a 210 degree heading off of Runway 28 and the subsequent IFR departure had been fanned right to 300 degrees. This was much more separation than would be required of two IFRs. The reported visibility was suspect as aircraft were reporting the field in sight from 7 or more miles away. I continued to work the two aircraft out of the Class D as it appeared to be an incredibly safe operation. Recommendation: review and simplify the ATC requirements for SVFR. They are overly restrictive in many situations.",,"I was working in the Tower with all the positions combined (CIC; Local Control; Ground Control; Flight Data and Clearance Delivery). The visibility was 2 1/2 SM to the north of the airport because of a fog bank; but the visibility to the south of the airport was clear. Multiple aircraft were on the three frequencies (Local; Ground; and Clearance Delivery). When the PA28 initially called clearance delivery for a SVFR to the southwest; I told the pilot to stand-by because I had IFR aircraft with clearances and release times to taxi to Runway 28 for departure and there were IFR aircraft lined up on final for landing on Runway 28. When I was able to turn my attention to the PA28; I gave him a standard VFR clearance off of MGM; maintain VFR at or below 3;000; squawk code; and departure frequency. Once the pilot of the PA28 had the departure information; he requested to taxi to Runway 21 for a southwest bound departure. I taxied the PA28 to Runway 21 for departure. Once the PA28 was ready for departure; I cleared the aircraft for departure and once the aircraft was airborne; I switched it to Departure. After switching the aircraft to Departure; I realized the AWOS alarm was alarming and that was when I noticed the visibility was 2 1/2 SM and that the PA28 should have been given a SVFR clearance to depart MGM to the southwest.On most occasions; this time of the morning is very very slow so it warrants the Tower being combined. This just happened to be on of those rare occasions where there was a busy spurt! My recommendation would be to de-combine the Tower positions at a set time; in the morning.",,"MGM Tower and TRACON Controllers described a uncertain separation event when an aircraft departed VFR when in fact the weather had changed to IFR conditions.",
927298,201101,0601-1200,ZZZ.Airport,US,,12,,500,,Marginal,Turbulence; Windshear; Fog; Rain; Thunderstorm; 3,,Daylight,800,,TRACON ZZZ,Air Taxi,Jet/Long Ranger/206,,1,Part 135,SVFR,Passenger,,Initial Approach,Visual Approach,Class C ZZZ; Class D ZZZ,,,,,,,,,,,,,,,,,,,,,,,,,,,,,,,,,,,,,,,,,,,,,,,,,,,,,,,,,,,,,,,Aircraft X,Flight Deck,Air Carrier,Single Pilot; Pilot Flying,Flight Crew Multiengine; Flight Crew Instrument; Flight Crew Flight Instructor; Flight Crew Air Transport Pilot (ATP),Flight Crew Last 90 Days 63; Flight Crew Total 12000; Flight Crew Type 2,,Human-Machine Interface,,,927298,,,,,,,,,,,,Inflight Event / Encounter VFR In IMC; Inflight Event / Encounter Weather / Turbulence; Inflight Event / Encounter Loss Of Aircraft Control,,,Person Flight Crew,In-flight,Air Traffic Control Issued New Clearance; Flight Crew Regained Aircraft Control; Flight Crew Requested ATC Assistance / Clarification; Flight Crew Diverted; Flight Crew Landed As Precaution,Weather; Human Factors,Weather,"The mission was to transport two offshore platform operators from the airport to the platform and pick up two operators to transport back to the airport; normally a 25 minute one way flight.  A cold front trough was moving into the area.  Pilot checked TAF; METAR; and radar NEXRAD images from National Weather Service to ensure sufficient time would be available to make the round trip and after embarking the passengers we took off.  The outbound flight took about 5 minutes longer than usual and the helicopter also visited a satellite platform at operator request; which took an additional 9 minutes.  After embarking the two returning personnel the helicopter departed the offshore platform for the airport; cruising between 400 and 1;000 FT MSL.  Approximately 18 miles south southeast of the airport visibility started to decrease due to rain and fog obscuration of the western shore; the intended route to the airport.  Pilot had already obtained ATIS and contacted the airport Tower to check for any inbound traffic and then Approach for a special VFR clearance; which was issued with a transponder code.  While this was happening pilot-in-command was turning further east of course experiencing instinctive reluctance to turn towards the approaching weather and encountering increasing turbulence and rain while maintaining visual contact with the surface of the bay.  Next the aircraft encountered some intense rain and an updraft that took the helicopter to 3;000 FT MSL.  Visual contact with surface was lost.  During this sequence of events aircraft angle of bank reached 30 degrees right and experienced an airspeed range of zero to 130 KTS indicated airspeed; requiring an unusual attitude recovery.  Pilot advised Approach Control that we were descending to below 1;700 FT MSL as per original clearance.  We were advised that we were east of the airport and to switch to Tower.  On contacting Tower we were again advised we were well east of the airport and pilot-in-command requested ASR assistance while still heading northeast due to nasty weather pushing in from the west.  Tower switched us back to Approach Control; who again advised us that we were well east.  By this time the pilot-in-command regained good visual ground reference at 400 FT MSL and elected to land at this location in a pasture.  It was impossible to communicate on the radio with Approach or Company Dispatchers to advise them of the safe landing.  While shutting down the helicopter; the pilot contacted Company Dispatch on his cell phone to report being safely on the ground and requested they advise the airport Tower and Approach Control.  He then secured the helicopter and contacted the other pilot at his base to report safe.",,,,"Bell 206 pilot reports encountering intense rain and turbulence resulting in inadvertent climb and unusual attitudes.  When control is regained and VMC encountered the pilot elects to land in a field and wait for the storm to pass.",
942396,201104,1201-1800,ZZZ.Airport,US,,,,6000,,IMC,Fog,,,7200,,Tower ZZZ,,Iroquois 205 (Huey),,1,,VFR,,,Cruise,,Class D ZZZ,,,,,,,,,,,,,,,,,,,,,,,,,,,,,,,,,,,,,,,,,,,,,,,,,,,,,,,,,,,,,,,Facility ZZZ.Tower,,Government,Local,Air Traffic Control Fully Certified,,,Situational Awareness; Confusion; Communication Breakdown,Party1 ATC; Party2 ATC,,942396,Facility ZZZ.Tower,,Government,Supervisor / CIC,Air Traffic Control Fully Certified,,,,,,942397,ATC Issue All Types; Deviation / Discrepancy - Procedural Published Material / Policy; Deviation / Discrepancy - Procedural FAR,,,Person Air Traffic Control,In-flight,Air Traffic Control Issued New Clearance,Procedure; Human Factors; Weather,Human Factors,"Did a VFR helicopter enter Class Delta airspace without a SVFR clearance?  If yes; in this case; it is the fault of ATC; not the pilot. While on Local Control; TRACON called to request a VFR transition for a helicopter for which they were providing RADAR flight following. We work Local Control 1 combined with Local Control 2 over 95% of the time. When TRACON called; it was communicating with an IFR Twin Cessna on an ILS approach. Ground Control answered the TRACON shout line. Normally Local Control answers this line; but it is not mandated. Ground Control approved the transition; and then informed me that he had approved a VFR transition while pointing to it on the Local Control RADC RADAR. This did not concern me since the broken layer of clouds making the airspace IFR was only a few hundred feet thick with good VFR above the fog/clouds. The helicopter was indicating 6;000 FT MSL. Our field elevation is a little under 5;700 MSL. The cloud bases were 6;200-6;300 MSL with tops (and top of fog) 6;600-6;800 MSL. When the helicopter entered the airspace without first climbing I started to call the helicopter. The helicopter answered after perhaps three calls. I advised the helicopter that 'Delta airspace was IFR; say intentions'. He wanted to continue northwest bound. I was so hoping he would advise me that TRACON has issued him a Special VFR clearance.  I advised the helicopter that 'VFR flight was not authorized; say intentions'. He wanted to continue. I advised the helicopter again that 'Delta airspace was below VFR minima and VFR flight was not authorized; say intentions'. He responded; 'Well I guess I'll land'. After confirming that he had the airport in sight; cleared him to land on the runway; the closest controlled paved surface. Had the helicopter asked for SVFR I would have issued it. I believe low experience at both the TRACON and certainly with the Ground Controller contributed greatly to this situation. An experienced controller at TRACON would have transferred communication of the helicopter to our Tower frequency and let Tower deal with the situation. The TRACON called just as the IFR Twin Cessna got to the Outer Marker on the ILS.  An experienced controller would not have initiated an inter-facility shout line call at the exact moment that they knew the ILS traffic would be calling Tower. I do not know if the TRACON Controller even understood we were IFR; and what ramifications that has. An experienced Ground Controller would have responded to the TRACON request with; 'we are IFR; what are you asking for'; or 'did he request Special VFR'; or something sensible. An experienced Ground Controller would have identified to the Local Controller that the transition was approved at 6;000 FT MSL; giving the Local Controller a chance to respond. An experienced Ground Controller would not have responded to the TRACON request with; 'that'll work.' It didn't work! I still do not know if TRACON issued an appropriate SVFR transition clearance; but I doubt it. The pilot of the helicopter gave no indication they had any familiarity with SVFR procedures. I will advise all my co-workers who are not Certified Professional Controllers not to answer the TRACON when I am working Local Control.",,,,"Tower Controller described a confused SVFR event when both the ATC personnel and the pilot were apparently unfamiliar with SVFR requirements and conditions.",
977727,201110,0001-0600,ZZZ.ARTCC,US,,,,21000,,,,,Daylight,,,Center ZZZ,Air Carrier,B737 Undifferentiated or Other Model,,2,Part 121,IFR,Passenger,,Climb; Taxi,,Class A ZZZ,,,,,,,,,,,,,,,,,,,,,,,,Exterior Pax/Crew Door,,X,Improperly Operated,,,,,,,,,,,,,,,,,,,,,,,,,,,,,,,,,,,,Aircraft X,General Seating Area,Air Carrier,Flight Attendant (On Duty),Flight Attendant Current,,Safety Related Duties,Distraction; Communication Breakdown; Situational Awareness; Training / Qualification,Party1 Flight Attendant; Party2 Flight Crew,,977727,Aircraft X,Flight Deck,Air Carrier,Pilot Not Flying; Captain,Flight Crew Air Transport Pilot (ATP),,,Training / Qualification; Situational Awareness; Distraction; Communication Breakdown; Workload,Party1 Flight Crew; Party2 Flight Attendant,,978979,Aircraft Equipment Problem Less Severe; Deviation / Discrepancy - Procedural Published Material / Policy; Flight Deck / Cabin / Aircraft Event Other / Unknown,,,Person Flight Attendant,Taxi; In-flight,Flight Crew Returned To Departure Airport; General Maintenance Action,Human Factors; Aircraft; Procedure,Human Factors,"After we had done the safety briefing; we were in the back galley. The aircraft was in taxi out mode. The other Flight Attendant noticed that the safety strap at the L2 door was stuck in the door. I tried to pull it back in; but it would not budge. I saw some light coming through from where the strap was. I called the flightdeck; apologized for interrupting; and asked if they were showing any indications of the integrity of the seal being breeched. He said everything looked fine. I told him about the strap. I said that if he could stop the aircraft; I could quickly crack the door and bring the strap back in. He said it wasn't as easy as that because the aircraft was already pressurized. I then asked him what the ramifications could be if we left it alone. He said that it might cause a squealing sound on climb but should eventually go away when we leveled off. So; I said as long as there weren't any warning bells; and he was comfortable with leaving it; then I would leave it alone. I also said that I would contact him if anything happened. As soon as we took off; the door started squealing; and it actually got louder the higher we went. It could be heard full force all the way up to the divider. It was like a horn being blown. I waited until 10;000 to see if it would go away; but it didn't. I called the pilots; and they could hear it over the intercom without me telling them. He suggested putting a wet rag on it. That didn't do anything. No one was complaining about any physical reactions; except the other Flight Attendant was getting a headache. The noise was just so obnoxiously loud that it wasn't right to put the passengers through it. So; the Captain returned to the departure airport. On the ground; a mechanic from one of the smaller airlines; came and checked out the door seal; said it was fine; we took on more gas; and we left. Maybe emphasizing something like 'strap check' in the whole door closure routine.",,"Excessively loud squeal from L2 Door caused by safety strap caught in door pressure seal. [I] elected to return to the departure airport to remove safety strap. Flight Attendant called us in the cockpit from the back of the aircraft while we were approaching the runway prior to takeoff to advise us that a safety strap was caught in an aft service/entry door. After a discussion of the situation with the crew and verification by the Flight Attendant visually and by cockpit indication that the doors were closed and locked; my assessment was that there were no associated safety of flight issues and no risk of damage to the aircraft. I discussed my assessment with the crew; considered the alternatives and the comfort level of the crew with the process; and elected to go. As is the case in situations like this; there were factors that biased my assessment that it would be OK to fly with the strap in the door frame. My bias factors were: 1. Previous experience. I had experienced safety straps in the doors of Boeing aircraft on occasion over the years; and had discussed with others their experiences. That basis of experience set my frame of reference to the situation. My mindset was that if there was no metal piece of the strap caught in the door; and nothing extending to the outside of the door; that we could operate with safety and without risk of aircraft damage. 2. Progress of flight and operational considerations. We were operating out of an airport without a Control Tower; with a limitation for one IFR or special VFR aircraft allowed to operate in the airspace at a time. We had our clearance; and had aircraft waiting behind us to receive their clearance after we exited the airspace. We discussed the possibility of having the Flight Attendant pop open the door and pull the strap in; but we were pre-pressurized for takeoff and I was not keen on the safety aspect of having the door popped open without stairs up to the aircraft. So the remaining option was to taxi down the runway and back to the ramp; shut down; bring the stairs; and open the door to clear the strap. That option also would have made it necessary to refuel to bring us back to our required fuel after the taxi burn; which at this particular airport equates to a significant wait time for the fueler to show up. Did I make the right choice? No. That was apparent to me immediately during climbout when the flight attendants called on the Service Interphone and I could hear the squeal in the background. I had heard pressure squeals in the past but nothing close to the loudness of this one. Would I make that choice again? No. What I will do and what I would share with other crews is that it is necessary to clear the strap from the door frame prior to flight. Doesn't matter if it requires a taxi-back; another de-ice; more fuel; ATC clearance issues; or any other operationally undesirable factors which exist.",,"A B737's L2 door safety strap was trapped in the door seal after it was closed but the crew decided to depart only to return to the departure airport because of the excessively loud squeal.",
980607,201111,1201-1800,ZZZ.Airport,US,,,,7500,,IMC,3,,Daylight,500,,Tower ZZZ,Personal,Amateur/Home Built/Experimental,,1,Part 91,None,Personal,,Cruise,Direct,Class E ZZZ,,,,,,,,,,,,,,,,,,,,,,,,,,,,,,,,,,,,,,,,,,,,,,,,,,,,,,,,,,,,,,,Aircraft X,Flight Deck,Personal,Single Pilot,Flight Crew Private; Flight Crew Instrument,Flight Crew Last 90 Days 18; Flight Crew Total 2300; Flight Crew Type 1810,,Training / Qualification,,,980607,,,,,,,,,,,,Deviation / Discrepancy - Procedural FAR; Inflight Event / Encounter VFR In IMC,,,Person Flight Crew,In-flight,Flight Crew Took Evasive Action,Human Factors; Weather,Human Factors,"[I] was cruising at 7;500 FT; enjoying nice tailwind; clouds below about 3;000 FT; but clear VFR above. I had anticipated staying on top until I got near destination then finding a hole to get down; but a call to Flight Watch told me that wasn't going to happen. It started closing up under me so I found a hole in the deck and wound up landing at an airport 1/3rd of the way. Waited on the ground for a couple of hours watching clouds and visibilities on the internet; hoping it would improve. Given the very large slow moving front over my route and destination I knew if I didn't get home today I would have to wait several days before the weather would be good enough to get home. The visibility seemed good enough (4-5 miles) to scud run so I decided to make a run for it. [I] got about as far as 2/3rds of the way and it got much worse; perhaps 300 FT and 2 miles. Not having any options at this point; I elected to climb and got above the clouds; about 3;500 FT. I had plenty of fuel but was getting short on daylight. My GPS shows some terrain features; so I decided to keep heading directly towards my destination until I reached the Mississippi river; which would keep me away from any tall towers in the vicinity. At that point; I descended back down through the deck until I could see the water. I followed the river north for a short while; until I recognized a highway that ultimately leads to my destination. I called the Tower and requested s special VFR; which they granted. At that time; I think it was 500 FT and 3 miles with mist and I landed without incident; 20 minutes before official sunset. [It was] definitely a case of get-there-itis and poor judgment. All day I have been thinking how close I really was to not making it.",,,,"Experimental pilot reports flying in very marginal conditions; first climbing then descending through cloud layers before requesting Special VFR at destination.",
991308,201201,0001-0600,ZZZ.Airport,US,,,,1500,,Marginal,,,Night,,,TRACON ZZZ,Personal,Skyhawk 172/Cutlass 172,,1,Part 91,,,,Descent,,Class D ZZZ,,,,,,,,,,,,,,,,,,,,,,,,,,,,,,,,,,,,,,,,,,,,,,,,,,,,,,,,,,,,,,,Facility ZZZ.TRACON,,Government,Approach; Departure,Air Traffic Control Fully Certified,,,Confusion; Situational Awareness,,,991308,Facility ZZZ.TRACON,,Government,Supervisor / CIC,Air Traffic Control Fully Certified,,,,,,991493,Inflight Event / Encounter Weather / Turbulence,,,Person Air Traffic Control,,General Declared Emergency,Human Factors; Procedure; Weather,Weather,"I was RADAR Controller. Class C Tower called to hand off the C172 who was unable to navigate to the Class D airport in VFR; and was requesting assistance. The weather at both the Class D and Class C had deteriorated rapidly in the prior 10 minutes. I inquired as to if the pilot was IFR rated; to which he replied 'negative.' he had requested a special VFR into Class D. SVFR is not permitted after sunset unless the pilot is IFR rated. I suggested the Class C airport as an alternative; as they were reporting VFR conditions. The pilot proceeded towards the Class C but the encountered clouds blocking his path; and turned away stating he wanted to go to a nearby Class E. He then said he could not see the Class E airport but could see the Class D. I contacted the Class D to see if they had perhaps improved to basic VFR minimums; but the Class D Controller stated they were still IFR. I advised the pilot to maintain VFR; and confirmed he had the terrain in site. He said he had the Class D in site; and after discussion with my FLM; we determined that this was an emergency; and the safest course of action would be to have the pilot land as soon as practical at the Class D. The aircraft landed safely. Specific training on when it is OK to deviate from FAR's for an aircraft in distress.",,"A C172 contacted TRACON requesting to land at a Class D airport; requesting SVFR. The Class D was IFR and it was after sunset and the pilot stated they were not IFR rated. I told the Controller; the pilot was not qualified for SVFR flight in these conditions. The Controller suggested a Class C airport as VFR alternative and the pilot proceeded towards the Class C. The pilot encountered clouds blocking his path to the Class C and turned away. The Class E airport was also suggested; but the pilot said they could see the Class D airport so I instructed the CPC to allow the aircraft to land at the Class D airport to get them on the ground safely. Pilot pre planning was poor. He should have thought out 'what if'; prior to 5 minutes from destination and review the pilot requirements for SVFR flight.",,"TRACON Controller with the approval of a supervisor; declared an emergency for a VFR aircraft requesting a SVFR clearance into an airport that was IFR; after official sunset.",
992441,201201,0601-1200,SQL.Airport,CA,,5,,500,,,Fog; 8,,Daylight,600,,Tower SQL,Personal,Small Aircraft; High Wing; 1 Eng; Fixed Gear,,1,Part 91,SVFR,Personal,,Initial Climb,Direct,Class D SQL,,,,,,,,,,,,,,,,,,,,,,,,,,,,,,,,,,,,,,,,,,,,,,,,,,,,,,,,,,,,,,,Aircraft X,Flight Deck,Personal,Single Pilot,Flight Crew Private,Flight Crew Last 90 Days 9.8; Flight Crew Total 220.8; Flight Crew Type 220.8,,Situational Awareness; Training / Qualification,,,992441,,,,,,,,,,,,Inflight Event / Encounter Loss Of Aircraft Control; Inflight Event / Encounter VFR In IMC; Inflight Event / Encounter Weather / Turbulence,,,Person Flight Crew,In-flight,Air Traffic Control Provided Assistance; Flight Crew Regained Aircraft Control; Flight Crew Returned To Departure Airport; Flight Crew Requested ATC Assistance / Clarification; Flight Crew Became Reoriented,Weather; Human Factors,Ambiguous,"I arrived at the airport from San Francisco and although there was a cloud deck at approximately 600 FT I had noted a number of holes; which I had deemed sufficient to fly through and get on top for VFR conditions. In checking the conditions for the route the conditions were showing overcast at 600 FT with 8 miles of visibility in the bay area and clear to the south and east with 12;000 few in the central valley. I had made the trip the day before under the same conditions with no issue. As I was looking to plan my route; I saw that there was a hole with clear sunlight over Coyote Hills; which meant asking for a special VFR clearance with a cement plant departure and climbing on top as soon as I reached the hole. This was exactly what I had done the day before. In the worst case I had 8 miles of visibility so even with the low ceiling I could always make a u-turn and come back to the airport if there was a problem. I performed the normal preflight and asked for my clearance from the Tower. Once I received this I taxied to the run up area and when I was ready I asked for a clearance. Just as I was taxiing onto the runway I was stopped by a large goose standing right on the 12 numbers which initiated a dialog with the Tower. Eventually the goose left the runway and I taxied onto the runway for a cement plant take off. In the time I was in the run up and paying attention to the goose I had not noticed that the conditions were changing rapidly and that the fog was moving very swiftly. Once I took off and made a 20-degree turn off the end of the runway; as is the normal procedure and then proceeded to turn towards the cement plant. At this point I was at approximately 400 FT and noticed there were a number of clouds below 600 FT that I needed to avoid. I began to weave around the clouds when the Tower called and inquired about my strange flight and if all was ok. I indicated that I was avoiding clouds and all was fine. At this time the Tower called to hand me NCT Approach. At about the same time I lost sight of the cement plant and the hole I was flying towards. The situation was rapidly getting worse. At that time I decided to turn back to San Carlos and radioed my intentions to the Tower. I told the Tower that I was turning back due to the clouds and proceeded to turn into a cloud. What I had not realized was the 8 miles of visibility had closed to 0 behind me within a matter of minutes. I was in a cloud with no visibility in any direction. I told the Tower of my situation and tried to descend and see if I could get below the clouds. I was at 300 FT and could not see the water below me and remembered the power lines so I began a steep climb. I then tried turning left and right to see if I could find any visual reference. At this point being a VFR pilot in a cloud with complete white out conditions and no clue which way to go I began to panic. I tried to fly the plane and when I looked at the instruments I was descending at a rapid rate completely uncoordinated and given my height above the water did not have much time before I would crash. I stopped the descent at about 200 FT and remembered my flight instructor telling me to stare at the instruments; as you will have no idea what you are doing otherwise. I can honestly say that until I stared at the gauges I did not realize I was turning at a 45-degree bank while slipping. I immediately began to stabilize the plane and was reporting to the Tower my altitude to make sure there was no traffic that would be a factor. Once the plane was stable I began to fly coordinated with the instruments and realized that I had no clue of where I was and certainly could not find the airport. I decided to try and get the GPS set so I could use the moving map however after 5 tries it would not accept my input of direct to San Carlos this may have been due to my hitting the wrong buttons in my state or a problem with the GPS. I was lost over the bay in the clouds with traffic and obstacles all around. The Tower was talking to me almost constantly and asking if I could see anything I reported that I was in total white out conditions. He asked if I was IFR certified and I reported I was not. He reported I was just about over Coyote Hills and that I should fly a westerly heading. I began to turn however I was still lost. I flew the heading and he told me there was an instructor in the Tower to help. He had me verify my altimeter with his and the heading I was flying at that point he directed me to fly a heading and report when I can see anything. I flew that heading for what seemed an eternity however could not have been more than a couple of minutes. Eventually the ground below came into sight. I reported seeing the power lines and was able to make sure I was above them however I still could not see the airport. I kept flying and then the 101 highway appeared almost instantly. I reported the highway in sight and then the airport. At that point there was a large hole above the airport and there was very good visibility and not a problem to land. I made my go no go decision without paying attention to how fast the conditions were changing. As my Hobbs meter indicted .6 from the time I started the conditions went from 600 with 8 miles visibility to complete white out within minutes. The visual reference points all disappeared including the ones behind me that would get me back to the airport in case I could not go forward. From a risk management standpoint the margin for error with a 600-foot ceiling was too narrow. In looking back the questions I should have asked myself were 1. What is the margin for error in this situation? 2. What are the consequences of failure if I am wrong? Given the answer to 1 is 600 FT with power lines below and clouds all around the answer is very little. The answer to 2 is I will end up in a cloud and likely to crash into the Bay. An easy answer in hindsight I should have stayed on the ground.",,,,"Pilot departing SQL on a special VFR clearance reports inadvertently entering IMC and initially losing control. Control is regained using flight instruments and assistance from ATC is requested. With ATC assistance the reporter returns to VMC and a visual approach and landing is accomplished at SQL.",
1000815,201203,0601-1200,ZZZ.Airport,US,,8.5,,1500,,IMC,10,,Daylight,800,,TRACON ZZZ,FBO,Skyhawk 172/Cutlass 172,,1,Part 91,None,Passenger,,Cruise,Vectors,Class C ZZZ,,,,,,,,,,,,,,,,,,,,,,,,,,,,,,,,,,,,,,,,,,,,,,,,,,,,,,,,,,,,,,,Aircraft X,Flight Deck,FBO,Single Pilot,Flight Crew Instrument; Flight Crew Commercial,Flight Crew Last 90 Days 20; Flight Crew Total 595; Flight Crew Type 95,,Confusion; Situational Awareness; Communication Breakdown,Party1 Flight Crew; Party2 Flight Crew; Party2 ATC,,1000815,,,,,,,,,,,,Deviation / Discrepancy - Procedural Published Material / Policy; Inflight Event / Encounter Weather / Turbulence,,,Person Air Traffic Control,,General None Reported / Taken,Procedure; Weather; Human Factors,Human Factors,"The Controller declared an emergency on my behalf because I entered IMC under VFR and was not able to give me a clearance because I was below the MVA. I had just transitioned a Class C airport's airspace southbound over the bay to land at a nearby Class D airport. The Class C airport was VFR. My destination had just gone IFR with BKN008. I was flying traffic watch and the previous traffic watch pilot informed us that they had just landed at my destination under Special VFR. I told Class C's Tower that it was my intention to land at my destination under Special VFR. I was surprised that the Tower handed me off to Approach instead of the Class D Tower. I learned later on the ground that they also did not tell Approach of my intentions. When the Approach Controller gave me a vector across the Class C airport's final approach; I assumed that was the reason and they would then pass me to my destinations Tower. I learned on the ground that Approach thought I was going to continue traffic watch southbound down the interstate. Approach asked me to maintain VFR. I was watching the clouds carefully because on the assigned vector; I would be in the broken layer in a few minutes. I had my destination in sight about 5 miles away off to my left. Then the Controller asked me if I wanted to continue down the interstate; which surprised me; but I responded that I was going to my destination. The Controller pointed out that my destination had just gone below minimums; which I knew. At that point I should have reiterated that I wanted to request Special VFR at my destination. I am not sure whether I did point that out to the Controller; but since I was on a vector away from my destination and the conditions were deteriorating; I instead requested the localizer approach into my destination. The Controller asked me to standby and maintain VFR. I set up the instruments for the localizer approach. About a minute later I could see the approach course for my destination coming onto the GPS; my vector was perpendicular to the approach. Right as I crossed the approach course I told the Controller that I was crossing the approach course and asked if I he was going to turn me. I thought he might have forgotten about me due to the busy Class C airport's arrivals. The Controller again reiterated for me to remain VFR. I said unable to maintain VFR. This is where the Controller asked if I was going IMC and I responded yes. Being familiar with the rising terrain ahead; I said I needed to climb immediately and began a max rate climb. The Controller asked if I was declaring an emergency and I responded negative; I did not feel that I had an emergency because I was instrument current; the aircraft was IFR certified and I was in control of the aircraft. The Controller said he was declaring an emergency on my behalf and instructed me to climb to 4;000 FT. I got on top at 3;500 FT and notified the Controller. He vectored me around for a while for the Class C airport's traffic sequencing; and then cleared me for the approach [into my destination]. The rest of the flight proceeded without further incident. After the flight; I spoke with a supervisor at Approach who indicated that even when on a vector; if instructed to maintain VFR; the pilot must do whatever is necessary to maintain VFR; even if that means reversing course. I did not reverse course at the time because the Controller had just vectored me through the final approach course of the Class C airport and I felt that if I reversed course into the Class C airport's final that I would have created a serious separation problem. My error was going IMC without a clearance; especially below the MVA; because I learned that ATC cannot issue an IFR clearance below the MVA. My other error was not clarifying my intentions with the Controller early enough so that they had a chance to coordinate. The fact that Class C Tower did not relay my intentions on to the Approach Controller contributed to the confusion; but in marginal VFR and busy airspace I need to leave myself and the Controller more time to handle the situation. Not acting sooner put the Controller in a difficult situation. It also put me into a potential controlled flight into terrain situation. The instruction 'Maintain VFR' must be followed; even if on an assigned vector or if it means crossing a final approach path.",,,,"VFR traffic watch aircraft encountered IMC conditions after being instructed to maintain VFR; weather; higher terrain; MVA minimums and ATC failed coordination all playing a part in this event; resulting in an ATC declared emergency.",
1021515,201207,1201-1800,LAX.Airport,CA,128,4,,2500,,VMC,10,,Daylight,25000,,Tower LAX,Corporate,Cessna Single Piston Undifferentiated or Other Model,,1,Part 91,None,Ferry / Re-Positioning,,Cruise,,Class B LAX,,,,,,,,,,,,,,,,,,,,,,,,,,,,,,,,,,,,,,,,,,,,,,,,,,,,,,,,,,,,,,,Aircraft X,Flight Deck,Corporate,Single Pilot; Pilot Flying,Flight Crew Multiengine; Flight Crew Instrument; Flight Crew Commercial; Flight Crew Flight Instructor,Flight Crew Last 90 Days 129; Flight Crew Total 1171; Flight Crew Type 102,,Training / Qualification; Time Pressure; Confusion; Communication Breakdown; Distraction,Party1 Flight Crew; Party2 ATC,,1021515,,,,,,,,,,,,ATC Issue All Types; Deviation - Altitude Overshoot; Deviation / Discrepancy - Procedural Published Material / Policy,,N,Person Flight Crew,In-flight,Air Traffic Control Provided Assistance; Air Traffic Control Issued New Clearance; Air Traffic Control Issued Advisory / Alert; Flight Crew Became Reoriented,Human Factors; Procedure; Airspace Structure,Human Factors,"This was my first time overflying LAX. I asked SMO Ground prior to departure if it would be possible to overfly at LAX at 3;500 FT. The Ground Controller said it was possible; and that I should expect to make a climbing right 270 at the shoreline after departure from Runway 21; and then cross over the SMO VOR before proceeding over LAX. After departure; Tower instructed me to proceed to the shoreline; and then make a climbing right 270 to 2;500 MSL. I climbed to 2;500; but then Tower instructed me to climb to 3;500 and change frequencies. I initiated my climb and contacted LAX Tower as is required to fly the LAX mini route.Upon contacting LAX Tower and reporting my altitude; Tower told me I was above his altitude and to contact SCT Approach on another frequency to overfly LAX. After checking in with SCT at 3;500 for the mini route; they informed me that I needed to talk to Tower to fly that route and handed me back to LAX. I reported back in with LAX Tower at 3;500 for the mini route; and Tower said 'you will have to descend to 2;500 before I can clear you through the Class Bravo for the mini route.' I descended as directed.I was expecting a discrete beacon code and a Bravo clearance. However; as I neared the edge of the Class Bravo airspace; Tower hadn't told me anything. I figured that maybe because this was a special VFR transition route; a discrete code was not required. This made me uncomfortable; so just prior to entering the Class B airspace I called LAX Tower one more time: 'Tower; this is my first time flying this route. Just want to confirm what I'm doing is OK.' Tower responded; 'Affirmative; just keep flying that heading and hold that altitude. You're doing great.' After hearing that; I guessed I must be okay; and continued through the Class B airspace over the top of LAX at 2;500. Shortly after crossing over midfield at LAX; Tower advised; 'you are one mile from exiting Class B airspace; radar services are terminated; squawk VFR...oops; looks like I never gave you a code. That's alright. Squawk VFR and contact Hawthorne Tower.' I responded; 'Switching to Hawthorne Tower; good day.'I was very uncomfortable through the whole ordeal; but after asking Tower if I was doing everything correctly and being told 'affirmative;' I was convinced that everything was going fine. However; upon being given the frequency change just prior to exiting Class B airspace and having the Controller admit to forgetting to assign a beacon code; I became very flustered and forgot to check on with Hawthorne Tower. Hawthorne Tower called about a minute later; I responded; and the rest of the flight went smoothly.I think this whole event could have been avoided if there wasn't the confusion on what altitude I needed to climb initially to fly the route. Had either the Ground Controller or Tower Controller at SMO told me I needed to be at 2;500 rather than 3;500 for the route; I would not have had to make the rapid descent to 2;500. If I hadn't had to make that descent; LAX Tower would have been able to clear me for the route 4-5 miles earlier and would have had more time to remember to give me a Bravo clearance and discrete code. I believe the whole event was due to a breakdown in communications from all parties involved.",,,,"A small light aircraft pilot attempting his first north to south crossing through the LAX Class B after taking off from SMO met with multiple conflicting ATC communications and clearances; ultimately confusing him to the point he forgot to contact Hawthorne Tower after completing the passage.",
1030552,201208,1801-2400,SUN.Airport,ID,0,0,,7180,,,Haze / Smoke; 1.25,,Daylight,12000,,Tower SUN,Personal,PA-34-200 Seneca I,,1,Part 91,IFR,Personal,,Final Approach,None,Class D SUN,,,,,,,,,,,,,,,,,,,,,,,,,,,,,,,,,,,,,,,,,,,,,,,,,,,,,,,,,,,,,,,Aircraft X,Flight Deck,Personal,Pilot Flying; Single Pilot,Flight Crew Multiengine; Flight Crew Instrument; Flight Crew Flight Instructor; Flight Crew Commercial,Flight Crew Last 90 Days 5; Flight Crew Total 5000; Flight Crew Type 500,,Confusion; Communication Breakdown,Party1 ATC; Party2 Flight Crew,,1030552,,,,,,,,,,,,ATC Issue All Types,,,Person Air Traffic Control,,Air Traffic Control Issued New Clearance,Human Factors; Procedure,Human Factors,"While making the RNAV Runway 31 Approach to SUN; I spotted the runway just prior to initiating a missed approach. The reported visibility was 3/4 mile but the in flight visibility was significantly better. There were no clouds and hence no ceiling. I advised the Controller that I had the airport in sight and would circle to land. He told me that I could not land since the visibility was below minimums. I responded that that wasn't true and that I could land since I had good contact with both the airport and the surrounding terrain. In an effort to be helpful he then issued a Special VFR clearance. I continued my circling maneuver and landed uneventfully. After landing he asked me for my estimate of the visibility and I estimated it at 1 1/4 mile. It actually must have been much better since I could see the entire runway even on my base leg. My concern and the reason for the report is that it was very distracting to have this conversation at a very flight critical moment and to have to quickly determine if the Controller was correct. Since circling minimums were published and the visibility appeared adequate; I believe I made the correct decision. I know the Controller was also trying to be helpful by issuing the Special VFR clearance but my understanding is that I didn't need it and that it must be requested by the pilot. Again; although the Controller was clearly trying to help me; it was very distracting to have to have an unnecessary conversation at that moment. If this possible situation were to arise again; I would advise the tower controller of my intentions well ahead of time so that any difference of opinion could be resolved at a less critical time.",,,,"General Aviation pilot on an RNAV Approach Runway 31 to SUN described some apparent confusion on the part of ATC regarding the minimums required for the procedure; adding the Controllers questions were very untimely.",
1034701,201209,0601-1200,ZZZ.Airport,US,,,350,,,,2,,Daylight,500,,TRACON ZZZ,Personal,PA-31 Navajo/Chieftan/Mojave/T1040,,1,Part 91,SVFR,Personal,,Cruise,Direct,Class C ZZZ,,,,,,,,,,,,,,,,,,,,,,,,,,,,,,,,,,,,,,,,,,,,,,,,,,,,,,,,,,,,,,,Aircraft X,Flight Deck,Personal,Pilot Flying; Single Pilot,Flight Crew Flight Engineer; Flight Crew Air Transport Pilot (ATP); Flight Crew Flight Instructor; Flight Crew Multiengine; Flight Crew Instrument,Flight Crew Last 90 Days 28; Flight Crew Total 15900; Flight Crew Type 310,,Situational Awareness; Time Pressure; Training / Qualification,,,1034701,,,,,,,,,,,,Deviation / Discrepancy - Procedural FAR; Deviation / Discrepancy - Procedural Published Material / Policy; Inflight Event / Encounter Weather / Turbulence,,N,Person Flight Crew,In-flight,General None Reported / Taken,Human Factors; Procedure; Weather,Weather,"I was flying from home base to [an airport]; 10 NM away; to deliver the plane for its Annual Inspection. I had planned to leave early but the weather was 500 FT ceiling; 2 miles visibility and the lowest approach minimum at [my] destination was 1 mile visibility and 800 FT ceiling with a very short (2;000 FT) runway and no approach lights. I waited over 2 hours for weather to improve; but it didn't. I decided to request a special VFR clearance after phoning the FBO at [my destination]. They told me the visibility there was at least 3-4 miles and the ceiling was definitely 500 FT or better. I assumed the ceiling would be at least 500 FT all the way on the 4-5 minute flight. When I got about 2 miles east; the ceiling suddenly dropped; and I had to decide whether to stay at 500 FT AGL and pop into the clouds or descend to remain clear. I decided to descend and went down to what I estimated to be about 350 FT AGL. Even though it was a sparsely populated area; I flew over two housing developments below 500 FT AGL. Three miles from [my destination] I saw the airport and runway; and the ceiling increased. I made an uneventful landing and it wasn't until after I got out of the plane that I realized that I had busted the regulation for minimum altitude over a structure or vehicle.The basic cause was that I had made a false assumption that the ceiling would be at least 500 FT all the way since the two airports were only 10-11 miles apart. This was definitely a case of poor judgment on my part. In the future; I will not assume that the ceiling will remain uniform; and give myself margin for error. I should have waited until the ceiling was at least 800 FT to 1;000 FT. My desire to get the Annual underway ASAP because one of my partners planned to use the plane in two weeks also played a role similar to the old 'get-home-itis.'",,,,"PA31 pilot on a VFR flight descended to 350 FT over a residential area to avoid a low ceiling.",
1036379,201209,1801-2400,ZZZ.Airport,US,,,,4700,,,,,,,,Tower ZZZ,,Cessna 310/T310C,,1,Part 91,,,,Final Approach,Other Contact Approach,Class D ZZZ,,,,,,,,,,,,,,,,,,,,,,,,,,,,,,,,,,,,,,,,,,,,,,,,,,,,,,,,,,,,,,,Facility ZZZ.Tower,,Government,Local,Air Traffic Control Fully Certified,,,Training / Qualification; Confusion,,,1036379,,,,,,,,,,,,ATC Issue All Types; Deviation / Discrepancy - Procedural Published Material / Policy,,,Person Air Traffic Control,In-flight,General None Reported / Taken,Human Factors; Procedure,Human Factors,"The airport was IFR due to low visibility caused by smoke. A C310 was VFR inbound to the airport and called about 20 miles out. The pilot checked on requesting a Contact Approach. Much confusion ensued as to whether this was appropriate use of the term. I believed it was only an IFR operation but was unable to climb the pilot to issue an IFR clearance because he was maintaining ground contact. Quick reference was made to the .65 and all we (I; another Controller; and a Supervisor) could determine was it needed to be requested by the pilot and 1 mile visibility. I issued the Contact Approach even though it didn't seem right at the time. After I got off position I reviewed the book and indeed found that it only applied to IFR aircraft on and instrument approach. The pilot should have requested a Special VFR clearance. This was the first time I ever had anyone request a contact approach. That being said; I still should have been more familiar with the operation. Review procedures that are rarely used more often.",,,,"Tower Controller described confusion regarding the application and clearance for a 'Contact Approach' vs. a 'Special VFR' request.",
1085470,201305,1801-2400,ZZZ.Airport,US,,,,500,,Mixed,2,,,700,,Tower ZZZ,,Skyhawk 172/Cutlass 172,,1,Part 91,VFR,,,Descent,,Class C ZZZ,,,,,,,,,,,,,,,,,,,,,,,,,,,,,,,,,,,,,,,,,,,,,,,,,,,,,,,,,,,,,,,Facility ZZZ.Tower,,Government,Local,Air Traffic Control Fully Certified,,,Other / Unknown,,,1085470,,,,,,,,,,,,ATC Issue All Types; Deviation / Discrepancy - Procedural Published Material / Policy; Inflight Event / Encounter Weather / Turbulence,,,Person Air Traffic Control,,Air Traffic Control Provided Assistance,Human Factors; Weather,Human Factors,"A C172 was in VFR conditions approximately 5-6 NM northwest of the airport when the field went IFR. I advised him the field was IFR and asked his intentions. He stated he wanted to come in for landing. I told him the field visibility was 2 miles and ceiling 700 FT broken and again asked his intentions. He said he wanted to land and he had a GPS he could use. I told him I couldn't authorize him to come in VFR. He also asked if I had him on RADAR. I told him I did and his position. I told him to maintain VFR and remain clear of Class C airspace. He said he couldn't maintain VFR. I told him Special VFR was available but he did not know what that was. Given that information; in my best judgment I decided to declare an emergency for him. I issued a heading of 180 with the intent to bring him towards the airport. I did not want to issue any instructions that would cause him to become spatially disoriented. Once he was about a mile offshore I told him of his position and asked if he had the shoreline in sight and he did. I told him to follow the shoreline to either Runway 20 or 23. I told him we turned on the runway lights to maximum intensity and asked if he could see either runway. Once he had the runways in sight; I cleared him to land on either Runway 20 or 23. He landed safely without incident. I recognize I should not have solicited Special VFR and should have issued a suggested heading instead of an assigned heading. Although the FLM advised me to issue the MOCA I did not because I did not want the pilot to think he had to climb and potentially become disoriented. I used my best judgment to help the pilot get to the airport as safely as I could. Brushing up on the 7110.65 prior to taking position on a day when the weather is questionable.",,,,"Tower Controller described an ATC declared emergency event when a VFR aircraft encountered IMC conditions; was unfamiliar with SVFR procedures and required controller assistance to locate the airport.",
1103778,201307,0601-1200,BET.Airport,AK,,,,,,,,,,,,Tower BET,Air Carrier,Caravan Undifferentiated,,1,,SVFR,,,Final Approach,Visual Approach,Class D BET,,,,,,,,,,,,,,,,,,,,,,,,,,,,,,,,,,,,,,,,,,,,,,,,,,,,,,,,,,,,,,,Aircraft X,Flight Deck,Air Carrier,Pilot Flying; Captain,Flight Crew Air Transport Pilot (ATP),,,Situational Awareness; Other / Unknown,,,1103778,,,,,,,,,,,,ATC Issue All Types; Inflight Event / Encounter Weather / Turbulence,,,Person Air Traffic Control,In-flight,Air Traffic Control Issued New Clearance; Flight Crew Executed Go Around / Missed Approach,Weather; Procedure; Human Factors,Ambiguous,"The weather was Special VFR and Bethel Tower said they were losing the airspace after four of us were allowed clearance into the zone. We were keeping our speed up to accommodate the Tower and Anchorage Center. I was flying a Cessna Caravan; sequenced one mile behind a C207; which was turning base to final. Bethel Tower told me to extend; that I would be following [call sign]. I started my base turn assuming I would be following the plane ahead of me; which I thought was [call sign]. Tower said that I would be following the C207 which was three miles away coming from the northeast; even though I was positioned 1 mile out to follow the plane that was landing ahead of me. I was completely confused; wondering why they'd make me extend; to maneuver and slow up to trail behind a plane still three miles out when I could've landed and been well clear of the runway since we were losing the airspace. A float plane then called Tower to say he was down and safe on the water. No response from Tower. I continued; following close behind [call sign]; keeping it tight; thinking with a fifteen knot headwind he'd be able to make the first taxiway; Bravo. Tower now asks about the floatplane; is he down and safe. I tell Tower the plane's down and safe on the water. [Call sign] isn't able to make Bravo Taxiway and BET Tower tells me to go-around; which I clearly understand; given my spacing; as I turn the plane to the east; assuming they'll have me land on the parallel runway; 19L. Instead they tell me to leave the zone; to go to the southwest hold. They're losing the airspace; a runway is open right in front of me; I could be down in five seconds; and they tell me to fly back across the zone; the opposite way; to go to the southwest hold. I asked why I can't land on 19L. They tell me they're losing the airspace and to leave the zone. Since I'm already heading to the southeast I explain I'll be heading to the southeast hold. I talk to them later on the phone and ask why they didn't let me land on 19L. Their explanation: they were losing the airspace. In all my 20 years flying around the state the last four to five years dealing with the controllers in Bethel Tower has been beyond exasperating. Even as busy as Bethel airport is ONE controller continues to work both Ground and Tower frequency. When you call on the ground you get no response. You call again; nothing. You call again and you get barked at; CALLING GROUND STAND BY! You call ten miles out on Tower; nothing. You call again. Aircraft coming from the southwest say call sign; even though you just told them twice. They get confused; they're looking for planes in the air when they've already landed. It happens all the time. When you complain to the controllers about how things are not going so well; you get jerked around as I described in the scenario above. It is indeed so exasperating for all the pilots in Bethel that I think it is affecting our safety. These are the rudest; most incompetent controllers I've ever worked with and something's got to be done. Just to compare; there was one Controller; and he was a sheer delight. He changed everything. Pilots would thank him for coming to work. But of course he is gone and now we're still stuck with this.",,,,"C208 pilot on SVFR clearance into BET reports being issued a go-around due to aircraft on Runway 19R and also being denied the opportunity to land on Runway 19L. Reporter suggests that staffing (single controller) is the issue.",
1107909,201308,1201-1800,ZZZ.Airport,US,,5,600,,,Mixed,Rain; 10,,Daylight,700,,Tower ZZZ,Personal,Twin Beech 18,,1,Part 91,None,Personal,,Climb,None,Class D ZZZ; Class G ZZZ,,,,,,,,,,,,,,,,,,,,,,,,,,,,,,,,,,,,,,,,,,,,,,,,,,,,,,,,,,,,,,,Aircraft X,Flight Deck,Personal,Single Pilot,Flight Crew Multiengine; Flight Crew Instrument; Flight Crew Glider; Flight Crew Air Transport Pilot (ATP); Flight Crew Flight Instructor,Flight Crew Last 90 Days 40; Flight Crew Total 7000; Flight Crew Type 20,,Confusion; Situational Awareness,,,1107909,,,,,,,,,,,,Inflight Event / Encounter VFR In IMC; Inflight Event / Encounter Weather / Turbulence,,N,Person Flight Crew,In-flight,Flight Crew Became Reoriented; Flight Crew Exited Penetrated Airspace,Aircraft; Human Factors; Procedure; Weather,Weather,"I am instrument rated and current. The aircraft I was flying is equipped for instrument flight; but did not have a current altimeter and static system inspection; which prevented filing an IFR flight plan. The weather at [in the area] was generally IMC with low ceilings; good visibility and occasional light rain showers. I completed a detailed analysis of the weather which indicated a thin overcast layer with bases that varied between 500 and 900 above ground level with a second overcast layer at around 7;000 FT. Good VMC conditions existed 30 NM to the northeast; the direction of my flight. The forecast indicated the low cloud layer would dissipate leaving good VMC conditions before the layer would reform with IMC persisting for the remained of the day and upcoming night. My plan was to be ready to go when the low cloud layer opened up and allowed a VMC climb. I was comfortable with the fact that I could end up between layers because there was plenty of cloud clearance and visibility for VFR flight between layers that would allow flight to clear weather along my course. I am quite familiar with FAR 91.119; Minimum Safe Altitudes and FAR 91.155; Basic VFR Weather Minimums and intended to comply with both. I considered the area I would be flying over to be 'other than congested' and so I just needed to be 500 FT above the ground. I was also going to be in Class G airspace which only required me to be clear of clouds. When the lower layer opened up; the clouds became scattered at 500 FT. The higher layer was visible at around 7;000 FT with good visibilities. I saw this as my chance to depart before the weather returned to IMC. I got into the airplane; started up and called Ground Control. I asked them if they had updated the weather to reflect the improved conditions. They indicated they had not because they could see the opening would not last long. I felt the conditions were adequate for a VFR departure and so I asked for; and was granted; a Special VFR clearance in accordance with FAR 91.157. Moments prior to takeoff; the lower layer closed back up and the Tower advised the ceiling was 700 broken. I thought that I could takeoff; remain clear of the clouds; fly to the open area (which I thought had moved east) safely and climb above the lower layer all while complying with FARs. I was wrong. After takeoff; I headed generally east out of the Class D airspace. However; I was flying at low altitude; navigating visually and trying to fly toward the area where the lower cloud layer was open. As a result; I'm sure that my heading wandered quite a bit. As I pressed on; I realized that the open area I intended to climb through was gone. However; I felt okay as I was still 600 to 700 FT above the ground and clear of clouds. That didn't last long. The ceiling began to lower and my comfort level rapidly decreased. A realistic assessment showed I was unable to maintain a minimum safe altitude and remain clear of the clouds. I had lost track of where to turn toward better weather. While I was high enough that I was not concerned about flying into terrain; I became very concerned about radio towers that could rise higher than I was flying. I realized that I could become a VFR into IMC statistic. My only remaining option was to initiate a climb through the lower layer up to good VMC which I knew was above. As I entered the clouds; I began to think about calling center to confess my predicament and declare an emergency if necessary. The good news is that after climbing 500 FT; I broke out between layers in good VMC. Since I was still below any usable IFR altitudes and no longer needing any assistance; I did not call Center. I determined my position by referencing VOR and GPS and proceeded on course. In reviewing the airspace around I realized that I probably went through the edges of their Class D and Class E as I searched for the opening in the lower layer. I have flown many years and I am very comfortable flying VFR and IFR; even VFR when the ceiling is low as long as the visibility is good as it was this day. However; I let my comfort level lull me into departing without a viable Plan A and no Plan B.",,,,"C-45 pilot took off on a Special VFR clearance and encountered deteriorating conditions in which he was unable to maintain Minimum Safe Altitude and remain clear of clouds. Pilot climbed through overcast into VFR conditions.",
1119620,201310,0601-1200,ZZZ.Airport,US,,,,700,,,Rain; Fog; 10,,,900,,Tower ZZZ,Personal,Cessna 180 Skywagon,,1,Part 91,VFR,Personal,,Initial Climb,Other Special VFR,Class D ZZZ,,,,,,,,,,,,,,,,,,,,,,,,,,,,,,,,,,,,,,,,,,,,,,,,,,,,,,,,,,,,,,,Aircraft X,Flight Deck,Personal,Pilot Flying,Flight Crew Instrument,Flight Crew Last 90 Days 80; Flight Crew Total 8300; Flight Crew Type 7000,,Communication Breakdown; Situational Awareness,Party1 Flight Crew; Party2 ATC,,1119620,,,,,,,,,,,,ATC Issue All Types; Deviation / Discrepancy - Procedural Published Material / Policy; Inflight Event / Encounter Weather / Turbulence,,,,,Flight Crew Requested ATC Assistance / Clarification; Flight Crew Took Evasive Action,Weather; Procedure; Human Factors,Weather,"On initial call up before taxi requests was made to ground controller for special VFR out of the zone through ZZZ airspace which was VFR at the time and then continue South Bound out of the zone. I was told to make my request when ready for take off; making me believe that the request was being processed. When I was ready to depart; I was told to make a completely different departure transition. I had no time to study the weather or anything else. On departure it became very clear that I could not [fly] this route and had to make immediate course corrections to remain VFR. At this point I asked to return to field and was told to circle in areas that were not possible to circle because of obstructions and low clouds and was informed that it would take 5 minutes before I could return to the field. Luckily the weather improved to the south where I could depart the area. [I wish that ATC would have] advised a pilot if their request is not possible and [suggest] options before the end of the runway ready for take off. On my part it would have been easier and safer to have filed for IFR on top.",,,,"The pilot of a C180 made a departure request upon contact with ATC for taxi; but was advised to make the request when ready for takeoff. The pilot did not make the request again; thinking that it was being processed. Instead he was given a departure route that he was unable to fly due to weather.",
1124350,201310,1801-2400,ZZZ.Tower,US,,1,1300,,,,Fog; Haze / Smoke; 6,,Dusk,10000,,Tower ZZZ,Personal,Skyhawk 172/Cutlass 172,,1,Part 91,VFR,Personal,,Descent,Visual Approach,Class D ZZZ,,,,,,,,,,,,,,,,,,,,,,,,,,,,,,,,,,,,,,,,,,,,,,,,,,,,,,,,,,,,,,,Aircraft X,Flight Deck,Personal,Single Pilot,Flight Crew Student,,,,,,1124350,,,,,,,,,,,,Inflight Event / Encounter Weather / Turbulence,,N,Person Flight Crew,In-flight,Flight Crew Diverted,Weather,Weather,"I was completing my long X/C and the TAF's reported VFR conditions long after my proposed time of return to [departure airport].  I checked the weather forecast for the route of my flight and it also reported no fog at the proposed time of my enroute legs.  I encountered fog outside of the Class D Airspace below my aircraft by at least 1;500 feet upon my return to [departure airport].  I saw I could remain easily in VFR conditions; but still fly within the airspace.  I requested a Special VFR Clearance so I could attempt a straight-in approach to Runway 34; since fog was moving in quickly.  Upon my descent; I lost visual contact with the runway approximately 3 miles south of the approach end. I was above the fog in VFR condition and made the decision to break off my descent to the east and land at [another airport].  At no time was I in IMC; or not maintain visual contact with the ground.  The fog bank moved in sooner than predicted and was only over the airport runway.  The east and northeast of the airport had greater than 6 miles visibility; no fog and light haze.  I could see [a landmark] and I knew I was able to land at [the other airport]....  I maintained visibility and cloud clearance according to the limitations placed on my solo endorsement.",,,,"C172 Student Pilot; completing a long cross-country flight; encountered unforcasted fog upon return to departure airport and landed VFR at a nearby airport.",
1137952,201312,1201-1800,CMA.Airport,CA,,1,,700,,Mixed,Fog; 4,,Daylight,1500,,Tower CMA,Personal,Cessna 340/340A,,1,Part 91,,Personal,,Final Approach,Vectors,Class D CMA,,,,,,,,,,,,,,,,,,,,,,,,,,,,,,,,,,,,,,,,,,,,,,,,,,,,,,,,,,,,,,,Aircraft X,Flight Deck,Personal,Pilot Flying; Single Pilot,Flight Crew Instrument; Flight Crew Multiengine; Flight Crew Private,Flight Crew Last 90 Days 12; Flight Crew Total 1100; Flight Crew Type 1000,,Situational Awareness,,,1137952,,,,,,,,,,,,ATC Issue All Types,,,Person Flight Crew,,Air Traffic Control Issued New Clearance,Human Factors; Procedure; Weather,Human Factors,"I was on approach into CMA after being pulled off prior for aircraft sequencing. While on the RNAV 26Z approach I broke out at 1;500 FT into VMC conditions. I then set the airplane up for VFR visual approach full flaps and gear down. Concurrently; I called the Tower to advise IFR cancellation and I would land VFR. After some stepping on and radio issues; at 700 FT and just over a mile out in VFR conditions the Tower insisted I go missed. A 'Special VFR' aircraft did not make it out and was coming back. I called out visual contact with the aircraft and that I would be landing VFR. The Tower continually insisted I do a missed approach which I deemed unsafe due to my aircraft set up now for a VFR landing as well as my proximity to the ground. The question/problem I have is; why would the Controller issue a special VFR clearance with multiple IFR aircraft in queue and I am cleared for approach. Isn't the airspace supposed to be 'cleared' for me? Fortunately; I broke out VFR and cancelled while having the other aircraft in sight. The call to go missed would have never occurred if the Tower hadn't issued a prior SVFR clearance to another aircraft.",,,,"General Aviation IFR inbound to CMA was issued a missed approach when SVFR traffic was unable to exit Class D; the reporter questioned ATC's handling of the event.",
1183136,201406,0601-1200,OJC.Airport,KS,,,0,,,Mixed,10,,Daylight,12000,,Tower OJC,FBO,Small Aircraft; Low Wing; 1 Eng; Fixed Gear,,1,Part 91,None,Training,,Initial Climb,,Class D OJC,,,,,,,,,,,,,,,,,,,,,,,,,,,,,,,,,,,,,,,,,,,,,,,,,,,,,,,,,,,,,,,Aircraft X,Flight Deck,Personal,Instructor,Flight Crew Instrument; Flight Crew Multiengine; Flight Crew Commercial; Flight Crew Flight Instructor,Flight Crew Last 90 Days 48; Flight Crew Total 1065; Flight Crew Type 156,,Communication Breakdown; Confusion,Party1 ATC; Party2 Flight Crew,,1183136,,,,,,,,,,,,ATC Issue All Types; Deviation / Discrepancy - Procedural Published Material / Policy; Inflight Event / Encounter Weather / Turbulence; Inflight Event / Encounter VFR In IMC,,,Person Flight Crew,Taxi,Flight Crew Requested ATC Assistance / Clarification; Flight Crew Landed As Precaution,Weather; Procedure,Weather,"I initiated a training flight at Johnson County Executive Airport (OJC). At the time of my flight the sky condition was reported by OJC METAR as SCT 009 OVC 120. Visibility was 10 SM. Although the Class D surface area was above the minimal for VFR; I advised Ground Control that the scattered layer at 900 FT AGL required me to obtain Special VFR as I would not be able to maintain VFR. Despite information in FAA Order 7110.65V 7-5-1 subparagraph b clearly authorizing such; the Ground Controller denied my request for special VFR stating; 'You don't need a special VFR with scattered. You would be broken.' Upon further clarifying my need for Special VFR; the Ground Controller replied; 'We don't issue Special VFR's when the airport is VFR. That's the bottom line.' Upon visually inspecting the sky condition; I determined that; although more clouds at 900 FT AGL were in the vicinity and drifting toward the airport; a circuit of the traffic pattern could be completed at the current time while maintaining the VFR cloud clearance prescribed for day VFR flight in Class D airspace. Upon reaching the downwind leg of the traffic pattern; lateral separation with a cloud in the reported 900 FT layer could not be maintained without excessive maneuvering. Upon momentarily penetrating the lateral bounds of cloud separation minimums I advised the Tower Controller (the same Controller who was operating the Ground Control frequency and had denied my request for Special VFR) that I would require a full-stop landing.From this point; the brief flight continued without incident. I feel an increased familiarity with the SVFR authorizations available to ATC as prescribed in FAA Order 7110.65V 7-5-1 (specifically subparagraph b and the subsequent note) and a familiarity with the cloud clearance regulations applicable to pilots operating under visual flight rules within the bounds of Class D airspace would go a long way toward preventing a similar situation in the future. On future flights; I intend to be more insistent in my request for Special VFR; and in the case that such insistence is met with similar refusal; I intend to discontinue the flight; trusting my initial judgment regarding the prevailing sky conditions.",,,,"Pilot reports while attempting to depart the airport with 900 FT scattered clouds he thought he would need SVFR. The Controller refused to give him SVFR due to the scattered layer. Pilot departed unwillingly and couldn't get above cloud layer then returned to airport.",
1248763,201503,0601-1200,PAO.Airport,CA,286,3,,1100,,IMC,Cloudy; 10,,Daylight,1200,,TRACON NCT,Personal,Small Aircraft; Low Wing; 1 Eng; Retractable Gear,,1,Part 91,IFR,Personal,VOR / VORTAC SJC,Final Approach,,Class C SJC; Class D PAO,,,,,,,,,,,,,,,,,,,,,,,,,,,,,,,,,,,,,,,,,,,,,,,,,,,,,,,,,,,,,,,Aircraft X,Flight Deck,Personal,Pilot Flying; Captain; Single Pilot,Flight Crew Instrument; Flight Crew Commercial,Flight Crew Last 90 Days 27; Flight Crew Total 750; Flight Crew Type 700,,Confusion; Distraction; Situational Awareness; Workload; Communication Breakdown,Party1 Flight Crew; Party2 ATC,,1248763,,,,,,,,,,,,Deviation - Altitude Excursion From Assigned Altitude; Deviation / Discrepancy - Procedural Clearance; Deviation / Discrepancy - Procedural Published Material / Policy; Inflight Event / Encounter Weather / Turbulence; Inflight Event / Encounter CFTT / CFIT,,,Person Flight Crew,In-flight,Flight Crew Became Reoriented; Flight Crew Took Evasive Action,Human Factors; Procedure; Weather,Procedure,"After multiple vectors by Norcal Approach in the vicinity of the SJC VOR; I was cleared for the VOR/DME approach to PAO. I elected to join the approach; with ATC approval; just west of the VOR. When I lined up on the segment of the approach between SJC and 5 DME west of SJC; I thought I was considerably further west than I was; and considerably higher than I needed to be. I then commenced a brisk descent. Rather than levelling off at the segment altitude of 1;700 feet; I continued my descent to 1;100 feet and broke out of the clouds in the vicinity of NUQ. At this point; I received an altitude alert from the tower advising me to check altitude immediately and climb. As I was in visual conditions and could clearly see PAO; I advised the tower that I wanted to continue on a visual approach (rather than climb back into the clouds). I then made the mistake of answering in the affirmative when the tower controller asked if I wished to cancel IFR. This was not my intention; as I did not have the necessary vertical separation from the cloud bases in class C or D airspace for flight under VFR. Had I not been in visual conditions; this could have been a very hazardous situation. However; as I had excellent visibility to the field; and was about 1;000 feet above any nearby obstructions; I felt that it was safer for me to remain visual rather than climb back into the clouds.I believe the problem started when I was denied entry to the VOR/DME approach via the published holding pattern. Instead; I was vectored away from the approach. Had I been cleared for one turn in the hold; I could have set up a stabilized approach and not been confused about position and altitude. Also; I should have initiated the approach at the VOR; rather than the intermediate approach segment. Finally; I should have requested a special VFR clearance in order to remain in visual conditions.Additional factors were my desire to land at PAO as soon as possible because of a breakfast meeting and the Norcal Approach controller's statement that she was holding traffic at SJC for me in order to complete the approach. One other factor was my previous experience using the GPS approach into PAO. While this approach was designed to avoid traffic conflicts with SJC; I have had approach clearances cancelled and been vectored far off course while attempting to use the GPS 31 approach. I thought that; like the last time I flew the VOR/DME approach; there would be light enough traffic at SJC in order to receive clearance for the full approach with hold into PAO.",,,,"A Pilot flying the PAO VOR/DME 31 got low on the approach and remained VMC; clear of obstacles even with an ATC low altitude alert and climb request.",
1295886,201509,1801-2400,YAK.Airport,AK,,,,1500,,Marginal,,,Night,,,FSS JNU,,Small Aircraft; High Wing; 1 Eng; Fixed Gear,,1,,SVFR,,,Final Approach,None,Class E YAK,,,,,,,,,,,,,,,,,,,,,,,,,,,,FSS JNU,,Small Aircraft; High Wing; 1 Eng; Fixed Gear,,1,,SVFR,,,Taxi; Takeoff / Launch,None,Class E YAK,,,,,,,,,,,,,,,,,,,,,,,,Facility JNU.FSS,,Government,Flight Service,Air Traffic Control Fully Certified,Air Traffic Control Time Certified In Pos 1 (yrs) 20.8,,Communication Breakdown,Party1 ATC; Party2 Flight Crew,,1295886,,,,,,,,,,,,ATC Issue All Types; Conflict Airborne Conflict; Deviation / Discrepancy - Procedural Published Material / Policy; Deviation / Discrepancy - Procedural Clearance,,,Person Air Traffic Control,In-flight,Air Traffic Control Issued Advisory / Alert,Airspace Structure; Procedure,Procedure,"Safety Incident-I relieved In-flight Position and continued working In-flight 1 position for approx 4.5 hours till the end of my shift. Working the radio position on In-flight 1; I received a call from Aircraft X requesting a Special VFR Clearance into the Yakutat (YAK) service area he was 12 West inbound. I obtained the surface area from Anchorage Center and issued the clearance. A call was made at YAK on 123.6 'Any one on approach?' by an aircraft. I recognized the voice of the pilot and transmitted the following to the pilot. Aircraft Y- SVFR inbound on approach to YAK; Monitor the YAK ASOS and advise intensions. Aircraft Y reply 'RQ SVFR Clearance out of YAK to the EAST'.  Aircraft X heard Aircraft Y's request for SVFR. Aircraft X transmitted to FSS that he agreed to visual separation from Aircraft Y.  I issued the SVFR Clearance to Aircraft Y out of YAK CESA (East) as requested.Reviewing the tape recording with a supervisor; I was informed that Aircraft Y indicated he agreed to Special VFR Clearance. I took this to mean he agreed to Visual Separation with Aircraft X. I informed both aircraft of each type of aircraft required in visual separation during SVFR Clearances. Aircraft Y reported clear of YAK service area to the East. Aircraft X reported on the ground YAK 5-7 minutes later from the West.  My Supervisor tells me this could be a deviation.  This does not change the fact that I should have confirmed with Aircraft Y that his reply was to maintain visual separation from Aircraft X as well.I should have used standard phraseology and re-confirmed with Aircraft Y that he had agreed to Visual Separation from Aircraft X.",,,,"FSS controller approved SVFR operations for an inbound and departure simultaneously. The Controller thought he heard one of the aircraft agree to 'Maintain Visual Separation'. During a review of a tape recording of this period it was determined that the aircraft did not volunteer to maintain visual separation. Simultaneous SVFR operations as this require one of the aircraft to maintain visual separation. The Controller misunderstood one of the aircrafts' transmissions.",
1299932,201509,1801-2400,ZZZ.Airport,US,,,,800,,Marginal,10,,Dusk,1400,,TRACON ZZZ; Tower ZZZ,Personal,Robinson R44,,1,Part 91,None,Personal,,Cruise; Final Approach,Direct; Visual Approach,Class D ZZZ; Class E ZZZ,,,,,,,,,,,,,,,,,,,,,,,,,,,,,,,,,,,,,,,,,,,,,,,,,,,,,,,,,,,,,,,Aircraft X,Flight Deck,Personal,Pilot Flying; Single Pilot,Flight Crew Private; Flight Crew Rotorcraft; Flight Crew Instrument; Flight Crew Multiengine,Flight Crew Last 90 Days 45; Flight Crew Total 1750; Flight Crew Type 250,,Situational Awareness; Communication Breakdown; Distraction,Party1 ATC; Party2 Flight Crew,,1299932,,,,,,,,,,,,ATC Issue All Types; Deviation / Discrepancy - Procedural Clearance; Inflight Event / Encounter VFR In IMC; Inflight Event / Encounter Weather / Turbulence,,,Person Air Traffic Control,In-flight,Air Traffic Control Provided Assistance,Human Factors; Weather; Procedure,Ambiguous,"I was flying VFR and had flight following where available; due to my altitude. Approximately 25 miles from [destination airport] I checked the ATIS (which was VFR) and checked in with ATC; indicating I would be landing at airport ZZZ. Approximately 8 minutes out from ZZZ ATC advised me that the weather had changed to IFR. It was near dusk at this time. I had a visual on the field; even though ATC reported ceilings of 800 feet. I told ATC I needed to land at ZZZ and they said I was unable. I thought briefly about the situation; and did not feel I could safely land in a field; at dusk; with lowering ceilings; and the possibility of wires I would be unable to see. I felt I would risk potentially my life; my helicopter; and potentially others unless I continued; and since I had visibility to the field I felt it to be the safest plan of action; so I [advised ATC that I'd continue.]ATC turned me over to tower frequency for landing. As I landed and continued to taxi the Tower Controller asked me to call the Tower upon landing. I asked to finish my taxi; and then get the Tower number. I got the Tower telephone number; finished shutting down; got my belongings; and went into the FBO where I called the Tower number.I spoke to the controller and related the events that led up to my decision to request a landing; which I have outlined above. He indicated that because of me having visibility; but low ceilings; that I could have requested a special VFR clearance to land. However; he thought my judgment was sound; and that given my description he felt I had made the right decision to continue. I also said to him that I did not want to jeopardize myself; my ship; or others given that it was dusk; and difficult to see potential wires near other landing sites. He agreed again; and felt I had made the right decision.As the conversation ended; I felt that I had made the right decision; and felt good that I had received the comments from the controller; which backed up my decision making.",,,,"The pilot of a R44 helicopter operating under VFR rules encountered IFR conditions approaching the destination airport. Since he had the airport in sight; and was concerned about an off-field landing; elected to continue and land at the planned airport.",
1316755,201510,1201-1800,FME.Airport,MD,,3,,1000,,VMC,,,Daylight,,,TRACON PCT,Personal,Small Aircraft; Low Wing; 2 Eng; Retractable Gear,,2,Part 91,IFR,Training,,Final Approach,Vectors,Class E FME; Special Use DC SFRA,,,,,,,,,,,,,,,,,,,,,,,,Transponder,,X,Improperly Operated,,,,,,,,,,,,,,,,,,,,,,,,,,,,,,,,,,,,Aircraft X,Flight Deck,Personal,Pilot Flying,Flight Crew Private; Flight Crew Instrument,,,Communication Breakdown; Situational Awareness,Party1 Flight Crew; Party2 ATC,,1316755,Aircraft X,Flight Deck,Personal,Instructor; Pilot Not Flying,Flight Crew Flight Instructor; Flight Crew Flight Engineer; Flight Crew Instrument; Flight Crew Air Transport Pilot (ATP); Flight Crew Multiengine,Flight Crew Last 90 Days 30; Flight Crew Total 35000; Flight Crew Type 25,,Situational Awareness; Communication Breakdown,Party1 Flight Crew; Party2 ATC,,1316799,ATC Issue All Types; Airspace Violation All Types; Deviation / Discrepancy - Procedural Published Material / Policy; Deviation / Discrepancy - Procedural FAR; Deviation / Discrepancy - Procedural Clearance,,,Person Air Traffic Control,In-flight,General None Reported / Taken,Procedure; Airspace Structure; Human Factors,Human Factors,"I hired a CFII instructor for a series of short IFR training trips along the east coast for a period of about 2 weeks when this incident occurred. We departed with the destination of Tipton; MD (FME). The flight plan was IFR and we proceeded uneventfully on vectors towards the destination. At approximately 3-5 miles from the field we were asked by ATC if we had the field in site as VFR conditions prevailed. We replied affirmatively at which time ATC asked if we would like to cancel IFR. We responded 'affirmative' and ATC replied 'IFR cancelled; squawk 1200; frequency change approved.' We complied fully with those ATC instructions; by switching frequencies and squawking 1200.Upon landing; we were requested by FBO personnel to call a number. I returned the call and was asked why I had squawked 1200 on final. I replied that we were complying with directives from ATC during the short final approach.Since then; I have come to find out that VFR flights in and around Washington; DC have special VFR flight rules of which I was unaware of at the time as I had no intention of flying VFR in this airspace with my IFR instructor. Additionally; the required training for VFR pilots in this airspace does not apply to IFR pilots and IFR flights. Therefore; when we squawked 1200 as requested by ATC on a customary short final approach in VFR conditions into a non-towered airport; we had no knowledge that we were squawking 1200 in error. I also would add that obviously ATC knew who we were and that we had changed our transponder code to 1200 VFR as we were immediately approached by the FBO with 2 telephone #s to call and make my report. I also would like to add that apparently & obviously we were the only ones squawking 1200 VFR as no one else would be doing so since we have come to find out this is not allowed in that airspace. So; the only thing we might be guilty of is changing our transponder code to something other than what we had previously been assigned. I reported all of this to the 2 stations I talked with.",,"I was hired by a private pilot for a series of short IFR training trips along the east coast for a period of about 2 weeks when this incident occurred. We departed with the destination of Tipton; MD (FME). The flight plan was IFR and we proceeded uneventfully on vectors towards the destination. At approximately 3-5 miles from the field we were asked by ATC if we had the field in site as VFR conditions prevailed. We replied affirmatively at which time ATC asked if we would like to cancel IFR. We responded 'affirmative' and ATC replied 'IFR cancelled; squawk 1200; frequency change approved'. We complied fully with those ATC instructions; by switching frequencies and squawking 1200.Upon landing; he was requested by FBO personnel to call a number. [The other pilot] returned the call and was asked why he had squawked 1200 on final. He replied that he was complying with directives from ATC during his short final approach.Since then; I have come to find out that VFR flights in and around Washington; DC have special VFR flight rules of which I was unaware of at the time as I had no intention of flying VFR in this airspace with my IFR student. Additionally; the required training for VFR pilots in this airspace does not apply to IFR pilots and IFR flights. Therefore; when we squawked 1200 as requested by ATC on a customary short final approach in VFR conditions into a non-towered airport; we had no knowledge that we were squawking 1200 in error.",,"A general aviation pilot and flight instructor reported changing the aircraft transponder code as requested by ATC only to find that the rules in the Washington D.C. SFRA precluded this action.",
1338300,201603,1201-1800,MZBZ.Airport,FO,,,0,,,IMC,,,Daylight,,,Tower MZBZ,Air Carrier,Commercial Fixed Wing,,2,Part 121,IFR,Passenger,,Taxi,,,,,,,,,,,,,,,,,,,,,,,,,,,,,,,,,,,,,,,,,,,,,,,,,,,,,,,,,,,,,,,,,Aircraft X,Flight Deck,Air Carrier,Captain; Pilot Flying,Flight Crew Air Transport Pilot (ATP),,,Confusion; Situational Awareness,,,1338300,,,,,,,,,,,,Conflict Ground Conflict; Critical,,,Person Flight Crew,Taxi,Air Traffic Control Issued Advisory / Alert; Flight Crew Took Evasive Action,Procedure; Human Factors,Human Factors,"G/A (Go Around) due to not breaking out at minimums in BZE. Held at BZ901 NW of the airport. After about 15 minutes a flight made it in. A B737 ahead of us went missed approach. We landed after breaking out just above minimums (lower than 100 ft above minimums). During the entire hold and subsequent approaches; several aircraft were requesting Special VFR arrivals. Field conditions were 2500 meters and the ceilings were 300 to400 ft. We landed on the second approach. Used the turn button on the south side of the runway; about 6000 7000 ft from the approach end; to turn around. Used TCAS to see how for out the next arrival was. Noticed a target +300 ft just west of the airport. Initially I thought he was holding because there was a lack of closure. That's when it got crazy; suddenly he breaks out of the rain shower heading towards us. Tower makes a non-directive statement about us still being on the runway. Cessna Caravan says 'I have the aircraft in sight' and continues his descent right at us. Immediate mental calculation of open grass area to our left. I try accelerating but realize we'll never make the turn off in time. FO (First Officer) broadcast 'we're still on the runway!' Aircraft continues descent towards us. FO says for the second time (internally) 'what's he doing? He's still descending!' I try flashing landing lights (under wing; probably worthless effort; all lights were still on). I transmit 'AIRCRAFT IS STILL ON THE RUNWAY; GO AROUND!!!' Aircraft stops descent at approx 50-75 ft. FO 'why isn't he climbing?!?!' I start maneuvering aircraft right of centerline to get more separation between the vertical stabilizer and the aircraft. At this point I'm not sure if he's going to land ahead of us; try to land over us; or is just buzzing us. Dumb. No; beyond dumb. Aircraft on the go around drifts left of centerline towards us and I stop my attempt to gain lateral separation. He goes right over the top of us about 50 to75 ft. We haven't even reached taxiway C so we're 4000 ft(?) from the end of the runway and he's less than 100 ft directly over the top of us. We clear the runway. ATC never said a word directing a go-around (that I recall). Cowboy aviation at its worst.  It was a Cessna Caravan that checked in as we were on the approach and was told that it was #7 for the approach. The aircraft in question wasn't cleared by ATC to attempt to land. He did it on his own. And the tower controller didn't order a G/A. And when the responding aircraft said 'I have the airplane in sight'; while continuing to descend; it bordered on bizarre. ATC did nothing. The FO spoke up directly to the approaching aircraft. That didn't stop his descent. At that point I sternly ordered a G/A. Thankfully he listened. A major lesson learned; I will recommend to anyone that asks that they should avoid that operator at any cost. Need positive ATC control. Can't have local pilots operating as they choose to. Lack of safety oversight.",,,,"Air carrier Captain executed a go-around at minimums after an ILS approach to Runway 7 at MZBZ and enters holding. The second approach is successful; but with no full length taxiway; a turn around and back taxi is required to clear the runway. During the back taxi a Cessna Caravan commences an approach without clearance and is reluctant to go-around when the air carrier aircraft is detected on the runway.",
1338402,201603,1801-2400,ZZZ.Airport,US,,,,,,,,,,,,TRACON ZZZ; Tower ZZZ,Personal,Bonanza 36,,1,Part 91,IFR,Personal,,Descent,Visual Approach,Class C ZZZ,,,,,,,,,,,,,,,,,,,,,,,,,,,,,,,,,,,,,,,,,,,,,,,,,,,,,,,,,,,,,,,Facility ZZZ.Tower,,Government,Instructor; Local,Air Traffic Control Fully Certified,Air Traffic Control Time Certified In Pos 1 (yrs) 7.0,,Situational Awareness; Training / Qualification; Confusion,,,1338402,Facility ZZZ.TRACON,,Government,Approach; Trainee,Air Traffic Control Developmental,,,,,,1338420,Airspace Violation All Types; Deviation / Discrepancy - Procedural Clearance; Ground Incursion Runway; Inflight Event / Encounter Weather / Turbulence,,,Person Air Traffic Control,Taxi,Air Traffic Control Issued Advisory / Alert; Air Traffic Control Issued New Clearance; Air Traffic Control Provided Assistance; Flight Crew Became Reoriented; Flight Crew Requested ATC Assistance / Clarification,Airport; Airspace Structure; Human Factors; Weather,Human Factors,"I was training a developmental on the Local Control position at ZZZ. The weather was VFR but there was rain on the field and heavy precipitation and thunderstorms in the vicinity. Aircraft X checked in on our frequency inbound from the Northwest on a Visual Approach. At the time Aircraft X was one to two miles northwest of the airport (ZZZ1) which his flight path would take him directly over as he joined the final. However; instead of continuing inbound for RWY 18; the pilot descended to land at ZZZ1.The approach controller called us to verify that Aircraft X was still inbound to the correct airport at which point the developmental reached out to Aircraft X to let him know he was still 5 miles from ZZZ and to verify he had the correct airport in sight. The pilot seemed confused so at this point I took over the frequency. I asked the pilot if he had landed or was continuing inbound for ZZZ. It was difficult to hear everything the pilot said as the Local Control frequency at ZZZ is not meant for use on the ground at ZZZ1 but the pilot did verify that he was on the ground. I requested he cancel IFR; advised that ZZZ was no longer reporting VFR weather and issued the approach frequency for ZZZ1 so that he could call approach if he wanted to continue to ZZZ IFR. A short time later Aircraft X contacted TRACON and departed ZZZ1 on a special VFR clearance for ZZZ where he landed without incident.Contributing factors on our part included training and weather conditions. The developmental I was training is low on hours and told me he had never worked in adverse weather conditions before. Because of this we spent a good deal of time on position discussing the radar weather display; non-standard procedures and ways to be flexible when storms arrive. When Aircraft X initially contacted us; the developmental was in the process of clearing an air carrier jet for takeoff. This involved putting the aircraft in position; suggesting a heading and giving the pilot time to review his own weather radar in case he wanted to request a different initial heading. When an acceptable departure heading was decided on; the developmental coordinated the heading with departure and cleared the jet for takeoff. This process and the questions it led to from the developmental took some of our attention away from the aircraft on final. Also; as the pilot was already at a low altitude when he checked on and was expected to fly directly over ZZZ1; it did not take long for him to descend and land.I'm not sure if the weather played a role in the pilot's confusion but it may not have been wise to clear him for a visual approach when the weather was marginal VFR and likely to become IFR. We were advertising instrument approaches but the pilot had requested a visual approach. While not necessarily a procedural change; I will do my best in the future to check with any aircraft flying low level and on a flight path close to ZZZ1 to ensure they have the correct airport in sight. I would also suggest emphasizing the vicinity of ZZZ1 to ZZZ in the classroom curriculum so that developmental controllers are also aware of the possible confusion.",,"I came to work and was told that I would be training on radar positions today. The last time I trained was (over 30 days ago). Trainer and I received a briefing and Aircraft X began to flash northwest of my airspace. I took the handoff then told the aircraft to expect ILS Approach. There was a line of precipitation about 9 miles west of ZZZ moving slowly east so I told Aircraft X about the weather. After looking at the winds which were approximately 140/10G18; I asked him if he would prefer an RNAV Approach. He said yes so I told him to expect RNAV approach.I told him to proceed direct [fix 1] (IAF) but he said [fix 2] (FAF) was already dialed in and asked if he could proceed direct [fix 2]. I approved his request since I planned on clearing him for Visual Approach. After I gave him a descent clearance to 2;000 feet; he told me he would be able to do a Visual approach. I told him the airport was 1 o'clock; 13 miles. He said Roger. I gave him another update and said the airport was 1 o'clock; 10 miles. He came back and said he had the field in sight and would proceed inbound via [fix 2]. I cleared Aircraft X for a Visual Approach via [fix 2] and instructed him to contact Tower.I then noticed his data tag scratchpad was showing [a runway designation]; so I mentioned it to my trainer; but he did not say anything. So I thought one of the Tower controllers did that; so I rolled my chair across the aisle to the CRU-ART computer to see who was working Local Control. I saw there was training in Local Control also. When I rolled back to the scope; I noticed the data block for Aircraft X was no longer on the radar scope.The aircraft never reached [fix 2] and apparently thought ZZZ was the airport next to [fix 2]. I immediately called the Tower and asked them if he landed at the wrong airport. The Tower tried to reach him and called me back after confirming he had landed. I told the Supervisor who was seated at his desk. When the pilot reports having the airport in sight; verify he is looking at ZZZ and not ZZZ1. Also; the trainer was still seated at the other scope but apparently did not see the aircraft start his descent. The MSAW never alarmed; which could have alerted us the aircraft was descending rapidly. The pilot never indicated he was unfamiliar with the area and ZZZ1.My recommendations:Ask the pilot if he is familiar with the area and ZZZ1 airport's position and similarity to ZZZ. If he is not familiar; continue to watch aircraft until passing ZZZ1 airport before switching him to Tower. When cleared for the Visual Approach; keep him on frequency Tower should also watch the aircraft's altitude for any changes around ZZZ1 when inbound on a visual approach. The FLIP should highlight the fact that ZZZ1 and ZZZ airport are [very similar] in layout and pilots should exercise caution when inbound to either airport.",,"Several Air Traffic Controllers reported an aircraft on a Visual Approach that landed at the wrong airport.",
1366093,201606,,ZZZ.Airport,US,,,,,,,,,,,,,Air Carrier,B737 Undifferentiated or Other Model,,2,Part 121,,Passenger,,Other Non-Flight,,,,,,,,,,,,,,,,,,,,,,,,,,,,,,,,,,,,,,,,,,,,,,,,,,,,,,,,,,,,,,,,,Hangar / Base,,Air Carrier,Captain,Flight Crew Air Transport Pilot (ATP),,,,,,1366093,,,,,,,,,,,,Deviation / Discrepancy - Procedural Published Material / Policy; Inflight Event / Encounter Fuel Issue,,,Person Flight Crew,Routine Inspection,,Company Policy; Human Factors,Company Policy,"The Dispatch [Efficiency Reward Program] rewards all dispatchers when a system-wide average arrival fuel target is met. Consideration should be given to the use of our famous PAPER ALTERNATE PROGRAM. Where it is legal; but there is no operational desire by [Company] to have an airplane at the planned / fueled alternate. ZZZ is an example with 1240 pounds of fuel to get from ZZZ1 to ZZZ. Do you really think that if the ZZZ1 airport is flow restricted; slowed by weather; slowed by traffic or actual weather requires a missed approach that an [airline] pilot is going to get our 40 million dollar airplane on the ground at ZZZ with an alternate fuel burn of 1240 pounds? In fact the jet is going to be on a missed approach that takes it to ZZZZZ intersection; closer to ZZZ2 than ZZZ. This aircraft would not be in the top five for an approach to ZZZ; or even have ramp space to park the jet in these conditions.I cannot get the dispatch committee to decide what they want to use as an actual alternate before I initiate an approach. The answer is always give me a call on the missed. No; I have a jet to fly and already an agreement of where the jet is going. After the missed approach is not the time to call the committee to session. When a left or right turn after the missed approach procedure determines where the jet is actually going due to fuel. There is not enough fuel to change the flight path direction. It is time to eliminate the mind set and the paper alternate policy followed by [company] for many years.I operate our airplanes with USING RESERVE FUEL scratch pad message displayed far too much. I land with low fuel pressure lights illuminating on the runway. I initiate an approach then I have to refuse 1 turn in hold to clear the Special VFR airspace because I do not have the fuel to get to the alternate. Whether it be a paper or a usable alternate. (I am aware [company] has done studies and garnered support from Boeing and others to justify the behavior. This policy forces the attitude that I can land at most airports if it gets ugly and [Company] can figure it out after that.) Which is a terrible attitude to impose upon your captains.[Company] has mouthed the verbiage that the captain of the flight has always been and will continue to be the final authority on how much fuel is required to safely complete the flight. However when I ask dispatch for 500 pounds the answer is NO. Or; sure and the fuel is added in the Captain add column and tracked specifically to the captain for disciplinary action. Which effectively negates any authority to make any final fuel load decision. It is time to eliminate the Captain add and tracking policy. It is this [Company] that in practice eliminates compliance with Flight Operations Manual - Departure Fuel Coordination; and FAR's that require the captain and the dispatcher agree. Now is the time to eliminate the Captain add Tracking Policy that was put in place during labor negotiations to hardline fuel loads; the unintended consequences are damaging to a safety first approach. Given current policy and reality of the line experiences perhaps the five year look back at arrival fuel should be considered hind sight; and that averages still leave fifty percent of the flights short on fuel. I know our leadership has taken the Push; Watch for Reaction; and Measure the Push Back approach to management. Please consider this a Push Back and a request to evaluate your stated and inferred policies; along with the compliance expectations. These types of policies and labor contracts along with our Hurray; Hurray letters and pep rallies to meet the quota is where a Safe Efficient Operation falls apart. This is not supporting a culture of safety. More importantly it is my life and your 40 million dollar jet you are placing at risk. You are promoting a culture of risk and reward. Reward for those that create the Risk.",,,,"B737 Captain reported concerns with the company's new fuel policy of decreasing fuel loads under the average for the last few years.",
1412193,201612,1201-1800,ZZZ.Airport,US,0,0,700,,,IMC,2,,Daylight,900,,Tower ZZZ,Personal,Bonanza 36,,1,Part 91,IFR,Personal,GPS,Final Approach,Direct,Class D ZZZ,,,,,,,,,,,,,,,,,,,,,,,,,,,,,,,,,,,,,,,,,,,,,,,,,,,,,,,,,,,,,,,Aircraft X,Flight Deck,Personal,Pilot Flying; Single Pilot,Flight Crew Multiengine; Flight Crew Private; Flight Crew Instrument,Flight Crew Last 90 Days 40; Flight Crew Total 3500; Flight Crew Type 3200,,Situational Awareness; Confusion; Communication Breakdown,Party1 Flight Crew; Party2 ATC,,1412193,,,,,,,,,,,,ATC Issue All Types; Deviation / Discrepancy - Procedural Clearance; Deviation / Discrepancy - Procedural Published Material / Policy; Inflight Event / Encounter Weather / Turbulence,,,Person Flight Crew,In-flight,Air Traffic Control Issued Advisory / Alert; Flight Crew Executed Go Around / Missed Approach; Flight Crew Requested ATC Assistance / Clarification,Airspace Structure; Human Factors; Procedure,Airspace Structure,"My private turf airstrip is located in class G airspace on the outside of ZZZ airport's class delta airspace. I have conducted many flight operations since the ZZZ tower has been in operation to/from and through ZZZ's airspace since the tower opened. The routine communications performed leaves no doubt in my mind that most or all the ZZZ tower personnel have a general working knowledge of the existence of our VFR only private airstrip just outside the Class Delta. The check in was routine; I received the weather at ZZZ and advised the controller our intentions were to shoot an IFR approach to ZZZ and after reaching VMC evaluate the weather and proceed to our airstrip southwest of ZZZ if possible. The weather reported at ZZZ was below VFR weather minima and knew I'd need ATC clearances to be legal for the operation. My thought was to give ATC plenty of time to think about; question us if they had concerns/issues; and pre-plan any clearances needed with ZZZ tower personnel. The controller requested I pass that info directly to tower after the handoff to tower. ARTCC cleared us for the RNAV GPS approach; we reported inbound from the IAF; and told to contact tower. We checked in with ZZZ tower and again passed on our intentions of using the approach to get below the clouds and then make a decision if we could proceed to our airstrip. There were the normal and routine tower/pilot communications on the approach. The tower 'cleared us to land' which confused me because all the ATC communications about proceeding to our airport southwest of ZZZ. I replied something to the effect I wanted the 'option'. No reply from ATC. I broke out above circling minima on the north bound approach course. It's difficult to evaluate inflight weather looking over one's shoulder; so I proceeded past the runway threshold and with my previously stated intentions of going southwest of the airport assumed I'm cleared to circle and started an IFR circling approach by turning to the west of the runway. At that time the tower controller states I've done some kind of 'illegal' operation; which of course further confuses me as I've not cancelled IFR nor have I been given a special VFR clearance. I discuss the special VFR clearance with tower and proceed southwest to my airport exiting the Class Delta airspace. I report landing assured at ZZZ1. It's my opinion the first issue is because the operation is a rare and unusual event for ATC personnel. I can't imagine ATC not knowing and expecting that I'd be requesting a special VFR clearance at some point and be ready for that request. They should have been querying me if needed for more information/clarification of our intentions; or informing me that ARTCC and ZZZ would be unable to issue that clearance. They had 15 or 20 minutes advance notice and one would typically assume they are coordinating the details on their landlines. I should have not assumed anything on the clearances and further questioned both controllers. The use of proper phraseology and clearer communications on my part that I wanted a clearance for the IFR circling approach on the west side of the airport and I would be expecting and needing the special VFR clearance while airborne would have helped the situation.",,,,"Bonanza 36 pilot reported confusion with ATC while conducting and approach to a Towered airport with the intention of breaking off when in VMC to proceed to a nearby private airstrip.",
1425896,201702,0601-1200,ZZZ.Airport,US,,,0,,,,10,,Daylight,800,,Tower ZZZ,Personal,RV-7,,1,Part 91,None,Personal,,Takeoff / Launch,None,Class D ZZZ,,,,,,,,,,,,,,,,,,,,,,,,,,,,,Personal,RV-8,,,Part 91,,Personal,,Taxi,None,Class D ZZZ,,,,,,,,,,,,,,,,,,,,,,,,Aircraft X,Flight Deck,Personal,Single Pilot,Flight Crew Instrument; Flight Crew Multiengine; Flight Crew Flight Instructor,Flight Crew Last 90 Days 50; Flight Crew Total 12075; Flight Crew Type 252,,Communication Breakdown,Party1 ATC; Party2 Flight Crew,,1425896,,,,,,,,,,,,Aircraft Equipment Problem Less Severe; Conflict Ground Conflict; Critical; Deviation / Discrepancy - Procedural Clearance,,,Person Flight Crew,Other Post flight,,Human Factors,Human Factors,"Two RV aircraft were cleared as a flight of two for taxi to Runway 20 at KSAF. I was the wingman; in the second aircraft (the RV-7). Although the weather was quite good directly over the airport; there was an 800 foot broken ceiling elsewhere in the class D that made the field IFR. During taxi out; ground control acknowledged a request from the lead aircraft for a special VFR clearance to depart the class D airspace. After engine runup; we switched to tower frequency and moved to the hold short line for Runway 20. I heard nothing on the tower frequency; and began trouble-shooting to determine why not. I got it figured out (loose cable plug); verified good reception by listening to ATIS for one second; and went back to tower frequency; just as I observed the lead airplane pulling out onto the active runway. Because we were a flight of two; and my radio reception was good again; I followed; on his right wing. He accelerated down the runway; appearing to be making a takeoff; and I followed; as usual. (We do this frequently together.) He had gotten a little too far ahead of me on the runway for good formation work; perhaps 50 yards or so; so I increased throttle enough to start closing the gap. Then he slowed down; causing my closure rate on him to become excessive. I was comfortably off to his right; and had just barely become airborne; so I side-stepped further to the right and continued flying straight ahead; passing him. I was looking to my left for him; but could not see him. At this point; I assumed that he had aborted. I climbed straight out to about 700' AGL; then turned downwind and called the tower for landing; reporting that I had a business jet in sight; on short final for Runway 20. I landed and returned to the hangar without further incident. The visibility and cloud clearance were very good for me during all of this; and I did not come close to any other aircraft. It turned out that while I was working on my radio reception issue; the flight leader had told the tower that he elected to not wait for the special VFR clearance; and wanted to return to the hangar. Tower told him to switch to ground for taxi clearance. Ground control then cleared the flight of two to utilize Runway 20 for taxi southward to the midfield; then exit on Taxiway Golf. That was apparently said just as I came back 'online'; but on tower frequency; so I didn't hear it. The lead aircraft accelerated his aircraft to a very fast taxi; to reduce time on the active runway - that looked just like commencing takeoff; to me. I got airborne; he didn't; no loss of separation was involved that I could see; but I certainly took off without a clearance. I should not have followed the lead plane out onto the runway; since I never actually heard a clearance for the flight to do any particular thing. Not crossing the hold short line would have stopped this incident before it really developed.",,,,"RV-7 Pilot reported taking off on a formation flight when they had only been cleared to taxi off the runway due to a momentary loss of communication.",
1467211,201707,0601-1200,OSH.Airport,WI,,3,,1400,,Marginal,Cloudy; 1,,Daylight,500,,TRACON MKE,Personal,Small Aircraft,,,Part 91,None,Personal,,Initial Approach,Visual Approach,Class E MKE,,,,,,,,,,,,,,,,,,,,,,,,,,,,,,,,,,,,,,,,,,,,,,,,,,,,,,,,,,,,,,,Aircraft X,Flight Deck,Personal,Pilot Flying,Flight Crew Commercial; Flight Crew Flight Instructor; Flight Crew Instrument,Flight Crew Last 90 Days 80; Flight Crew Total 2800; Flight Crew Type 2600,,Situational Awareness,,,1467211,,,,,,,,,,,,Deviation / Discrepancy - Procedural Published Material / Policy; Deviation / Discrepancy - Procedural FAR; Inflight Event / Encounter CFTT / CFIT,,,Person Flight Crew,In-flight,General None Reported / Taken,Airspace Structure; Weather; Human Factors,Human Factors,"Tried to get IFR reservation to Oshkosh; but could not because they were all taken. I chose to get IFR reservation to C47; a nearby airport; with the plan to shoot an instrument approach to runway 18 at C47; then either plan A: land and wait for weather to turn VFR and continue from there to OSH VIA visual approach in OSH NOTAM (RIPON TO FISK; then direct OSH; or plan B: if I broke out visually on the approach to C47 then Fly visually to OSH VIA RIPON and FISK per NOTAM. On the descent on the approach; I did break out visually before reaching minimums; at about 1400 MSL. I then elected to fly at 1400 MSL to RIPON to try the visual approach. The problem was cloud bases were ragged and less than 100 feet above me; I had no cloud separation; barely keeping clear of clouds and barely 400-500 feet AGL. I rationalized this was OK because of the special circumstances of air adventure 2017 procedures at OSH. FORTUNATELY; everything worked out and conditions improved to VFR after I passed FISK inbound to OSH Traffic pattern. But I was taking a risk by scud running in such a narrow margin and declaring my own special VFR without ATC permission. I did have ADS-B out on board but that does not show all traffic. Worst case; I could have collided with another plane which was also scud running nearby; or hit a tower/wires. I should have landed at C47 and waited patiently for weather to get better between C47 and FISK before proceeding to OSH.",,,,"General aviation pilot reported operating below cloud minimum clearances enroute to OSH after breaking out from a nearby IFR approach.",
1518345,201802,0601-1200,BJC.Tower,CO,,,,6500,,IMC,,,Daylight,,,Tower BJC,,Cessna 210 Centurion / Turbo Centurion 210C; 210D,,1,Part 91,IFR,,Localizer/Glideslope/ILS ILS RWY 30R,Descent,,Class D BJC,,,,,,,,,,,,,,,,,,,,,,,,,,,,,,,,,,,,,,,,,,,,,,,,,,,,,,,,,,,,,,,Facility BJC.Tower,,Government,Local,Air Traffic Control Fully Certified,Air Traffic Control Time Certified In Pos 1 (yrs) 8,,Communication Breakdown,Party1 Flight Crew; Party2 ATC,,1518345,,,,,,,,,,,,ATC Issue All Types; Deviation - Altitude Excursion From Assigned Altitude; Deviation / Discrepancy - Procedural Published Material / Policy; Inflight Event / Encounter CFTT / CFIT,,,Person Air Traffic Control,In-flight,Air Traffic Control Issued Advisory / Alert; Flight Crew FLC complied w / Automation / Advisory,Human Factors; Weather,Human Factors,"Aircraft X called and reported northeast of BJC Class D airspace. The pilot requested to proceed inbound to land; but the field was below basic VFR minimums. I advised the pilot and he requested radar vectors. I responded that I was unable to provide radar vectors; and provided him with the frequency for Denver Approach. The pilot said he simply wanted to fly the ILS 'on his own' before turning inbound; to which I once again replied that the field was below basic VFR minimums. At that point; he advised he was changing frequencies over to Denver Approach.I then observed the aircraft acquire an IFR data block and listened in on the approach frequency as they established radar contact and began providing him radar service for an ILS approach. I observed Aircraft X climbing to 7000 ft as he turned onto the final.Aircraft X checked on outside of the final; level at 7000 ft for the ILS approach. I provided the pilot with the latest pilot report and weather conditions and cleared him to land. Before the aircraft passed the FAF; I observed it below 7000 ft and the low altitude alert sounded. I immediately issued the low altitude alert to the pilot and he acknowledged. The approach controller was simultaneously calling so I could not hear the pilot's response. On the second try; the pilot confirmed he was 'correcting back to 7000 ft' for the approach. I did not see him reach 7000 ft again; but I did see that he stopped his descent on the final and did not need to issue any additional alerts. The pilot continued inbound and landed without further incident.Continuous pilot and controller training on these kinds of situations can help prevent re-occurrences of this event. What are your options as an airman if you're operating VFR but trying to land at a controlled airport reporting conditions below Basic VFR? I suspect the pilot may have desired a SVFR (Special VFR) clearance; but did not seem to understand what steps he would need to take to initiate the request. After picking up an IFR clearance; the pilot may have also initiated a request for a contact approach if he wanted to remain clear of the clouds as he turned inbound. However; without exercising one of those options; I was not expecting him to descend like he did prior to the FAF.As always; pilots should always keep in mind if they are encountering an emergency situation; controllers may issue a clearance into the airspace for landing; after confirming that an emergency exists.",,,,"BJC Tower Controller reported issuing an aircraft a low altitude alert after it descended below the FAF crossing altitude.",
1608618,201901,1201-1800,ZZZ.Airport,US,,,,,,,Fog; 10,,,500,,Tower ZZZ,Personal,Skyhawk 172/Cutlass 172,,1,Part 91,None,Training,,Landing,Visual Approach,Class C ZZZ,,,,,,,,,,,,,,,,,,,,,,,,,,,,,,,,,,,,,,,,,,,,,,,,,,,,,,,,,,,,,,,Aircraft X,Flight Deck,Personal,Single Pilot,Flight Crew Private,Flight Crew Last 90 Days 5; Flight Crew Total 2500; Flight Crew Type 2000,,Communication Breakdown,Party1 Flight Crew; Party2 ATC,,1608618,Aircraft X,Flight Deck,Personal,Instructor; Pilot Not Flying,Flight Crew Multiengine; Flight Crew Air Transport Pilot (ATP); Flight Crew Flight Instructor; Flight Crew Instrument,Flight Crew Last 90 Days 5; Flight Crew Total 20000; Flight Crew Type 4000,,Communication Breakdown,Party1 Flight Crew; Party2 ATC,,1608632,ATC Issue All Types; Deviation / Discrepancy - Procedural Published Material / Policy; Deviation / Discrepancy - Procedural FAR; Ground Event / Encounter Other / Unknown; Ground Incursion Runway,,,Person Air Traffic Control,Taxi,Air Traffic Control Issued Advisory / Alert; Flight Crew Became Reoriented,Human Factors; Procedure; Environment - Non Weather Related; Airport,Ambiguous,"While Flying into ZZZ on a special VFR clearance. I was handed over to ZZZ Tower by Approach Control. I contacted the Tower reporting my position. I was asked if I was landing on the lake or strip. I advised I was landing on the strip and had the current ATIS advising [that] the strip was okay for SKI equipped aircraft. My plane is equipped with 3 straight skis. I also advised I would be discharging a passenger and wanted to depart out of the control zone. I received approval to land. On final; I asked Tower again if the runway was good for ski equipped aircraft. It appeared some sections were ice covered and the edges quite dark. Tower replied affirmative. I touched down and rolled (slid) out to approx. mid field and came to a stop on bare gravel. The airplane was stopped mid field without any ability to move. My passenger exited the plane and started to rock my wings while I applied power to try to relocate. The aircraft was not moving due to being on bare gravel and having 3 skis. My passenger exited the 50 feet to my left and was walking away when the Tower told me I had a pilot deviation and needed to call the Tower. Using full power and rocking the plane with all I had; the plane slid and hopped to the apron and on ice. I shutdown the aircraft and called the Tower on the phone. I was told I had unlawfully discharged a passenger on an active runway and the airport police were on the way. I explained the passenger only was outside the plane to help me get it moving but was told to remain where I was and the airport police were on their way. I told the Tower the runway was plowed to bare gravel and was not OK for skis and was told that was an Airport Maintenance issue and had nothing to do with the Tower. I watched the airport police drive by and disappear down the road and watched an Airport Maintenance vehicle appear and drive the full length of the runway and disappear off the apron and depart the area. I again called the Tower to tell them I was waiting for the police and was advised they had already talked to me. I had talked to my passenger and no one else. I called the Tower again on the phone again and asked if I could get a clearance out of the control zone to the north and was advised it would be VFR in 2 minutes. I reboarded the aircraft and after obtaining clearance I departed on the small patch of snow remaining.",,"After a routine flight to conduct a flight review for a private pilot/owner acting as PIC (pilot in command); we returned to land at our departure airport. They had gone to low IFR with a fog bank over the airport; however ZZZ was reporting 500-10; and at 2500 feet we had the field in sight from a distance of approximately five miles.After switching from Approach to ZZZ Tower and being cleared to land on the gravel strip; the PIC advised that he would be stopping on the runway. The Tower advised the pilot to report clear. The reason for the stop was to disembark the Flight Instructor; since the plane was on skis with a nose-wheel ski; and ground maneuvering is quite difficult with the tight turns required to exit and re-enter the runway. This allowed the Instructor to help get the plane moving again and assist in directional control until speed was built up.On final approach; the PIC noticed the runway appeared to have open gravel patches. The pilot questioned the Tower to be sure that the runway was open for ski-plane traffic; and was assured that it was. After landing on a snow covered area on the center of the approach end; the plane went over an area with no snow; and ground to a rapid stop. Subsequently; the plane had great difficulty moving; even with full power. The PIC ultimately exited the runway on to the parallel taxiway and departed shortly after the field went VFR. The Tower indicated a pilot deviation had occurred due to discharging a passenger on the runway. The Tower did not appear to be hearing or listening to PIC transmissions.",,"C172 pilot and flight instructor reported landing with skis resulted in a runway incursion after becoming immobile and off loading the instructor on the runway.",
1651233,201905,0601-1200,MRY.Airport,CA,280,3,800,,,IMC,Fog; 0,,Daylight,400,,TRACON NCT,Personal,A-1 Husky,,1,Part 91,IFR,Ferry / Re-Positioning,,Initial Climb,SID MRY5,Class D MRY,,,,,,,,,,,,,,,,,,,,,,,,,,,,,,,,,,,,,,,,,,,,,,,,,,,,,,,,,,,,,,,Aircraft X,Flight Deck,Personal,Captain; Single Pilot,Flight Crew Flight Instructor; Flight Crew Multiengine; Flight Crew Instrument; Flight Crew Air Transport Pilot (ATP),Flight Crew Last 90 Days 300; Flight Crew Total 3800; Flight Crew Type 250,,Other / Unknown; Situational Awareness,,,1651233,,,,,,,,,,,,Deviation / Discrepancy - Procedural Published Material / Policy; Inflight Event / Encounter CFTT / CFIT,,,Person Air Traffic Control,Other climb out,General None Reported / Taken,Aircraft,Aircraft,"On the initial climb out on the MRY5 departure; we had some trouble maintaining a decent climb rate once entering IMC. Although we know the aircraft meets the departure minimums; the aircraft has been modified with a composite prop and amphibious floats. These floats in particular drastically reduce the climb performance of the aircraft.We requested the MRY departure off 28L because we knew we would not meet the opposing (active traffic) runway requirements. However; once departing; we received a low altitude alert from the air traffic controller. At this time; we were very carefully monitoring our AGL and terrain using multiple onboard GPS and navigational systems. However; we apparently went below the trigger altitude for the controller. We are not sure if we actually were below the departure minimums at that point; but were close enough to require a warning. We continued climbing over the water on the departure; and were able to break out of the marine layer shortly thereafter. One thing that I would like to see; is better performance data published for the aircraft; but we are aware that being a seaplane we are limited. In the future; perhaps we will opt to navigate using a different technique; perhaps depart Special VFR and remain in Class G airspace once departing the airport. This is our normal course of action; and the reason I stay off whore whenever ferrying seaplanes.",,,,"Aviat Husky pilot reported receiving a low altitude alert from ATC during climbout.",
1706578,201911,1201-1800,ZZZ.ARTCC,US,,,,3000,,Marginal,Cloudy; Snow,,Daylight,,,Center ZZZ,Air Taxi,Bell Helicopter 407,,2,Part 91,IFR,Ferry / Re-Positioning,,Initial Approach,,Class E ZZZ,,,,,,,,,,,,,,,,,,,,,,,,,,,,,,,,,,,,,,,,,,,,,,,,,,,,,,,,,,,,,,,Aircraft X,Flight Deck,,Captain; Pilot Flying,Flight Crew Rotorcraft; Flight Crew Air Transport Pilot (ATP),,,Situational Awareness,,,1706578,Aircraft X,Flight Deck,,,Flight Crew Commercial; Flight Crew Rotorcraft,,,Situational Awareness,,,1706966,Deviation / Discrepancy - Procedural Clearance; Deviation / Discrepancy - Procedural Published Material / Policy; Inflight Event / Encounter Weather / Turbulence,,,Person Flight Crew,In-flight,Air Traffic Control Provided Assistance; Flight Crew Requested ATC Assistance / Clarification,Human Factors; Weather,Weather,"Weather checks were performed before departing ZZZ; weather was forecasted to be VFR at the time of arrival in ZZZ1.XM Weather services are not available in the Aircraft in [state].  Approaching ZZZ1 from the North encountered scattered snow showers.  Contacted Center to request special VFR entry into the Class E surface area as there was no suitable divert option.  Center denied the request as the airfield AWOS was now reporting 1/4 mile.  Center asked what are your intentions.  At that point I advised ATC and Center said to maintain special VFR.  I was unable to maintain special VFR conditions and initiated a climb in accordance with company procedures.  I then requested the ILS to Runway XX.  Center advised the 3000 feet was minimum for IFR clearance.  I then broke on top at 1;500 feet and advised Center that I was on top.  I continued the climb VFR to 3;000 feet; received a squawk code and a clearance for the ILS to RWY XX.  From that point on the flight visibility was approximately 2 miles.  Executed the ILS to RWY XX had the runway in sight at 300 feet.  Landed at the Ramp and canceled the IFR clearance. Fuel remaining was 0+45.",,"[Report narrative contained no additional information.]",,"Helicopter crew reported encountering degraded weather conditions and a lack of current weather reporting.",
1706787,201912,1201-1800,ZZZ.Airport,US,,15,,3500,,Marginal,Fog; Icing; 5,,Daylight,300,,CTAF ZZZ,Personal,Skylane 182/RG Turbo Skylane/RG,,1,Part 91,None,Personal,,Cruise,Visual Approach,Class E ZZZ,,,,,,,,,,,,,,,,,,,,,,,,Intake Assembly,,X,Failed,,,,,,,,,,,,,,,,,,,,,,,,,,,,,,,,,,,,Aircraft X,Flight Deck,Personal,Pilot Flying; Single Pilot,Flight Crew Commercial; Flight Crew Instrument,Flight Crew Last 90 Days 1; Flight Crew Total 602; Flight Crew Type 350,,,,,1706787,,,,,,,,,,,,Aircraft Equipment Problem Critical; Deviation / Discrepancy - Procedural Published Material / Policy,,,Person Flight Crew,In-flight,Flight Crew Landed in Emergency Condition,Aircraft,Aircraft,"While waiting to get a Special VFR (Visual Flight Rules) approach the engine began losing power; so ATC was advised. Upon landing safely at the airport a Mechanic inspected the engine and discovered that the crossover tube to the air intake had severed causing the engine to suck too much air and not enough fuel.",,,,"C182 pilot reported that a leak in the engine air intake resulted in a loss of power during approach.",
1728669,202002,1201-1800,ZZZ.Airport,US,,30,,1000,,IMC,Fog; 10,,Daylight,1000,,Center ZJX,Personal,PA-28 Cherokee/Archer/Dakota/Pillan/Warrior,,1,Part 91,None,Personal,,Cruise,Direct,Class E ZJX,,,,,,,,,,,,,,,,,,,,,,,,,,,,,,,,,,,,,,,,,,,,,,,,,,,,,,,,,,,,,,,Aircraft X,Flight Deck,Personal,Pilot Flying; Single Pilot,Flight Crew Private,Flight Crew Last 90 Days 20; Flight Crew Total 298; Flight Crew Type 224,,Training / Qualification; Time Pressure; Distraction; Situational Awareness,,,1728669,,,,,,,,,,,,Deviation / Discrepancy - Procedural Published Material / Policy; Deviation / Discrepancy - Procedural FAR; Inflight Event / Encounter Weather / Turbulence; Inflight Event / Encounter VFR In IMC,,,Person Flight Crew,In-flight,Air Traffic Control Provided Assistance; Flight Crew Diverted; Flight Crew Requested ATC Assistance / Clarification; Flight Crew Took Evasive Action; Flight Crew Landed As Precaution; General Flight Cancelled / Delayed,Human Factors; Weather,Human Factors,"Departed ZZZ. The airport tower was closed. Was unable to request special VFR. I wanted to get as far as ZZZ1 and ZZZ2 for the night closer to home as Lake City forecasted rain all week. I would have been able to have a friend pick me up at ZZZ1 which was closer to home.The local TAF was reporting 500 ft. ceilings; but the route to ZZZ1 was all MVFR conditions between 1;200 ft. at ZZZ1 and 2;300 ft. at ZZZ3 reported along the entire route starting approximately 10 miles north of Lake City; FL.It appeared that the automated system at ZZZ was possibly sitting in the vicinity of a low cloud bank because as I was standing outside the FBO I could look North and see at least 1;000 ft. of ceilings by gauging the tops of 500+ ft. towers in the vicinity. Additionally; my flight planning identified all towers & obstacles along my route of flight whereas none where more than 600 ft. MSL. I developed a route on my G430 and iPad (Foreflight) that would keep me at least 5 NMs away from any obstacles. I also did not receive a weather brief prior to departure because my destination was only 50 NM away.As I headed north approximately 20 miles I was able to maintain 1;000 ft. with MVFR conditions as reported. Then; rapidly; the ceilings dropped as I was flying northbound to ZZZ1. I assumed at the time it was due to the swamps I was crossing over. I mistakenly started descending on the assumption that the low ceilings I encountered would only be a few miles since all the weather tools I utilized were forecasting MVFR along my entire route.As I dipped to approximately 500 ft. MSL I looked all around and saw where it was a 300-500 ft. ceiling in all directions. I elected to NOT make a 180 and turn back because I feared I would hit terrain or an obstacle. I made a command decision to immediately climb to 2;500 ft. in IMC. My aircraft is current on Part 91 IFR certification. I have about 15 hours of IFR training; shoot multiple practice approaches weekly; and have a home simulator that I have logged several hours in IMC flight. I knew that continued flight at 300-500 ft. would ultimately lead to controlled flight into terrain.I leveled off at 2;500 ft. to stay below any IFR traffic above and started making my ATC calls. I attempted to call Atlanta Center but assumed I was too far out for them. I made contact with JAX Center and stated I needed some assistance; but the controller told me to stand by as she was assisting another pilot in trouble. Fortunately; another pilot overheard me and suggested I switch to another frequency he gave me to coordinate help. I asked the pilot to communicate weather at ZZZ4 to me; as I have practiced dozens of mock approaches on the RNAV to Runway XX. He stated ceilings were 1;200 ft. at ZZZ4 so I elected to maintain 2;500 ft. (Minimum area safe altitude) to prevent a decent into terrain. I also elected not to try to make ZZZ1 or anywhere else because I had complete control of the aircraft; only memorized the approaches to ZZZ4; and have not had enough experience/training/knowledge of flying an approach into anywhere else.As I came to within 10 NM of ZZZ5 (approximately 12 miles from ZZZ4) I was able to look down and see large portions of ground terrain. I know all obstacles between ZZZ5 and ZZZ4 so I was confident for a descent back down to MVFR. I leveled off at 1;400 ft. and flew MVFR the remainder of the flight landing safely into ZZZ4.I spent the day reflecting on all the poor aeronautical decisions I made that day. First; NEVER trust TAFs or local weather reports without setting personal minimums of at least 500 ft. greater then reported ceilings as a personal buffer for errors in weather reporting. Second; NEVER try to interpolate en-route conditions between reporting stations as weather can be significantly more adverse between non-reported stations. Third; NEVER depart an airport in less than MVFR current conditions so you can safely return if weather deteriorates.Lastly; I personally feel that ALL pilots should have significantly more IFR training above the 3-hour minimum for the PPL. I spent the last year studying IFR procedures (Scan; Partial panel; approach plates; etc); spent multiple hours on a simulator in IMC; had about 15 hours in-seat hood time; shot dozens of mock approaches at home; remembered the JFK Junior story; the 188 seconds to live video; and tried to learn everything I could about the number one killer of VFR pilots...'VFR into IFR conditions' and ensured I could do the bare minimum to survive and get myself out of trouble if I came upon it. These were the only things that saved my life this dayI also learned that IMC trouble didn't find me as I always feared it might. In this case; I found it and made multiple poor decisions that contributed to this.",,,,"PA28 Pilot reported a string of self-described 'poor aeronautical decisions' that resulted in VFR flight into IMC.",
1757997,202008,1801-2400,ANC.Airport,AK,,,,7000,,,,,Daylight,,,TRACON A11,Air Carrier,Large Transport,,2,Part 121,IFR,Passenger,,Climb,Vectors,Class C ANC,,,,,,,,,,,,,,,,,,,,,,,,,,,,,,,,,,,,,,,,,,,,,,,,,,,,,,,,,,,,,,,Facility A11.TRACON,,Government,Departure,Air Traffic Control Fully Certified,Air Traffic Control Time Certified In Pos 1 (yrs) 2,,Time Pressure; Situational Awareness; Distraction; Communication Breakdown; Workload,Party1 ATC; Party2 Flight Crew,,1757997,,,,,,,,,,,,ATC Issue All Types; Deviation / Discrepancy - Procedural Clearance; Deviation / Discrepancy - Procedural Published Material / Policy; Inflight Event / Encounter CFTT / CFIT,,,Person Air Traffic Control,In-flight,Air Traffic Control Issued New Clearance,Airspace Structure; Company Policy; Human Factors; Procedure; Staffing,Human Factors,"Aircraft X departed ANC on the SID climbing to 4;000 ft. I vectored Aircraft X to the north and climbed him to 7;000 ft. below another IFR aircraft that was eastbound above. I became busy with other aircraft requesting special VFR clearances. When my scan brought me back to Aircraft X; I saw he was at an altitude that I could turn him on course into higher MVAs and thought I climbed him to 20;000 ft.As my scan approached him again; he was climbing well through 6;500 ft. in a 2;000 ft. MVA area. I asked him for a PIREP and was writing that down on the PIREP form. I turned around to give the PIREP form to the CIC and as I was sitting down; Aircraft X requested higher. I saw that Aircraft X was still at 7;000 ft. in an 8;000 ft. MVA by a few miles and climbed him to 20;000 ft. I realized the climb was not going to be well enough to clear the 10;000 ft. MVA so I expedited his climb through 10;000 ft. When I realized that wasn't going to work and he was out of 8;000 ft.; I turned him left to avoid the higher MVAs. He was clear of the 10;000 ft. MVA box but had already missed the 8;000 ft. MVA.My recommendation is when we are inundated with IFRs off of our satellites and primary airport and our satellites start going below basic VFR; we should have a low radar staffed so that they can deal with all the special VFR requests rather than leaving the North Radar Controller to do it all.",,,,"TRACON Controller reported being overwhelmed by distractions from satellite airport operations and forgetting to climb an air carrier departure; resulting in the aircraft flying below the Minimum Vectoring Altitude.",
1776382,202012,1801-2400,ZZZ.ARTCC,US,,,,7900,,VMC,,,,,,,Corporate,Small Transport,,,Part 91,IFR,Passenger,,Descent,Visual Approach,,,,,,,,,,,,,,,,,,,,,,,,,,,,,,,,,,,,,,,,,,,,,,,,,,,,,,,,,,,,,,,,Facility ZLC,,Government,Enroute,Air Traffic Control Fully Certified,Air Traffic Control Time Certified In Pos 1 (yrs) 1,,Communication Breakdown; Confusion; Time Pressure; Workload; Situational Awareness; Distraction,Party1 ATC; Party2 Flight Crew,,1776382,,,,,,,,,,,,ATC Issue All Types; Deviation - Altitude Overshoot; Deviation / Discrepancy - Procedural Clearance; Inflight Event / Encounter CFTT / CFIT,,,Automation Air Traffic Control; Person Air Traffic Control,In-flight,Air Traffic Control Issued Advisory / Alert; Air Traffic Control Issued New Clearance,Airspace Structure; Human Factors; Procedure,Human Factors,"Volume during this session was not particularly high; but complexity and workload changed quickly; and a sequence of events took my attention away from aircraft that didn't need much of it; including the aircraft in question. Aircraft X descending into ZZZ. My initial descent clearance was to 15;000 ft. An eastbound departure was potentially in conflict with 3 other aircraft; including Aircraft X. Deconflicting this aircraft took much of my attention during this time. Aircraft X ended up being no factor. Once clear of all other aircraft; I gave Aircraft X descent clearance to 11;000 ft. Read back was not as clear as I thought; but I had other things to worry about; including two aircraft simultaneously calling for VFR flight following and a conflict alert between VFR aircraft I was providing flight following to and a Mode-C intruder which took much of my attention because they were tracking to pass about 1 mile apart and the Mode-C intruder was climbing into the other VFR aircraft. Once that situation cleared up and as Aircraft X was descending through 12;000 ft. I received a call from FSS (Flight Service Station) which I decided to answer on the assumption that it would be a faster phone call than it turned out to be.Their request was for a Special VFR departure (SVFR). I had to take time to verify that SVFR was possible from this airport and since SVFR is a very rare request in my area of specialization I then had to look up the phraseology to give the clearance. By the time the clearance was delivered and read back; at least 2 minutes had passed. As I disconnected the FSS call; Low Altitude Alert showed Aircraft X at 7;900 ft.; descending below the MIA (Minimum IFR Altitude) of 8;000 ft. I immediately issued a low altitude alert with a clearance to climb to 10;000 ft. immediately. After the pilot responded I advised the pilot that his descent clearance had been to 11;000 ft. and asked if he had ZZZ in sight. Pilot responded that he had the field in sight. I cleared Aircraft X for a visual approach and gave instructions to contact Tower. It did not appear that he observed the climb clearance that accompanied the Low Altitude Alert; and the aircraft was at 7;300 ft. when I cleared Aircraft X for a visual approach.It is difficult to recommend any actions or changes to prevent re occurrence. This particular sector is quite complex; with high terrain; military airspace; two approach control facilities; arrivals to and departures from ZZZ1 in all directions. Convergence between ZZZ arrivals/departures to the south of ZZZ and ZZZ1 arrivals/departures to the southeast of ZZZ1. Also ZZZ2 arrivals and departures to the northwest of ZZZ2 all come together in the vicinity of ZZZ3. Also several satellite airports where pilots cannot reach us on the ground resulting in FSS relays. 11 adjacent sectors adjusted for typical sector configuration with multiple combined but the actual number of individual adjacent sectors is much higher and a relatively heavy VFR workload. It can unexpectedly become quite busy; even with a small number of aircraft in the sector. When this happens; it usually entails coordination calls from one or both of the approach control facilities; the military controlling agency; FSS; and one of the 11 adjacent sectors; and often includes aircraft that require a higher-than-normal workload. The timing of these factors is not controllable; so when several things happen at once; it usually can't be predicted; it can become difficult to manage; and it's often over before a D-side (Radar Assist) can make it to the sector to help.",,,,"Center Controller reported they were distracted by a high workload and missed an erroneous read back of a descent clearance and the aircraft descended below the Minimum IFR Altitude.",
1851273,202110,1201-1800,ZZZ.Airport,US,,,250,,,Mixed,Rain; Cloudy,,Daylight,,,Tower ZZZ,,Caravan 208B,,2,,IFR,,,Takeoff / Launch,,,,,,,,,,,,,,,,,,,,,,,,,,Autopilot,,X,Malfunctioning,,,,,,,,,,,,,,,,,,,,,,,,,,,,,,,,,,,,Aircraft X,Flight Deck,,Captain,Flight Crew Instrument; Flight Crew Air Transport Pilot (ATP); Flight Crew Multiengine,,,Workload; Confusion; Human-Machine Interface; Situational Awareness; Troubleshooting,,,1851273,,,,,,,,,,,,Aircraft Equipment Problem Critical; Deviation - Altitude Excursion From Assigned Altitude; Deviation / Discrepancy - Procedural Published Material / Policy; Deviation / Discrepancy - Procedural Clearance,,,Person Flight Crew,In-flight,Air Traffic Control Provided Assistance; Flight Crew Returned To Departure Airport; Flight Crew Landed As Precaution; Flight Crew Requested ATC Assistance / Clarification; General Flight Cancelled / Delayed; General Maintenance Action,Aircraft,Aircraft,"On the evening of Date I was operating on C208B from ZZZ to ZZZ1. Weather was IFR in ZZZ1 so I was departing on an IFR flight plan. I spent around 5 minutes on the ground from startup to takeoff to ensure that all GPS's were fully booted up; avionics were all set; and autopilot had completed all of its self tests. My plan after takeoff was to hand fly the aircraft to 400 feet MSL; accelerating to 95 knots; then retract the first 10 degrees of flaps and make a climbing turn towards ZZZ1. The takeoff roll was normal; and I believe I rotated at roughly 60 knots. Around 200 - 300 feet MSL I had reached 95 knots and was preparing to retract the flaps and begin my turn when I heard 'Engaging Autopilot' spoken over my headset. I felt the autopilot servos engaging; the aircraft began to pitch down; and the 'LVL' autopilot mode was displayed on my PFD. I pressed the autopilot disconnect button; which seemed to disconnect the autopilot long enough for me to retract flaps and begin my turn. At this point I thought I had accidentally engaged the autopilot in some fashion and was quickly trying to determine what I had done. Within a few seconds of my pressing the disconnect button; I felt the autopilot engage again with no action from me. I pressed the autopilot disconnect a second time and felt the autopilot disengage; then reengage and continue to attempt to pitch the aircraft nose down. At this point I pressed and held down the autopilot disconnect button and continued to for the remainder of the flight; which did fully disconnect the autopilot.After these two engagements with no prompting from me I made the decision to return to ZZZ immediately. I radioed Tower and informed them of my need to return to the field; and that I could return VFR/ accept a special VFR clearance if possible. Flight visibility was fine and I had not yet entered the clouds. Tower cleared me to land and I flew a visual pattern back to the runway. On a base leg I did release the autopilot disconnect button momentarily and the autopilot did not reengage; however I elected to press and hold it down until I landed in case of another uncommanded engagement. The landing was uneventful and I taxied back to the ramp. Upon shutdown and postflight no circuit breakers were found to be popped.An unknown system issue with the GFC 600 autopilot which led to repeated uncommanded autopilot activation. If the issue was caused by a failure of the GFC 600 unit; that issue needs to be fixed. If it was due to a lack of knowledge of the GFC 600 system and its failure modes; perhaps more thorough training on the system is required. I did consider pulling the autopilot circuit breaker to reduce my workload during the flight; however due to the fact that my arm on that side was occupied flying the airplane and holding the autopilot disconnect; the phase of flight; and the weather I felt it would have taken too much of my time and attention to do so. Collars installed on important circuit breakers such as this one to make it possible to pull them by feel or with a quick glance might help situations such as these in the future.",,,,"C208 pilot reported the autopilot engaged uncommanded several times. Pilot kept the disconnect button depressed for the remainder of the flight until landing to prevent the autopilot from engaging.",
2068047,202312,1201-1800,ZZZ.TRACON,US,,,,6000,,Mixed,10,,Daylight,2200,,TRACON ZZZ,Personal,Bonanza 35,,1,Part 91,IFR,Personal,,Cruise,Direct,,,,,,,,,,,,,,,,,,,,,,,,,Magneto/Distributor,,X,Failed,,,,,,,,,,,,,,,,,,,,,,,,,,,,,,,,,,,,Aircraft X,Flight Deck,Personal,Pilot Flying; Single Pilot,Flight Crew Instrument; Flight Crew Private,Flight Crew Last 90 Days 26; Flight Crew Total 600; Flight Crew Type 90,,Troubleshooting; Workload,,,2068047,,,,,,,,,,,,Aircraft Equipment Problem Less Severe; Inflight Event / Encounter Weather / Turbulence,,,Automation Aircraft Other Automation,In-flight,Air Traffic Control Issued New Clearance; Air Traffic Control Provided Assistance; Flight Crew Diverted; Flight Crew Landed in Emergency Condition; Flight Crew Requested ATC Assistance / Clarification; General Flight Cancelled / Delayed,Aircraft,Aircraft,"We departed ZZZ for ZZZ1 in a Bonanza V35B. We had filed a route which kept us over the Interstate for additional landing options. My non-pilot wife was in the right seat.We were in level cruise flight at 6;000 ft (our final altitude due to potential icing above); in clouds / IMC at +4C. About 30 minutes after departure; our Horizon digital tach indicated a momentary reduction in RPM on the right magneto and then the right red light illuminated; indicating a loss of sensing on the right magneto. Our aircraft is equipped with a Surefly electronic ignition on the right side; and a standard Bendix magneto on the left side. The indication suggested a failure on the Surefly.We did not experience any engine roughness or notable change in power. We were in gliding distance of ZZZ2 airport; but it was reporting 600ft ceilings. 8 minutes ahead of us was ZZZ3; which was reporting 2200ft ceilings (via ForeFlight and ADS-B in).At the time; we were operating lean-of-peak at 16 GPH and ~1600F TIT. About 20 seconds after the initial indication; as I was considering options; I noticed TIT rising; and so I went full rich. This slightly roughened the engine; but not to any significant concern. TIT / EGT returned to acceptable levels. The JPI 700 engine instrument did not show any problems on individual cylinders nor did we have any abnormal oil indications.I had not experienced this issue before.We notified ZZZ Approach of a possible magneto problem and requested direct ZZZ3; which we were immediately given. A few minutes later; about 4 miles from ZZZ3 we broke out into 10+SM VMC. There were a few scud clouds at ~500 AGL; in the vicinity; but not directly over the field. We were cleared to descend to 4000ft; and lateral clearance for air work anywhere within the class Delta.Once directly over the field; we did a magneto check; and as expected; when selecting the right magneto only; the engine began to stop and would have quit without returning to ignition to both. We reported the failed magneto and requested to land at ZZZ3.At the time; we were in a left turn to keep in gliding distance of the field. ZZZ Approach advised that the field was now reporting IFR and that we would need to plan the approach. I recall asking if the tower was opened to confirm IFR status. I don't recall the answer; but recall being told to plan the approach. As we continued the left turn; I had the entire field and both runways in sight; and knew that there was rain and IMC a few miles to the east. I had not had time to brief an approach; nor look up tower frequencies. While the engine was not rough; it wasn't at typically smooth levels; and I could see that while the runways were clear of clouds; there were clouds moving in and out of the area.I was only giving about 10% of my attention to the radio; and so the details are fuzzy. I recall being in the turn on a high left base; and ATC talking about an instrument approach. I told ZZZ Approach we were [requesting priority handling] and that we planned to land on Runway XX ahead of us. We were cleared to land; although the details are fuzzy as we began to quickly prepare for landing. The landing was uneventful; we stopped before the intersecting runway; and we were advised to contact ground. It took me a minute to compose myself on the runway and to lookup the ground frequency (I had switched to the wrong one). Ground gave us taxi instructions to the ramp; and we provided our souls / fuel as requested to close the loop on the communication.I phoned the tower from the FBO to ensure that they didn't need anything from me. They told me that I could have opted to cancel IFR; then request a special VFR clearance; but that they didn't need any other information. (They may have thought I was exaggerating the issue and just didn't want to fly an approach).A local mechanic reviewed the electronic magneto and identified the issue causing the P-lead on the Surefly to be grounded and not to fire. We did an extensive run-up and confirmed that both ignition sources were now functioning; and returned home to ZZZ1.I don't believe that I violated any FARs during the sequence; however it's possible that I descended below my clearance limit while remaining in gliding distance of the field and deciding to land. Lessons learned? After going full rich on the mixture; I probably should have leaned it a bit. I think it would have run a bit more smoothly; given prior experience with this turbonormalized engine. If there had been traffic at the field; my [request for priority] might have caused more disruption. I believe it was the right call; but I probably could have given more heads-up that with a magneto issue; I might become an emergency. Even the minute I waited before diverting to ZZZ3 probably should have been shorter.",,,,"Bonanza V35B pilot reported failure of one magneto during cruise. Pilot diverted to a nearby airport and a post flight maintenance inspection revealed the Surefly magneto P-lead was grounding resulting in the magneto's failure to fire.",
2194788,202412,1201-1800,ZZZ.Airport,US,,,,3000,,Marginal,,,,,,TRACON ZZZ,Personal,Small Aircraft; High Wing; 1 Eng; Fixed Gear,,1,Part 91,IFR,Personal,,Cruise,Other Instrument Approach,Class E ZZZ,,,,,,,,,,,,,,,,,,,,,,,,Attitude Indicator(Gyro/Horizon/ADI),,X,Failed,TRACON ZZZ,Fractional,Small Transport; Low Wing; 2 Turbojet Eng,,2,Part 135,IFR,Passenger,,Initial Approach,Vectors,Class E ZZZ,,,,,,,,,,,,,,,,,,,,,,,,Facility ZZZ.TRACON,,Government,Approach,Air Traffic Control Fully Certified,Air Traffic Control Time Certified In Pos 1 (yrs) 7,,Workload,,,2194788,,,,,,,,,,,,ATC Issue All Types; Aircraft Equipment Problem Critical; Conflict Airborne Conflict; Deviation - Altitude Excursion From Assigned Altitude; Deviation - Track / Heading All Types; Deviation / Discrepancy - Procedural Clearance; Inflight Event / Encounter CFTT / CFIT; Inflight Event / Encounter Weather / Turbulence,,,Automation Air Traffic Control; Person Air Traffic Control; Person Flight Crew,In-flight,Air Traffic Control Provided Assistance; Air Traffic Control Issued Advisory / Alert; Air Traffic Control Issued New Clearance; Flight Crew Diverted; Flight Crew Requested ATC Assistance / Clarification; Flight Crew Became Reoriented; General Flight Cancelled / Delayed,Airspace Structure; Human Factors; Weather; Aircraft,Aircraft,"Aircraft X requested the GNAV XX into ZZZ. Aircraft X was level at 3000 and I cleared them direct ZZZZZ; the initial approach fix for that approach. Aircraft Y was being vectored for the ILS ZULU RWY XX at ZZZ1. Aircraft Y was level at 1700 on a base turn. I then noticed Aircraft X changed direction without any notice and a low altitude alert started to go off. I immediately gave a low altitude alert to Aircraft X and saw his altitude at 1100ft. I told him to climb to 1600 immediately. This is when Aircraft X advised me that he was disoriented. Once they were level at 1600 I turned him on a 270 heading away from Aircraft Y. Because of the sudden descent; I lost lateral separation. I then turned Aircraft Y on a 090 heading to also turn him away from Aircraft X. Aircraft X asked for higher and a vector towards ZZZZZ so I gave him 3000 and a 145 heading because I had Aircraft Z at 4000 being vectored for the ILS ZULU RWY XX at ZZZ1. Aircraft X then advised me that their 'attitude indicator' in their plane wasn't working. I offered no gyro vectors and they accepted. I began to give no gyro vectors but they were not able to turn in the proper directions. Aircraft X then asked to climb again. Because of Aircraft Z; I said unable due to traffic. He then began to climb. I turned Aircraft Z on a 060 heading to turn away from Aircraft X then gave Aircraft X altitude their discretion because I was unsure what altitude they needed. Once they began to climb I then asked what altitude they needed and they said 4000.  I then told Aircraft X to maintain 4000. At this point Aircraft X was no longer in conflict with any other aircraft and advised me that they were above the cloud tops. Per their request; I began trying to vector them again for the GNAV XX into ZZZ. They still could not hold a heading. I tried putting them direct fixes for the approach and that did not work either. Aircraft X let me know that he was shaken up by all this and really just wanted to get on the ground. I asked him if he would like to try to go to another airport that had better weather and he said yes. I weather requested multiple airports and found that ZZZ2 was the closest with the best weather. Aircraft X then began to divert to ZZZ2. Prior to Aircraft X getting to ZZZ2; the east controller asked one of their aircraft to check out ZZZ2's weather to make sure it was good enough for Aircraft X. That aircraft reported VFR conditions at 3000 southwest of the airport.  I then vectored Aircraft X to that location. Once Aircraft X was able to see the ground; they asked for a special VFR clearance so they could descend below the clouds and try to get to ZZZ again. I gave them the most recent base report of 900ft and advised them that might not be a good idea. Aircraft X then decided to cancel IFR and proceed VFR to ZZZ2. The watch supervisor did call the ZZZ2 airfield management and advised them of the situation and requested emergency vehicles to be on standby just in case. They were able to land at ZZZ2 safely.",,,,"A TRACON Controller reported a GA pilot became disoriented in IMC and deviated off course when their attitude indicator failed. The GA Aircraft flew below the Minimum Vectoring Altitude and into a confliction with an aircraft on approach.",
2266919,202507,1201-1800,ZZZ.Airport,US,,,0,,,,,,,,,,Air Taxi,Caravan 208B,,1,Part 135,SVFR,Passenger,,Landing,,,,,,,,,,,,,,,,,,,,,,,,,,,,,,,,,,,,,,,,,,,,,,,,,,,,,,,,,,,,,,,,,Aircraft X,Flight Deck,Air Taxi,Pilot Flying; Single Pilot,,,,Situational Awareness; Time Pressure,,,2266919,,,,,,,,,,,,Ground Event / Encounter Loss Of Aircraft Control; Ground Excursion Runway; Inflight Event / Encounter Weather / Turbulence,,,Person Flight Crew,In-flight,Air Traffic Control Provided Assistance; Flight Crew Requested ATC Assistance / Clarification; General Maintenance Action,Weather; Human Factors,Human Factors,"I was flying Aircraft X from ZZZ1 to ZZZ; During the enroute portion weather was 600 overcast and visibility varied 3 to 5 miles. It was a normal VFR flight with some rain showers; which were limiting the visibility. Due to weather in ZZZ being 'special VFR' and me having plenty of experience doing it I decided to take the special instead of an IFR clearance. The current METAR in ZZZ was reporting 160@11 5SM -RA BR OVC006. On my way inbound I requested a special VFR from Tower as per normal; when I received my special clearance I received an additional request of 'maintain max forward speed' in which I confirmed and complied with. On my way inbound I started pulled power to idle about a mile from the runway knowing I had a lot of energy coming inbound; upon receiving my landing clearance my wind report from Tower from my memory was 9kts total. I planned to land at [taxiway] 1 and get off on 2; which I touched down right around 1 and immediately retracted flaps and put it into low idle; immediately putting the plane in reverse and applying brakes. As I approached 2 and was rolling fast; while in full reverse; while attempting to use full brakes; I noticed something was wrong. I knew there was only so much runway remaining and at this point and a go-around was not an option; due to runway remaining and time it would take for the engine to spool from reverse to full power. As I kept rolling I decided to shut down the engine prior to hitting the runway lighting system and veered to the left to avoid the approach lighting system and as many obstacles as possible. As I hit the wet gravel the plane began to finally come to a full stop. After we came to a stop I turned around and asked my two passengers onboard if they were ok; both stated they were alright and afterwards I explained that there was an issue with the brakes and that someone would be over to grab them shortly. Afterwards I talked to Tower about the situation and they sent state vehicles over. I then called Person A; I wasn't able to reach him; so I then called Person B and explained the situation. I opened the door to see if I smelled anything; and did not smell burning rubber; or sizzling from the brakes or tires. Once the passenger van came over we got the tail stand in; and got the passengers out; and left everything else on the airplane until further notice. I stayed at the airplane and was talking to authorities; and Person B; later on authorities texted me and said that they determined that the damage to the plane was minimal and didn't require any further investigation from them; and that's when our Maintenance came out to move the plane to the ramp.Cause: The rush of trying to get in before the IFR arrivals; mixed with taking about a 10kt tailwind; and the plane not stopping with the use of brakes and reverse.Suggestions: I think to prevent this from happening again; I should've said 'unable' to Tower about the max forward speed and trying to get into the delta using a tailwind; or I could have just picked up an IFR clearance. By not taking the tailwind and instead going to the hold; and waiting until the IFR traffic landed; I would've had the headwind to assist in slowing me down and not had the rush of trying to get in before the IFR traffic inbound. Even if I had the issues braking using XXR; I would have had more options and time to stop or make a go-around decision.",,,,"Cessna 208B pilot reported rolling off the end of the runway after landing with excessive speed on a wet runway with a tailwind.",
