 ,Time,Time,Place,Place,Place,Place,Place,Place,Place,Environment,Environment,Environment,Environment,Environment,Environment,Aircraft 1,Aircraft 1,Aircraft 1,Aircraft 1,Aircraft 1,Aircraft 1,Aircraft 1,Aircraft 1,Aircraft 1,Aircraft 1,Aircraft 1,Aircraft 1,Aircraft 1,Aircraft 1,Aircraft 1,Aircraft 1,Aircraft 1,Aircraft 1,Aircraft 1,Aircraft 1,Aircraft 1,Aircraft 1,Aircraft 1,Aircraft 1,Aircraft 1,Aircraft 1,Aircraft 1,Aircraft 1,Aircraft 1,Aircraft 1,Aircraft 1,Aircraft 1,Aircraft 1,Aircraft 1,Aircraft 1,Component,Component,Component,Component,Aircraft 2,Aircraft 2,Aircraft 2,Aircraft 2,Aircraft 2,Aircraft 2,Aircraft 2,Aircraft 2,Aircraft 2,Aircraft 2,Aircraft 2,Aircraft 2,Aircraft 2,Aircraft 2,Aircraft 2,Aircraft 2,Aircraft 2,Aircraft 2,Aircraft 2,Aircraft 2,Aircraft 2,Aircraft 2,Aircraft 2,Aircraft 2,Aircraft 2,Aircraft 2,Aircraft 2,Aircraft 2,Aircraft 2,Aircraft 2,Aircraft 2,Aircraft 2,Aircraft 2,Aircraft 2,Aircraft 2,Person 1,Person 1,Person 1,Person 1,Person 1,Person 1,Person 1,Person 1,Person 1,Person 1,Person 1,Person 2,Person 2,Person 2,Person 2,Person 2,Person 2,Person 2,Person 2,Person 2,Person 2,Person 2,Events,Events,Events,Events,Events,Events,Assessments,Assessments,Report 1,Report 1,Report 2,Report 2,Report 1
ACN,Date,Local Time Of Day,Locale Reference,State Reference,Relative Position.Angle.Radial,Relative Position.Distance.Nautical Miles,Altitude.AGL.Single Value,Altitude.MSL.Single Value,Latitude / Longitude (UAS),Flight Conditions,Weather Elements / Visibility,Work Environment Factor,Light,Ceiling,RVR.Single Value,ATC / Advisory,Aircraft Operator,Make Model Name,Aircraft Zone,Crew Size,Operating Under FAR Part,Flight Plan,Mission,Nav In Use,Flight Phase,Route In Use,Airspace,Maintenance Status.Maintenance Deferred,Maintenance Status.Records Complete,Maintenance Status.Released For Service,Maintenance Status.Required / Correct Doc On Board,Maintenance Status.Maintenance Type,Maintenance Status.Maintenance Items Involved,Cabin Lighting,Number Of Seats.Number,Passengers On Board.Number,Crew Size Flight Attendant.Number Of Crew,Airspace Authorization Provider (UAS),Operating Under Waivers / Exemptions / Authorizations (UAS),Waivers / Exemptions / Authorizations (UAS),Airworthiness Certification (UAS),Weight Category (UAS),Configuration (UAS),Flight Operated As (UAS),Flight Operated with Visual Observer (UAS),Control Mode (UAS),Flying In / Near / Over (UAS),Passenger Capable (UAS),Type (UAS),Number of UAS Being Controlled (UAS),Aircraft Component,Manufacturer,Aircraft Reference,Problem,ATC / Advisory,Aircraft Operator,Make Model Name,Aircraft Zone,Crew Size,Operating Under FAR Part,Flight Plan,Mission,Nav In Use,Flight Phase,Route In Use,Airspace,Maintenance Status.Maintenance Deferred,Maintenance Status.Records Complete,Maintenance Status.Released For Service,Maintenance Status.Required / Correct Doc On Board,Maintenance Status.Maintenance Type,Maintenance Status.Maintenance Items Involved,Cabin Lighting,Number Of Seats.Number,Passengers On Board.Number,Crew Size Flight Attendant.Number Of Crew,Airspace Authorization Provider (UAS),Operating Under Waivers / Exemptions / Authorizations (UAS),Waivers / Exemptions / Authorizations (UAS),Airworthiness Certification (UAS),Weight Category (UAS),Configuration (UAS),Flight Operated As (UAS),Flight Operated with Visual Observer (UAS),Control Mode (UAS),Flying In / Near / Over (UAS),Passenger Capable (UAS),Type (UAS),Number of UAS Being Controlled (UAS),Location Of Person,Location In Aircraft,Reporter Organization,Function,Qualification,Experience,Cabin Activity,Human Factors,Communication Breakdown,UAS Communication Breakdown,ASRS Report Number.Accession Number,Location Of Person,Location In Aircraft,Reporter Organization,Function,Qualification,Experience,Cabin Activity,Human Factors,Communication Breakdown,UAS Communication Breakdown,ASRS Report Number.Accession Number,Anomaly,Miss Distance,Were Passengers Involved In Event,Detector,When Detected,Result,Contributing Factors / Situations,Primary Problem,Narrative,Callback,Narrative,Callback,Synopsis
,,,,,,,,,,,,,,,,,,,,,,,,,,,,,,,,,,,,,,,,,,,,,,,,,,,,,,,,,,,,,,,,,,,,,,,,,,,,,,,,,,,,,,,,,,,,,,,,,,,,,,,,,,,,,,,,,,,,,,,,,,,,
2199819,202501,0001-0600,ZZZ.Airport,US,,,0,,,,,,,CLR,,Ground ZZZ,Air Carrier,Regional Jet 550 ER/LR (CRJ550),,2,Part 121,IFR,Passenger,,Taxi,,Class B ZZZ,,,,,,,,,,,,,,,,,,,,,,,,,,,,Ground ZZZ,Air Carrier,B737 MAX Series Undifferentiated,,2,Part 121,IFR,Passenger,,Taxi,,Class B ZZZ,,,,,,,,,,,,,,,,,,,,,,,,Aircraft X,Flight Deck,Air Carrier,First Officer; Pilot Not Flying,Flight Crew Multiengine; Flight Crew Air Transport Pilot (ATP); Flight Crew Instrument,,,,,,2199819,,,,,,,,,,,,ATC Issue All Types; Conflict Ground Conflict; Critical; Deviation / Discrepancy - Procedural Clearance; Deviation / Discrepancy - Procedural Published Material / Policy; Ground Event / Encounter Other / Unknown,Horizontal 5,,Person Flight Crew,Taxi,Flight Crew Took Evasive Action,Procedure; Human Factors; Airport,Human Factors,Flight XXXX from ZZZ to ZZZ1 on Day 0. Left gate at XA:14Z; night time. Outbound Ground Control instructed us to taxi to [Runway] XXL via Taxiway 1 and Taxiway 2. From our position; we understood our clearance to mean we taxi straight out Taxiway 3 and then turn left onto Taxiway 1. As we approached Taxiway 1; the aircraft in front of us stopped in the Taxiway 4 intersection; preventing us from establishing. However; we had already began to enter Taxiway 1 at this point. We did not expect the aircraft in front of us to stop; but these procedures are normal at ZZZ. Had we been given instruction to hold short of Taxiway 1; we would have stopped well before we did; however at this time there was adequate space between us and the aircraft in front of us at Taxiway 4; and no other traffic in the area was a factor for us as we were clear to the right on Taxiway 1. As we waited for the aircraft in front of us to move; the Captain turned off the nose gear light. When the preceding aircraft moved forward and was no longer a factor for us; the Captain turned on the nosewheel light; and we began to move forward to establish onto Taxiway 1. As I glanced to the right to make sure we were clear for our left turn; I noticed a 737 Max to our right taxiing eastbound on Taxiway 1 at a rate of speed that did not indicate they intended to follow us. This aircraft was not previously a factor; however in the amount of time we sat waiting for the aircraft in front of us to move; the 737 had traveled close enough to us to be a threat. The Captain noticed the oncoming aircraft at the same time I did and stopped our aircraft immediately. The stop was not violent or abrupt as we had been moving for only a second and covered no significant distance; a few feet at most. At this point; we were still on Taxiway 5; with a small part of our aircraft protruding onto Taxiway 1.From my right; I could see the oncoming aircraft with all of its taxi lights on; moving towards us. They seemed to be accelerating and mine and the Captain's alarm at the situation increased. As the aircraft neared us; I thought that they did not see us; since we were moved up so far that they could not be certain their wing would clear our nose; even if they did see us. The Captain began flashing the wing inspection lights to make our aircraft more visible. I contemplated keying my mic to say something to the other aircraft; but felt it wiser not to given the amount of other Company aircraft on the frequency; and the possibility that the aircraft approaching us was tuned to Inbound Ground. As I debated keying up; we noticed the 737 decelerate and come to a stop; just short of our position. Their rate of deceleration was such that their nose was moving up and down as the nose gear strut extended and contracted a few times; and we noticed smoke coming from their main gear area. From our vantage point now; we could see that the aircraft's left wingtip would have cleared our nose by less than five feet if they continued to taxi.Immediately after they stopped; the controller told the aircraft to give way to us; and again instructed us to taxi to XXL via Taxiway 1 and Taxiway 2. From the relative positions of both aircraft; we were able to safely make the left turn onto Taxiway 1 with wingtip clearance; but Aircraft Y was so close to us that it was uncomfortable being that close on a taxiway. Had the other aircraft stopped a few seconds after they did; we would have had to shut down and be pushed back by a tug.Reflecting on this event; I believe the taxi procedures at ZZZ to be the main causal factor. It is common at this airport to be given a set of taxi instructions and having other aircraft cross the taxi route a plane is cleared on or be required to join a taxiway behind another aircraft; with no explicit instructions from Ground Control. This is further complicated by inbound and outbound aircraft using the same taxiways but different frequencies. Taxi technique at ZZZ relies on pilots seeing other moving aircraft and silently alleviating potential conflicts before they escalate to the point where controller intervention is required. With this in mind; pilots routinely have to interpret their set of taxi instructions in the context of the environment around them to determine how to proceed and who to give-way to.We did not expect to have to stop on Taxiway 5; but as our cleared taxi route was blocked; we were required to. Once our taxi route was clear in front of us; we assumed we could continue moving forward since we were cleared to use Taxiway 1; however an aircraft moving quickly at us from the right gave us pause. We determined the safest course of action was to hold position to avoid a collision with the oncoming aircraft; but given the absence of explicit instructions from a controller; we--and likely the pilots of the other aircraft--lacked a full understanding of the sequence and who was supposed to go first. It is likely that the controller did not anticipate a traffic conflict at the intersection; or that if they did; they figured that we would sort it out on our own.Regardless of sequence or who had the right of way onto Taxiway 1 in this scenario; our aircraft was in a position at the intersection of Taxiway 5 and Taxiway 1 that would prevent an aircraft from safely passing in front of us. Since we were not instructed to hold short of Taxiway 1; we followed the plane in front of us; and in the time that we were stopped; Aircraft Y became a factor. Their rate of speed and the fact that they did not stop until they were very close to us was serious cause for alarm in our flight deck. No instructions from ATC were violated; however the reliance on pilots to mitigate conflicts on their own while on the taxiways nearly resulted in a collision. I believe that Aircraft Y did not see us since our lights may have blended in with the terminal lights in the background; but their taxi speed seemed excessive from our vantage point; especially when taxiing through an area where it is common to have aircraft joining and crossing taxiways without them being pointed out by ATC.,,,,CRJ-550 flight crew reported a taxi collision risk with another aircraft during taxi out for takeoff.
2200292,202501,1801-2400,ZZZ.Airport,US,,,0,,,VMC,Icing; Rain; Snow,,,,,,Air Carrier,B737 Undifferentiated or Other Model,,2,Part 121,IFR,Passenger,,Taxi,,,,,,,,,,,,,,,,,,,,,,,,,,,,,,,,,,,,,,,,,,,,,,,,,,,,,,,,,,,,,,,,,Aircraft X,Flight Deck,Air Carrier,First Officer; Pilot Not Flying,Flight Crew Air Transport Pilot (ATP); Flight Crew Multiengine; Flight Crew Instrument,Flight Crew Last 90 Days 127.07; Flight Crew Type 476.73,,,,,2200292,,,,,,,,,,,,Conflict Ground Conflict; Less Severe; Flight Deck / Cabin / Aircraft Event Illness / Injury; Ground Event / Encounter Loss Of Aircraft Control; Ground Event / Encounter Weather / Turbulence; Ground Incursion Ramp,,,Person Flight Crew,Taxi,Flight Crew Regained Aircraft Control; General Physical Injury / Incapacitation,Weather,Weather,After pushback we started the number 2 engine. The Captain elected to just start the single engine before we started our taxi out. We were planning [Runway] XXL so I believe we were both expecting to make a right turn out of parking. There was also ice buildup on the wings and active precipitation so we expected we would be going to a de-ice pad on the west side of the field. There was also snow/slush on the ramp. However our clearance was to make a right 270 to head to the east end of the ramp; to ultimately go to one of the north de-ice pads. We had traffic to the left of our aircraft which required the right 270.As the Captain started the taxi he noticed/felt that the aircraft was starting to slide toward the parked aircraft at the gate to our right. He consequently stepped a little abruptly on the brakes to bring the aircraft to a stop. After this action we received a call from the flight attendants that one had hit their head and the other hit their hip due to the stop. We then cancelled the taxi clearance with ramp and informed them we may need to return to the gate. We then called ops to ask if we could return to the gate and have a paramedic meet us there. Both were granted to us. After we pulled in; both flight attendants were seen by the paramedic and they determined together that they were good to continue.,,,,B737 First Officer reported their aircraft began sliding uncommanded towards another aircraft during taxi out.  The Captain had to abruptly apply the brakes to stop the aircraft; causing two flight attendants to sustain injuries.
2200417,202501,0601-1200,ZZZ.Airport,US,,,0,,,Marginal,Wind,,Night,,,UNICOM ZZZ,Fractional,EMB-505 / Phenom 300,,2,Part 135,IFR,Ferry / Re-Positioning,,Taxi,,,,,,,,,,,,,,,,,,,,,,,,,,,,,,,,,,,,,,,,,,,,,,,,,,,,,,,,,,,,,,,,,Aircraft X,Flight Deck,Fractional,First Officer; Pilot Flying,Flight Crew Instrument; Flight Crew Air Transport Pilot (ATP); Flight Crew Multiengine,,,Confusion; Situational Awareness; Distraction,,,2200417,Aircraft X,Flight Deck,Fractional,Pilot Not Flying; First Officer,Flight Crew Air Transport Pilot (ATP); Flight Crew Instrument; Flight Crew Multiengine,,,Distraction; Confusion; Situational Awareness,,,2200418,Deviation / Discrepancy - Procedural Published Material / Policy; Ground Event / Encounter Loss Of Aircraft Control; Ground Event / Encounter Weather / Turbulence; Ground Excursion Taxiway; Ground Excursion Runway,,,Person Flight Crew,Taxi,Aircraft Aircraft Damaged; General Flight Cancelled / Delayed,Human Factors; Chart Or Publication; Weather; Environment - Non Weather Related; Airport; ATC Equipment / Nav Facility / Buildings,Weather,Flight crew arrived at the FBO at XA:00 after 10 hours of rest due to late trip changes the prior evening because of deferred DME impacting ability to perform the originally assigned trip. Previous afternoon's flight in as PF; I exited runway XX at taxiway 1 and was thus unaware of the design of the intersection of taxiway 1 and runway XY. Moderate rain showers had just ended prior to arriving at the FBO with an overcast layer at 1400 AGL. The field was uncontrolled at the time. Crew preflighted the aircraft per SOP and discussed threats prior to taxi; including the darkness and wet ground. The intersection was briefly discussed; but lacking a hot spot designation; no further inspection of the chart was performed. As neither the tower nor approach were open yet to pick up a clearance; flight crew decided to continue and taxi out to avoid delays impacting the next live leg; with consideration for weather at that leg's destination airport. During taxi out; the wind had reached a peak gust of 28 knots; pushing the aircraft directly from behind along taxiway 1. As PF; I utilized the brakes to keep ground speed at a manageable pace. Flight crew was also focused on reaching the departure end of runway XY in order to pick up clearance from ZZZ Approach; as advised by ZZZ Center. Briefings and checklists were completed prior to reaching the intersecting runway XY and PM made a call on CTAF. At this point; the airport diagram was zoomed to an area where the intersection was not visible. Seeing a taxiway designation sign on the left side and lacking ability to see lead off lines due to the darkness and wet condition of the runway; I continued ahead as the taxiway designation sign became visible. Realizing the continuing taxiway is not located as expected; brakes were applied approximately 75 feet prior to the edge of the intersecting the runway. However; with the condition of the asphalt surface; strong winds pushing us forward; and brakes already hot due to continuous application during taxi; the aircraft slid off the runway and into the waterlogged grass/mud and came to a stop. A check of the engine and flight instruments showed no abnormalities or CAS messages; so a normal shutdown was performed. All relevant Company personnel were notified. Tower was notified after they opened to ensure a NOTAM was issued for taxiway 1 and runway XY. No injuries were sustained by the flight crew or anyone else in this event. Identification: Runway edge lights became visible shortly prior to the realization that the taxiway did not continue straight ahead. At no point were runway markings or surface markings visible to give indication of the correct path to follow and continue onto the taxiway. Cause: Main causes as perceived include the adverse weather conditions; such as night time darkness with low overcast layer and wet glistening surfaces obscuring the taxiway lead off surface markings; and strong gusting winds from directly behind continuing to push the aircraft at a quick and steady pace. As well; the lack of a designated hot spot or prior experience with the offset/dogleg taxiway A at the intersection of runway XY; with a chart that was not correctly positioned to view the intersection prior to crossing; contributed to the late reaction and application of full braking. Finally; seeing a lit taxiway designation sign directly perpendicular with direction of travel gave false affirmation that the continuing taxiway was directly ahead. Response: Full braking was applied in an effort to stop the aircraft prior to reaching the edge of the runway; to no avail. As the aircraft exited the paved surface and burrowed into the mud; flight controls were kept neutral in an attempt to avoid swerving or otherwise unintentionally inducing side load and possibly collapsing the main and nose gear assemblies. A scan of the engine and flight instruments was performed and noting no abnormalities or CAS messages of any kind; a normal shutdown was performed. As PIC;I initiated contact with Company personnel; including Flight Communications; chief pilot; and Maintenance Control. ATC was contacted as well after tower had opened to notify them of the situation and request a NOTAM be issued. Suggestions: A hotspot designation on the airport diagram at the intersection of taxiway 1 and runway XY would better draw attention to the design of the offset/dogleg taxiway. As well; lit taxiway lead off lights can also give a better indication of how to traverse the crossing. In handling the aircraft; more brakes in an attempt to slow down the taxi ground speed even more could have given more time to react to the situation. Ensuring all available information/charts is presented and easily viewable during ground operations could give greater insight into any discrepancies in terms of design or shape of the airport surfaces to aid navigation.,,Flight crew reported for duty at XA:00 local at ZZZ. Originally scheduled for a XB:00 duty time; due to operational needs; a late night change advanced our duty time to a few hours earlier. Preflight; cockpit setup; engine start completed per company standard operating procedures. Threats for taxi and takeoff were discussed; ie: uncontrolled field; night; wet taxi surfaces after moderate rain that has just passed through the area. Began taxiing and operations off to a normal start. Checklists were conducted in an orderly fashion in low areas of venerability. As approaching to cross runway XX; as PM I made our position call and our intentions of crossing the runway as well as turning on lights and scanning the area/final for possible landing traffic. At the time; our departure clearance was still not obtained and the anticipation of receiving the clearance once clear of the crossing runway. With the taxiway location/designation sign directly ahead we continued forward. It was prior to half way crossing runway XX that the runway edge lights were visible and the actual taxiway was 45 degrees to our left. Captain/PF heavily applied brakes; but due to wet surfaces; strong tailwinds it was too late.Identification:Captain/PF prior to half way crossing runway XX applied brakes recognizing that the taxiway does not continue directly ahead. With the taxiway 1 location/designation sign directly ahead; the assumption was so was the rest of the taxiway. Cause:Night time; uncontrolled field; stronger tailwinds on the taxi (25kts) than anticipated with wet taxi surfaces in an unfamiliar field were contributing factors to taxiing off.With rain that recently passed through the area; an overcast ceiling blocking any possible natural lighting from the moon; obstructed taxiway center line markings indicating the 45 degree turn. Response:Captain did a great job securing the aircraft afterwards; as well as immediately contacting Flight Operations; Chief pilot; Maintenance. Due to the early hours; airport operations and ATC were not available and unable to be reached. While taxiing I recalled hearing airport maintenance vehicle on the radio and reached out to him and he was able contact his supervisors and fire department.Once in hours of operations were in effect; we were able to verify that the correct NOTAMs were in place.Suggestions:Even though we reviewed and briefed the taxi diagram; a hotspot on the taxi chart at the intersection would help prevent others from veering off and highlighting the drastic change of direction of the taxi way. Other suggestions would be taxi way center lights depicting a change of direction.,,EMB-505 flight crew reported a runway excursion occurred while taxiing across a runway at night in inclement weather.
2205153,202501,1201-1800,ZZZ.Airport,US,,,0,,,,,,,,,Tower ZZZ,Air Carrier,A321,,2,Part 121,IFR,Passenger,,Taxi,,,,,,,,,,,,,,,,,,,,,,,,,,,,,,,,,,,,,,,,,,,,,,,,,,,,,,,,,,,,,,,,,Aircraft X,Flight Deck,Air Carrier,Pilot Flying; Captain,Flight Crew Instrument; Flight Crew Multiengine; Flight Crew Air Transport Pilot (ATP),,,Situational Awareness; Workload,,,2205153,Aircraft X,Flight Deck,Air Carrier,Pilot Not Flying; First Officer,Flight Crew Multiengine; Flight Crew Air Transport Pilot (ATP); Flight Crew Instrument,,,Workload; Situational Awareness,,,2205781,Ground Event / Encounter Loss Of Aircraft Control; Ground Event / Encounter Weather / Turbulence,,,Person Flight Crew,Taxi,Air Traffic Control Provided Assistance; Flight Crew Requested ATC Assistance / Clarification; Flight Crew Regained Aircraft Control,Human Factors; Weather,Weather,The aircraft was pushed off gate XXX in ZZZ. We started both engines per winter operation procedures due to slippery conditions and the need to operate engine anti-ice. We exited the ramp from taxiway 1. Our instructions from ground control were runway XXL; left Taxiway 2 hold short of taxiway 3". As we taxied out we had numbers for XXL intersection but needed full length so the FO (First Officer) requested them as we turned left onto bravo taxiway. The taxi was smooth and uneventful; with good steering and braking on the taxiway. On taxiway 2 as we approached the ramp on the taxiway bridge after taxiway 2 the aircraft required a slight right turn. Aircraft speed did not seem excessive and as the CA (Captain) input right tiller the aircraft continued straight toward the edge of taxiway 2 just prior to the bridge. The CA continued to slow while adding more right tiller input.  The aircraft failed to turn and then abruptly contacted dry pavement and began an immediate right hand turn towards the opposite side of the bridge and failed to respond to left tiller input. Left brake pressure was greater than right and the aircraft finally slowed and regained enough traction to sustain control. The CA centered the aircraft on the taxiway and continued to taxi to runway XXL without further incident. The crew immediately informed ZZZ ground control of the slippery surface and advised of poor  braking action.  ZZZ ground control advised the airport authority  of the report and requested an inspection. ZZZ ground control advised the aircraft behind our aircraft of the conditions. The crew did not hear anything further from ZZZ tower and ground control. The weather conditions were SKC and a temp of -10C.  It appeared that the ramp to; and taxiway 2 bridge still had contaminants on them and that possible black ice and frozen uncleared snow had caused the aircraft nose wheel to skid and lose traction. The crew did not recall excess taxi speed or seeing the ice. Contributing to the situation is the bridge being of concrete almost masked the light layer of snow and ice still present.  After the flight was complete a proactive postflight inspection was accomplished. There was no visible damage or evidence of the aircraft departure from the prepared surface. During the abrupt right hand turn the #1 FA fell into the 1R door. The FA reported having gotten up to fix the cart with the garbage bin because it had opened during the taxi. As the FA was in the galley they fell into the 1R door. It is understandable in hindsight that the bridge if uncleared of snow/ice would be coldest of all taxiway surfaces. The pavement taxiway surfaces were clean and probably warmer than the bridge.  Company aircraft cannot access any runway surface without transiting a taxiway bridge on taxiway 1 or taxiway 2. Also; company jeppesen pages do not address the possibility of lingering frozen contamination on the bridges due to the nature of bridges freezing before other surfaces. Also it was surprising that the bridge still had contaminants on the taxi surface and were not as clean as the taxiways.",,Departing XXL in ZZZ; our taxi instructions were to take Taxiway 2 and hold short of  Taxiway 3.  The weather was good with no precipitation; and a temperature of -10 C. Some contamination was present from a previous snow event. The taxiways appeared mostly clear and damp with some occasional chunks of snow. We performed a two engine taxi with anti ice on.  On the taxi out  FO was working on getting new performance data well as contacting ops to inquire about the load close out since it had not yet been received and we were awaiting cargo numbers. It was announced that the FO would be  heads down" once we got on Taxiway 2.  Approaching the bridge on Taxiway 2 near the intersection; I noticed that we were departing centerline to the left as  the  taxiway curved  to the right. It quickly became apparent that the nose wheel was sliding as the Captain started the turn. The nose wheel found some dry pavement before the edge of the taxiway. Since the tiller was turned right; we quickly turned back towards centerline; overshooting slightly before regaining full control of the aircraft. A pilot report was issued to ATC before the next aircraft crossed the bridge; and ops was sent to inspect the bridge. Since I was heads down approaching the bridge; I did not get a good look at the contamination; but I assume it was black ice on the taxiway. The rest of the taxi was uneventful. Possibly a note in the company pages regarding the turn approaching this bridge may be slippery.",,Air carrier flight crew reported a temporary loss of control while taxiing on ice covered taxiways.
2208534,202502,1201-1800,ZZZ.Airport,US,,,0,,,VMC,10,,Daylight,12000,,Tower ZZZ,Personal,Light Sport Aircraft,,1,Part 91,VFR,Personal,,Taxi,,,,,,,,,,,,,,,,,,,,,,,,,,Wheels/Tires/Brakes,,X,Failed,,,,,,,,,,,,,,,,,,,,,,,,,,,,,,,,,,,,Aircraft X,Flight Deck,Personal,Single Pilot; Pilot Flying,Flight Crew Private,Flight Crew Last 90 Days 50.5; Flight Crew Total 276.2; Flight Crew Type 26.9,,Situational Awareness; Troubleshooting,,,2208534,,,,,,,,,,,,Aircraft Equipment Problem Critical; Deviation / Discrepancy - Procedural Clearance; Deviation / Discrepancy - Procedural Published Material / Policy; Ground Event / Encounter Loss Of Aircraft Control; Ground Incursion Runway,,,Person Flight Crew,Taxi,Flight Crew Took Evasive Action,Human Factors; Aircraft,Aircraft,Taxied up to runway XX at ZZZ; had a full brake failure and was unable to stop before the hold short line resulting in a runway incursion. Contacted ATC immediately after passing the line and shut the engine down on the runway to get the aircraft to stop. There were no other aircraft on final or base at the time of the incident.,,,,General aviation pilot reported a wheel brake failure while taxiing which resulted in a runway incursion.
2209655,202501,1201-1800,ZZZ.Airport,US,,,0,,,IMC,Fog; Rain,,,200,,,Air Taxi,Baron 58/58TC,,1,Part 91,IFR,Ferry / Re-Positioning,,Taxi,,,,,,,,,,,,,,,,,,,,,,,,,,,,,,,,,,,,,,,,,,,,,,,,,,,,,,,,,,,,,,,,,Aircraft X,Flight Deck,Air Taxi,Pilot Flying; Single Pilot,Flight Crew Flight Instructor; Flight Crew Air Transport Pilot (ATP); Flight Crew Multiengine; Flight Crew Instrument,Flight Crew Last 90 Days 280; Flight Crew Total 14000; Flight Crew Type 4000,,Situational Awareness,,,2209655,,,,,,,,,,,,Ground Event / Encounter Loss Of Aircraft Control; Ground Event / Encounter Weather / Turbulence; Ground Excursion Taxiway,,,,,General None Reported / Taken,Human Factors; Weather,Ambiguous,I was assigned a series of flights by Dispatch in aircraft. The first flight I flew it empty from ZZZ to ZZZ1 to pick up cargo. It was flown under Part 91. The weather in ZZZ was categorized as LIFR; ceiling of 200 FT and visibility of half a mile. I picked up ATIS; taxied to the exit section of the ramp and called ZZZ Ground. I received my IFR clearance and taxi instructions. I was instructed to taxi on '1' and hold short of Runway XX at '2'. I complied. Whilke taxiing on '1'; the windshield became misted over and visibility was labored. The windshield needed to be wiped. I opened the pilot storm window while slowing the plane with light brake pressure. My intention was to stop the airplane gracefully without skidding. As the airplane slowed down farther; I thought it had stopped as I reached out to wipe the windshield. It then became evident that the plane was off the taxiway to the left. Due to the wet ground; the left main gear and nose wheel had sunk into the mud significantly. Only towing equipment was going to be able to move it. A tug vehicle was summoned and moved the aircraft back to the ramp. Upon returning; the mud was hosed off the tires; inspected and returned to service. Another pilot continued the flights. Taxiway 1 is significantly narrower than the others. The lesson to be learned is that patience and being completely aware of the airplane movement is essential. The airplane was not completely stopped as I believed it to be.,,,,Baron 58 pilot reported during taxi they stopped to clean the windshield due to poor visibility. The aircraft continued to roll off the side of the runway into the mud.
2211886,202502,1801-2400,ZZZ.Airport,US,,,0,,,,,,,,,Tower ZZZ,Air Carrier,B737-800,,2,Part 121,IFR,Passenger,,Taxi,,Class B ZZZ,,,,,,,,,,,,,,,,,,,,,,,,Wheels/Tires/Brakes,,X,Malfunctioning,,,,,,,,,,,,,,,,,,,,,,,,,,,,,,,,,,,,Aircraft X,Flight Deck,Air Carrier,Pilot Flying; Captain,Flight Crew Instrument; Flight Crew Air Transport Pilot (ATP); Flight Crew Multiengine,,,,,,2211886,,,,,,,,,,,,Aircraft Equipment Problem Critical; Deviation / Discrepancy - Procedural Clearance; Ground Event / Encounter Loss Of Aircraft Control; Ground Event / Encounter Weather / Turbulence; Ground Incursion Taxiway,,,Person Flight Crew,Taxi,Flight Crew Returned To Gate; Flight Crew Regained Aircraft Control,Aircraft; Weather,Aircraft,After leaving the CDF (Central Deice Facility) and being told to expect XXL they changed runways on us and wanted us to taxi to XYR. The instructions they gave us were to taxi on [Taxiway] 1 and hold short 2. As we were taxiing down 1 to hold short of 2 Captain mentioned he was having trouble stopping aircraft and let Ground know we would go past 2 due to poor braking as the taxiway in this area looked fairly bad. Once passing 2 taxiway looked much cleaner and we were told to keep taxiing on 1 to 3 and do a U turn to join 3 and 4 to taxi towards XYR. As we are taxiing at minimal speed Captain mentions he has brakes fully pressed in trying to stop but nothing is happening and we had no skidding/sliding going on. At this point I joined the Captain on the brakes and press them fully in with no stop either. Aircraft came to a stop about 10 seconds in total after. Other aircraft infront of us did not report issue with taxiway and ATIS did not state poor conditions on taxiway. At this point we were afraid to keep going as we did not know if we had a brake issue and we were going to ZZZ1 which is short runway. We also did not know if deicing fluid got in the brakes. We felt the safe decision was to return to gate with a tow as we did not want to not be able to not stop and go off the taxiway or hit something. Wrote plane up at gate. Cause: Taxiways were not reported to have poor conditions. Aircraft infront of us did not report poor braking or issues. We felt we had a brake issue going on and did not want to risk going off the taxiway or hitting something so we made the safe call to stop and get a tow to gate.,,,,B737 flight crew reported possible malfunction with aircraft brakes during taxi to runway. Requested tow back to gate.
2215361,202502,0601-1200,MNMG.Airport,FO,,,0,,,VMC,,,,,,,Air Carrier,Commercial Fixed Wing,,2,Part 121,IFR,Passenger,,Taxi,,,,,,,,,,,,,,,,,,,,,,,,,,,,,,,,,,,,,,,,,,,,,,,,,,,,,,,,,,,,,,,,,Aircraft X,Flight Deck,Air Carrier,Captain; Pilot Flying,Flight Crew Multiengine; Flight Crew Instrument; Flight Crew Air Transport Pilot (ATP),Flight Crew Last 90 Days 185.88; Flight Crew Total 14320.73,,,,,2215361,,,,,,,,,,,,Ground Event / Encounter Other / Unknown; No Specific Anomaly Occurred Unwanted Situation,,,Person Flight Crew,Taxi,,Airport,Airport,Several taxiways in Managua recently have been repaved. Taxiway Bravo leading to Runway 10 has been repaved. The runway hold-short markings are missing except for about 4 feet on the west side of the taxiway. Those markings are faded and with sun glare and reflection the runway hold-short markings are very difficult to see. They are much further from the runway than on most runways because of ILS 10. It is very easy to taxi past the hold-short area due to this.,,,,Air carrier Captain reported several taxiways in Managua Airport were repaved but are missing hold-short markings; with some exceptions. For the faded markings that are still there; certain lighting conditions make them difficult to see.
2217922,202503,1801-2400,SCEL.Airport,FO,,,0,,,,,,,,,Tower SCEL,Air Carrier,Widebody; Low Wing; 2 Turbojet Eng,,3,Part 121,IFR,Passenger,,Taxi,,,,,,,,,,,,,,,,,,,,,,,,,,Electronic Flt Bag (EFB),,X,Design,Tower SCEL,,Any Unknown or Unlisted Aircraft Manufacturer,,,,IFR,,,Final Approach,Vectors,,,,,,,,,,,,,,,,,,,,,,,,,Aircraft X,Flight Deck,Air Carrier,Pilot Flying; Captain,Flight Crew Instrument; Flight Crew Multiengine; Flight Crew Air Transport Pilot (ATP),,,Confusion; Communication Breakdown; Situational Awareness,Party1 Flight Crew; Party2 ATC,,2217922,Aircraft X,Flight Deck,Air Carrier,First Officer; Pilot Flying,Flight Crew Air Transport Pilot (ATP); Flight Crew Instrument; Flight Crew Multiengine,,,Situational Awareness; Confusion; Communication Breakdown,Party1 Flight Crew; Party2 ATC,,2217913,Aircraft Equipment Problem Less Severe; Conflict Ground Conflict; Critical; Deviation / Discrepancy - Procedural Clearance; Deviation / Discrepancy - Procedural Published Material / Policy; Ground Event / Encounter Other / Unknown; Ground Incursion Runway,,,Automation Air Traffic Control,Taxi,Air Traffic Control Issued Advisory / Alert; Flight Crew Requested ATC Assistance / Clarification,Airport; Aircraft; Chart Or Publication; Software and Automation; Procedure; Human Factors,Ambiguous,We were departing from gate XX and had briefed our taxi route for our expected departure of RW (Runway) 17R; including HS (Hold Short) and company pages.  After calling for taxi we were given instructions to taxi to RW17L.  Before AC movement; we modified the FMC SID; and well as the FMC EO (Engine Out) SID for RW 17L.  Additionally we talked about the HS for our new taxi route; which were similar in nature to those or RW 17R.  Our taxi clearance was essentially to taxi to 17L via P; H; K; T; and A.  After making the turn N onto A; we could see an A/C on final (appx 5-7 miles out) for RW 17L.  Switching to TWR the A/C on final was mentioning that he was being lasered" by someone on the ground.  As we approached RW 17L via A; I did not see the Cat (Category) II HS line prior to making the Right turn to HS of RW 17L.  As I made the turn and approached the large red HS line to RW 17L; it says in VERY large while letters painted within the RED HS line; 17L Cat II/III.  I therefore assumed that there would be another HS line for RW 17L. I was using the AMM (Airport Moving Map) chart for ground navigation and the 17L RW sign on the chart covers up what now appears to be a taxi area that is an extension of RW 17L centerline. The taxi chart has the 17L identifier offset and clearly shows the 17L extended centerline taxi area. While the pages mention faded taxi lines; there is no mention of the nomenclature for the 17L HS line or the fact that the taxi way extends to part of the RW17L extended centerline.  There are "blue" taxi lights extending past the HS line and encompassing part of the extended centerline for RW17L. The RW lights were somewhat dim and several hundred feet to the right of the A/C position.  This all added to my confusion that I was still well short of the RW.  After about half of the A/C had passed the 17L Cat II/III HS line; it became apparent we were much closer to the RW than we thought. The TWR inquired as to whether we were on the RW.  We responded that we were not; but shortly thereafter mentioned that we were in fact over the 17L HS line.  The tower then instructed the A/C on an about 3 mile final to execute a Go Around.  I'm diligent about A/C movement on the ground; including briefing the HS's and company pages to any threats. In my brief; I always mention that we will mitigate many of the threats by going slow and agreeing on a plan first.  I announce a taxi turn as we approach each turn to make sure where we are going agrees with our clearance. At no point did we "rush" our movement to the RW.  The mitigating factors in this event are the different nomenclature on the 17L HS line.  The taxiway extending through the extended centerline or the runway; the 17L marking on the AMM page that covers up most of the taxiway that sits in the extended centerline; nighttime; and finally the somewhat dim 17L RW lights that are not in front of you; but rather several hundred feet to the right of the A/C when approaching the HS line.  My recommendation is to add some verbiage to the pages about the unique nature of the nomenclature and the fact that the taxiway extends to the extended centerline of RW 17L.",,During taxi out to Rwy 17L we followed taxiway A around the corner and saw clearly marked on the pavement 17L Cat (Category) III. We taxied beyond the hold line and realized we were very close to the runway. The captain immediately stopped the aircraft and parked the brakes. The tower called to confirm that we were not on the runway; which we were not. I confirmed that we were beyond the ILS hold line but holding short of the runway. The tower immediately sent the aircraft on approach around and subsequently cleared us into position and then to takeoff. The company page references 'former runway markings on taxiway A are faded; it should more clearly state the correct location of the ILS hold point as well as incorrect nomenclature on the taxiway by the runway hold line.,,Air carrier pilots reported a runway incursion; caused by confusion reading the description of the hold short line; faded hold short line paint and unusual taxiway lighting for runway 17L at SCEL; Arturo Merino Ben铆tez International Airport; Santiago; Chile;
2218909,202503,1201-1800,ZZZ.Airport,US,,,,,,VMC,,,Daylight,,,Tower ZZZ,Fractional,EMB-505 / Phenom 300,,2,Part 135,,Passenger,,Taxi,,Class B ZZZ,,,,,,,,,,,,,,,,,,,,,,,,Normal Brake System,,X,Failed; Malfunctioning,,,,,,,,,,,,,,,,,,,,,,,,,,,,,,,,,,,,Aircraft X,Flight Deck,Fractional,Pilot Flying; First Officer,Flight Crew Air Transport Pilot (ATP),,,Troubleshooting,,,2218909,Aircraft X,Flight Deck,Fractional,Captain; Pilot Not Flying,Flight Crew Air Transport Pilot (ATP),,,Troubleshooting,,,2218910,Aircraft Equipment Problem Critical; Ground Event / Encounter Loss Of Aircraft Control; Ground Event / Encounter Weather / Turbulence; Ground Incursion Taxiway,,,Person Flight Crew,Taxi,Flight Crew Regained Aircraft Control; Flight Crew Overcame Equipment Problem; Flight Crew Became Reoriented; Flight Crew Took Evasive Action; General Flight Cancelled / Delayed; General Maintenance Action,Aircraft,Aircraft,On Day 0 while acting as Pilot Flying (PF) of the aircraft at ZZZ we had taxied from the FBO via taxiway 1 to runway XXR.  Upon reaching XXR departure end; at [taxiway] 2; I approached the hold short line and stopped.  Because we were number one for departure; I elected to hold the brakes rather than set the parking brake.  An airline had been cleared by ZZZ Tower to land on runway XXR.  In my estimation we had been sitting at the hold short line for between 30 and 60 seconds.  Without warning the brakes failed and the aircraft began to roll toward the hold short line.  After quickly confirming that braking was ineffective from both positions (PF and Pilot Monitoring (PM)); while near simultaneously receiving and recognizing the BRK FAIL CAS message it was determined the best course of action was to provide full left rudder turning the aircraft east on 2 and then north on 1 to the non-movement area directly north of 2.  Throughout this movement the aircraft continued to accelerate.  While I was maneuvering the aircraft on the taxiway(s) the PM made a declaration to ZZZ Tower of our failed brakes.  Once clear of the taxiway and onto the non-movement area the PM applied the Parking Brake bringing the aircraft to a stop.  Once stopped the Quick Reference Handbook (QRH) was reference for the BRK FAIL CAS message and our company maintenance was consulted.  It was determined by the crew and maintenance that the best and safest course of action was the hold in position until a tug could be arrange to tow us back to the FBO.   Once the tug arrived; we shut down the engines and were towed back without incident.Once stopped; the PM advised the passengers of the situation and began to coordinate as appropriate with the companies Operations.  ZZZ Tower had [requested priority handling] for us which resulted in Emergence Vehicles (Crash; Fire; Rescue) responding to our location.  It is my recollection the ZZZ Tower asked for further details at which time  our response was to standby".  The Fire Chief visibly inspected our aircraft and could not see any leaking fluids and also checked taxiway 2 for hydraulic fluid to which he reported that he did not observe any.  Once assured that we were okay and not in need of their services the Emergency response vehicles departed.   It is my understanding one emergency vehicle remained behind along with a ZZZ Airport Authority vehicle to provide an escort for our tow back to the FBO.  At no time did the aircraft cross over the hold short line of Runway XXR.  Once stopped in the non-movement area north of 2; all aircraft on 1; west of 2 were able to move up to 2and depart on Runway XXR.  At least one aircraft on 1; east of 2 was blocked by our position.  The only indication of a problem prior to the brake failure was a chatter or slipping of the brakes while coming to a stop at the hold short line of Runway XXR.  Both crew members observed/heard the noise but attributed it to what appeared to be metallic plates or dissimilar material as part of the taxiway.  A preflight inspection and final walk around inspection had been conducted with no abnormalities observed.  This aircraft was flown earlier on this day from ZZZ1 to ZZZ by this crew with no observed deficiencies in the braking.  A post flight inspection of the aircraft revealed no observed concerns; abnormalities; or deficiencies with the brakes or hydraulics.  Once stopped; the PM advised the passengers of the situation and began to coordinate as appropriate with company Operations.  My initial detection of the brake failure was the forward movement of the aircraft while I was applying brake pressure. Near simultaneous to that was a BRK FAIL (Brake Failure) CAS message received in the cockpit on the Primary Flight Display.At this time I cannot speculate what caused the brakes to fail.  After confirmation of the brake failure the crew reaction was to steer the aircraft away from the active runway and onto the taxiway.  Fortunately;there was a non-movement area north of 2 which was the safest location to move towards.  With momentum and acceleration building; the aircraft was brought to a stop through the application of the parking brake.  ZZZ Tower was advised of the brake failure when and as appropriate.I do not have any confirmed indications of impending brake failure to pass on to other aircrew at this time.  We  were fortunate that 2 was wide enough for us to maneuver and that there was empty ramp space north of 2 for us as well.  My only recommendation would be to approach every hold short line with a planned exit strategy should they have a similar experience.  In absence of addition details provided to ZZZ Tower by us; I appreciate their response with Emergency vehicle.",,On our leg from ZZZ to ZZZZ; while holding short of XXR at [taxiway] 1; the aircraft's brakes failed; the brake fail CAS illuminated; and the aircraft began rolling forward. We immediately maneuvered the aircraft away from the hold short line to prevent crossing into the active runway with traffic landing and advised tower of the brake failure. We moved the aircraft to a portion of the ramp behind us; as clear from the taxiway as possible. We ended up utilizing the parking brake abruptly to prevent reentry into the active taxi way. ATC understood our transmission and sent equipment to verify there was no damage or leakage from the aircraft on the taxiway and ramp area. We utilized the QRH once stopped; however the actions were for an aircraft inflight not already on the ground aside from the landing portion. No damage was found and a tow back to the FBO was arranged via ramp control. At no point did any portion of the aircraft cross the hold short line. Maintenance and dispatch were advised promptly to work on solutions both for the broken plane and to minimize the impact to our clients. When it was safe to do so; we also advised the passengers of the situation. We were towed back with no further incidents.The parking brake was off as; we were next in line for departure and while waiting for our take off clearance we noticed the aircraft started rolling forward. Then the brake fail CAS immediately illuminated as it became apparent we had completely lost all normal braking. The only thing of note was; when we initially stopped at the hold short line; braking did feel slightly strange; almost as if the brakes were very slightly grabbing then releasing. However; this was so minor it could be easily chocked up to normal Phenom braking behavior or the wheels loosing a little traction on the metal parts of the taxi centerline lights.The cause is unknown at this time. The hydraulic pressure and emergency brake accumulator pressure were normal on the systems page. The hydraulic reservoir was properly checked prior and was in the green. The hydraulic reservoir DPI's were also normal. There were no electronic warnings either that the brakes may fail. The previous flights also had all been completed without incident; including the flight inbound that had been completed about an hour prior.After making the determination that we lost normal braking and with little time to determine anything else prior to entering the runway area with landing traffic; the crew promptly maneuvered the aircraft to an empty ramp area behind us before any portion of our aircraft passed the hold short line. ATC was advised as soon as the aircraft started moving under its own power. We came to a complete stop utilizing the emergency brake. Then we utilized the QRH; contacted maintenance; flight communications; advised our passengers; and coordinated with ramp control to get a tow back to the FBO.I believe we handled this as best we could; given the situation; as there were no real warning signs the brakes were about to fail and we had no real time to determine if this was a total brake failure or an electronic command issue. That said; adding a training discussion or action during IOE where there is little time to make a critical decision with failed braking to help prompt pilots to utilize the parking brake and come up with other solutions to bring the aircraft to a complete stop if that fails; may be beneficial as guidance for any future similar events.,,EMB-505 flight crew reported brake failure while holding short on taxiway. Flight crew maneuvered away from the area and set the parking brake.
2219358,202503,1201-1800,ORD.Airport,IL,,,0,,,,,,Daylight,,,Ground ORD,Air Carrier,Medium Transport; Low Wing; 2 Turbojet Eng,,2,Part 121,IFR,Passenger,,Taxi,,,,,,,,,,,,,,,,,,,,,,,,,,,,,,,,,,,,,,,,,,,,,,,,,,,,,,,,,,,,,,,,,Aircraft X,Flight Deck,Air Carrier,Captain,Flight Crew Multiengine; Flight Crew Air Transport Pilot (ATP); Flight Crew Instrument,,,Confusion; Situational Awareness,,,2219358,,,,,,,,,,,,Deviation / Discrepancy - Procedural Published Material / Policy; Ground Event / Encounter Other / Unknown,,,Person Flight Crew,Taxi,,Procedure; Human Factors; Airport,Airport,When landing on 28C in ORD; our taxi instructions are often right turn P2; right turn on P and hold short of 28R at GG. Once on the 28R Tower frequency; we are cleared to cross 28R at GG; left turn N and contact Ground on 121.9. Once on N; Ground sends us to the Hotel alley or Fox alley via N; LL; A. Lately due to all the construction and renaming of taxiways; the instructions are sometimes N; EE; LL; A. This becomes unsafe as the taxi lines at the intersection of N/EE/LL are faded; ground down from removal for the construction; and inaccurate for the taxi. To follow the yellow line from EE to LL requires an overshoot of the taxiway with a hard left turn to transition from EE to LL taxiway. Added to that is the vehicle traffic on their lane that intersects LL prior to B.Suggestions: Recommend some sort of improvement to the yellow taxi lines at the N/EE/LL intersection to improve transition through that intersection heading towards B and A taxiway. I understand that there is still construction going on around that area; but there should be clearer transitions during the construction process until permanent markings are in place.,,,,Air carrier Captain reported that due to construction at ORD; the faded taxi lines at N/EE/LL are unclear and inaccurate.
2222326,202503,0601-1200,ZZZ.Airport,US,,,0,,,VMC,10,,Daylight,10000,,Ground ZZZ; Tower ZZZ,Government,Skylane 182/RG Turbo Skylane/RG,,1,Part 91,None,Training,,Taxi,,,,,,,,,,,,,,,,,,,,,,,,,,Brake System,,X,Malfunctioning,,,,,,,,,,,,,,,,,,,,,,,,,,,,,,,,,,,,Aircraft X,Flight Deck,Government,Instructor,Flight Crew Flight Instructor; Flight Crew Instrument; Flight Crew Multiengine,Flight Crew Last 90 Days 3; Flight Crew Total 1105; Flight Crew Type 1105,,Training / Qualification; Troubleshooting,,,2222326,,,,,,,,,,,,Aircraft Equipment Problem Critical; Deviation / Discrepancy - Procedural Clearance; Ground Event / Encounter Loss Of Aircraft Control; Ground Incursion Runway,Horizontal 3,,Person Flight Crew,Taxi,Flight Crew Overcame Equipment Problem; Flight Crew Regained Aircraft Control,Aircraft,Aircraft,While taxiing Aircraft X from Taxiway 1 to hold short line for Runway XX; left main brake failed and aircraft could not be stopped prior to hold short line. Brakes were tested prior to taxi and functioned normally. After incident; left brake was pumped repeatedly which recovered some level of braking function. Incursion beyond hold short line was approximately 3 feet and the aircraft was stopped well before Runway XX.,,,,A C182 pilot reported brake malfunction caused a temporary loss of control and they crossed the runway hold short line as a result.
2225331,202503,1201-1800,ZZZ.Airport,US,,,,,,VMC,,,Daylight,,,Ground ZZZ,Personal,Skyhawk 172/Cutlass 172,,1,Part 91,VFR,Personal,,Taxi,Visual Approach,,,,,,,,,,,,,,,,,,,,,,,,,Brake System,,X,Malfunctioning,,,,,,,,,,,,,,,,,,,,,,,,,,,,,,,,,,,,Aircraft X,Flight Deck,Personal,Pilot Flying; Single Pilot,Flight Crew Student,Flight Crew Last 90 Days 25.3; Flight Crew Total 68.1; Flight Crew Type 68.1,,Situational Awareness; Training / Qualification,,,2225331,,,,,,,,,,,,Aircraft Equipment Problem Less Severe; Ground Event / Encounter Loss Of Aircraft Control; Ground Event / Encounter Object; Ground Excursion Taxiway,,,Person Flight Crew,Taxi,Flight Crew Regained Aircraft Control,Aircraft; Human Factors,Aircraft,On Day 0; I was scheduled to conduct a solo cross-country flight from ZZZ to ZZZ1 with a stop at ZZZ2 on the way back.Upon checking my brakes during the initial taxi; both had pressure and stopping force; however; I did notice the right brake felt slightly softer than the left.  Given my experience thus far; I did not find this to be of concern.  I've felt this sort of difference on other planes I've flown during my training and considered this to be normal variation.  I also recall checking the brake lines and sweeping my hand underneath the calipers during the preflight inspection and did not observe any visible brake fluid.  Flights from ZZZ to ZZZ1 and ZZZ1 to ZZZ2 proceeded without incident or concern.After landing at ZZZ2 at XA:26 on Runway XX; I noticed the right brake felt softer than before; while exiting the runway at Taxiway 1; so I pumped the breaks several times to build up some pressure and was able to taxi back for an eastbound departure to ZZZ without issue.  I departed ZZZ2 at XA:37.On my straight-in approach to ZZZ the controller switched me from XXR to XXL.  I accepted the landing clearance and landed without issue on XXL at XB:01.  After touching down; I applied the brakes and noticed the right brake compressed nearly to the floor.  The plane deaccelerated a bit slower than typical without the full right brake; so I chose not to exit the runway at Taxiway 1 as I was still carrying too much speed.  I held the brake all the way down and kept backpressure on the yoke to help slow the plane down.  I exited the runway on Taxiway 2 with full braking authority on the left brake; which kept me centered on the taxiway during the left turn; but when I applied the right rudder and brake again to stop the plane clear of the hold-short bars there was very little braking action. The plane continued to roll forward and to the left as I pumped the right brake attempting to slow the plane and center it on Taxiway 2; but there wasn't enough braking action to prevent the left main from drifting off the taxiway as I came to a stop.  I proceeded with switching to Ground and requested a taxi clearance.  Once granted; I check Taxiway 3 to confirm it was clear and applied the throttle to continue down Taxiway 3.  As the plane moved forward; I recall hearing a pop and notice some blue glass shards in my periphery.  It was at this moment that I realized that I had struck the lens of a blue taxiway edge light.  I'm not clear if the left main or left strut contacted the lens sending it into the propeller or if the propeller contacted the lens first; either way; it was evident that the propeller struck the glass lens. I was able to slowly taxi the plane back to its parking spot using a pumping action to make the right turns at Taxiway 4 and the parking isle.This event taught me the following lessons learned.- A difference in brake pressure between the left and right peddles during a brake check should be considered abnormal and warrants further investigation.- If the plane ever strays off the taxi surface; the plane should be shut down so the path to get back on can be inspected.- I recently learned Ground can be contacted to notify them of the situation and to request a tow back. This would have been preferred over continuing taxi operations.  Especially if there is a known deficiency; which could potentially hinder controllability during ground operations.- At the first hint of a control difficulty; action should be taken to secure the plane and to inspect the problem.- External or self-imposed pressures contributed to this incident and include finishing the XC flight; changing runways on the approach; exiting the runway expeditiously; getting the left wheel back on the taxiway as soon as possible.  These pressures could have better been managed by committing to preferred alternatives such as finishing the flight later; telling ATC 'unable'; or using whatever time is needed on the runway/taxiway.,,,,C172 student pilot reported a right brake failure during landing and subsequent taxiway excursion.
2228357,202504,0601-1200,ZZZ.Airport,US,0,0,0,,,VMC,10,,Daylight,12000,,Tower ZZZ,Corporate,Citation V/Ultra/Encore (C560),,1,Part 91,IFR,Passenger,,Taxi,,,,,,,,,,,,,,,,,,,,,,,,,,Antiskid System,,X,Malfunctioning,,,,,,,,,,,,,,,,,,,,,,,,,,,,,,,,,,,,Aircraft X,Flight Deck,Corporate,Captain; Pilot Flying; Single Pilot,Flight Crew Air Transport Pilot (ATP),Flight Crew Last 90 Days 20; Flight Crew Total 4955; Flight Crew Type 2237,,Situational Awareness,,,2228357,,,,,,,,,,,,Aircraft Equipment Problem Critical; Deviation / Discrepancy - Procedural Published Material / Policy; Ground Event / Encounter Loss Of Aircraft Control; Ground Excursion Runway,,,Automation Aircraft Other Automation; Person Flight Crew,Taxi,Flight Crew Rejected Takeoff; General Flight Cancelled / Delayed; General Maintenance Action,Aircraft; Human Factors,Ambiguous,Upon requesting taxi clearance; ground cleared me to runway XX via Taxiway 1; Taxiway 2; and Taxiway 3. Taxi was normal and the appropriate aircraft checklists were run prior to and during taxi for departure.  Once I reached runway XX; tower cleared me for takeoff and I finished the before takeoff checklist.  Rolling onto the runway I started to apply takeoff power and made one final scan of the annunciator panel and noted that the 'ANTI-SKID INOP' annunciator had illuminated.  I immediately terminated the takeoff sequence and our speed never exceeded 10 knots.  Noting that the brake pedals were still firm and that braking action was still normal; I elected to taxi to the next available taxiway (Taxiway 4) so we could clear the active runway and evaluate the situation.  Approaching Taxiway 4; I started a gradual left turn (north) and at that time the 'POWER BRAKE LOW PRESS' annunciator illuminated; followed by both brake pedals losing pressure and effectiveness.  The airplane then entered an uncontrollable left turn which resulted in the left main gear departing the runway/taxiway surface at the west corner of the intersection of Taxiway 4 and runway XX.  The aircraft came to a stop with the left main gear stuck in soft soil creating a rut approximately 6-8' deep.  Speeds during the entire sequence never exceeded 10 knots; there was no damage to the aircraft; and no injuries to any of the passengers or crew.  Once the airplane was stopped and secured; I discovered that the 'SKID CONTROL' circuit breaker on the left breaker panel had tripped.  Resetting the circuit breaker engaged the skid control motor and both of the previously noted annunciators extinguished per normal operation.  Once the aircraft was recovered; further investigation by a mechanic found the skid control system to be operating normally.  It was concluded that the event was caused by the 'SKID CONTROL' circuit breaker tripping for an undermined reason; which led to loss of braking and control of the aircraft as it was exiting the active runway.  Looking back at the chain of events; I'm not sure there is much else that I could have done to prevent the incident.  While resetting the circuit breaker would have likely remedied the problem; I was focused on communicating with ATC and exiting the active runway rather than referring to the abnormal checklist.  With respect to the position of the 'ANTI-SKID INOP' annunciator; it is adjacent to several other amber annunciators (i.e. pitot heat) that typically remain illuminated until lining up on the runway.  Had the 'ANTI-SKID INOP' annunciator been located elsewhere; it might have been more visible prior to taking the runway.,,,,C560 pilot reported a runway excursion after attempting to clear the runway following a rejected takeoff for inoperative anti-skid.
2229989,202504,1201-1800,ORD.Airport,IL,,,0,,,VMC,,,,,,Ground ORD,Air Carrier,Commercial Fixed Wing,,2,Part 121,IFR,Passenger,,Taxi,,,,,,,,,,,,,,,,,,,,,,,,,,,,,,,,,,,,,,,,,,,,,,,,,,,,,,,,,,,,,,,,,Aircraft X,Flight Deck,Air Carrier,Pilot Not Flying; First Officer,Flight Crew Air Transport Pilot (ATP); Flight Crew Instrument; Flight Crew Multiengine,,,Confusion; Workload; Time Pressure; Situational Awareness,,,2229989,,,,,,,,,,,,Deviation / Discrepancy - Procedural Clearance; Deviation / Discrepancy - Procedural Published Material / Policy; Ground Event / Encounter Ground Equipment Issue; Ground Incursion Runway,,,Person Flight Crew,Taxi,Flight Crew Requested ATC Assistance / Clarification; Flight Crew Returned To Clearance,Airport,Airport,We were ORD at Gate XX and it was my First Officer (FO) leg to fly; I briefed the taxi out and route for Runway 10L. We called Ramp for push; we then agreed on a single engine taxi based off seeing a long line for 10L. After contacting Metering we were told to hold short at the east side of the 'Y.' Ground then assigned us 9C via U; U7; Q; U2; cross 4L; G; hold short R.I read back the clearance and we both wrote it down; and agreed with the route. We began taxiing out; and the Captain advised me to remain heads up momentarily before changing the runway in the box.When we turned onto Q; I changed the runway to 9C and the Captain told me to run the runway change checklist; I then said we also need to start the left engine. The Captain said start the left engine and complete the delayed items; followed by the before takeoff to the line.While still on Q we briefed the runway change; and completed the engine start; we began the delayed items; but we were approaching Runway 4L at U2; I was looking right to clear us; I said 'clear right clear to cross;' then as we continued forward; the Captain asked if I see where G is; scanning back to the left; I saw a sign off to the left; and said 'I see G1' at that same time we crossed onto Runway 9R.We then expedited off the inactive Runway 9R at G1 onto G and held short R. ATC then told us possible pilot deviation and a number to call. We copied the number and then resumed the taxi and the flight proceeded uneventfully.Upon landing and going to the hotel; the Captain and I sat down together and called the number and called company. We explained what happened as outlined above; and ATC on the phone told us he understands what happened as that is a very confusing intersection and turn; and that the signage isn't very clear there.We were trying not to rush any checklists; but still were trying to get it done before crossing the runway; in the future we will be more slow and deliberate while crossing to ensure correct taxi route.,,,,Air carrier First Officer reported the flight crew had inadvertently crossed onto an inactive runway at ORD airport without clearance due to confusing signage at the intersection.
2233747,202504,,ZZZ.Airport,US,,,0,,,,,,,,,Ground ZZZ,Air Carrier,A320,,2,Part 121,IFR,Passenger,,Taxi,,,,,,,,,,,,,,,,,,,,,,,,,,,,,,Ground ZZZ,,PA-28 Cherokee/Archer/Dakota/Pillan/Warrior,,1,,,,,,,,,,,,,,,,,,,,,,,,,,,,,,,Aircraft X,Flight Deck,Air Carrier,Captain,Flight Crew Multiengine; Flight Crew Air Transport Pilot (ATP); Flight Crew Instrument,,,Situational Awareness,,,2233747,Aircraft X,Flight Deck,Air Carrier,First Officer,Flight Crew Multiengine; Flight Crew Air Transport Pilot (ATP); Flight Crew Instrument,,,Situational Awareness,,,2233750,ATC Issue All Types; Conflict Ground Conflict; Critical; Ground Event / Encounter Other / Unknown,,,Person Flight Crew,Taxi,Air Traffic Control Issued New Clearance; Air Traffic Control Provided Assistance,Human Factors,Human Factors,While working a flight  ZZZ-ZZZ1; at about; XA25 on Day 0; we were stopped short of taxiway 1 on taxiway 2; First Officer informed me there was a Piper Cherokee aircraft abeam the FO side window. My line of sight was blocked. I had to lean over towards the FO side window to take a look. I saw Aircraft Y abeam the FO side window. Not being able to see Aircraft Y from to CA's seat means they were very close. If First Officer had not said anything to me I would not have known Aircraft Y was abeam us. If I were to have released the parking brake to move up to the Taxiway 1 hold short line; without the First Officer's keen observation; we could have potentially struck that aircraft with the right hand engine.Aircraft Aircraft Y was not there when we taxied westbound on taxiway 2 from taxiway 3. There were only three aircraft in sight when making the left turn onto Taxiway 2. A Cessna 172 on the ramp in the non-movement area south of Taxiway 2 near Taxiway 1; and two aircraft holding short of runway XXL on Taxiway 1. Those two aircraft were: a Piper Seminole and a Piper Cherokee (not Aircraft Y). The only possible way Aircraft Y could have gotten their position was to taxi under our wing. I queried ZZZ Ground Control if Aircraft Y had taxied under our wing. The pilot of Aircraft Y broadcasted his admission that he that had taxied under our wing to get to that position. Disregarding safety; the pilot of Aircraft Y endangered the well-being of the Crew; Passengers; and another aircraft. The First Officer had mentioned to me that they were holding their cell phones up possibly taking pictures and laughing (again that how close the were) raising an eyebrow to potentially suspicious activity.,,While holding short of Taxiway 1 intersection for takeoff on runway XXL; behind 2 aircraft; we noticed another aircraft very close; too close to our right side near the engine; it just appeared and as I looked in awe; I noticed 3 occupants; laughing; waving; cameras out taking video/pictures of us in the flight deck.  This was extremely suspicious and quite possibly a test or rehearsal of sorts.  Upon immediately notifying my captain; we quarried ground control; ground control called the aircraft Aircraft Y; questioning why they cut in front of us; the aircraft admitted they maneuvered under our wing to get ahead us.  In turn; they were told to contact the tower via phone; after they return; ultimately they were told to taxi back to the ramp; which cleared the way for us to take off in sequence.   This was a first for me; it raises concern given today's climate regarding the see something; say something" philosophy and the current state of world affairs.  I instantly thought that it wouldn't be too far fetched to believe this could possibly be a test of reaction or even a rehearsal for something worse in the future.  Does the FBO have security searching the students and staff before entering the flight line?  We have to go through a security checkpoint to access our aircraft.  I am concerned that this is something more than a simple mistake on the FBO folks.  Please let me know if further elaboration is required.",,Air Carrier Flight Crew reported while taxing out for departure and waiting at an intersection when they noticed an aircraft that taxied too close to their aircraft resulting in them not being able to move to avoid a collision with the other aircraft.  ATC moved the other aircraft and they departed the airport without further incident.
2235944,202504,1801-2400,,,,,0,,,,,,,,,,Air Carrier,Large Transport; Low Wing; 2 Turbojet Eng,,,Part 121,,,,Taxi,,,,,,,,,,,,,,,,,,,,,,,,,,,,,,,Air Carrier,Commercial Fixed Wing,,2,Part 121,,,,Taxi,,,,,,,,,,,,,,,,,,,,,,,,,,Gate / Ramp / Line,,Air Carrier,Ramp,,,,Communication Breakdown; Situational Awareness,Party1 Ground Personnel; Party2 Ground Personnel,,2235944,,,,,,,,,,,,Conflict Ground Conflict; Critical; Deviation / Discrepancy - Procedural Clearance; Deviation / Discrepancy - Procedural Published Material / Policy; Ground Event / Encounter Other / Unknown; Ground Incursion Taxiway,,,Person Ground Personnel,Taxi,General None Reported / Taken,Airport; Human Factors,Human Factors,I was the observer in a tug. We were bringing Aircraft X from pad to hanger X; we had to go through [another route] due to an aircraft on the hanger service road. I called for my support team to wing walk us out of [that area] due to a widebody being on the blast spot; support did show up to wing walk. I make the initial call to the ground tower to reposition to hanger X; they tell to hold short; and we stop still inside [that area]. Then ground tells us to give way to company aircraft from right to left then proceed to hanger X; and I respond back to ground. I then tell my driver again the instructions that ground gave us to make sure he knew. Then the driver proceeds to pull up to the movement line and I thought the driver was going to stop but didn't and crossed the line before giving way. I immediately tell the driver to stop; what are you doing; we are giving way to the aircraft and I even pointed at the plane and then tell the driver we aren't supposed to cross that line yet. The driver doesn't say a single word back to me and then kept creeping slowly up to November Bravo taxiway. I had to yell stop since the driver wasn't stopping. At this point I'm waiting for the pilots or ground tower to yell at us on the radio for crossing the line when not supposed to. I believe it startled the pilots because they slowed down the closer they got. Our support team was confused as well cause the driver just caused a surface incident; they tried to call us on the radio; but I didn't hear due to focusing on listening to hear the ground tower and the aircraft to call us as into why we were that far over the line and close to the taxiway. Once arriving to hanger X support brought us in; and one of the support team ask what happened while the other support is talking to the driver. Both of the support team was very concerned about what happened and our safety. when I talked to the other support that talked to my driver and I ask the support team why the driver crossed the line and wasn't supposed to; the driver told him;' their was enough space'. It doesn't matter enough space or not; we're supposed to follow SOP and not cross a movement line til cleared from the ground tower. I felt very unsafe and in fear; because my driver has zero regard to safety.,,,,Ramp agent reported a taxiway incursion while an observer in a tug was towing an aircraft on the airport surface to the hangar. When the driver received a clearance to hold short of a taxiway he then crept past the hold short line. The crossing aircraft had to slow down as they became unsure if the tug was going to stop.
2238327,202505,1801-2400,ZZZ.Airport,US,,,0,,,VMC,,,,,,,Air Carrier,B737 Undifferentiated or Other Model,,2,Part 121,IFR,Passenger,,Taxi,,,,,,,,,,,,,,,,,,,,,,,,,,,,,,,,Skyhawk 172/Cutlass 172,,1,,None,,,Taxi,,,,,,,,,,,,,,,,,,,,,,,,,,Aircraft X,Flight Deck,Air Carrier,Captain; Pilot Flying,Flight Crew Multiengine; Flight Crew Instrument; Flight Crew Air Transport Pilot (ATP),Flight Crew Last 90 Days 168.08; Flight Crew Total 3302.05; Flight Crew Type 3302.05,,Time Pressure; Situational Awareness,,,2238327,,,,,,,,,,,,Conflict Ground Conflict; Critical; Ground Event / Encounter Other / Unknown,,,,Taxi,Flight Crew Became Reoriented; Flight Crew Took Evasive Action,Human Factors,Human Factors,After landing ZZZ Runway XXL; taxi instructions were Taxi 1; 2; hold short of 3" awaiting gate to open. After turning onto 2; I observed strobe lights ahead and to the left; but could not identify their origin and could not understand why a taxiway leading to the cargo ramp had strobes flashing. A B-757 was in front of us on [taxiway] 2. As we approached the 757; I noticed a small; single white light well below the flight deck height. Fortunately; I realized in time it was the position light of a high-wing GA aircraft (possibly C-172?). I applied brakes and stopped within feet of the preceding aircraft. I turned the landing lights on to see better and at that point; the red anti-collision beacon at the top of the tail came on and made the aircraft much more visible. I suspect the pilot ahead turned the anti-collision beacon off and left the strobes on in error after landing. The First Officer (FO) and I saw the aircraft at the same time and were surprised how dark the aircraft was without its anti-collision beacon operating.",,,,Air carrier Captain reported a ground conflict critical during taxi. The Captain took evasive action to avoid a collision.
2239133,202505,,ZZZ.Airport,US,,,0,,,,,,,,,Ground ZZZ,Air Carrier,A320,,2,Part 121,IFR,Passenger,,Taxi,,,,,,,,,,,,,,,,,,,,,,,,,,,,,,,,,,,,,,,,,,,,,,,,,,,,,,,,,,,,,,,,,Aircraft X,Flight Deck,Air Carrier,Captain; Pilot Flying,Flight Crew Multiengine; Flight Crew Instrument; Flight Crew Air Transport Pilot (ATP),,,,,,2239133,,,,,,,,,,,,Ground Event / Encounter Loss Of Aircraft Control; Ground Event / Encounter Weather / Turbulence; Ground Excursion Taxiway,,,Person Flight Crew,Taxi,Flight Crew Returned To Gate; Flight Crew Regained Aircraft Control; General Maintenance Action,Airport,Airport,As we taxied northbound on taxiway 1 at ZZZ there was light rain falling and the taxiway appeared damp. We slowed to turn onto [taxiway] 2 to hold short of runway XXL; prior to turning the aircraft speed was approx 8-10kts. As I initiated the turn with the tiller the nosewheel began to slip and the aircraft continued to track forward towards the edge of the taxiway. I continued braking and believing the aircraft may exit the taxiway I deployed the TRs momentarily. The nosewheel regained traction and I brought the aircraft to a stop on the taxiway centerline short of the hold short line for XXL. As the aircraft was skidding there was a significant chatter from the nosewheel and multiple ecams popped up. As a result of this we contacted Maintenance Control through dispatch and decided to return to the gate. As we were taxiing back we informed tower of what occurred and requested they have airport ops inspect the area where the skid occurred as it didn't seem our speed or the damp conditions were significant enough to cause that kind of loss of traction. Airport ops reported back that the area had a build up of liquid de icing agent which the damp taxiway conditions must have obscured. The only other possible contributing factor was a somewhat light aircraft gross weight. Both the FO and myself recall the aircraft speed being around 10 knots or less. So I must believe the main factor was the de icing agent mixed with water and light aircraft weight. Subsequent to this occurrence the ZZZ airport authority closed the taxiway to clean it indicating they also believed this may have been the culprit.,,,,A320 Captain reported the aircraft began skidding during taxi when it encountered de-icing fluid on the taxiway. Flight returned to gate.
2240590,202503,1201-1800,ZZZ.Airport,US,,,,,,,,,,,,Ground ZZZ,Corporate,Citationjet (C525/C526) - CJ I / II / III / IV,,2,Part 91,IFR,Passenger,,Taxi,,,,,,,,,,,,,,,,,,,,,,,,,,Wheel Assemblies,,X,Malfunctioning,,,,,,,,,,,,,,,,,,,,,,,,,,,,,,,,,,,,Aircraft X,Flight Deck,Corporate,First Officer; Pilot Not Flying,,,,Troubleshooting,,,2240590,Aircraft X,Flight Deck,Corporate,Captain; Pilot Flying,Flight Crew Air Transport Pilot (ATP); Flight Crew Instrument; Flight Crew Multiengine,,,Troubleshooting,,,2240608,Aircraft Equipment Problem Critical; Flight Deck / Cabin / Aircraft Event Smoke / Fire / Fumes / Odor; Ground Event / Encounter Fuel Issue,,Y,Person Flight Crew,Taxi,Air Traffic Control Provided Assistance; Aircraft Aircraft Damaged; Flight Crew Requested ATC Assistance / Clarification; General Evacuated; General Flight Cancelled / Delayed,Aircraft,Aircraft,We received fuel at the FBO in ZZZ and had to burn off approximately 200lbs to get within our takeoff limitations. We called for taxi from the FBO and advised ground control that we needed to hold before making our way to runway XXL. The instructions given to us were to taxi to the 1 taxi area via 2; 3; 4; cross runway XY/XZ and hold at 1 and advise when ready to continue taxiing. We followed the instructions and began our taxi to the 1 taxiway. Once there; we set the parking brake and put the throttles between 70-80% N1 to burn fuel. We had the barking brake set for about two minutes before we were within limits for the takeoff weight. We began to taxi again after advising ground control that we were ready to depart. The plane felt sluggish while taxiing so we advised ground that we needed to stop the plane and check. We did not see any smoke at this time and no visible flames so we decided to continue taxiing; but the plane continued to show signs of a possible flat tire. We stopped the plane again and that is when we witnessed white smoke coming from the wheels. The captain called for an evacuation of the plane and I called for fire crews to come out to taxiway 1. We safely evacuated all passengers and crew and waited for the fires to be extinguished.,,We needing to burn fuel before takeoff; so; ask to be taxi in an area to burn fuel. We were given instruction to taxi to the 1 pad via taxiway 2; 3; 4;  cross runway XY and [taxiway] 1. We taxi in the 1 pad; set the breaks raise the power to approximately 75% N1. We burn approximately 240 lb of fuel. When we reached our take limit; we contact ground and asked for taxi instruction to runway XXL. Shortly after we started taxing the wheel felt sluggish. I asked to returned  to the  papa pad and evaluate the situation. We did not observed anything unusual; we asked to continue to taxi. Upon our 2nd taxi attempt the tire continue to feel sluggish we stopped; open the cabin door; observed smoke coming from the wheel and fire shortly after that. We called for fire trucks; shut the airplane down and evacuate the aircraft.,,Citation jet flight crew reported a wheel fire during taxi. Flight crew requested airport fire response crews and passengers were evacuated.
2243246,202505,1801-2400,ZZZ.Airport,US,,,0,,,VMC,,,,,,Tower ZZZ,Air Carrier,EMB ERJ 170/175 ER/LR,,2,Part 121,IFR,Passenger,,Taxi,,,,,,,,,,,,,,,,,,,,,,,,,,Electrical Power,,X,Malfunctioning,,,,,,,,,,,,,,,,,,,,,,,,,,,,,,,,,,,,Aircraft X,Flight Deck,Air Carrier,Captain; Pilot Flying,Flight Crew Instrument; Flight Crew Multiengine; Flight Crew Air Transport Pilot (ATP),,,,,,2243246,Aircraft X,Flight Deck,Air Carrier,First Officer; Pilot Not Flying,Flight Crew Air Transport Pilot (ATP); Flight Crew Instrument; Flight Crew Multiengine,,,,,,2243244,Aircraft Equipment Problem Critical; Ground Event / Encounter Loss Of Aircraft Control,,,Person Flight Crew,Taxi,General Maintenance Action,Aircraft,Aircraft,After initiating descent we had 2 advisory messages display. The first advisory was SPDA FAIL the second was FUEL FEED 2 FAULT. After complying with the QRH; No action was required except to monitor fuel system. Clearing the runway EICAS messages ENG 1 REV PROT FAULT; ENG 2 REV PROT FAULT; CRG FWD VENT FAIL; ENG 1 & 2 NO DISPATCH. We cleared Runway XXR and assessed the messages. On Taxiway 1 I called for flaps up and my First Officer (FO) started the APU. After turning on [Taxiway] 2 we were told that our gate was occupied. We pulled into the scenic pad to wait for our gate. After sitting there for a few minutes I called to shut down engine number 2. We received a call from operations that our gate had opened around XA:30. We were given a taxi clearance 1; 3; cross Runway XYR; right turn 4; hold short XYC. After a few minutes we were cleared to cross XYC. I released the parking brake and started to cross. My FO noted the EICAS message STEER OFF had appeared. Which I thought was odd because I was still steering with the tiller. I let up on the tiller and reengaged it with success. Half way across the runway we got a STEER FAIL message and I lost all steering with the tiller. I tried steering with the rudder before coming to a full stop on the runway. My FO alerted Tower we had lost all steering on XYC. We set the parking brake and alerted operations and Maintenance. After that we ran the STEER FAIL check list and reset it. It did not work and we could not control with differential braking. We got towed back to the gate XX.Cause: STEER Fail on an active runway was the cause. We are not aware of what caused the Steering to fail on the aircraft. I imagine that it had to do with some sort of electrical connection problem. We deduced that it was not a hydraulic problem because we did have braking action with the rudder pedals and the system looked normal on the hydraulic systems page. We had multiple EICAS messages after landing that were associated with the SPDA FAIL. The other messages that popped up didn't seem to make any sense in terms of that failures we had.Suggestions: I don't have much of a suggestion. What happened was a mechanical failure of our steering function that was unfortunately on a runway. We did everything that we could think of to fix the situation. Nothing worked for us so our best solution was to get a team to tow us off of the runway to the gate. If we had gotten the notification earlier we wouldn't have entered the runway but there was no indication that our steering was going to fail at that time or before while we were taxiing.,,During descent; we received SPDA FAIL and FUEL FEED 2 FAIL EICAS messages. We ran the appropriate checklists and continued the flight. After landing; we received the ENG 1 and 2 NO DISPATCH; CRG FWD VENT FAIL; ENG 1 and 2 REV PROT FAULT EICAS messages immediately after clearing the runway. We contacted maintenance and simultaneously received an instruction to wait in the scenic pad by the ground controller. While waiting for our gate to open; we shutdown engine 2 and continued to assess the messages. A few minutes later; ground instructed us to taxi via 2; 3; cross XZL; and hold short of XYC on 4. Shortly after; we were cleared to cross XYC on 4. While crossing the runway; we received the STEER FAIL EICAS message and the Captain was unable to steer the aircraft. We were put in a position where the safest answer was to stop and immediately contact Tower. We ran the STEER FAIL checklist and contacted Maintenance. We were unable to fix the problem and coordinated with operations to have a tug bring us to [gate] XX.Cause: We are unaware of what specifically caused the steering to fail; however I believe it was a result of some sort of electrical malfunction. The list of EICAS messages after landing was very confusing and did not seem to isolate one particular system.Suggestions: I do not currently have a suggestion that relates to a mechanical failure; but I believe these situations require crew members to slow down and use all applicable resources to make the safest decision.,,EMB-170 flight crew reported receiving multiple advisory messages on descent; then experienced nose wheel steering failure after landing; necessitating a tow into the gate.
2245207,202505,1201-1800,PHL.Airport,PA,,,0,,,,,,,,,Ground PHL,Air Carrier,Commercial Fixed Wing,,2,Part 121,IFR,,,Taxi,,,,,,,,,,,,,,,,,,,,,,,,,,,,,,,,,,,,,,,,,,,,,,,,,,,,,,,,,,,,,,,,,Aircraft X,Flight Deck,Air Carrier,Pilot Flying,Flight Crew Instrument; Flight Crew Air Transport Pilot (ATP); Flight Crew Multiengine,,,Confusion,,,2245207,,,,,,,,,,,,ATC Issue All Types; Deviation / Discrepancy - Procedural Published Material / Policy; Ground Event / Encounter Ground Equipment Issue,,,Person Flight Crew,Taxi,Flight Crew Overcame Equipment Problem,Airport,Airport,Taxiing from Spot 2 to 27L; directed to taxi J; Y; P; hold short of N.  Eastbound on 'Y' taxiway; there is no signage to indicate the 'P' taxiway.  Nothing happened during my event; but I believe this could be a potential problem if a crew misses the P" taxiway and proceeds to "S".Cause: Again; no issue on my flight; but the lack of signage for the "P" taxiway could be a safety hazard.",,,,Air carrier pilot reported there is no signage at Taxiway P while eastbound on Taxiway Y at PHL.
2246115,202505,1201-1800,ZZZ.Airport,US,,,,,,,,,Daylight,,,Tower ZZZ,FBO,Small Aircraft; Low Wing; 1 Eng; Fixed Gear,,1,,,Training,,Taxi,,,,,,,,,,,,,,,,,,,,,,,,,,,,,,,,,,,,,,,,,,,,,,,,,,,,,,,,,,,,,,,,,Aircraft X,Flight Deck,FBO,Instructor,Flight Crew Commercial; Flight Crew Flight Instructor; Flight Crew Instrument,,,,,,2246115,,,,,,,,,,,,Ground Event / Encounter Loss Of Aircraft Control,,,Person Flight Crew,Taxi,Air Traffic Control Provided Assistance; Flight Crew Requested ATC Assistance / Clarification; General Maintenance Action,Airport,Airport,Aircraft got stuck in Hot Tar covering a significant hole.  We got off runway XX R requesting a taxi to run up area to close and open flight plans; as well as perform before takeoff flow and checklist.   There was a gap covered in tar on the run up area; we taxied past it; but the student turned the plane and we thought we weren't on that gap.  Did what we needed to do; got ready to taxi to the hold short line; and the plane veered left; it stopped.  We thought it was just the gap; and added a little power trying to straighten the nose wheel; after a couple of attempts; we called tower and let them know we were stuck.  We waited a few minutes; someone came out and told us to shutdown the plane; and we got out.  The left main had got caught up in the tar; and the nose wheel was also stopped on the tar; and the planes wheels were sinking into the slight bit of tar covering the gap.  We tried with assistance to push the plane slightly; but it was stuck.  After talking to the DOM; and then maintenance; the Tucson airport authority had come out with a tow bar attached to a pickup truck.  Maintenance said they could tow it; as long as it wasn't too far; they towed it out about 5 feet; and got it unstuck.  We performed a visual inspection; other than some black residue on the fairing; the wheels and fairings looked fine; and the plane taxied; landed and took off fine.  Called maintenance; squawked aircraft for a pin inspection of the fairings.  Also; the caps pin placard wasn't in the plane during our post flight; and it was realized that it had been blown out of the flight deck with the gusting win; as it kept falling down and was barely hanging on to begin with.  Included in the squawk to maintenance that new caps placard required.Suggestions: A note be sent out about those cracks; and to make sure you avoid them; and definitely don't park on them.,,,,Flight instructor reported the aircraft's wheel got stuck in a taxiway crack that had just been tarred over.
2246536,202505,0601-1200,TIX.Airport,FL,,,0,,,VMC,,,Daylight,,,Ground TIX,FBO,Small Aircraft; Low Wing; 1 Eng; Fixed Gear,,2,Part 91,IFR,Training,,Taxi,,,,,,,,,,,,,,,,,,,,,,,,,,,,,,,,,,,,,,,,,,,,,,,,,,,,,,,,,,,,,,,,,Aircraft X,Flight Deck,FBO,Pilot Flying,Flight Crew Private,Flight Crew Total 156,,Confusion,,,2246536,,,,,,,,,,,,Deviation / Discrepancy - Procedural Published Material / Policy; Ground Event / Encounter Other / Unknown; Ground Incursion Taxiway,,,Person Flight Crew,Taxi,,Airport,Airport,After landing at TIX; we parked at the FBO and waited for fuel. Once we started up and began taxiing out of parking; we noticed there were not any non-movement area boundary markings anywhere around the ramp. Looking ahead; there were also no taxiway signs visible. But when we looked left we saw a black sign with a yellow 'E;' indicating we were on Taxiway Echo. We had no clear indication if we were entering a movement area; no hold short lines; and no painted marking. We contacted Ground and picked up our IFR clearance; and Ground didn't mention anything about our location or entry onto the movement area so it may not have been a non-movement area. After the flight; we looked at the airport on online maps; and it looks like there might be a movement boundary line near the Echo sign; which would mean we were not on a non-movement area. But; the FAA taxi diagram shows the entire area as Echo; which is confusing. The lack of marking can be confusing for pilots unfamiliar with the airport.,,,,General aviation pilot reported confusion due to the lack of movement boundary markings at TIX.
2247638,202505,,,,,,0,,,,,,,,,,Air Carrier,Commercial Fixed Wing,,2,Part 121,IFR,Passenger,,Taxi,,,,,,,,,,,,,,,,,,,,,,,,,,,,,,,,,,,,,,,,,,,,,,,,,,,,,,,,,,,,,,,,,Aircraft X,Flight Deck,Air Carrier,Captain; Pilot Flying,Flight Crew Instrument; Flight Crew Multiengine; Flight Crew Air Transport Pilot (ATP),Flight Crew Last 90 Days 167.03; Flight Crew Type 1255.80,,,,,2247638,,,,,,,,,,,,Conflict Ground Conflict; Critical; Ground Event / Encounter Other / Unknown,,,Person Flight Crew,Taxi,Flight Crew Requested ATC Assistance / Clarification; Flight Crew Took Evasive Action,Procedure; Human Factors,Human Factors,On taxi out ramp assigned use A12 hold short A and call ground. Holding short of A on A12 we contacted ground control. The controller instructed us to taxi to Rwy 22L via V cross 22R and join P. We cleared both the left and right side and turned the taxi light on and started to move forward into the V and A intersection. As I was moving I noticed an operations vehicle driving on Taxiway A at high rate of speed from my left. They entered the V and A intersection off the nose of the aircraft approx 60' away. This caused me to stop my forward movement out of concern for safety.  The ops vehicle proceeded without stopping to the Ramp. I contacted ground and informed them of the vehicle and that we unfortunately did not get a vehicle number.,,,,Air carrier Captain reported they had to make an abrupt stop while taxiing to avoid a vehicle crossing their path on the same taxiway.
2251465,202506,0601-1200,ZZZ.Airport,US,,,0,,,VMC,,,,,,Ground ZZZ,Air Carrier,B737 Undifferentiated or Other Model,,2,Part 121,IFR,Passenger,,Taxi,,Class B ZZZ,,,,,,,,,,,,,,,,,,,,,,,,,,,,,,,,,,,,,,,,,,,,,,,,,,,,,,,,,,,,,,,Aircraft X,Flight Deck,Air Carrier,Captain,Flight Crew Multiengine; Flight Crew Instrument; Flight Crew Air Transport Pilot (ATP),Flight Crew Last 90 Days 189.33; Flight Crew Total 2021.78; Flight Crew Type 2021.78,,Situational Awareness,,,2251465,Aircraft X,Flight Deck,Air Carrier,Pilot Not Flying; Captain,Flight Crew Air Transport Pilot (ATP); Flight Crew Instrument; Flight Crew Multiengine,Flight Crew Last 90 Days 189.33; Flight Crew Total 2021.78; Flight Crew Type 2021.78,,,,,2251481,Deviation / Discrepancy - Procedural Published Material / Policy; Ground Event / Encounter Loss Of Aircraft Control,,,Person Flight Crew,Taxi,Flight Crew Regained Aircraft Control,Human Factors; Airport,Human Factors,During single engine taxi out of the ramp; we stoped at a spot short of the service road. The spot sits on a relative incline; compared to the ramp. We received our taxi clearance of Taxiway 1-Taxiway 2-XXR. The trainee used the control column toggle down transmit to read back the clearance. This error was recognized and read back on the correct transmitter. When I released the parking brake to taxi; I initially pushed up the number 1 thrust lever by accident. Because of the incline; we began to slowly roll backwards. I immediately pushed up the number 2 thrust lever to about 60%. I lightly touched the brakes; but did not want to induce a tail tip. We had to wait for engine 2 to spool up and provide enough thrust to stop our roll and create forward movement. We probably rolled backwards for 5-10 feet. Fortunately; there was no traffic behind us. I am very familiar with ZZZ and all of its taxiways. It was a mistake that happened at one of the worst places on the airport it could have happened at.,,Conducting OE (Operating Experience) training on our ZZZ-ZZZ1 flight. Flaps 5 max power NADP (Noise Abatement Departure Procedure) departure off of XXR; for training. Clearance was climb via the ZZZZZ2 RNAV. At 6300 feet indicated; ATC instructed us to level off at 7000 feet. We were climbing at 2000+ feet per minute; with the expectation of cleaning up at 3000 feet AGL. We were able to level off just fine; however; it really was an unexpected clearance. Our VNAV disconnected with 180 kts in the window; we still had flaps 5 out...it was a strain on our situational awareness to correct the MCP (Mode Control Panel) and comply. We ended up abandoning our NADP plan and cleaned up level at 7; after bugging the clean maneuver speed. We continued at 7000 feet for a couple minutes and were then cleared up to 8;000 feet. ATC told us the level off was because of traffic off of 8 in the west. I don't know what that means. It just happened really fast and caught us by surprise...off all the times to be doing an NADP.,,B737 flight crew reported momentary loss of aircraft control during taxi out for takeoff.
2254866,202506,0601-1200,ANC.Airport,AK,,,0,,,VMC,,,,,,Ramp ANC,Air Taxi,Light Transport,,2,Part 135,IFR,Cargo / Freight / Delivery,,Taxi,,,,,,,,,,,,,,,,,,,,,,,,,,,,,,,,,,,,,,,,,,,,,,,,,,,,,,,,,,,,,,,,,Aircraft X,Flight Deck,Air Taxi,First Officer; Pilot Not Flying,Flight Crew Air Transport Pilot (ATP); Flight Crew Instrument; Flight Crew Multiengine,Flight Crew Last 90 Days 71; Flight Crew Total 3200; Flight Crew Type 63,,Communication Breakdown,Party1 Flight Crew; Party2 ATC,,2254866,,,,,,,,,,,,ATC Issue All Types; Deviation / Discrepancy - Procedural Clearance; Deviation / Discrepancy - Procedural Published Material / Policy; Ground Event / Encounter Ground Equipment Issue,,,Person Flight Crew,Taxi,Flight Crew Overcame Equipment Problem,Airport; Human Factors,Airport,This morning after engine start at the Anchorage Ramp I overheard another company aircraft experiencing trouble contacting Ground Control on 121.9. We (myself and the Captain) could both hear our company and the Ground Controller clearly but it appeared that Ground could not hear company. They eventually contacted Clearance Delivery for taxi instructions. Approximately 1 - 2 minutes later I tried contacting Ground on 121.9 three times; at about 1-minute intervals with no response. At this point I tuned 121.9 in our secondary radio and was successful contacting Ground and received taxi instructions to hold short [Runway] 33 at [Taxiway] S. I tuned Tower in my number 2 radio and received instructions to cross 33 at S; continue Y K HS at S. On the taxi; the Captain retuned my radios to normal setup; tuning Tower in the radio 1 and our company frequency in number 2. He did not reselect my audio panel so my transmissions were now on company instead of Tower frequency. I did not catch this. Tower cleared us for takeoff which I unknowingly acknowledged on company rather than Tower frequency. Tower then handed us off to Departure; while making the frequency change to Departure Control I caught the mistake and selected the correct radio for comms with Departure.Discussing the event later with a crew from a third company airplane that was on Ground frequency at the time; they could hear both us and the previous crew from the east side of the airfield on the far side of the Control Tower. They did not hear me read back Tower's instructions but commented that we must have heard Tower because we turned our lights on and departed.There were two items together that combined set me up for this mistake. The first is a potential problem with ATC radio equipment on 121.9; possibly interference from construction; creating a dead zone on the ramp just as Taxiway Sierra enters the north ramp. The second factor was a CRM deficiency between myself and the Captain where one pilot changed equipment on the other's panel without communicating what was changed.,,,,Air taxi First Officer reported having communication problems with ANC Ground Control that may be due to interference from construction causing a radio dead zone on the ramp area.
2257261,202506,0601-1200,ZZZZ.Airport,FO,,,0,,,VMC,,,,,,,Air Carrier,B787 Dreamliner Undifferentiated or Other Model,,3,Part 121,IFR,Passenger,,Taxi,,,,,,,,,,,,,,,,,,,,,,,,,,,,,,,,,,,,,,,,,,,,,,,,,,,,,,,,,,,,,,,,,Aircraft X,Flight Deck,Air Carrier,Captain; Pilot Flying,Flight Crew Air Transport Pilot (ATP); Flight Crew Multiengine; Flight Crew Instrument,Flight Crew Last 90 Days 162.88; Flight Crew Type 1307.15,,Communication Breakdown; Confusion; Situational Awareness,Party1 Flight Crew; Party2 Ground Personnel,,2257261,,,,,,,,,,,,Deviation / Discrepancy - Procedural Published Material / Policy; Flight Deck / Cabin / Aircraft Event Other / Unknown; Ground Event / Encounter Loss Of Aircraft Control,,,Person Flight Crew; Person Ground Personnel,Taxi,Flight Crew Became Reoriented; Flight Crew Regained Aircraft Control,Human Factors,Human Factors,During pushback; everything was normal up until the initial taxi. After pushback was complete; the pushback crew told me to set the parking brake and then cleared us to start the engines. We complied with his instructions and set the brakes. We then started the engines uneventfully.  I knew that once I received the command to set the parking brake that the ground crew would be disconnecting the tow bar. Several minutes had passed and I had not heard back from the ground crew. I thought that I had cleared him to disconnect his headset since I had not heard back from him. There was no ground crew person or equipment in sight either in front of the airplane or to either side. There was also no one in front of us with wands in hand signaling 'stop' like we are used to seeing in ZZZ.  So; because I had not heard from nor seen anyone; I asked for the  flaps to be placed to the takeoff position. I then performed a control check and asked for the after start checklist. Once complete; I asked for my first officer to get the ATC taxi clearance. Once received; I turned on the taxi light then released the brakes. The airplane moved slightly forward a few inches when I heard the ground crew say; 'flight deck' on the interphone. I immediately stopped the airplane and set the parking brake. Due to non-normal pushback communications; I did not know that the ground crew was still on headset although the towbar was disconnected. I told the ground crew that I did not know that he was still on  headset. I then cleared him to disconnect his headset and that I would look for his salute.  He complied with those instructions. We then asked for and received taxi instructions with no further issues.,,,,Air carrier Captain reported releasing the brakes before the pushback crew had disconnected headset. Pushback crew communicated to Captain who stopped aircraft movement.
2259093,202506,0601-1200,ZZZ.Airport,US,,,0,,,,,,,,,Tower ZZZ,,PC-12,,2,,IFR,Passenger,,Taxi,,,,,,,,,,,,,,,,,,,,,,,,,,Parking Brake,,X,Failed,,,,,,,,,,,,,,,,,,,,,,,,,,,,,,,,,,,,Aircraft X,Flight Deck,,Pilot Flying; Captain,,,,,,,2259093,Aircraft X,Flight Deck,,Pilot Not Flying; First Officer,,,,,,,2257895,Aircraft Equipment Problem Critical; Ground Event / Encounter Loss Of Aircraft Control,,,Person Flight Crew,Taxi,Air Traffic Control Provided Assistance; Flight Crew Requested ATC Assistance / Clarification; General Maintenance Action,Aircraft,Aircraft,Holding short runway XX; I put on the parking brake on while waiting for take off clearance. Once we got our clearance; I took off the parking brake and applied a normal amount of power to move onto the runway. The plane did not move and I asked my SIC (Second in Command) if he was on the brakes and he responded no. I then applied more power; in which there was a bang/clunk sound. We taxied onto the runway and we felt what felt like a very rough shimmy damper. We decided to ask to exit the runway and taxi back just to be on the safe side and see if something felt off. Upon continuing to taxi; it was evident both tires were flat. The plane uncontrollably steered to the left and had no directional control. We shut down on the runway; passengers were escorted off and the plane got towed off the runway after roughly an hour. I believe that the parking brake might have been stuck in the on position and the adding of power simultaneously caused the tires to pop.,,Had both main tires go flat during takeoff. We were heavy and a heat wave was going on. After taxiing to the runway the PIC set the brake at the hold short line. Upon receiving clearance the pic released the brake. The aircraft refused to move. Pic gave the aircraft a little more power; perhaps to get the momentum going. The aircraft made a noticeable and almost audible jerk which the whole cabin felt. Upon getting onto the runway we decided to abort and requested a taxi back to a taxiway to figure out what was going on. While moving to get off the runway the aircraft had a uncommanded and uncorrectable turn to the left. We immediately stopped (still on the runway) and shut down. Both main tires were flat and a on field mx (Maintenance) shop had to put the aircraft on skates to get it off the runway.,,PC12 flight crew reported loss of directional control as they taxied on to the runway for takeoff; related to multiple flat tires that may have been caused by a parking brake malfunction.
2260049,202507,0601-1200,ZZZ.Airport,US,,,0,,,VMC,,,Daylight,,,Ground ZZZ,Personal,Citationjet (C525/C526) - CJ I / II / III / IV,,1,Part 91,IFR,Personal,,Taxi,,,,,,,,,,,,,,,,,,,,,,,,,,Wheels/Tires/Brakes,,X,Malfunctioning,Tower ZZZ,,SR22,,1,,,,,Final Approach,,Class D ZZZ,,,,,,,,,,,,,,,,,,,,,,,,Aircraft X,Flight Deck,Personal,Single Pilot; Pilot Flying,Flight Crew Private; Flight Crew Multiengine; Flight Crew Instrument,Flight Crew Last 90 Days 60; Flight Crew Total 1800; Flight Crew Type 1000,,Situational Awareness; Communication Breakdown; Confusion,Party1 Flight Crew; Party2 ATC,,2260049,,,,,,,,,,,,Aircraft Equipment Problem Critical; Conflict Ground Conflict; Critical; Deviation / Discrepancy - Procedural Clearance; Deviation / Discrepancy - Procedural FAR; Deviation / Discrepancy - Procedural Published Material / Policy; Ground Event / Encounter Loss Of Aircraft Control; Ground Incursion Runway,,,Person Air Traffic Control; Person Flight Crew,Taxi,Air Traffic Control Issued Advisory / Alert; Air Traffic Control Issued New Clearance; Flight Crew Regained Aircraft Control; Flight Crew Overcame Equipment Problem; General Maintenance Action,Human Factors; Aircraft,Aircraft,I was taxing for takeoff on [taxiway] 1 to Runway XXL as instructed by ZZZ ground.  Instructions where to hold short of runway XXL and await release.Slightly prior to reaching the hold short line of XXL; I experience an intermittent brake failure.  Cause unknown.  After applying significant unusual pressure to the brake pedals; I was able to get the aircraft to stop.  However; I had rolled past the hold short line for XXL. By the time I was able to get the plane under control; I heard the tower instruct Aircraft Y that was on short final to go around (as a result of my crossing of the hold short line).The tower then instructed me to cross runway XXL at [taxiway] 2 and contact ground. I acknowledged the instruction and crossed.  [Taxiway] 2 does not have an immediate intersection across the runway to enter.  [Taxiway] 3  is slightly left of the 2 entrance and 3 is slightly to the right.  Not knowing which intersection to enter for the crossing on the Bravo side; I chose 3.  I should have clarified which to use with the Tower; but given the adrenaline of the braking issue and the situation; I focused on 'flying the plane' first.  As I taxied towards 3; I was instructed by the Tower to expedite as; 'I was on an active runway and didn't cross at 2'.I exited the runway at 3; tested my brakes again and the issue had resolved.  I taxied back to XXL on 3 and departed without incident.Aircraft had recently come out of maintenance where hydraulic system had been bled for air in lines; but it shouldn't have impacted the brake any further issue.The root of the issue was the brake failure; unclear crossing instructions by the ZZZ tower and my failure to clarify the crossing instructions when the crossing exit was not clear to me.The plane had recently come out of maintenance where work was done to bleed the hydraulic lines of air.  This shouldn't have impacted the braking system; but its possible that an issue may have been inadvertently caused during this maintenance event.  I have the plane being inspected by mechanics now.,,,,Citation pilot reported a runway incursion after brakes failed to stop aircraft prior to runway hold short line.
2260304,202507,1201-1800,ZZZ.Airport,US,,,0,,,,,,,,,Ramp ZZZ,Air Carrier,Regional Jet 900 (CRJ900),,2,Part 121,IFR,Passenger,FMS Or FMC; GPS,Taxi,,,,,,,,,,,,,,,,,,,,,,,,,,Nosewheel Steering,,X,Improperly Operated,,,,,,,,,,,,,,,,,,,,,,,,,,,,,,,,,,,,Aircraft X,Flight Deck,Air Carrier,Captain; Pilot Flying,Flight Crew Multiengine; Flight Crew Instrument; Flight Crew Air Transport Pilot (ATP),,,,,,2260304,Aircraft X,Flight Deck,Air Carrier,Pilot Not Flying; First Officer,Flight Crew Air Transport Pilot (ATP); Flight Crew Instrument; Flight Crew Multiengine,,,,,,2260305,Aircraft Equipment Problem Less Severe; Deviation / Discrepancy - Procedural Published Material / Policy; Flight Deck / Cabin / Aircraft Event Other / Unknown; Ground Event / Encounter Loss Of Aircraft Control,,,Person Flight Crew,Taxi,Flight Crew Returned To Gate; General Maintenance Action,Aircraft,Aircraft,Aircraft was delayed on mx (Maintenance). When we finally got on board aircraft F/O went outside to complete walk around whilst I reviewed the AML (Aircraft Maintenance Logbook) and completed the acceptance flow. When F/O got back from walk around he mentioned that nothing was out of the ordinary. After pushback we completed the after start and before taxi checklists as per normal. When we went to taxi away despite putting input in the tiller for a left turn; the aircraft was turning hard right. I stopped the aircraft; ensured that the N/W STRG (Nosewheel Steering) switch was indeed on and that HYD SYS 3 had adequate pressure. We did not receive a message. We quickly reviewed the QRH for a steering inop non message - there is no such checklist; but did review the QRH for the steering inop caution message. Given this was the symptom we were experiencing we followed that checklist to no avail. I then quickly called Maintenance Control and they suggested the torque linkage may not be connected. After talking with the ground crew they confirmed this was the case. We decided the best course of action was to be towed back to the gate to have MX reconnect the torque linkage and conduct a quick ops check to make sure that was indeed the cause of the issue. We coordinated and carried that out. Upon return to the gate I visually inspected the nose gear and the torque linkage was indeed disconnected. During reflection with the F/O he recalled paying close attention to the nose gear as the area around it on the fuselage was particularly dirty; and at the time did not notice or recall seeing anything out of place.Cause: Torque linkage disconnected.Suggestion: More thorough walk around/inspection from all parties; MX; Ground Crew and F/O.,,We picked up the aircraft from maintenance; which was delayed. While the captain reviewed the MEL; I went outside to conduct my walk-around inspection. During the inspection; I did not notice anything abnormal with the aircraft. After completing our checklist; the ground crew pushed us back; and we received clearance to start the engine. Once the crew walked away; we performed the after-start check and the taxi checklist. We checked the nosewheel steering (N/W STRG) switch; and it was armed. We then obtained taxi clearance from the ramp.When the captain applied power; the aircraft veered to the right instead of the left. We stopped; set the brakes; and canceled our taxi clearance. We reviewed the QRH for the steering inoperative situation and called Maintenance Control. They informed us that the twerk links might not have been connected. We called the ramp and requested to be pushed back in. The crew came out and pulled us back in. Maintenance confirmed that the links were indeed not connected. They reconnected everything and conducted a proper test; no other issues arose afterward.Cause: Tourguq linkage left disconnected.Suggestion: Maintenance check torque linkage.,,Air carrier flight crew reported that after pushing back from the gate; the aircraft's steering had failed.
2262838,202507,0601-1200,MDW.Airport,IL,,,0,,,VMC,10,Poor Lighting,Daylight,,,Ground MDW,Corporate,Medium Transport; Low Wing; 2 Turbojet Eng,,2,Part 91,IFR,Passenger,,Taxi,None,,,,,,,,,,,,,,,,,,,,,,,,,,,,,,,,,,,,,,,,,,,,,,,,,,,,,,,,,,,,,,,,Aircraft X,Flight Deck,Corporate,Captain,Flight Crew Instrument; Flight Crew Flight Instructor; Flight Crew Multiengine,Flight Crew Last 90 Days 125; Flight Crew Total 11000; Flight Crew Type 2000,,Time Pressure; Confusion; Communication Breakdown; Situational Awareness,Party1 Flight Crew; Party2 Flight Crew,,2262838,,,,,,,,,,,,Deviation / Discrepancy - Procedural Published Material / Policy; Deviation / Discrepancy - Procedural Clearance; Ground Event / Encounter Other / Unknown; Ground Incursion Taxiway,,,Person Flight Crew,Taxi,Air Traffic Control Provided Assistance; Flight Crew Requested ATC Assistance / Clarification,Environment - Non Weather Related; Human Factors; Procedure; Chart Or Publication; Airport,Airport,Landed 4R exited Taxiway Q. There was Aircraft Y just to our left ready to taxi. We were told to contact Ground. I made a right turn on Y get off the runway. FO had accidentally put the wrong frequency in for Ground and he had to switch to the current Ground frequency. This took about 15 to 30 seconds. We contacted Ground and was told to taxi Y; P; hold short 31R. Then MDW Ground Control stated there is a Taxiway Papa reconfiguration. MDW had closed Taxiway H and Y west of P. As we taxied on Y approaching Papa I focused on the reconfiguration of Papa and saw Papa location signs in the area that was closed giving directions to continue on Papa. With the reconfiguration; Papa taxiway turns early to the left into the ramp area. I was focused on the P taxiway identification signs in the closed area and taxied straight ahead from Y. The taxiway line disappeared under my nose and I missed the left turn to continue on Papa. I stopped the aircraft and saw temporary lights on the ground on the front left side of the aircraft. I realized my nose was over the reconfigured closed area and I had missed my turn to continue on Papa. The closed area looked just like the normal open taxiways. Without assurance that I could make a left turn and continue on Papa; we called Midway Ground and asked if Operations could look to make sure we could turn. MDW Airport Operations marshalled us clear of the area and we continued to our FBO. We did not contact any objects on the ground.Things that could have possibly helped would have been to cover the location signs in the closed area so as not to confuse directions? The temporary lights in the closed area were not on. If they were on I might have seen the lights earlier. Since the lights are temporary; they are small and very low to the ground. Midway Ground let us know of the reconfigured area on taxi in and [as] we fly into MDW semi regularly; the change to our normal taxiway was different and had confused us.Contributing factors. Busy taxi instructions. Unfamiliar with P reconfiguration. Border temporary lighting in closed area not on; although it was daytime. Closed area appears open and looks like normal taxiway. Complacency with operating out of MDW previously without P reconfiguration. Being rushed after missed frequency switch to Ground.Corrective actions for us. Review taxiway instructions. If confused; stop; ask for clarification. Since MDW Ground alerted to a reconfiguration on P we should have been more vigilant.,,,,Corporate jet Captain reported being confused by the reconfiguration of Taxiway P and missed the left turn to continue onto the taxiway; and went into the reconfigured closed area as a result.
2264428,202507,0601-1200,ZZZ.Airport,US,,,0,,,VMC,8,,Daylight,1800,,UNICOM ZZZ,FBO,Skyhawk 172/Cutlass 172,,2,Part 91,VFR,Training,,Taxi,,,,,,,,,,,,,,,,,,,,,,,,,,Brake System,,X,Malfunctioning,,,,,,,,,,,,,,,,,,,,,,,,,,,,,,,,,,,,Aircraft X,Flight Deck,FBO,Pilot Flying,Flight Crew Student,Flight Crew Last 90 Days 20.3; Flight Crew Total 35.3; Flight Crew Type 20.3,,Time Pressure,,,2264428,Aircraft X,Flight Deck,FBO,Instructor; Pilot Not Flying,Flight Crew Instrument; Flight Crew Flight Instructor; Flight Crew Commercial,Flight Crew Last 90 Days 152.2; Flight Crew Total 570; Flight Crew Type 403,,Situational Awareness,,,2264442,Ground Event / Encounter Loss Of Aircraft Control; Ground Event / Encounter Object; Ground Excursion Taxiway,,,Person Flight Crew,Taxi,General Evacuated; General Flight Cancelled / Delayed; General Maintenance Action,Human Factors; Aircraft,Aircraft,I pre-flighted the aircraft; all of the wheels were in good condition. After discussing the flight plan with my instructor; we go into the aircraft and both performed our brake checks to which the brakes responded well. We then taxied from the West Ramp to runway XX via taxiway 1. During the taxi; we had a light tailwind so my instructor had me taxi full aft. Once we reached the end of the taxiway and were about to turn right to line up with the hold short lines; I noticed the plane was veering to the left; even though I was applying right rudder pressure. I applied full right rudder firmly to which the plane did not respond and continued veering left. My instructor attempted to help apply right rudder pressure; the plane still did not respond. My instructor told me to cut the engine; so I pulled the throttle fully out. My instructor then turned off electrical equipment and pulled mixture fully idle as we continued to veer off the runway. The plane stopped in a small ditch in the grass; we contacted UNICOM for assistance; then exited the airplane.,,My student and I did a quick review of our anticipated plan of flight to continue Part 61 private pilot training. The student preflighted the airplane before I arrived because we were going to try for a solo cross country flight. Ceiling at ZZZ was scattered at 1800; but the ceiling at destination was too low for solo XC; so we decided to conduct a dual instruction flight. I did a cursory glance of the airplane and noted no defects. Engine start went normally and we obtained weather as required. Winds were out of the south around 4 or 5 knots. We conducted a dual brake check before taxi. The student checked her brakes; and then handed controls to me; and I checked mine. The airplane was responsive to both brake checks. We continued our taxi from the south side of the West Ramp via the taxi intersection via 2 and continued left down 1 to runway XX. The airplane was taxiing at 1000rpms. I reminded the student during taxi to have wind correction and since we had a tailwind; we would have higher ground speed on taxi and to hold the yoke full aft to help lift the nose; correct for the wind; and slow the plane down before needing to apply brakes. I noted mentally that our speed was a few knots faster than normal. I double checked our power setting (which was at 1000rpms); and ground speed was around 15knts. I was going to suggest applying brakes to slow down; but we were by that time approaching the run-up area and the student was already applying brakes. However; the airplane made no noticeable response and was beginning to yaw to the left. I quickly reacted by reaching out for the right brake and rudder pedal only to notice that it was already full deflection to the right. I reached out even farther and suggested we pump the brakes in case to see if we had somehow locked them up or could get some pressure. By this time we were approaching the grass and a taxi light and continuing to veer to the left. I called out; 'Shut the engine down;' a couple of times. The plane veered into the grass and kept its left turn until it came to rest in the thick grass halfway down a ditch. As soon as the plane came to rest; I called again; 'Turn the engine off. Shut everything down.' The student turned the ignition switch to 'off' and I pulled the mixture to cutoff. The propellor cut some grass but did not strike terrain. After cutting the engine we heard a radio call from an aircraft taxiing behind us informing traffic we went off the taxiway. I made a follow-up call announcing our location and confirming that we were fine. Then I cut the master switch and avionics switch; and we egressed from the aircraft; performed a visual inspection; called maintenance and line personnel and returned to the airport.,,Flight Instructor and student reported brake malfunction during taxi resulted in taxiway excursion.
2264850,202507,1201-1800,ZZZ.Airport,US,,,0,,,VMC,,,Daylight,,,Tower ZZZ,FBO,DA42 Twin Star,,2,Part 91,VFR,Test Flight / Demonstration,,Taxi,None,,,,,,,,,,,,,,,,,,,,,,,,,Engine,,X,Failed,,,,,,,,,,,,,,,,,,,,,,,,,,,,,,,,,,,,Aircraft X,Flight Deck,FBO,Pilot Not Flying; Instructor,Flight Crew Flight Instructor; Flight Crew Commercial; Flight Crew Instrument; Flight Crew Multiengine,Flight Crew Last 90 Days 50; Flight Crew Total 1460; Flight Crew Type 130,,,,,2264850,Aircraft X,Flight Deck,FBO,Pilot Flying,Flight Crew Flight Instructor; Flight Crew Commercial; Flight Crew Multiengine; Flight Crew Instrument,Flight Crew Last 90 Days 210; Flight Crew Total 1125; Flight Crew Type 120,,,,,2264858,Aircraft Equipment Problem Critical; Ground Event / Encounter Loss Of Aircraft Control,,,Person Flight Crew,Taxi,Air Traffic Control Provided Assistance; Flight Crew Requested ATC Assistance / Clarification; General Maintenance Action,Aircraft,Aircraft,Planned a short flight in the pattern with a second instructor on board (Pilot Flying) and myself (pilot monitoring/PIC) after maintenance had been performed on the engines. Performed a normal runup and verified all engine parameters where ok. The plan was for CFI (pilot flying) to fly the plane while I (PIC) monitored the engine instruments for any abnormalities. The takeoff was performed with no issues. Joined downwind and just before turning base; as planned; we brought the right engine to idle. No issues. As planned; at 200 ft AGL; while lined up for the runway; I called a go-around with both engines. Pilot flying applied full power on both engines and flew the go-around while I monitored the engines and again noticed no issues. We came back for a landing on XXL and after exiting the RWY at TWY 1 I began running the after landing checklist while Pilot Flying turned us onto TWY 2 as instructed by the tower. The left engine then came to a stop. Because we had momentum and were maintaining TWY centerline I called tower to let them know we would need to return to the ramp. We were cleared to the ramp via '2>3>Cross RWY XYR @ 4.' With minimal power and momentum we reached TWY 3 and after turning and crossing the RWY Hold Short line we began to loose speed and directional control. Tried to add some power to pick up more speed but the airplane began to turn right harder and we immediately stopped. I attempted to start the left engine holding the starter less than 10 seconds and it did not start.At this point I called tower to let them know we would need to tow the aircraft out of the RWY back to the ramp. I called the school's personnel and they were escorted to the aircraft within 5 minutes and moved the airplane back to our hangar. After the flight both pilots debriefed the entire situation and found we both couldn't notice anything out of the ordinary on the engine instruments that would have led to the engine failure. However we know now that we should have stopped our taxi the moment we lost the engine and called for assistance sooner as it is near impossible to maintain directional control on the ground without an engine.,,While performing a maintenance flight for a DA-42; the left engine shut down and was unable to be restarted. The flight crew consisted of two MEI's from the school working as a crew to verify engine operations after maintenance. The engine failure occurred on the ground after a normal start up; run up; and 2 laps in the pattern. After a landing on XXL; our plan was to taxi back for one more lap in the pattern. We exited XXL at 1 with a right turn onto TWY 2; during the turn the left engine failed. We were able to continue taxiing single engine with the momentum we had and the pilot monitoring called tower for a taxi clearance back to the ramp. As our momentum slowed; the aircraft became more difficult to control. Upon a left turn onto TWY 3 and the uphill slow to cross XYR; the aircraft began to pull to the left with no ability to continue controlled taxi. We held position and advised tower we were disabled. The school maintenance staff were able to come tow us back to the hanger.While waiting for maintenance; the pilot monitoring attempted to restart the engine with no success. We then secured the engine and shut down completely.In our debrief; both pilots agreed the best course of action would have been to stop and hold position rather than attempting to continue to the ramp. Neither of us have ever attempted a single engine taxi and did not realize that once we are stopped a single engine taxi is not possible in this aircraft.,,DA42 test flight crew reported they lost directional control after clearing the runway following the loss of the left engine. Reporters stated this aircraft cannot be taxied safely on one engine.
2266580,202507,0601-1200,ZZZ.Airport,US,,0,0,,,VMC,10,,Daylight,,,Ground ZZZ,Air Taxi,Cessna 404 Titan,,1,Part 135,IFR,Cargo / Freight / Delivery,,Taxi,,,,,,,,,,,,,,,,,,,,,,,,,,Brake System,,X,Failed,,,,,,,,,,,,,,,,,,,,,,,,,,,,,,,,,,,,Aircraft X,Flight Deck,Air Taxi,Captain; Single Pilot; Pilot Flying,Flight Crew Multiengine; Flight Crew Instrument; Flight Crew Flight Instructor; Flight Crew Commercial,Flight Crew Last 90 Days 120; Flight Crew Total 1175; Flight Crew Type 130,,Time Pressure; Troubleshooting,,,2266580,,,,,,,,,,,,Aircraft Equipment Problem Critical; Ground Event / Encounter Loss Of Aircraft Control; Ground Event / Encounter Object; Ground Excursion Taxiway,,,Person Flight Crew,Taxi,Aircraft Aircraft Damaged; Flight Crew Requested ATC Assistance / Clarification; General Flight Cancelled / Delayed,Aircraft,Aircraft,I started Aircraft X at the hangers on the west end of ZZZ. Upon starting both engines; I let Aircraft Y and Aircraft Z taxi ahead of me and performed a brake check before commencing taxi to the hold short line of Taxiway 1. From there; the pilot of Aircraft Y obtained a taxi clearance from ZZZ Ground. Upon reaching the hold short line of Taxiway 1 I used the engines to slow; and then both brakes to slow down further; then primarily right brake and rudder to make the right hand turn onto Taxiway 1 in the direction of Taxiway 2. Both brakes felt slightly soft; but seemed to be operational during both checks. Approaching the intersection of taxiways 1 and 2; I pulled power to roughly 600rpms on both engines to slow; not yet using any brakes. Upon reaching the corner; I applied the left rudder and tried to apply the left brake as well to make the turn. At this point the left brake felt very soft and unresponsive. I continued to apply full left rudder and verified the left engine was at idle; and slightly increased power on my right engine to attempt to turn the airplane using differential thrust. I could not get the airplane to turn sharp enough to stay on Taxiway 2. At this point I tried to apply both brakes and crossed the Taxiway centerline on 2. As running off of the taxiway looked like it was possible at this point I pulled both engines back to idle and pulled both mixtures to cutoff to make every attempt to stop before going off of the taxiway. As the right engine was spinning down to shutdown my prop struck a taxiway light just prior to the aircraft coming to a stop. After reporting to ZZZ Ground about the situation; ZZZ Airport Fire Department arrived; I accessed the airplane and called an FBO to bring a tug. We then towed the aircraft backwards unto taxiway 2; and Taxiway 1 back to the Hangers.,,,,An air taxi pilot reported brake failure while taxiing resulted in a temporary loss of control and taxiway excursion.
2273125,202508,,ZZZ.Airport,US,,,0,,,,,,,,,Tower ZZZ,Fractional,Challenger 350,,2,Part 121,IFR,Passenger,,Taxi,,,,,,,,,,,,,,,,,,,,,,,,,,,,,,Tower ZZZ,Personal,Skyhawk 172/Cutlass 172,,1,Part 91,,,,Final Approach,,Class C ZZZ,,,,,,,,,,,,,,,,,,,,,,,,Aircraft X,Flight Deck,Fractional,First Officer,Flight Crew Air Transport Pilot (ATP),,,,,,2273125,Aircraft X,Flight Deck,Fractional,Captain,Flight Crew Air Transport Pilot (ATP),,,,,,2273126,Conflict Ground Conflict; Critical; Deviation / Discrepancy - Procedural Published Material / Policy; Ground Event / Encounter Other / Unknown,,,Person Flight Crew,Taxi,General None Reported / Taken,Human Factors; Procedure,Ambiguous,After landing on Runway XXR in ZZZ. We were instructed to taxi off on [taxiway] 1 and hold short of the runway XY approach end on [taxiway] 2. While holding short; a single engine Cessna on a short right base to runway XY; proceeded to descend in our direction in line with taxi way 2. The Cessna proceeded to turn final at a very low altitude and made the landing on runway XY. The close proximity of the Cessna's approach to our aircraft made my Captain and I unsure of the intentions of the Cessna and the safety of our airplane.,,Upon landing on XXR; we were directed to plan on exiting the runway at [taxiway] 1; taxi 2; and hold short of runway XY.  We were not given any idea why.  As we were holding short; a high wing plane; maybe C172 appeared heading directly for us.  It kept coming and coming and coming.  We thought the plane was going to land on our taxiway; hoping not to land on us.  At the last minute; aprox 100 feet AGL; the C172 banked hard right and landed on runway XY.  We were given no indications what the plan was for the C172.  We could not taxi forward; that would have been a runway incursion.  Left or right we would have been taxiing off of the taxi way into grass and gravel.  It seems like; in looking at the taxi diagram; the 172 was lined up on taxi way 3 for his very low altitude approach.  XXL was closed.  It seems it would have been a better idea for the tower controller to have them fly down XXL since it was closed and do his approach over that runway then turn right base to final for a much safer approach.  If the 172 would have not pulled off that 'stunt' and crashed in front of us; we would have been right there in the flames and fire and debris.  In skydiving those kind of low turns are called 'hook turns'.  A lot of people get killed every year doing those.  The pilot of that 172; he better hope nothing happens at that last second of his turn in the future; because if he is off just a slight bit; there is a change in wind direction; or he loses his engine; he will have wished he lined up on a longer final.  This event had both crew members pulse rates elevated.  The passengers were concerned; saw it and heard us talking about it from the cockpit.  The new FO; taking the place of FO A; was in the lobby of the FBO saw this happen also.  I asked him if I could put his name in this report.  The FO on the plane with me was FO B.  After the 172 landed; we taxied normally to the ramp.  We never said anything to the tower about the 'stunt'.  But; some thoughts did come to mind about making a call on the radio to the tower about this.  Again; we were very concerned and so were our two passengers.  I have never felt more concerned in all of my near 25 years of flying.,,Fractional flight crew reported while holding short of a runway; a general aviation aircraft lined up as if to land on the taxiway where the fractional aircraft was. On very short final approach; the GA aircraft maneuvered to land on the runway.
2273613,202508,1201-1800,MDSD.Airport,FO,,,0,,,,,,,,,Tower MDSD,Air Carrier,Commercial Fixed Wing,,2,Part 121,IFR,Passenger,,Taxi,,,,,,,,,,,,,,,,,,,,,,,,,,,,,,,,,,,,,,,,,,,,,,,,,,,,,,,,,,,,,,,,,Aircraft X,Flight Deck,Air Carrier,,Flight Crew Instrument; Flight Crew Air Transport Pilot (ATP); Flight Crew Multiengine,,,Confusion; Situational Awareness,,,2273613,,,,,,,,,,,,Ground Event / Encounter Other / Unknown; No Specific Anomaly Occurred Unwanted Situation,,,Person Flight Crew,Taxi,Air Traffic Control Provided Assistance; Flight Crew Requested ATC Assistance / Clarification,Airport,Airport,After landing in SDQ on Runway 18 even though we could have exited safely at D we were told to taxi down the runway exit at G taxi Runway 17; then hold short of 18 at H due to an unavailable gate and congested ramp. As we approached Runway 18 on H we were unsure of where the hold short line for 18 was. There are two now blacked out hold short lines. There is a hold short sign. I informed Tower I was unsure of when I should stop; and if they were comfortable with where I was. They asked if I could see the hold short lights. We could not. After holding short for a while we were able to scrutinize the 2 blacked out lines; hold short sign; and identified the hold short lights in the pavement though they were not illuminated. We were indeed short of what we surmise was the hold short line. However; in light of day it was confusing with the hold short markings/lights not appearing as expected; it would be incredibly easy to miss at night especially with rain and end up past the hold short line and on Runway 36.,,,,Air carrier pilot reported poor runway hold line markings and lighting resulted in confusion over runway hold short instructions at MDSD/SDQ Airport.
2276816,202508,0001-0600,ZZZZ.Airport,FO,,,0,,,,,,Night,,,Ramp ZZZZ,Air Carrier,B737 Undifferentiated or Other Model,,2,Part 121,IFR,Passenger,,Taxi,,,,,,,,,,,,,,,,,,,,,,,,,,,,,,,,,,,,,,,,,,,,,,,,,,,,,,,,,,,,,,,,,Aircraft X,Flight Deck,Air Carrier,Captain; Pilot Flying,Flight Crew Multiengine; Flight Crew Instrument; Flight Crew Air Transport Pilot (ATP),,,Communication Breakdown; Distraction; Situational Awareness,Party1 Flight Crew; Party2 Ground Personnel,,2276816,,,,,,,,,,,,Conflict Ground Conflict; Critical; Deviation / Discrepancy - Procedural Published Material / Policy; Ground Event / Encounter Other / Unknown,,,Person Flight Crew,Taxi,Flight Crew Became Reoriented; Flight Crew Took Evasive Action,Human Factors,Human Factors,After push back crew detached from the aircraft.  Once we got taxi clearance; I began to throttle up to taxi the aircraft.  Out of the right corner of my eye; I saw someone running away from the aircraft to the side.  I realized I never released the ground marshaller.  I never saw the individual until he started running off.  I stopped the aircraft for a moment until he was clear.Upon briefing this with my crew; the first officer acknowledged the marshaller was not in the typical position.  He was closer to the aircraft than typical and more off to the first officer side.,,,,B-737 Captain reported a ground conflict with the pushback ramp agent; when the Captain did not release the ramp agent from pushback duties and began to taxi the aircraft while the ramp agent remained near the aircraft. The ramp agent ran away from the aircraft and no injuries were reported.
2278281,202508,0001-0600,ZZZ.Airport,US,,,0,,,VMC,,,,,,Ground ZZZ,Air Carrier,B737 Undifferentiated or Other Model,,2,Part 121,IFR,Passenger,,Taxi,,,,,,,,,,,,,,,,,,,,,,,,,,,,,,,,,,,,,,,,,,,,,,,,,,,,,,,,,,,,,,,,,Aircraft X,Flight Deck,Air Carrier,Captain; Pilot Flying,Flight Crew Multiengine; Flight Crew Air Transport Pilot (ATP); Flight Crew Instrument,,,,,,2278281,,,,,,,,,,,,Conflict Ground Conflict; Critical; Flight Deck / Cabin / Aircraft Event Illness / Injury; Ground Event / Encounter Other / Unknown,,,Person Flight Crew,Taxi,Flight Crew Requested ATC Assistance / Clarification; Flight Crew Took Evasive Action,Human Factors; Procedure,Procedure,At spot XX in ZZZ we were cleared to taxi. We turned the taxi light on. Cleared left center and right and as we began to taxi we noticed a tug coming from the left. The tug did not yield to us and cut in front of us forcing us to apply heavy breaking to immediately stop.  We had to cancel taxi clearance and check in with cabin crew for any injuries. One cabin crew said they bumped their elbow but were ok to continue.,,,,Air carrier Captain reported they had to suddenly stop taxiing to avoid a tug crossing their path.
2282323,202509,1201-1800,,,,,0,,,VMC,,,,,,,FBO,Skyhawk 172/Cutlass 172,,1,Part 91,None,Training,,Taxi,,,,,,,,,,,,,,,,,,,,,,,,,,Brake System,,X,Failed,,,,,,,,,,,,,,,,,,,,,,,,,,,,,,,,,,,,Aircraft X,Flight Deck,FBO,Pilot Not Flying; Instructor,Flight Crew Commercial; Flight Crew Flight Instructor; Flight Crew Instrument; Flight Crew Multiengine,Flight Crew Last 90 Days 151; Flight Crew Total 920; Flight Crew Type 736,,Situational Awareness,,,2282323,,,,,,,,,,,,Aircraft Equipment Problem Critical; Ground Event / Encounter Loss Of Aircraft Control; Ground Excursion Taxiway,,,Person Flight Crew,Taxi,Flight Crew Regained Aircraft Control,Aircraft,Aircraft,In an attempt to brake for the hold short line of the runway; the student and I (instructor) pressed on the brakes. As we continued to roll we both affirmed that we had mushy brakes; so I immediately pulled the mixture and had the student turn off the ignition. We proceeded to roll about two feet into the grass next to the taxi way; avoiding all of the taxiway lights.A thorough preflight had been conducted by the student; and I conducted and abbreviated flight of the exterior--primary & secondary flight controls; brake & and tire condition; as well as fuel & oil quantities.,,,,Cessna 172 instructor pilot reported a brake failure during taxi that resulted in a taxiway excursion.
2283967,202509,0601-1200,MDW.Airport,IL,,,0,,,VMC,,,Daylight,,,Ground MDW,Fractional,Medium Transport; Low Wing; 2 Turbojet Eng,,2,Part 91,,,,Taxi,,,,,,,,,,,,,,,,,,,,,,,,,,,,,,,,,,,,,,,,,,,,,,,,,,,,,,,,,,,,,,,,,Aircraft X,Flight Deck,Fractional,Captain; Pilot Not Flying,,,,Confusion; Situational Awareness; Communication Breakdown,Party1 Flight Crew; Party2 ATC,,2283967,,,,,,,,,,,,ATC Issue All Types; Ground Event / Encounter Other / Unknown,,,Person Flight Crew,Taxi,,Airport; Environment - Non Weather Related; Human Factors; Procedure,Airport,No taxiway sign for J as you taxi westbound across Runway 22R from F. Ground cleared us to cross Runway 22R; J and A to the ramp." As I consulted the taxi diagram to find J; we had reached the hold-short line for 22R. PM increased thrust for the runway crossing and I suspected he may not know where J was relative to Runway 22R. So as he said clear left; I said left turn on the runway for J; followed by cleared right. He said "heh?" so I pointed to his left and said that's Taxiway J; diagonally there to our left. He stepped on the brakes and said; "Are you sure?" I said yes; I've checked the diagram.Cause: No signage indicating "J" on the west exit of Runway 22R. ATC clearance that is delivered in the same way as the typical clearance where you cross the runway and then turn onto another taxiway.After the brief slowing and hesitation from the PF; we turned towards J on Runway 22R and exited as cleared by Ground.Suggestions: There needs to be at least one taxiway sign; preferably one on either side of Taxiway J visible from this crossing point on F; on the west exit Runway 22R. Suspect there is a sign further north on Runway 22R if you were landing on 22R to exit on J. This sign is not visible from where we were taxiing. I don't believe there is any; but with the lack of time involved I will say it was not identifiable by us.Also; the clearance we were given by Ground Control creates a confirmation bias. We expect to cross a runway; then turn onto the next taxiway. Our situation begs for something like "cross Runway 22R and EXIT ON J. Then A; cleared to the ramp" to be the clearance to emphasis the need to exit on a taxiway other than F; the one we entered the runway from.",,,,Fractional jet Captain reported there was no signage for Taxiway J on the west exit of Runway 22R at MDW.
2283987,202509,0601-1200,MUHA.Airport,FO,,,0,,,,,,Daylight,,,Tower MUHA,Air Carrier,Commercial Fixed Wing,,2,Part 121,IFR,Passenger,,Taxi,,,,,,,,,,,,,,,,,,,,,,,,,,,,,,,,,,,,,,,,,,,,,,,,,,,,,,,,,,,,,,,,,Aircraft X,Flight Deck,Air Carrier,Pilot Not Flying,Flight Crew Air Transport Pilot (ATP); Flight Crew Multiengine; Flight Crew Instrument,,,,,,2283987,,,,,,,,,,,,Ground Event / Encounter Other / Unknown,,,Person Flight Crew,Taxi,,Airport,Airport,There is a new large piece of pavement installed at the approach end of Runway 6 and Taxiway A. However; the airport did not paint a new hold-short line. It is nearly impossible to tell where the hold-short line is other than the sign in the grass and a very small leftover bit of older pavement with the paint remaining. In a scenario where the pavement is wet (and even more so at night) this could easily lead to a runway incursion. In addition there are no NOTAMs present to highlight this issue; nor any company page information about it. I also do not recall anything being included in the ATIS regarding this. Cause: This needs to be fixed or at a minimum put forth into a NOTAM.,,,,Air carrier pilot reported the hold-short line at MUHA airport has not been painted on the new; large piece of pavement installed at the approach end of Runway 6 and Taxiway A; and this has not been mentioned in the NOTAMs; company pages; or ATIS.
2290700,202509,1201-1800,ZZZ.Airport,US,,,0,,,,,,,,,Ground ZZZ,FBO,Skyhawk 172/Cutlass 172,,1,Part 91,,Training,,Taxi,,,,,,,,,,,,,,,,,,,,,,,,,,Normal Brake System,,X,Failed,,,,,,,,,,,,,,,,,,,,,,,,,,,,,,,,,,,,Aircraft X,Flight Deck,FBO,Instructor; Pilot Not Flying,Flight Crew Commercial; Flight Crew Flight Instructor; Flight Crew Instrument; Flight Crew Multiengine,Flight Crew Last 90 Days 180; Flight Crew Total 700; Flight Crew Type 700,,Confusion,,,2290700,,,,,,,,,,,,Aircraft Equipment Problem Critical; Ground Event / Encounter Loss Of Aircraft Control; Ground Excursion Taxiway,,,Person Flight Crew,Taxi,Aircraft Equipment Problem Dissipated,Aircraft,Aircraft,Was taxing Aircraft X at ZZZ. Did the break test before rolling to taxi; everything was normal. After run up we were cleared to cross XXR and hold short of XXL. My student started to veer to the right and said 'I don't know what's going on'. I tapped the left break/ rudder pedal and it had no pressure at all. Went power idle trying to slow down but it wasn't enough. Had to stomp on right break to avoid a large light. May have veered off the taxi way slightly to avoid any collision. After that we were stopped and got break pressure back. Nothing was damaged,,,,Cessna 172 Flight Instructor with student reported the left rudder and brake failed during taxi.
2294106,202510,1801-2400,TUL.Airport,OK,,,0,,,VMC,,Poor Lighting,Night,CLR,,Ramp TUL,Air Taxi,Light Transport,,2,Part 135,IFR,Passenger,,Taxi,,,,,,,,,,,,,,,,,,,,,,,,,,,,,,,,,,,,,,,,,,,,,,,,,,,,,,,,,,,,,,,,,Aircraft X,Flight Deck,Air Taxi,First Officer; Pilot Flying,Flight Crew Air Transport Pilot (ATP),,,Communication Breakdown; Situational Awareness; Confusion,Party1 Flight Crew; Party2 Flight Crew,,2294106,Aircraft X,Flight Deck,Air Taxi,Pilot Not Flying; Captain,Flight Crew Air Transport Pilot (ATP),,,Distraction; Communication Breakdown; Situational Awareness,Party1 Flight Crew; Party2 Flight Crew,,2294104,Deviation / Discrepancy - Procedural Published Material / Policy; Ground Event / Encounter Other / Unknown; Ground Excursion Taxiway,,,Person Flight Crew,Taxi,Flight Crew Returned To Clearance,Airport; Procedure; Human Factors,Human Factors,I was taxiing and after landing 18L following our taxi clearance C; L; LB.  On LB facing the ramp I saw the line guy at the far end of a line of orange cones extending out toward me. There was quite a bit of room north of the cones. I felt the furthest out cone was in play and it would be a tight fit if I continued further. I think I even vocalized my concern with the cones. With my focus there and coming around for the line guy; I turned left too early and went into the grass. It was dark and obviously didn't realize I was turning onto the grassy area. After realizing I was in the grass I saw only ramp and no obstacles in front of me and continued to the concrete.Cause: Darkness; obstacles; SA (Situational Awareness); no blue taxi way lighting on LB.Suggestions: Many non movement areas have no line guidance and self guidance is used. Like what we had to do at our departure airport. I thought I was in that regime. In looking at the scene afterward; I did have more taxi line to use. Should have used that in conjunction with my PNF for guidance against the cone hazard.,,While pulling into the ramp at night on Taxiway LB; my SIC made the decision to make an early left turn to not get too close to cones on the ramp. Unfortunately while he made that early turn; my head was down and I did not see him roll into the grass until it was too late. The aircraft rolled through the corner and continued on turn park in the ramp without any damage.My head was down; when I felt aircraft hop I knew something was off. When I looked up; I saw that my SIC had turn the aircraft into the grass without realizing it.Cause:  Poor lighting conditions in that area of ramp.Suggestion: It may be a better idea to have the PIC stay in the left seat even while pilot monitoring. This would for the most part avoid these kind of issues.,,Air taxi flight crew reported a taxiway excursion from Taxiway LB going toward the ramp at TUL airport during night time operations. The crew reported poor lighting in that area as a contributing factor.
2294728,202510,1201-1800,BIS.Airport,ND,,,0,,,VMC,,,Daylight,,,Ground BIS,Corporate,Small Aircraft; Low Wing; 2 Eng; Retractable Gear,,,Part 91,IFR,Passenger,,Taxi,Direct,,,,,,,,,,,,,,,,,,,,,,,,,,,,,,,,,,,,,,,,,,,,,,,,,,,,,,,,,,,,,,,,Aircraft X,Flight Deck,Corporate,Pilot Flying; Single Pilot,Flight Crew Commercial; Flight Crew Flight Instructor; Flight Crew Sea; Flight Crew Multiengine; Flight Crew Instrument,Flight Crew Last 90 Days 46; Flight Crew Total 423; Flight Crew Type 112,,Communication Breakdown,Party1 Flight Crew; Party2 ATC,,2294728,,,,,,,,,,,,Deviation / Discrepancy - Procedural Clearance; Deviation / Discrepancy - Procedural Published Material / Policy; Ground Event / Encounter Other / Unknown; Ground Incursion Taxiway,,,Person Air Traffic Control; Person Flight Crew,Taxi,Air Traffic Control Issued Advisory / Alert; Flight Crew Returned To Clearance,Airport; Chart Or Publication,Airport,While parked on the ramp; I received my taxi clearance from BIS Ground: 'Taxi to Runway 13 via Charlie.' No specific routing instructions were given to reach Taxiway C; which is common. As I began taxiing from the ramp under that clearance; I noticed a stop sign positioned near what appeared to be a newly surfaced taxiway (A2); along with a sign instructing ground vehicles to contact ATC before crossing.Since I had a valid taxi clearance; had not received any instructions to avoid that route; and there were no NOTAMs or advisories indicating that Taxiway A2 was closed; I believed it was acceptable to use A2 to transition to Taxiway C. The signage seemed intended for airport maintenance vehicles rather than aircraft and the pavement looked as if it was ready for use.After crossing A2; Ground Control advised that Taxiway A2 was not currently in use due to recent resurfacing. I acknowledged; apologized for the misunderstanding; and continued as instructed. Shortly after; I received takeoff clearance and departed without further issue.In hindsight; I should have contacted Ground for clarification before crossing the stop sign. I believe the primary contributing factor was a lack of mutual communication with ground control; lack of advisory's/notice's with the repavement; and lack of situational clarity on my end. Specific routing instructions; an advisory regarding A2's recent closure; or me inquiring about the area before crossing would have prevented the confusion.Going forward; I will verify any ambiguous signage or unclear taxi routes with Ground Control before proceeding. I have also scheduled additional instruction to refresh my knowledge of airport surface operations and signage interpretation.I'm writing this as both a reflection and a reminder to other pilots: when in doubt--ask. If something feels uncertain; clarification is the safest and most professional option. That's exactly what I will do next time I am faced with a similar situation.,,,,GA pilot reported a lack of published and verbal clarification of taxiway status that resulted in an incursion of a closed taxiway.
2298060,202507,1801-2400,ORD.Airport,IL,,,0,,,,,,,,,Ground ORD,Air Carrier,Widebody; Low Wing; 2 Turbojet Eng,,2,Part 121,IFR,,,Taxi,,,,,,,,,,,,,,,,,,,,,,,,,,,,,,,,,,,,,,,,,,,,,,,,,,,,,,,,,,,,,,,,,Aircraft X,Flight Deck,Air Carrier,Pilot Not Flying,Flight Crew Multiengine; Flight Crew Instrument; Flight Crew Air Transport Pilot (ATP),,,Confusion; Communication Breakdown,Party1 Flight Crew; Party2 ATC,,2298060,,,,,,,,,,,,ATC Issue All Types; Deviation / Discrepancy - Procedural Published Material / Policy; Ground Event / Encounter Other / Unknown; No Specific Anomaly Occurred Unwanted Situation,,,Person Flight Crew,Taxi,Flight Crew Requested ATC Assistance / Clarification; Flight Crew Returned To Clearance,Airport,Airport,Prior to secure for flight we set up for Runway 28 right. On initial contact ground gave us a runway change to taxi to 22 left.  The taxi instructions were complicated and we were doing a continuous loop Taxi while accomplishing the runway change procedure. When we were eastbound on Papa; we were given clearance: left on Yankee; cross runway 28R; right on November; hold short of Runway 22L.  While crossing Runway 28R; we realized the taxi line we were following was blocked all the way across with flashing barricades. We immediately stopped the aircraft on Runway 28R and informed tower that we were still on the runway. Just after informing tower we had stopped; we realized that the usable portion of Taxiway Y was to the right. We then turned right and slightly down the runway to the usable portion of Taxiway Y and informed the tower controller that we were continuing taxi as previously cleared.Once established on November; we held short of Runway 22 left completed the runway; change checklist and departed uneventfully. Reason for the report is to highlight that a portion of Taxiway Yankee at the approach end of Runway 28 right is unusable and they need to use the eastern portion of Taxiway Yankee when crossing from south to north.,,,,Air carrier pilot reported the useable portion of Taxiway Y at ORD airport was difficult to distinguish from the unusable portion; which was blocked by flashing barricades.
2298390,202510,0601-1200,LIT.Airport,AR,,,0,,,,,,Daylight,,,Tower LIT,Air Taxi,Medium Transport; Low Wing; 2 Turbojet Eng,,2,Part 135,,Passenger,,Taxi,,,,,,,,,,,,,,,,,,,,,,,,,,,,,,,,,,,,,,,,,,,,,,,,,,,,,,,,,,,,,,,,,Aircraft X,Flight Deck,Fractional,Captain; Pilot Not Flying,Flight Crew Air Transport Pilot (ATP),,,Situational Awareness; Confusion; Communication Breakdown,Party1 Flight Crew; Party2 ATC,,2298390,,,,,,,,,,,,ATC Issue All Types; Conflict Ground Conflict; Less Severe; Deviation / Discrepancy - Procedural Published Material / Policy; Deviation / Discrepancy - Procedural Clearance; Ground Event / Encounter Other / Unknown; Ground Excursion Runway; Ground Incursion Taxiway,,,Person Flight Crew,Taxi,Flight Crew Returned To Clearance,Procedure; Human Factors; Chart Or Publication; Airport,Ambiguous,Revenue flight from LIT to ZZZ. Our assigned departure runway was 4L. During our briefing we discussed a NOTAM for the last 954 of Taxiway A closed due to construction and a Hotspot around Runways 4L and 36. We anticipated (Bias expectation) a taxi route of 'A' to 'A6'; then cross Runway 4L with either some taxiways on the opposite or a back taxi.Our clearance ended up as follows; taxi via 'A' to 'A6' plan to back taxi to Runway 4L. We briefed that and traced it out visually with both the GARMIN safe taxi and our Jepp taxi chart. Looking at the maps it appeared to be a simple task and the charts showed what appeared to be hard pavement" all the back down Runway 36 followed by a left turn onto 4L.After taxing out to 'A6' and holding short of Runway 36 we received the clearance to back taxi 36 and then cleared for takeoff on Runway 4L. As we entered the runway for the back taxi at our normal taxi pace the Tower controller asked us to pick up our taxi speed as there was an aircraft on final for 36. That caught my attention and I began scanning the sky for the inbound traffic to gauge how much time we would have. As PM I wasn't particularly thinking about our taxi route as we had briefed it and visually reviewed the charts and could see 'hard pavement' ahead all the way down to Runway 4L.  As we were approaching the end of Runway 36 and starting to make the turn onto 4L I noticed objects rising above the pavement in front of us. I asked the left seat pilot taxing the airplane to 'STOP'. At this point we had exited Runway 36 onto what appeared to be the overrun area for Runway 22R and it contained runway alignment lights protruding from the pavement. We had already entered about half the area and were close to exiting on the approach end or beginning of Runway 4L when we stopped and it was we were on 'pavement' shared with the runway. At this point we briefed the objects to avoid and aligned with the runway for takeoff. No damage or 'near misses' with any objects took place.After a normal takeoff and during climbout I started asking myself questions. How did that happen? Was there a taxiway we missed prior to the end of Runway 36? Did we exceed the load bearing capacity of the pavement we were on?After going back and reviewing both the GARMIN safe taxi map and the Jepp taxi diagram it appears there is a taxiway; albeit very short; at the beginning of Runway 36 but it is difficult to see and not clear what the taxiway name is (i.e. Taxiway 'A'?). Also we were told to back taxi into position on Runway 4L; not back taxi and exit Taxiway 'A' to 4L. Between the poor mapping and lack of guidance/clearance this led us onto an area we should have been on.My recommendation is to share this with LIT; check the signage at the 'Hotspot'; and perhaps issue a chart better depicting this 'hot spot' and the threats.",,,,Air taxi Captain reported a taxi deviation onto an overrun area of the runway. Reporter stated that the wording of the clearance; a lack of signage; and charting for that area were perhaps contributing.
2299099,202510,,BOS.Airport,MA,,,0,,,VMC,,,Night,,,Ground BOS,Air Carrier,Commercial Fixed Wing,,2,Part 121,IFR,Passenger,,Taxi,,,,,,,,,,,,,,,,,,,,,,,,,,,,,,,,,,,,,,,,,,,,,,,,,,,,,,,,,,,,,,,,,Aircraft X,Flight Deck,Air Carrier,First Officer; Pilot Not Flying,Flight Crew Multiengine; Flight Crew Instrument; Flight Crew Air Transport Pilot (ATP),,,Confusion; Situational Awareness,,,2299099,Aircraft X,Flight Deck,Air Carrier,Pilot Flying; Captain,Flight Crew Multiengine; Flight Crew Air Transport Pilot (ATP); Flight Crew Instrument,,,Time Pressure; Situational Awareness; Confusion,,,2299087,Deviation / Discrepancy - Procedural Clearance; Ground Event / Encounter Ground Equipment Issue; Ground Incursion Runway; Ground Incursion Taxiway,,,Person Flight Crew,Taxi,Air Traffic Control Issued New Clearance,Airport; Environment - Non Weather Related,Airport,We pushed back from Gate XX at BOS. Ground Control cleared us to taxi to Runway 4R via taxiways A; K; cross Runway 4L; then M and B; with clearance to cross Runway 9 as well. We had briefed for a single-engine taxi.We mention how we are number three for takeoff following a small plane and then Aircraft Y. The first plane lines up on the runway and Aircraft Y pulls up. The Captain begins to roll what I thought was to follow Aircraft Y. I look over to my chart to pull up the SID since we would be next for takeoff; which I then look up and realize the Captain wasn't turning onto B to follow Aircraft Y. I apologize to Tower for missing the turn.ATC then instructed us to continue via Runway 14 and hold short of Runway 4R. While taxiing on Runway 14 we missed the hold-short line for 4R since it was dark out and there was nothing else to help signify coming upon a runway like lights or signs. By the time I noticed the hold-short line on the pavement it was too late and we had crossed over it.,,The aircraft was pushed back from Gate XX at BOS. Ground Control issued taxi instructions to Runway 4R via taxiways A and K; with clearance to cross Runway 4L; followed by Taxiways M and B; and clearance to cross Runway 9. Single-engine taxi was briefed. Due to the scheduled wheels-up time of XA:08; a delayed engine start procedure was performed.Following completion of the delayed engine start; the before-takeoff checklist was requested and initiated. During taxi; it was realized that Taxiway B; the entry point for Runway 4R; had been passed. The aircraft was immediately stopped; and the ATC controller was notified. An apology was extended for the deviation.Subsequently; instructions were received to continue taxi via Runway 32 and hold short of Runway 4R.While proceeding; the hold-short line between Runway 32 and Runway 4R was inadvertently missed. The clearance specified holding short of Runway 4R; leading to primary focus on the hold-short line for Runway 4R; which resulted in overlooking the stop line on Runway 32 the aircraft was stopped just [a] few meters from that stop line.Concurrently; a preceding aircraft executed a go-around on Runway 4R. Another aircraft was then cleared to land on Runway 4R. Immediately thereafter; Tower Control issued takeoff clearance for our aircraft on Runway 4R.,,Air carrier flight crew taxiing out at BOS reported the lack of lights and signage; especially at night; led to the flight crew missing the Runway 4R hold-short line.
2303860,202511,1801-2400,IAH.Airport,TX,,,0,,,VMC,,,,,,Ground IAH,Air Carrier,Commercial Fixed Wing,,2,Part 121,IFR,Passenger,,Taxi,,,,,,,,,,,,,,,,,,,,,,,,,,,,,,,,,,,,,,,,,,,,,,,,,,,,,,,,,,,,,,,,,Aircraft X,Flight Deck,Air Carrier,Captain; Pilot Flying,Flight Crew Multiengine; Flight Crew Air Transport Pilot (ATP); Flight Crew Instrument,,,Confusion; Situational Awareness; Communication Breakdown,Party1 Flight Crew; Party2 ATC,,2303860,,,,,,,,,,,,ATC Issue All Types; Deviation / Discrepancy - Procedural Published Material / Policy; Ground Event / Encounter Other / Unknown; No Specific Anomaly Occurred Unwanted Situation,,,Person Flight Crew,Taxi,Air Traffic Control Provided Assistance; Flight Crew Requested ATC Assistance / Clarification,Procedure; Human Factors; Environment - Non Weather Related; Airport,Airport,During our preflight briefing; the FO and I specifically discussed the various taxiway closures identified in the NOTAMs; as well as the possibility of the West 2 standard taxi route. I annotated the listed closures on my FliteDeck (FD) Pro Airport Moving Map (AMM) page with closures in red; and the expected taxi route in yellow. Upon initial contact; Ground Control directed us to taxi via the West 2; hold short of NE." We complied with this direction; and taxied at approximately 10 kt. ground speed; awaiting further instructions. Prior to NF; Ground Control instructed us to "follow Aircraft Y to NA." The aircraft was pretty far ahead; but we saw them take a right turn onto a perpendicular taxiway; towards NA. Using the Traffic (TFC) function of the FD Pro AMM page; I determined that an aircraft was turning right from NB onto WB; and communicated to the FO that we should turn there. As we continued to taxi; we identified an aircraft rapidly taxiing on NE; across Runway 8R. As we approached NE; the crossing aircraft was just clearing the runway; and our aircraft to follow was established well down NA. The FO questioned which taxiway we should take. I slowed my taxi and directed him to ask Ground Control.He informed them that Aircraft Y was too far ahead for us to verify which taxiway they used; and asked if we could just continue to taxi on NB. Ground Control responded that NB was closed ahead; and that we should take WB to NA. This closure was neither present in the NOTAMs; nor was it lit in any way; and we do not recall seeing it listed in the ATIS. Upon taxiing onto WB; we finally saw the unlit traffic cones identifying the closure. We continued taxiing down NA; and upon reaching WP; were surprised to learn that WP was also closed; and also identified by unlit traffic cones. We again slowed; realizing that all of the preceding traffic was lined up on the dashed line establishing the 15R run-up pad. We continued taxiing behind these aircraft until reaching WC.",,,,Air carrier Captain reported there were multiple taxiways that were closed at IAH but not stated on the ATIS and the traffic cones identifying the closures were unlit.
