 ,Time,Time,Place,Place,Place,Place,Place,Place,Place,Environment,Environment,Environment,Environment,Environment,Environment,Aircraft 1,Aircraft 1,Aircraft 1,Aircraft 1,Aircraft 1,Aircraft 1,Aircraft 1,Aircraft 1,Aircraft 1,Aircraft 1,Aircraft 1,Aircraft 1,Aircraft 1,Aircraft 1,Aircraft 1,Aircraft 1,Aircraft 1,Aircraft 1,Aircraft 1,Aircraft 1,Aircraft 1,Aircraft 1,Aircraft 1,Aircraft 1,Aircraft 1,Aircraft 1,Aircraft 1,Aircraft 1,Aircraft 1,Aircraft 1,Aircraft 1,Aircraft 1,Aircraft 1,Aircraft 1,Aircraft 1,Component,Component,Component,Component,Aircraft 2,Aircraft 2,Aircraft 2,Aircraft 2,Aircraft 2,Aircraft 2,Aircraft 2,Aircraft 2,Aircraft 2,Aircraft 2,Aircraft 2,Aircraft 2,Aircraft 2,Aircraft 2,Aircraft 2,Aircraft 2,Aircraft 2,Aircraft 2,Aircraft 2,Aircraft 2,Aircraft 2,Aircraft 2,Aircraft 2,Aircraft 2,Aircraft 2,Aircraft 2,Aircraft 2,Aircraft 2,Aircraft 2,Aircraft 2,Aircraft 2,Aircraft 2,Aircraft 2,Aircraft 2,Aircraft 2,Person 1,Person 1,Person 1,Person 1,Person 1,Person 1,Person 1,Person 1,Person 1,Person 1,Person 1,Person 2,Person 2,Person 2,Person 2,Person 2,Person 2,Person 2,Person 2,Person 2,Person 2,Person 2,Events,Events,Events,Events,Events,Events,Assessments,Assessments,Report 1,Report 1,Report 2,Report 2,Report 1
ACN,Date,Local Time Of Day,Locale Reference,State Reference,Relative Position.Angle.Radial,Relative Position.Distance.Nautical Miles,Altitude.AGL.Single Value,Altitude.MSL.Single Value,Latitude / Longitude (UAS),Flight Conditions,Weather Elements / Visibility,Work Environment Factor,Light,Ceiling,RVR.Single Value,ATC / Advisory,Aircraft Operator,Make Model Name,Aircraft Zone,Crew Size,Operating Under FAR Part,Flight Plan,Mission,Nav In Use,Flight Phase,Route In Use,Airspace,Maintenance Status.Maintenance Deferred,Maintenance Status.Records Complete,Maintenance Status.Released For Service,Maintenance Status.Required / Correct Doc On Board,Maintenance Status.Maintenance Type,Maintenance Status.Maintenance Items Involved,Cabin Lighting,Number Of Seats.Number,Passengers On Board.Number,Crew Size Flight Attendant.Number Of Crew,Airspace Authorization Provider (UAS),Operating Under Waivers / Exemptions / Authorizations (UAS),Waivers / Exemptions / Authorizations (UAS),Airworthiness Certification (UAS),Weight Category (UAS),Configuration (UAS),Flight Operated As (UAS),Flight Operated with Visual Observer (UAS),Control Mode (UAS),Flying In / Near / Over (UAS),Passenger Capable (UAS),Type (UAS),Number of UAS Being Controlled (UAS),Aircraft Component,Manufacturer,Aircraft Reference,Problem,ATC / Advisory,Aircraft Operator,Make Model Name,Aircraft Zone,Crew Size,Operating Under FAR Part,Flight Plan,Mission,Nav In Use,Flight Phase,Route In Use,Airspace,Maintenance Status.Maintenance Deferred,Maintenance Status.Records Complete,Maintenance Status.Released For Service,Maintenance Status.Required / Correct Doc On Board,Maintenance Status.Maintenance Type,Maintenance Status.Maintenance Items Involved,Cabin Lighting,Number Of Seats.Number,Passengers On Board.Number,Crew Size Flight Attendant.Number Of Crew,Airspace Authorization Provider (UAS),Operating Under Waivers / Exemptions / Authorizations (UAS),Waivers / Exemptions / Authorizations (UAS),Airworthiness Certification (UAS),Weight Category (UAS),Configuration (UAS),Flight Operated As (UAS),Flight Operated with Visual Observer (UAS),Control Mode (UAS),Flying In / Near / Over (UAS),Passenger Capable (UAS),Type (UAS),Number of UAS Being Controlled (UAS),Location Of Person,Location In Aircraft,Reporter Organization,Function,Qualification,Experience,Cabin Activity,Human Factors,Communication Breakdown,UAS Communication Breakdown,ASRS Report Number.Accession Number,Location Of Person,Location In Aircraft,Reporter Organization,Function,Qualification,Experience,Cabin Activity,Human Factors,Communication Breakdown,UAS Communication Breakdown,ASRS Report Number.Accession Number,Anomaly,Miss Distance,Were Passengers Involved In Event,Detector,When Detected,Result,Contributing Factors / Situations,Primary Problem,Narrative,Callback,Narrative,Callback,Synopsis
,,,,,,,,,,,,,,,,,,,,,,,,,,,,,,,,,,,,,,,,,,,,,,,,,,,,,,,,,,,,,,,,,,,,,,,,,,,,,,,,,,,,,,,,,,,,,,,,,,,,,,,,,,,,,,,,,,,,,,,,,,,,
2250964,202506,1801-2400,SFO.Airport,CA,,,,3000,,VMC,,,,,,TRACON NCT; Tower SFO,Air Carrier,Commercial Fixed Wing,,2,Part 121,IFR,,,Final Approach,,Class B SFO,,,,,,,,,,,,,,,,,,,,,,,,,,,,TRACON NCT; Tower SFO,,Commercial Fixed Wing,,,,IFR,,,,,Class B SFO,,,,,,,,,,,,,,,,,,,,,,,,Aircraft X,Flight Deck,Air Carrier,Captain; Pilot Flying,Flight Crew Instrument; Flight Crew Air Transport Pilot (ATP); Flight Crew Multiengine,Flight Crew Last 90 Days 88.4; Flight Crew Type 404.72,,Time Pressure,,,2250964,Aircraft X,Flight Deck,Air Carrier,Pilot Not Flying; First Officer,Flight Crew Air Transport Pilot (ATP); Flight Crew Multiengine; Flight Crew Instrument,Flight Crew Last 90 Days 164.33; Flight Crew Type 818.05,,Time Pressure,,,2251860,ATC Issue All Types; Conflict Airborne Conflict; Deviation - Altitude Excursion From Assigned Altitude; Deviation / Discrepancy - Procedural Clearance; Inflight Event / Encounter CFTT / CFIT; Inflight Event / Encounter Unstabilized Approach,,,Automation Air Traffic Control; Automation Aircraft RA,In-flight,Flight Crew Executed Go Around / Missed Approach; Flight Crew Took Evasive Action,Airspace Structure; Procedure,Procedure,SFO ATIS advertised charted visual flight procedures. We briefed and set up for the charted visual flight procedure 28L. Then when advised to expect 28R we set up the charted visual flight procedure 28R. But on the base leg ATC instructed us to turn to a heading and intercept the localizer; not the visual flight procedure course. I hand flew the intercept and remained to the center or right of the LOC course in order to avoid an RA. However at the same time another aircraft behind and above us was vectored onto the LOC for 28L. As they intercepted their LOC and descended we received a 'Traffic Traffic' followed by a descending TCAS RA. I complied with the RA. Once we received 'clear of conflict' we were in a position to continue the approach and we elected to continue. Shortly thereafter we received a second RA to descend; then to level off; then to descend again. The guidance required descending under the glide slope which triggered the 'Glide Slope' aural. We turned right slightly away from the parallel runway to get away from the blundering aircraft and received a low altitude alert from ATC. As soon as I got the 'clear of conflict' from the second RA at about 1000 MSL/AGL we went around. We completed all duties and checklists and landed uneventfully on 28L.,,While on approach to runway 28 right at San Francisco; we were told to intercept the localizer and keep parallel traffic in sight off to our left in order to maintain visual separation from them. I was sitting in the right seat and did not have the traffic in sight; but the captain did. As we proceeded straight in on the localizer; we received a traffic alert due to the Air Carrier next to us. Very soon after; TCAS commanded we descend. The pilot flying (captain) was already hand flying; so he started descending more than he already was on the glide slope and turned slightly to the right to further distance ourselves from the traffic. After the TCAS system said we clear of the conflict; the captain started making our way back over to the localizer; and onto the vertical path that we had departed from due to the RA. He still had visual contact with the conflicting traffic. Soon after getting back on the localizer; we received another TCAS RA to descend. By this point we were around 1100 feet AGL. We descended momentarily but then completed a go-around instead of descending more away from the conflicting aircraft. At this time; the Air Carrier next to us was already doing a go-around (I looked over and saw them in a climbing left turn) in response to their own RA to get distance from us. I was on the right side of the aircraft as pilot monitoring; and this was the first time I saw the conflicting traffic; though the captain had them in sight the whole time. After we completed a normal go around and 2nd approach; we landed safely in San Francisco.,,B737 flight crew reported by following several TCAS RA on charted visual side-by to SFO RWY28R resulted in a low altitude alert from tower with a CFTT event.
2251952,202506,0601-1200,DCA.Airport,DC,,,,,,,,,Daylight,,,Tower DCA,Air Carrier,Commercial Fixed Wing,,2,Part 121,IFR,Passenger,,Takeoff / Launch,,Class B DCA,,,,,,,,,,,,,,,,,,,,,,,,,,,,Tower DCA,,Helicopter,,,,,,,Takeoff / Launch,,Class B DCA,,,,,,,,,,,,,,,,,,,,,,,,Aircraft X,Flight Deck,Air Carrier,Captain; Pilot Not Flying,Flight Crew Air Transport Pilot (ATP); Flight Crew Instrument; Flight Crew Multiengine,,,Communication Breakdown,Party1 Flight Crew; Party2 ATC,,2251952,Aircraft X,Flight Deck,Air Carrier,Pilot Flying; First Officer,Flight Crew Air Transport Pilot (ATP); Flight Crew Instrument; Flight Crew Multiengine,,,Communication Breakdown,Party1 Flight Crew; Party2 ATC,,2251555,ATC Issue All Types; Conflict Airborne Conflict,,,Person Flight Crew,In-flight,General None Reported / Taken,Airspace Structure; Human Factors; Procedure,Procedure,Cleared to line up and wait RWY01鈥etween an aircraft that just touched down; another on 4-5 nm final; and a third aircraft holding on RWY33.  We were cleared for takeoff before the RWY33 aircraft with traffic on a 2 nm final for RWY01.  During takeoff roll as PM; I noticed a helicopter ahead and just to the left of us flying left to right at a low altitude along the river.  No traffic call was provided by the tower. The helicopter appeared to stay at a consistent altitude (maybe 200') but we were co-altitude with maybe 1 to 1.5 nm lateral separation.  We were unable to maintain visual as we rotated and began a left turn up the river.  We would not have seen any potential climb or turn into our flight path at that point.Cause: I'm uncertain what the current tower protocol is for commercial DCA traffic with helicopter traffic along the Potomac.  A traffic call from tower and/or a delay of takeoff until the helicopter reached Haines Point would have been prudent.  I presume ATC was more focused on the traffic approaching runway 01 than the potential conflict with a helicopter.,,This morning; I was the first officer on flight XXXX from DCA to ZZZ. I was the flying pilot. We were holding short of runway one with another aircraft in position on runway 33. After landing traffic we went into position on rwy 1.  After they cleared the runway we were cleared for takeoff with traffic on a 3 mile final behind us.By the time we were approximately halfway down the runway I realized there was a helicopter near P56. On rotation and climb out this helicopter was then on the western edge of P56 directly in front of us at approximately 200 feet. I saw The helicopter visually and reached the turning point on the Wyngs Departure; which keeps us clear of the restricted area. That would make the distance between us approximately 1/2  to 1 mile and approximately 200 feet of separation.As I made the left turn climbing out; I am no longer able to visually see that helicopter. I watched the TCAS to confirm we were gaining distance from it. This was a very very distracting and unsafe situation. I have been flying out of DCA for years. This is the closest I have ever come to a helicopter.We received NO INFORMATION from the Tower regarding that helicopter.In my opinion the safer situation would have been to let the aircraft on runway 33 takeoff. Have us continue to hold short of runway; 1 until the traffic on final landed. That additional time would have allowed a helicopter to move out of the departure corridor. At the very least we should have been advised of the traffic in our departure corridor. Cause: ATC failure to notify of traffic and provide adequate separation.,,Air carrier flight crew reported a traffic conflict safety concern when departing DCA airport with helicopter traffic off the departure runway. ATC did not communicate the helicopter hazard to the departing aircraft.
2254806,202506,0001-0600,BKL.Airport,OH,,5,,2000,,VMC,,,Night,,,Tower BKL,Air Carrier,Helicopter,,2,Part 135,VFR,Passenger,,Cruise,Direct,Class D BKL,,,,,,,,,,,,,,,,,,,,,,,,,,,,Tower BKL,,Any Unknown or Unlisted Aircraft Manufacturer,,,,IFR,,,Final Approach,,Class D BKL,,,,,,,,,,,,,,,,,,,,,,,,Aircraft X,Flight Deck,Air Carrier,Pilot Not Flying; PIC of dual pilot EMS,Flight Crew Commercial; Flight Crew Instrument,Flight Crew Last 90 Days 28; Flight Crew Total 3500,,Situational Awareness; Communication Breakdown,Party1 Flight Crew; Party2 ATC,,2254806,,,,,,,,,,,,ATC Issue All Types; Conflict NMAC,Horizontal 200; Vertical 200,,Person Flight Crew,In-flight,Flight Crew Took Evasive Action,Procedure; Human Factors,Ambiguous,Enroute from ZZZ to ZZZ1; BKL ATC was contacted at 10 miles east of the airport while over CGF westbound. Initial call stated our callsign; location (over CGF); altitude (2200MSL); and destination of ZZZ1. ATC replied with altimeter setting and 'transition approved'.I noted a minute or so later that an incoming jet was calling for the visual for 24R. ATC cleared the jet to land. I noticed traffic at 10 o'clock from our position and confirmed on TCAS the location; and that it was 1000ft above us. I called out the traffic to the crew so we all had 'eyes' on it. I did not think the traffic was the inbound jet because ATC hadn't alerted us or the jet of each other which is standard for BKL.We noticed the traffic altitude had dropped to 800 ft above us and was descending as well as closing distance.I told the flying pilot to begin a descent to maintain altitude separation. I thought the traffic might be the inbound jet and knew it would be crossing in front of us while descending from above us.We stayed focused on the jet as it approached our flightpath and altitude.The jet appeared to be within 200-300 ft laterally and vertically as it crossed from left to right of our flight path.If we had not descended from 2200 MSL to 2000 MSL; we would've likely had a midair collision. At no time were we alerted by ATC of the traffic and at no time did the jet acknowledge our presence.As soon as the jet was past us and clear; I called ATC and advised them that we had traffic in sight. Their response was 'are you coming into our airspace' which surprised us as we had just been approved for the transition 2 minutes before. I replied that we were entering the airspace and our current location at about 5 miles east of the airport. ATC again approved our transition and we continued to ZZZ1 without further incident.,,,,Helicopter pilot inbound to BKL airport reported an NMAC with a jet on final approach to Runway 24R.
2256652,202506,1201-1800,BUF.Airport,NY,,,,3500,,,,,,,,TRACON BUF,Air Carrier,Commercial Fixed Wing,,2,Part 121,,Passenger,Localizer/Glideslope/ILS ils32,Initial Approach,,Class C BUF,,,,,,,,,,,,,,,,,,,,,,,,,,,,,,Any Unknown or Unlisted Aircraft Manufacturer,,,,,,,,,Class C BUF,,,,,,,,,,,,,,,,,,,,,,,,Aircraft X,Flight Deck,Air Carrier,Captain; Pilot Flying,Flight Crew Instrument; Flight Crew Air Transport Pilot (ATP); Flight Crew Multiengine,Flight Crew Type 2200,,Communication Breakdown,Party1 Flight Crew; Party2 ATC,,2256652,,,,,,,,,,,,ATC Issue All Types; Conflict NMAC; Deviation - Track / Heading All Types,Vertical 400,,Automation Aircraft TA; Person Flight Crew,In-flight,Flight Crew Took Evasive Action,Airspace Structure; Procedure,Ambiguous,Coming into BUF; we were being vectored for the instrument approach ILS 32. Conditions were clear. Our final vector occurred at approximately 10-12 miles away from the airport. ATC assigned a heading and a descent from 4;000' to 3;500'. As we turned to join the localizer; a TCAS caution flagged. He was 400' above us; in the direction of our turn and easy to spot. It became immediately obvious that if we continued our turn; we would be coming unreasonably close to the conflicting traffic. I turned off the autopilot and began a turn in the opposite direction. Simultaneously; we received the warning with a 'monitor vertical rate' alert. Admittedly; I was outside; fixated on the traffic; making sure we didn't come any closer. I began a shallow climb of 200 fpm. My FO called out the error and I corrected. When we alerted ATC; he seemed casual and confident that we should have been below the traffic. The order of events occurred in seconds. Two things stood out to me. First; ATC should have gave us more time. Best case scenario; we would have gotten a TCAS caution before implementing VS to descend. Second; the warning came way later than helpful. The turn obviously exacerbated the issue. However; the two of us didn't hesitate for a second. We saw the issue before the plane issued a warning and responded in a way that kept everyone safe. As we deplaned; the flight attendants were giggling with the passengers.Cause: VFR traffic was either low or had a transponder transmitting 100' low. ATC put us right under the guy.,,,,Air carrier Captain reported during initial approach receiving a TCAS alert of an aircraft that was 400 feet above them. Captain took evasive action.
2257309,202506,1801-2400,ZZZ.Airport,US,,,,2400,,VMC,,,,,,Tower ZZZ,Air Carrier,B737 Next Generation Undifferentiated,,2,Part 121,IFR,,,Final Approach,,Class B ZZZ,,,,,,,,,,,,,,,,,,,,,,,,,,,,Tower ZZZ,Air Carrier,B747 Undifferentiated or Other Model,,2,Part 121,,,,Final Approach,,Class B ZZZ,,,,,,,,,,,,,,,,,,,,,,,,Aircraft X,Flight Deck,Air Carrier,Pilot Not Flying; First Officer,Flight Crew Instrument; Flight Crew Air Transport Pilot (ATP); Flight Crew Multiengine,Flight Crew Last 90 Days 217.03; Flight Crew Type 852.97,,Time Pressure,,,2257309,Aircraft X,Flight Deck,Air Carrier,Captain; Pilot Flying,Flight Crew Air Transport Pilot (ATP); Flight Crew Instrument; Flight Crew Multiengine,Flight Crew Last 90 Days 151.78; Flight Crew Type 626.85,,Time Pressure,,,2257265,ATC Issue All Types; Conflict NMAC; Deviation / Discrepancy - Procedural Clearance; Inflight Event / Encounter CFTT / CFIT; Inflight Event / Encounter Unstabilized Approach,Horizontal 0; Vertical 300,,Automation Air Traffic Control; Automation Aircraft TA; Person Air Traffic Control; Person Flight Crew,In-flight,Air Traffic Control Issued Advisory / Alert; Flight Crew Took Evasive Action,Airspace Structure; Procedure,Airspace Structure,On first contact with ZZZ Approach; we were assigned the Visual to runway XXL into ZZZ. This required an approach change in the FMC. As the approach is RNAV based; we loaded the approach; connecting to the ZZZZZ1 from ZZZZZ. Additionally we verified the correct RNP; 2 working GPS's; turned off VOR and DME updating; ensured the final approach courses were set to XXX; and the ILS/VOR Recievers were tuned to XXX.X. After verifying we had correctly set up for an RNAV approach; the Captain made the decision to keep the Autopilot connected in order to accurately make the turn from ZZZZZ and join the final approach course. In his judgement and mine; this was the safest course of action to avoid an overshoot on final. As is normal when flying FMC visual approaches into ZZZ; we were paired with parallel traffic; in this case Aircraft Y. We were able to clearly identify our traffic visually. As we begun our descent; on the lateral path inbound to runway XXL; TCAS gave us the aural alert; TRAFFIC; TRAFFIC." Both of us cross referenced the TCAS on the MFD (Multi-function Flight Display) to confirm Aircraft Y position in relation to us. Additionally; as the aircraft in question was off the right side of the aircraft; flying the approach to runway XXR; I once again visually confirmed the aircraft's position. At this moment; we received an RA requiring a descent to avoid conflict with the intruder aircraft. The Captain disconnected the automation and began following resolution guidance. Again I looked out to confirm the position of Aircraft Y  however the aircraft had disappeared from view AND according to TCAS was within 300' of our altitude and appeared to be descending on top of us. We continued to follow RA guidance and began to discuss. Need to turn as altitude was running out. Just a few moments later we received the 'monitor vertical track' que from TCAS and the Captain arrested the descent rate. We also received a LOW ALTITUDE alert from ZZZ tower. We then coordinated a left hand turn from Tower; followed by a climb initially to 3100' and executed a go around. Following the go around; we set up for another approach into ZZZ and landed without further event. Upon listening to archived ATC recordings; Aircraft Y continued their approach and landed without incident and appeared unphased or unaware of what had occurred on final.",,On speed and path; AP on in LNAV/VNAV.  ZZZZZ visual XXL.  Aircraft Y cleared visual on XXR.  FO initially had Aircraft Y in sight; but they overshot final and drifted behind us. Tcas showed them nearly on top of us using the lowest range of 2.5 miles. I understand the display limitations of tcas; but we had lost visual.  As we queried tower; we received and followed a descending RA.  We then asked for a breakout to the south and performed a go around.  We shot another visual and landed w/o further incident.,,B737 flight crew reported parallel traffic overshot final resulting in a NMAC; unstable approach; and low altitude alert with a terrain advisory.
2257931,202506,,SFO.Airport,CA,,,,2500,,VMC,,,,,,Tower SFO,Air Carrier,Medium Large Transport; Low Wing; 2 Turbojet Eng,,2,Part 121,IFR,Passenger,,Final Approach,,Class B SFO,,,,,,,,,,,,,,,,,,,,,,,,,,,,Tower SFO,Air Carrier,Medium Large Transport; Low Wing; 2 Turbojet Eng,,2,Part 121,IFR,Passenger,,Final Approach,,Class B SFO,,,,,,,,,,,,,,,,,,,,,,,,Aircraft X,Flight Deck,Air Carrier,Pilot Flying; First Officer,Flight Crew Multiengine; Flight Crew Instrument; Flight Crew Air Transport Pilot (ATP),Flight Crew Last 90 Days 113.95; Flight Crew Total 1611.45; Flight Crew Type 1611.45,,Physiological - Other; Situational Awareness; Training / Qualification; Workload; Communication Breakdown; Confusion; Distraction; Human-Machine Interface,Party1 Flight Crew; Party2 Flight Crew,,2257931,Aircraft X,Flight Deck,Air Carrier,Pilot Not Flying; Captain,Flight Crew Multiengine; Flight Crew Air Transport Pilot (ATP); Flight Crew Instrument,Flight Crew Last 90 Days 77.18; Flight Crew Total 77.18; Flight Crew Type 77.18,,Workload; Training / Qualification; Distraction; Human-Machine Interface; Situational Awareness; Communication Breakdown; Confusion,Party1 Flight Crew; Party2 ATC,,2257923,ATC Issue All Types; Conflict Airborne Conflict; Deviation - Speed All Types; Deviation - Track / Heading All Types; Deviation / Discrepancy - Procedural Clearance; Deviation / Discrepancy - Procedural Published Material / Policy; Inflight Event / Encounter CFTT / CFIT; Inflight Event / Encounter Unstabilized Approach,,,Automation Air Traffic Control; Automation Aircraft RA; Person Flight Crew,In-flight,Air Traffic Control Issued Advisory / Alert; Flight Crew Became Reoriented; Flight Crew Executed Go Around / Missed Approach,Airspace Structure; Human Factors; Procedure,Human Factors,I was PF and the Captain was the PM. We had completed one flight together the night before and I thought we worked well together. At the beginning of the event flight we both stated that we were very familiar with SFO. The weather was good VFR; and the flight was standard until we entered the SFO terminal area.We were on the BDEGA4 STAR and were expecting to fly the full STAR which overflies SFO and leaves you on a left downwind for 28L. Because of this we had briefed the visual 28L backed up by the ILS but acknowledged 28R was a possibility. When Oakland Center handed us off to NorCal approach we did not receive a runway assignment. We were then handed off to another Controller who did not give us a runway assignment. When we were approximately at the CORKK intersection ATC gave us heading 110; that put us on a right downwind for 28R; however we still did not receive a runway assignment. We decided not to change the box since we did not want to make multiple FMC changes if ATC ended up doing something unusual. The Captain said he would quickly load a new approach; as needed; once a runway assignment or approach clearance was given by ATC. We received at least one more frequency change; still with no runway assignment.Roughly abeam the CEPIN intersection (on the ILS 28R approach chart) we were given a base turn. We were at approximately 5000 ft; descending to 4000 ft; and CEPIN has a published altitude of 3000 ft. ATC asked if we had the field or the traffic on 28L in sight. We said we had the field in sight but not the traffic. Because of this ATC turned us in towards the final approach course but did not give us a lower altitude. At this point there was confusion as to what approach should be flown. The Captain wanted to load the straight in ILS to 28R. I was unsure if we should do that or the Bridge visual. I voiced my concern; and the Captain quickly convinced me to go with the ILS. Finally; we saw the traffic below us; and we informed ATC. ATC cleared us for the visual 28R. Maintain 160 knots to the bridge." At this point things became extremely hectic. I immediately saw that we were extremely high and at least 20 knots faster than the speed assignment. The Captain asked if I wanted a lower altitude. I quickly said 'Yes! Give me anything.' I rapidly configured the aircraft with flaps 3; gear down; and full speed brakes; in an OPEN DES (idle thrust) descent at 160 kts. We were descending at 2000-2500 FPM trying to catch the glideslope. The Captain told me to shallow the heading to intercept the localizer so we wouldn't have a problem with the parallel 28L traffic. I complied; and a little while later the autopilot grabbed the localizer. I remember the automated '2500' callout was made by the aircraft. Shortly after that we received a TCAS traffic alert from Aircraft Y parallel to us on 28L. A few seconds after the TCAS alert we received turned into a TCAS Resolution Advisory.[Then the next few events happened extremely rapidly]: The aircraft called out 'monitor vertical speed.' I disconnected the autopilot; left the auto throttles engaged; and turned both of the flight directors off. (The Captain was busy looking for the traffic and talking on the radio; and I did not want to overload him by asking for flight directors off.) I also decided to retract the speed brakes as I did not want to have so much drag out while flying a TCAS RA. However; the speed immediately shot up from our current speed of 160 kts to approximately 175 kts. (Flaps 3 limit speed is 185 kts.) I instinctively pulled the throttles to idle. (Not that it made any difference since the throttles were at idle the entire time.) I looked down at the VSI to see if I could reduce my rate of descent. Instead; I saw that I was doing 2000 fpm and the VSI number was red. The green portion of the VSI was below my VSI needle indicating a steeper descent was needed to get clear of the conflict.I immediately pulled full speed brakes and tried to gently pitch down. Airspeed was approximately 170 kts; and I did not want it to increase much more than that. I was extremely task saturated by hand flying a localizer course and an idle; high drag descent. I was simultaneously trying to comply with the TCAS RA without over speeding the flaps. While retracting the flaps might have helped; I did not think about that at time. (The thought of retracting flaps during a descending; low altitude; relatively low airspeed TCAS RA would not come naturally to most pilots.) I glanced at the radar altimeter and saw we were less than 2000 ft AGL. Up until this point the Captain had been extremely busy on the radio trying to tell ATC about the TCAS RA while meanwhile looking over his left shoulder trying to keep Aircraft Y in sight. In this moment of rapidly growing frustration I yelled something like 'this is [expletive] up' to bring the Captain into the loop and give me direction. I then looked down at the VSI and radar altimeter and saw we were still descending at 2000 rpm; the VSI was STILL red indicating a steeper descent was STILL needed for the TCAS RA; and the radar altimeter was now 1000 ft. At that point I 'snapped out of it' and realized the TCAS RA was the least of our problems. I stowed the speed brakes; slammed the throttles to TOGA and began gently pitching to 10 degrees nose up. As the aircraft started to climb I called out 'Going around. Gimme gear up.' I began a shallow turn to the right to get away from the traffic on 28L. ATC gave us a climb to 3100 ft and runway heading (284). About this time; I got the autopilot and autothrottles engaged. A short time later we were given a small left turn to 260. The Captain grabbed the heading knob and started quickly turning it to the left; well past 260; and he kept turning it to the left. I disconnected the A/P and flew approximately a 260 heading. I loudly said; 'stop that's the wrong way.' He loudly said; 'it's a left turn.' And I said; 'to 260' and I pointed right in front of the aircraft to indicate where heading 260 was. At that point he also 'snapped out of it' and returned the heading bug to 260. I tried to reengage the A/P; but it kept trying to turn left in the direction the heading bug had been initially turned. I disconnected the A/P again and hand flew for a few seconds before the airplane seemed to 'snap out of it' and the A/P began working correctly. The rest of the flight was uneventful. Contributing Factors:--Multiple NorCal Controllers failed to give us a runway assignment. This left us unsure what approach to have loaded in the FMGC and required a last-minute heads down input at the worst possible moment. When the last Approach Controller cleared us for the visual 28R; he did not specify whether we should join a straight in or the Bridge visual. I think all 28R visuals should be flown on the Bridge visual; but ATC needs to specify that in the clearance.ATC's vectors were also too tight and too high. We can't be left high and then given a last-minute approach clearance with a simultaneous speed reduction. Not only do aircraft descend faster at higher airspeeds; but we need to stay level to bleed off speed resulting in being even higher on the approach profile. My former company had a policy that ALL RAs may be ignored if the pilots have the RA traffic in sight. I have a theory that that is exactly what happened on this day. I think our TCAS gave us a descending RA and gave Aircraft Y a climbing RA; but the pilots chose to ignore it (because they had us in sight) which led to our TCAS to almost drive us into the water. If the pilots had followed their RA maybe we would have received a clear of conflict sooner and not flown so close to the water.",,During our arrival to SFO we were given a visual approach to runway 28R. During that approach we were held high and vectored too close to the aircraft on runway 28L resulting in an RA and a go around. It was a clear and sunny approach into SFO. We flew directly over the field from the BEDGA4 RNAV arrival. We then received vectors to the east of the field and were told to expect a visual. We had runway 28L in the FMGC as it was our best estimate and not specified by approach nor the chart. We received a descent to 4000 and a turn to the south with instructions from ATC to call traffic and the airport in sight.  At this point we clarified which runway we could expect and changed the FMGC appropriately. While looking for the traffic; we received another turn towards the final approach course. At that point the traffic and the airport were in sight. We called them as such and received a clearance for a 'visual approach to 28R'. Approach then asked us to fly a shallower intercept heading. Our best guess is that the original heading was too close to the other A/C. We were high so the PF started to configure and descend. While I did my best to keep the traffic in sight and monitor the approach; the traffic for 28L slid behind our wing. At this point we were shallowing our descent to stabilize our approach. I would estimate it was roughly 1500'. At this time we received a descending RA of approximately 2000 FPM. While digesting the situation the PF retracted the speed brakes and now we were accelerating towards a flap over speed and attempting to respond to the RA. It became clear that this was unstable and a GA was necessary. At 1000' the PF made the correct decision to GA and started the GA sequence. At this time we received an altitude alert from the Tower Controller. I responded saying that we were responding to an RA and also going around. At this point we had TOGA power set and were cleaning the A/C up while getting heading and ALT instructions from Tower. Our initial instructions were to fly runway heading and climb to 3100'. While I was attempting to set 3100; we received instructions to make a 'Left turn 260; Left turn; Left turn 260.' This urgency combined with the 3100' altitude caused me to momentarily lose SA. I sternly told the FO to turn left as I was spinning the heading selector. He correctly stated that he was flying 260 and I was spinning the heading selector incorrectly. I regained my SA and we cleaned the A/C up. After receiving higher altitude instructions we were cleared back around for a visual to 28L. An uneventful landing was accomplished. We parked at the gate and had a very good debrief on the event. Credit to the PF for concentrating on flying the A/C and maintaining SA and safety at all times.,,Air Carrier crew reported an unstable approach and CFIT/CFTT event along with a TCAS RA and low altitude alert from ATC while executing a visual approach to runway 28R at SFO.  Crew performed a missed approach and returned for landing.
2259857,202507,1801-2400,ZZZ.TRACON,US,,,,3000,,VMC,,,,,,TRACON ZZZ,Air Carrier,Aerospatiale Undifferentiated or Other Model,,2,Part 121,IFR,Passenger,,Initial Approach,,Class E ZZZ,,,,,,,,,,,,,,,,,,,,,,,,,,,,,,Helicopter,,1,,,Ambulance,,Climb,,Class E ZZZ,,,,,,,,,,,,,,,,,,,,,,,,Aircraft X,Flight Deck,Air Carrier,Captain; Pilot Not Flying,Flight Crew Instrument; Flight Crew Air Transport Pilot (ATP); Flight Crew Multiengine,,,Situational Awareness; Workload,,,2259857,Aircraft X,Flight Deck,Air Carrier,Pilot Flying; First Officer,Flight Crew Multiengine; Flight Crew Instrument; Flight Crew Air Transport Pilot (ATP),,,Workload; Situational Awareness,,,2259858,ATC Issue All Types; Conflict NMAC; Deviation - Altitude Excursion From Assigned Altitude,,,Automation Aircraft TA; Automation Aircraft RA; Person Flight Crew; Person Air Traffic Control,In-flight,Flight Crew Took Evasive Action; Flight Crew Requested ATC Assistance / Clarification,Human Factors; Procedure,Procedure,We were inbound direct to ZZZ and talking to Approach at 5000ft MSL when we were advised of an air ambulance helicopter that had just departed ZZZ headed westbound. I advised that we were looking for traffic and had the airport in sight. ATC cleared us for the visual to XXR. We began a descent to 2400ft MSL and turned to a more southerly heading to enter an extended base leg. Shortly after that; ATC gave us another position report on the helicopter and told us to maintain 3000 feet until clear of the traffic. I read back the instruction and advised that I still did not have the traffic. The FO and I were both checking for the traffic visually using the the position we could see for the helicopter on our iPads and on the TCAS. It became clear that the helicopter and us were on a collision course. We assumed that the helicopter had been told to maintain a lower altitude. The TCAS showed that the helicopter continued climbing above 2000 feet. I saw it showing 900 feet below; then 700 feet below and could not find it visually. When I looked at the TCAS again; it was 400 feet below our altitude. We immediately began a climb to avoid the traffic. By the time we started the climb; the TCAS gave us a traffic alert and showed the helicopter only 200 to 300 feet below our altitude. I looked out my window (left side of the plane) and finally spotted the traffic as it was about to pass under us. We stopped the climb and I advised approach of what we had to do. He said ok and told us to turn base inside of ZZZZZ and to contact the tower. We proceeded with our Visual Approach from that point.,,As pilot flying coming into the Class B of ZZZ1 we were assigned 7000 feet to cross ZZZZZ by Center. As we continued our descent we were handed over to Approach; the controller directed us to expect the visual for XXR and directed us direct to ZZZ sometime after he cleared us down to 5000. Within 10 or so miles we reported the field in sight and he cleared us for the approach. Selecting the FAF altitude of 2400 and having programmed the GPS for ZZZZZ I started the descent. Roughly around this time the controller made a call for a helicopter traffic heading westbound toward us. PIC replied searching for traffic. As I continued the decent to 2400 the controller asked for us to stop our descent at 3000. I set the altitude to 3000 and we leveled off around 7 miles or so from ZZZ. Approximately a few seconds later I could see on the TCAS the traffic and saw that it was climbing towards us. Captain said he then had did not have traffic in sight and proceeded to tell me to climb. I added power to the notches careful not to over torque and disconnected the Autopilot to climb above the 3000 it was set at. During this the TCAS called TRAFFIC. Around 3400 I leveled off and saw that the traffic was -400 below. The Captain called ATC stating we had to climb to avoid traffic that was still climbing into our path. During the entire event being on the right side of the aircraft I never had the helicopter in sight other than on TCAS. After the traffic was cleared of us ATC directed us to turn base inside TOD (Top of Descent) ZZZZZ due to a Caravan traffic that was inbound to ZZZ as well.,,Air carrier flight crew conducting a visual approach reported a NMAC with a helicopter that climbed to their altitude.
2263619,202507,1201-1800,RIC.Airport,VA,,,,2500,,,,,,,,TRACON PCT,Air Carrier,Medium Large Transport; Low Wing; 2 Turbojet Eng,,2,Part 121,IFR,Passenger,,Initial Approach,,Class C RIC,,,,,,,,,,,,,,,,,,,,,,,,,,,,TRACON PCT,Personal,Small Aircraft; Low Wing; 1 Eng; Retractable Gear,,1,Part 91,,,,Cruise,,Class C RIC,,,,,,,,,,,,,,,,,,,,,,,,Aircraft X,Flight Deck,Air Carrier,First Officer,Flight Crew Air Transport Pilot (ATP); Flight Crew Instrument; Flight Crew Multiengine,Flight Crew Type 1300,,Situational Awareness; Time Pressure; Communication Breakdown,Party1 Flight Crew; Party2 ATC,,2263619,,,,,,,,,,,,ATC Issue All Types; Conflict NMAC; Deviation - Altitude Overshoot; Deviation - Altitude Excursion From Assigned Altitude; Deviation / Discrepancy - Procedural Published Material / Policy,,,Automation Aircraft TA; Automation Aircraft RA,In-flight,Flight Crew Took Evasive Action,Airspace Structure; Human Factors; Procedure,Procedure,Flight ZZZ-RIC; while getting vectored onto final for ILS 16; Potomac Approach allowed Aircraft Y to maintain visual separation with us - inside RIC class C airspace. This reckless pilot flew straight at us at the same altitude. We watched them on TCAS; got a TA; and as I was about to go around; we got an RA. This was at 2500' approaching the final approach fix. I notified Potomac of the RA. Looking back at information; it appears Aircraft Y did not deviate at all. This was a scary situation and Potomac allowed this pilot to maintain visual separate and at NO point did they ask Aircraft Y what they were doing; or notify us that we needed to go around or cancel our approach clearance. This was a scary and dangerous situation; caused by a negligent pilot and allowed (again!!) to occur by Potomac approach. This was eerily similar to the DCA accident and is unacceptable. We complied with the descent RA; we descended about 500'; crossed the FAF below the FAF altitude. The FAF at RIC is slightly over 2300' AFE - we were able to level; get configured; and continue a stabilized approach.Cause: Reckless general aviation pilot and Potomac Approach giving a maintain visual separation clearance inside controlled airspace without intervening with a near accident.Potomac Approach gave a visual separation clearance to general aviation aircraft in controlled airspace without intervening with a near accident. Due to their ease in giving these visual clearances combined with their lack of diligence in ensuring their clearance are being followed by GA traffic to ensure the safety of 121 traffic operating in controlled airspace during very busy phases of flight such as short final (in DCA) or; in our case; at the final approach fix; their processes needs to be reevaluated. Potomac Approach CREATED this risk by allowing the GA aircraft to continue with a visual separation clearance in RIC class C airspace while flying straight at us at the same altitude with an intersection near the final approach fix. This clearance. is unacceptable to begin with. They should have been vectored around us. Potomac acted recklessly with this clearance. They never intervened as Aircraft Y continued to fly straight at us at our altitude; near the very busy final approach fix.,,,,Air carrier pilot reported a near miss on final approach with a general aviation aircraft that ATC cleared through the airspace requiring them only to maintain visual separation. Flight crew responded to the TCAS RA which resulted in crossing the Final Approach Fix below charted altitude.
2264059,202507,,SFO.Airport,CA,,,,1900,,VMC,,,,,,Tower SFO,Air Carrier,Large Transport; Low Wing; 2 Turbojet Eng,,2,Part 121,IFR,Passenger,,Final Approach,,Class B SFO,,,,,,,,,,,,,,,,,,,,,,,,,,,,Tower SFO,Air Carrier,Medium Large Transport; Low Wing; 2 Turbojet Eng,,2,Part 121,IFR,Passenger,,,,Class B SFO,,,,,,,,,,,,,,,,,,,,,,,,Aircraft X,Flight Deck,Air Carrier,Captain; Pilot Flying,Flight Crew Air Transport Pilot (ATP); Flight Crew Instrument; Flight Crew Multiengine,Flight Crew Last 90 Days 165.03; Flight Crew Total 1703.73; Flight Crew Type 1703.73,,Workload,,,2264059,,,,,,,,,,,,ATC Issue All Types; Conflict Airborne Conflict; Deviation / Discrepancy - Procedural Published Material / Policy; Inflight Event / Encounter CFTT / CFIT,,,Person Air Traffic Control; Person Flight Crew,In-flight,Air Traffic Control Issued Advisory / Alert; Air Traffic Control Issued New Clearance; Flight Crew Executed Go Around / Missed Approach; Flight Crew FLC complied w / Automation / Advisory; Flight Crew Requested ATC Assistance / Clarification; General Flight Cancelled / Delayed,Airspace Structure; Procedure,Procedure,SFO weather was CAVOK and they were using simultaneous visuals to 28L/28R.  We were on the SERFR4 arrival and were advised to expect the Tipp Toe visual 28L; so per company guidance we loaded the RNV 28L-T approach.  We were advised there would be traffic on the 28R visual.  The autopilot was engaged to join the approach; our final vector to join was inside CHERA and was given a 310 heading to join.  Upon established on 310; the vector was directly aimed at D9-28L; so I engaged NAV for course guidance.  After passing D9-28L and on course to D6-28L; additional traffic (Aircraft Y) was joining 28R.  There was hardly any spacing and it was evident that we would be parallel for the whole final.  Just before passing D6-28L; we received a TCAS alert for the traffic followed almost immediately by a TCAS-RA.  I disconnected the autopilot and followed the DESCENDING RA guidance (down 1700' per minute).  The FO made the RA call to Tower and was trying to get visual contact with the traffic while monitoring me flying the RA.  He was unable to get visual contact as the Aircraft Y flight was now slightly behind and above us.  The RA continued for about 10-12 seconds (it felt like 5 minutes) and about the same time the RA went away; the Tower called a low altitude alert and to say intentions; the FO called the go-around and we executed a missed approach on Tower provided vectors.  We were vectored back around for another visual to 28L and made a normal successful approach and landing.,,,,An air carrier flight crew reported they descended in response to a TCAS/RA warning for parallel runway traffic and received a Low Altitude Alert from Tower.
2264541,202507,0601-1200,,,,,0,,,VMC,,,,,,,Air Carrier,Commercial Fixed Wing,,2,Part 121,IFR,Passenger,,Takeoff / Launch,,,,,,,,,,,,,,,,,,,,,,,,,,,,,,,Air Carrier,Commercial Fixed Wing,,2,Part 121,IFR,Passenger,,Final Approach,,,,,,,,,,,,,,,,,,,,,,,,,,Aircraft X,Flight Deck,Air Carrier,Captain; Pilot Not Flying,Flight Crew Air Transport Pilot (ATP); Flight Crew Instrument; Flight Crew Multiengine,Flight Crew Last 90 Days 80.57; Flight Crew Type 460.58,,Confusion; Communication Breakdown; Situational Awareness,Party1 Flight Crew; Party2 ATC,,2264541,,,,,,,,,,,,ATC Issue All Types; Conflict Ground Conflict; Critical; Deviation / Discrepancy - Procedural Published Material / Policy,,,Person Flight Crew,Taxi,General None Reported / Taken,Environment - Non Weather Related; Procedure,Procedure,We were cleared to line up and wait on Rwy 3R for departure after the traffic on final".  There was Aircraft Z on approximately 3 mile final we saw visually and on TCAS.   Person A though this clearance seemed very nonstandard we accepted and lined up after the traffic landed.  We cleared visually and on TCAS and didn't see any other aircraft for 3R.While we were waiting to get takeoff clearance; I noticed another aircraft behind and above us on TCAS while we were on the runway awaiting takeoff clearance.  The tower controller was speaking Spanish so I couldn't understand what was said but the TCAS traffic was Aircraft Y that executed a go around at approximately 700 feet and overflew us in the takeoff position.  Nothing was said to us and after the go around Aircraft Y was clear we were cleared for takeoff without any comment or incident. I am confident we complied with the Towers instructions and were not at fault at all; but it is unsafe to issue clearances onto runways with any aircraft on final that you need to sequence behind.  It's especially unsafe if there are more than 1 aircraft on final that you are not made aware of.",,,,Air Carrier Captain reported they were on the runway in position and holding when an arriving aircraft on short final executed a go around and overflew them.
2266119,202507,0601-1200,BZN.Airport,MT,,,,5000,,VMC,,,,,,Tower BZN,Air Carrier,Commercial Fixed Wing,,2,Part 121,IFR,Passenger,,Initial Climb,,Class D BZN,,,,,,,,,,,,,,,,,,,,,,,,,,,,Tower BZN,,Any Unknown or Unlisted Aircraft Manufacturer,,1,,,,,Cruise,,Class D BZN,,,,,,,,,,,,,,,,,,,,,,,,Aircraft X,Flight Deck,Air Carrier,Pilot Not Flying; Captain,Flight Crew Multiengine; Flight Crew Instrument; Flight Crew Air Transport Pilot (ATP),Flight Crew Last 90 Days 163.3; Flight Crew Total 2210.50; Flight Crew Type 2210.50,,Communication Breakdown,Party1 Flight Crew; Party2 ATC,,2266119,Aircraft X,Flight Deck,Air Carrier,First Officer; Pilot Flying,Flight Crew Air Transport Pilot (ATP); Flight Crew Instrument; Flight Crew Multiengine,Flight Crew Last 90 Days 174.47; Flight Crew Total 365.55; Flight Crew Type 365.55,,Communication Breakdown,Party1 Flight Crew; Party2 ATC,,2266776,ATC Issue All Types; Conflict NMAC,,,Automation Aircraft TA; Person Flight Crew,In-flight,Flight Crew Took Evasive Action,Human Factors; Procedure; Airport,Procedure,We were cleared to takeoff Runway 12 in BZN and shortly after takeoff I saw a small civilian aircraft on the upwind of Runway 11. I pointed out the aircraft to the First Officer (FO) and that I had the aircraft in sight. He saw the aircraft on TCAS which showed up yellow and 100 feet below us. At this time Tower never pointed out the aircraft to us but did tell the small aircraft about us. The First Officer kept the Autopilot off in case of an RA; but we never got a resolution advisory or even an aural traffic alert. Told the FO not to turn left and continue climbing as I continued to watch the smaller aircraft. Eventually we passed the smaller aircraft overhead and it was not an issue. However; that aircraft was at one point 100 ft from our altitude and very similar distance as if we were on the parallel 28L/R runways in SFO.,,We were cleared to takeoff Runway 12 in BZN and shortly after takeoff we saw a small civilian aircraft on the upwind of Runway 11. The Captain pointed out the aircraft to me and he said he had the aircraft in sight. I saw the aircraft on TCAS which showed up yellow and 100 feet below us. At this time Tower never pointed out the aircraft to us but did tell the small aircraft about us. I kept the Autopilot off in case of an RA; but we never got a resolution advisory or even an aural traffic alert. The Captain told me not to turn left and continue climbing as he continued to watch the smaller aircraft. Eventually we passed the smaller aircraft overhead and it was not an issue. However; that aircraft was at one point 100 ft from our altitude and if we had to guess about a 1/2 mile from us.,,Air carrier flight crew reported an NMAC with an aircraft on an upwind leg during initial climb after takeoff. ATC only pointed out the traffic to the other aircraft and not the air carrier crew.
2266224,202507,0601-1200,IAD.Airport,DC,,,,,,VMC,,,,,,Center ZDC,Air Carrier,Commercial Fixed Wing,,2,Part 121,IFR,Passenger,,Descent,,Class E ZDC,,,,,,,,,,,,,,,,,,,,,,,,,,,,Center ZDC,Personal,Any Unknown or Unlisted Aircraft Manufacturer,,1,Part 91,VFR,Personal,,Cruise,,Class E ZDC,,,,,,,,,,,,,,,,,,,,,,,,Aircraft X,Flight Deck,Air Carrier,Captain; Pilot Not Flying,Flight Crew Air Transport Pilot (ATP); Flight Crew Instrument; Flight Crew Multiengine,Flight Crew Type 1300,,Distraction; Workload; Time Pressure; Situational Awareness,,,2266224,,,,,,,,,,,,ATC Issue All Types; Conflict NMAC; Deviation - Altitude Excursion From Assigned Altitude,,,Automation Aircraft RA; Automation Aircraft TA; Person Flight Crew,In-flight,Flight Crew FLC complied w / Automation / Advisory; Flight Crew Returned To Clearance,Human Factors; Procedure; Environment - Non Weather Related,Procedure,On arrival into IAD; the Center Controller cautioned us of Aircraft Y nearby. We scanned visually and did not see it. Seconds later on TCAS; an aircraft came into view between -500 and -400 feet below us. We received a TA and then a RA. I was pilot monitoring (PM) at the time and made sure the First Officer (FO) turned off Autopilot and complied to the RA. The RA instructed us to maintain altitude and to not descend. We were at 7;000 feet; and we climbed about 200 feet before settling back to 7;000 feet after the RA was resolved. I informed Center of our RA compliance and we continued the flight as normal.Cause: ATC did not give adequate spacing from VFR aircraft crossing through arrival. 500 feet may be adequate for their standards for spacing but TCAS won't allow to continue without some sort of RA to be complied with.Suggestions: Communicate with ATC that if VFR is within 500 feet of us; that there will be a RA to comply to.,,,,An air carrier Captain reported they received a TCAS/RA alert to maintain altitude for a VFR aircraft.
2268002,202501,,PGD.Airport,FL,,,0,,,,,,,,,Tower PGD,Air Carrier,Commercial Fixed Wing,,2,Part 121,IFR,Passenger,,Takeoff / Launch,,Class D PGD,,,,,,,,,,,,,,,,,,,,,,,,,,,,Tower PGD,,Any Unknown or Unlisted Aircraft Manufacturer,,1,,,,,,,Class D PGD,,,,,,,,,,,,,,,,,,,,,,,,Aircraft X,Flight Deck,Air Carrier,First Officer,Flight Crew Air Transport Pilot (ATP); Flight Crew Multiengine; Flight Crew Instrument,,,Time Pressure,,,2268002,,,,,,,,,,,,ATC Issue All Types; Conflict Airborne Conflict,,,Person Flight Crew,In-flight,Flight Crew Took Evasive Action,Airspace Structure; Procedure,Procedure,I'll start by saying that due to our altitude the TCAS aural warnings were inhibited. Departing Runway 04. Upon rotation and the gear up call; as I reached for the gear handle I noticed the traffic target ahead and just to the right go amber in color. Our clearance was to turn left heading 020 and as we climbed through about 350 feet the Tower reminded us of the 020 heading and to contact Departure. The Captain called pulled heading" and initiated the turn. I was looking out the forward window looking for the traffic as I pulled the heading bug. As we turned; I saw a GA aircraft pass above and just to our right through the forward window. I don't know if this aircraft was the previous aircraft to land and was on a touch and go remaining in the pattern in right traffic or if he was just entering the pattern. I replied to the Tower that I had the traffic in sight and over to Departure.In our critical phase of flight to have another aircraft operating so close is dangerous and it is a continuous problem in Punta Gorda. It feels as if the controllers are comfortable with things always going right. Had we encountered a bird strike; an engine failure; anything that may have distracted or thrown us off we may not have initiated that turn so quickly or even became aware of the other aircraft. It is hard to say how close we may have been had we not turned. This is my second report of what I feel is a close call in Punta Gorda in the last few weeks. Reaching out to the control facility and making them aware that the pilots are not comfortable with the level of separation being provided might prompt an awareness to the issue. The airport is extremely busy with commercial and training flights along with GA based or visiting the airport. They are constantly having student pilots "making 360s" or slowing to accommodate space for faster or departing traffic. A GA aircraft exiting the runway just the other day blew a tire. He commented to the Tower that he was just trying to clear quickly for everyone. They are constantly having people expedite this or that. They've gotten verbal heated when a GA flight initiated his own go-around because another aircraft was on the runway. They argued about having the required separation on the runway and were upset that he didn't land. The other pilot I was flying with and myself had never heard of such a thing. It is always the pilot's prerogative to decide to go around or not. They are pushing people past their comfort zones and someone is going to get hurt.",,,,Air carrier First Officer reported PGD Tower's failure to provide separation on departure resulted in the flight crew needing to avoid another aircraft; and expressed concern about Tower procedures.
2268210,202507,1201-1800,ZZZ.ARTCC,US,,,,32000,,,,,,,,Center ZZZ,Corporate,Citation II S2/Bravo (C550),,,Part 91,IFR,,,Climb,,Class A ZZZ,,,,,,,,,,,,,,,,,,,,,,,,,,,,Center ZZZ,Air Carrier,EMB ERJ 170/175 ER/LR,,2,Part 121,IFR,Passenger,,Cruise,,Class A ZZZ,,,,,,,,,,,,,,,,,,,,,,,,Facility ZZZ.ARTCC,,Government,Enroute,Air Traffic Control Fully Certified,Air Traffic Control Time Certified In Pos 1 (mon) 0; Air Traffic Control Time Certified In Pos 1 (yrs) 9,,Training / Qualification; Communication Breakdown,Party1 ATC; Party2 ATC,,2268210,Facility ZZZ.ARTCC,,Government,Enroute,Air Traffic Control Developmental,Air Traffic Control Time Certified In Pos 1 (mon) 0; Air Traffic Control Time Certified In Pos 1 (yrs) 2,,Training / Qualification; Communication Breakdown,Party1 ATC; Party2 ATC,,2268211,ATC Issue All Types; Conflict NMAC,,,Person Air Traffic Control; Person Flight Crew,In-flight,Air Traffic Control Issued New Clearance; Air Traffic Control Separated Traffic; Flight Crew Took Evasive Action,Human Factors,Human Factors,While training Person A on sector XX/XY Aircraft X checked in and asked for higher. Person A gave higher to Aircraft X then reevaluated and issued a restriction. Aircraft X then read back the restriction and added we'll try our best at XA:12 (and 10 seconds). I then interjected and verified whether they would do it or do their best. Aircraft X then replied with we are accepting and will notify if they can't make it. We then issued a vector to help the situation. Then when it became more apparent that Aircraft X would not make his restriction I stepped in with more aggressive vectors to ensure the planes would at least not have a midair collision while attempting to achieve lateral separation as well. Then Aircraft Y responded to a TCAS as Aircraft Y responded to the TCAS I descended Aircraft Z just in case Aircraft Y needed further decent. Loss of separation occurred at XA:16 (and 37 seconds) 4 minutes and 27 seconds by my count so the restriction should have been achieved and even if we change the restriction to when I verified it would have been 4 minutes and 21 seconds.If we were to do it again I would just have stopped the underperforming aircraft the moment; he gave an unsatisfactory readback to begin with.,,While training on sector XX/XY Aircraft X checked in and asked for higher. I gave higher to Aircraft X then reevaluated and issued a restriction. Aircraft X then read back the restriction and added we'll try our best at XA:12 (and 10 seconds). Person B then interjected and verified whether they would do it or do their best. Aircraft X then replied with we are accepting and will notify if they can't make it. We then issued a vector to help the situation. Then when it became more apparent that Aircraft X would not make his restriction Person B stepped in with more aggressive vectors to ensure the planes would at least not have a midair collision while attempting to achieve lateral separation as well. Then Aircraft Y responded to a TCAS as Aircraft Y responded to the TCAS Person B descended Aircraft Z just in case Aircraft Y needed further decent. Loss of separation occurred at XA:16 (and 37 seconds) 4 minutes and 27 seconds by my count so the restriction should have been achieved and even if we change the restriction to when Person B verified it would have been 4 minutes and 21 seconds.If I were to do it again; I would have stopped Aircraft X underneath Aircraft Z rather than climb them.,,ARTCC Controllers reported issuing a climb clearance to an aircraft then changing the plan resulting in ATC vectoring aircraft and another aircraft taking evasive action to avoid a collision.
2268383,202507,1201-1800,ZZZ.TRACON,US,,,,9000,,,,,,,,TRACON ZZZ,Air Carrier,B777-200,,4,Part 121,IFR,,,Descent,,Class B ZZZ,,,,,,,,,,,,,,,,,,,,,,,,,,,,TRACON ZZZ,,Any Unknown or Unlisted Aircraft Manufacturer,,,,,,,,,,,,,,,,,,,,,,,,,,,,,,,,,Aircraft X,Flight Deck,,First Officer; Pilot Flying,Flight Crew Multiengine; Flight Crew Instrument; Flight Crew Air Transport Pilot (ATP),,,Communication Breakdown,Party1 Flight Crew; Party2 ATC,,2268383,Aircraft X,Flight Deck,Air Carrier,Captain; Pilot Not Flying,Flight Crew Multiengine; Flight Crew Air Transport Pilot (ATP); Flight Crew Instrument,,,,,,2268574,ATC Issue All Types; Conflict NMAC; Deviation / Discrepancy - Procedural Clearance,,,Automation Aircraft RA; Person Flight Crew,In-flight,Flight Crew Took Evasive Action,Procedure; Airspace Structure,Procedure,We were given a vector somewhere ZZZZZ and ZZZZZ1; speed 240 (777 transition speed through 10;000') and told to level off at 9000 (rather than descend via the ZZZZZ to 5000) and given a heading due to Traffic at 11 O'clock; 8000'; moving slow". Traffic appeared on TCAS as Proximate and continued to climb slowly at which point we became more concerned; and I said "I think he's climbing to 8500'; VFR; we need to find him". There were scattered cumulus clouds around 8000' and we could not get a visual on the Traffic. We had to depend on ATC and TCAS as we still had no visual; traffic closed to within 5 miles. Traffic became a Traffic Advisory on TCAS. I asked the Captain to request a heading and he did since this was getting worse.  We got no immediate response from ATC and it was getting far too close; I thought within a couple of miles and probably closer. We also didn't know if the traffic was going to continue to climb so I initiated a climb and a turn to the south away from the traffic just seconds prior to getting a TCAS RA which instructed us to climb. The PM informed ATC that we were responding to an RA and climbing. Almost simultaneously ATC instructed us to turn north to an East/NE heading at which point I corrected the turn back to the East/NE.   We climbed to approximately 10;000'; the RA resolved and the Relief Pilot attained visual out the aft right observation window and then I picked it up heading southbound. It appeared to be a low wing single engine aircraft; maybe a Piper Cherokee or similar. The PM reported an estimated 200' separation according to TCAS and that we were correcting back down to 9000'.  ATC issued a new heading and altitude to resume vectors for the approach.  The remainder of the approach and landing were uneventful.It is my opinion that ATC may have lost awareness of our situation - being that the original vector set us on a potential collision course.  That is further supported by the fact that the Traffic continued to climb above 8000' to at least 8500' and I believe was climbing higher through our altitude.  Of further concern I believe the TCAS RA should have happened much sooner.  We also did not remember having heard ATC say which way the Traffic was moving; we assumed it was west - that's why I thought he'd level off at 8500' VFR altitude - perhaps that was expectation bias.  We should have not assumed ATC would provide separation when it got closer and would have been wise to be more vocal about our concerns with ATC as the Proximate Traffic became a Threat - but it happened so quickly that I'm not sure we would have had time. In fact; I didn't think I had time to coordinate with the PM/Captain and reacted pro-actively before the RA and believe that provided us vertical separation.",,While descending on the ZZZZZ arrival into ZZZ we were forced to do an RA escape maneuver to avoid VFR traffic traversing the arrival. Approach called out VFR traffic at our 11 oclock climbing and moving slowly and instructed us to stop our descent at 9000. We were looking for the traffic but due to cloud cover were not able to pick him up visually. FO was PF and started slowing the descent as we approached 9000 while we were monitoring traffic on TCAS. The traffic continued climbing and FO disconnected the AP (Autopilot) and began a climb and a slight turn to the right; South; and I reported this to approach that we needed a turn for traffic avoidance. At this point approach gave us a left turn; North; to 080. Simultaneously; we got the climbing RA and I reported to approach we were responding to an RA. VFR traffic continued to climb. We reached an altitude of approximately 9800 during the escape and TCAS displayed traffic as close as 200 feet. FO finally observed the traffic off our right side as the event ended. All of this was reported to approach and they apologized about the incident and handed us off to the next controller. FO's proactive climb before the RA was prudent in the fact that even with proper response to the RA traffic still got as close as it did.,,B777-200 flight crew reported ATC failure to provide separation resulted in a NMAC.
2269319,202507,0601-1200,JAC.Airport,WY,,,,12400,,VMC,,,Daylight,,,Center ZLC,Corporate,Medium Large Transport; Low Wing; 2 Turbojet Eng,,2,Part 91,IFR,Ferry / Re-Positioning,,Initial Approach,,Class E ZLC,,,,,,,,,,,,,,,,,,,,,,,,,,,,,,Any Unknown or Unlisted Aircraft Manufacturer,,1,,VFR,,,Cruise,,Class E ZLC,,,,,,,,,,,,,,,,,,,,,,,,Aircraft X,Flight Deck,Corporate,Captain; Pilot Flying,Flight Crew Air Transport Pilot (ATP),,,Communication Breakdown; Workload; Time Pressure,Party1 Flight Crew; Party2 ATC,,2269319,Aircraft X,Flight Deck,Air Taxi,Pilot Not Flying; Captain,Flight Crew Air Transport Pilot (ATP),,,Time Pressure; Workload; Communication Breakdown,Party1 Flight Crew; Party2 ATC,,2269320,ATC Issue All Types; Conflict Airborne Conflict; Deviation - Track / Heading All Types; Deviation / Discrepancy - Procedural Clearance,,,Person Air Traffic Control; Person Flight Crew,In-flight,Air Traffic Control Issued New Clearance; Air Traffic Control Provided Assistance; Flight Crew Executed Go Around / Missed Approach; Flight Crew Requested ATC Assistance / Clarification,ATC Equipment / Nav Facility / Buildings; Environment - Non Weather Related; Human Factors,ATC Equipment / Nav Facility / Buildings,We were executing the ILS Z 19 into JAC. We were told to cross Dunoir at 14000 and we were cleared for the approach.  We passed Dunoir at 14000 feet and started descent for ZIBIV and were approximately at 12400 feet. The controller then advised us of traffic to our left that they were not in contact with but we could see it on our TCAS.  It was slightly below and to our left. I was sitting left seat and could not see it nor could the pilot monitoring.  We did not receive a TA but the controller asked us to climb immediately to 14000 ft. and to execute the missed approach as published. The frequency was very busy at the time and several aircraft said they were losing contact with Center and they were breaking up.  We started climb to 14000 feet but could not fly published missed because we would have been turning towards the conflict traffic which started climbing towards us. Therefore we could not comply fully to their instructions.  We also could not relay this to them due to the congested frequency.  Our concern at that point was to stay away from the traffic conflict.  We had the Tetons in sight but controller was concerned about terrain clearance so he asked us to climb to 16000 ft and then gave us a northerly heading.  The aircraft terrain system did not audibly alert us to terrain" and we felt terrain was not a threat.  After turning north; the radio became intermittent for us but we never completely lost radio contact.  He vectored us back around for an uneventful approach.  Radio reception in the area needs to be improved.  The poor reception jammed up the frequency with pilots complaining about it.  We could have alerted the controller immediately that we could not comply with their complete instructions.",,During approach to Runway 19 at Jackson Hole; WY; we had a traffic conflict; which resulted in the cancellation of approach clearance; followed by being vectored by ATC for another approach. We had been cleared for and were conducting the ILS Z to Runway 19 and had crossed DNW (Dunoir) VOR and were descending on the VNAV profile towards ZIBIV.  Salt Lake Center advised that we had VFR traffic at our 10:00 to 11:00 and indicated that they would keep us on frequency with them until we had cleared that traffic.  We acknowledged; and as we continued we observed the target on TCAS and were trying to visually acquire it.  The traffic was getting closer and converging with us and was appearing to maintain its altitude.  When the traffic was within 3-4 miles; the controller observed how close the target was to us and offered to break us off the approach.  We acknowledged and requested a vector away from the traffic.  We were assigned to climb to 14;000 and execute the published missed approach. However; we could not comply with that clearance.  Had we complied; it would have turned us directly into that traffic; which at that moment was at our altitude and also began to climb.  We were also unable to communicate any of this to Salt Lake Center due to frequency congestion; which I'll also address further.We turned slightly to our right (more west and northward) to avoid the traffic; which we still had not been able to visually acquire. We fully expected to receive both a TCAS TA and an RA; however our turn prevented that.  In the meantime we still were trying to communicate with the controller to inform them of our inability to comply with the clearance. In between a multitude of aircraft trying to call Salt Lake Center; the controller was able to issue us an immediate climb due to there concern for terrain avoidance. We did comply with that and climbed as directed.  We also had the terrain ahead of us in sight; and it was never a threat. They vectored us northward and re-sequenced us for the ILS Z 19 approach.  The subsequent approach and landing was mostly uneventful.During the arrival and approach; radio communications in the area were often broken and unreadable. Multiple aircraft in the area on the frequency were having trouble hearing or contacting Salt Lake Center on 133.25. It seemed like the problem was most pronounced around the Dunoir VOR (DNW).  The two biggest challenges during this event were the problems with radio communications in the area; and a VFR aircraft maneuvering in the busy approach corridor to Jackson Hole where it shouldn't be.  I have noticed an increase in events where VFR aircraft (not in contact with the local ATC facility) have caused RA's to jet aircraft operating on approaches to busy airports (ie- TEB and SDL).First; I'd like to commend the Salt Lake Center controller for trying to resolve a traffic conflict with a VFR aircraft; especially in an environment with lots of traffic (particularly jets) and with significant terrain in the area.  It's a challenging job with an immense amount of responsibility.Second; I think there's a significant need for improving radio communications in the area to provide good coverage to improve efficiency and reduce hazards.Third; I'm not exactly sure how to prevent VFR traffic from interfering with arriving IFR traffic at JAC; but I do think it's a subject that deserves some focus and discussion to prevent further incidents or even accidents.,,Flight crew reported ZLC frequency 133.25 was broken and unreadable causing frequency congestion and difficulty complying with ATC instructions when encountering conflicting VFR traffic.
2269561,202507,0001-0600,SAT.TRACON,TX,,,,3500,,,,,,,,Tower SAT,Air Carrier,Large Transport; Low Wing; 2 Turbojet Eng,,2,Part 121,IFR,Passenger,,Descent; Initial Approach,Vectors,Class C SAT,,,,,,,,,,,,,,,,,,,,,,,,,,,,Tower SAT,,Small Transport,,1,,VFR,,,Climb,None,Class E 5C1,,,,,,,,,,,,,,,,,,,,,,,,Facility SAT.Tower,,Government,Approach,Air Traffic Control Fully Certified,Air Traffic Control Time Certified In Pos 1 (mon) 0; Air Traffic Control Time Certified In Pos 1 (yrs) 25,,Workload; Time Pressure,,,2269561,,,,,,,,,,,,ATC Issue All Types; Conflict Airborne Conflict; Deviation / Discrepancy - Procedural Published Material / Policy,,,Person Air Traffic Control,In-flight,Air Traffic Control Issued Advisory / Alert; Air Traffic Control Separated Traffic; Flight Crew Took Evasive Action,Human Factors; Airspace Structure,Airspace Structure,I was working the standard combined radar position.  There were multiple medevac flights inbound and I was trying to ensure no delay for them at the time.  That meant that Aircraft X was slightly extended to ensure the medevac ahead of him had no delay on their ILS.  I turned Aircraft X base and descended them to 030 feet planning on the ILS to RWY 13R.  There was a VFR aircraft working in the 5C1 pattern throughout the evening so when I saw a VFR target departing 5C1 I didn't think anything of it.  Then the aircraft departing 5C1 turned left and began an aggressive climb (<1000ft/min) through 2;200 requesting an IFR clearance they had filed.  I began the process of radar identifying the aircraft while simultaneously using the mult-d button to determine if the aircraft departing 5C1 was the same one calling.  I immediately began traffic alert procedures because Aircraft Y was climbing into Aircraft X.  Aircraft Y was instructed to maintain VFR and Aircraft X was instructed to maintain 3;500 and turned to 160 to avoid.  Aircraft Y went up through 3;000 and Aircraft X advised that the opposing traffic flew right under him and he was responding to a TCAS RA.Suggestions: This event is not uncommon at SAT.  In fact; this report is one of many associated with traffic in and around 5C1 and conflicting SAT traffic.  I have said this before and I will repeat it here.  It is not a matter of IF there will be a disaster at 5C1 it is a matter of WHEN.  As a facility we have jumped through every hoop the FAA has presented us with to try and prevent dangerous situations from occurring.  From outreach at the location (many pilots do not attend) to tracking the problem through the MOR process.  So at this point; I can only say unless the FAA wants another DCA disaster to occur; they will act decisively to fix this problem.The answer to the issue is very simple.  SAT needs controlled airspace to prevent aircraft from working east of 5C1.  This could be an extension to our Class C to encompass an area just east of 5C1 or a Class B to do the same.  The point is; relying on pilots to operate under VFR see and avoid with no knowledge from the controllers as to what they will or will not do is completely unsafe.,,,,SAT TRACON Controller reported a conflict developed between a VFR aircraft operating at 5C1 and a commercial jet. Reporter recommended changes to the SAT airspace structure to prevent future occurrences.
2272186,202508,1801-2400,SCT.TRACON,CA,,,,,,,,,,,,TRACON SCT,Corporate,Medium Transport; Low Wing; 2 Turbojet Eng,,2,Part 91,IFR,Passenger,,Initial Climb,Vectors,Class E SCT,,,,,,,,,,,,,,,,,,,,,,,,,,,,TRACON SCT,Personal,Small Aircraft; Low Wing; 1 Eng; Fixed Gear,,1,Part 91,,Personal,,Cruise,,Class E SCT,,,,,,,,,,,,,,,,,,,,,,,,Facility SCT.TRACON,,Government,Approach,Air Traffic Control Fully Certified,Air Traffic Control Time Certified In Pos 1 (yrs) 13,,Workload; Situational Awareness; Time Pressure; Physiological - Other; Fatigue,,,2272186,,,,,,,,,,,,ATC Issue All Types; Conflict NMAC,,,Automation Aircraft RA; Automation Aircraft TA; Person Air Traffic Control; Person Flight Crew,In-flight,Air Traffic Control Issued New Clearance; Flight Crew Requested ATC Assistance / Clarification; Flight Crew FLC complied w / Automation / Advisory,Airspace Structure; Company Policy; Human Factors; Procedure,Procedure,I had been working for 10 mins in incredibly busy traffic. We were short staffed and sectors combined. Aircraft X departed SNA heading 177 per the SID. Aircraft Y was southbound but shouldn't have been. That aircraft should have been on heading 155 or 080. I saw the conflict late since my mind was racing and I was extremely busy with no help. I turned Aircraft X to a heading of 230. It didn't do much and Aircraft X ended up right behind and overtaking Aircraft Y doing 100 kts. Aircraft Y was not in a place I expected him to be. Aircraft X responded to a TCAS RA descending out of 3000. Lateral was close. The pilot later questioned how close it was making me think it was close enough for him to think Near Mid Air. Sectors were combined when they shouldn't have; but we had no staffing. We are asked to work in these conditions of intense traffic Monday through Friday and still the FAA has the audacity to schedule mandatory overtime? This is not sustainable for our mental health. The union uses a lot of controllers for other duties and details and don't prioritize the operation. Both FAA and Union need to do better. We want a normal life outside of work.Recommendation: Hire more people,,,,A TRACON Controller working busy combined sectors reported a departing jet pilot reported a NMAC when they overtook a slower moving aircraft.
2272363,202508,1201-1800,ZZZ.TRACON,US,,,,4000,,,,,,,,TRACON ZZZ,Air Carrier,B737 MAX 8,,2,Part 121,IFR,Passenger,,Initial Approach,Vectors; Airway RNAV XX; STAR ZZZZZ,Class B ZZZ,,,,,,,,,,,,,,,,,,,,,,,,,,,,TRACON ZZZ,,Any Unknown or Unlisted Aircraft Manufacturer,,,,,,,,,,,,,,,,,,,,,,,,,,,,,,,,,Aircraft X,Flight Deck,Air Carrier,Captain; Pilot Flying,Flight Crew Instrument; Flight Crew Air Transport Pilot (ATP); Flight Crew Multiengine,,,Confusion; Communication Breakdown,Party1 Flight Crew; Party2 ATC,,2272363,Aircraft X,Flight Deck,Air Carrier,First Officer; Pilot Not Flying,Flight Crew Multiengine; Flight Crew Air Transport Pilot (ATP); Flight Crew Instrument,,,Confusion; Distraction; Communication Breakdown,Party1 Flight Crew; Party2 ATC,,2272350,ATC Issue All Types; Conflict Airborne Conflict; Deviation - Track / Heading All Types; Deviation / Discrepancy - Procedural Clearance; Deviation / Discrepancy - Procedural Published Material / Policy; Inflight Event / Encounter CFTT / CFIT,,,Automation Air Traffic Control; Person Air Traffic Control,In-flight,Air Traffic Control Issued Advisory / Alert; Flight Crew Became Reoriented; Flight Crew Overcame Equipment Problem; Flight Crew Overrode Automation,Chart Or Publication; Human Factors; Procedure,Human Factors,On downwind leg tracking 079 for Runway XX approach of the ZZZZZ arrival past ZZZZZ1 we are given instructions to descend to 4000 and turn to heading 170. I entered the altitude and heading on the Mode Control Panel (MCP) but was late to select HDG and start a turn; Approximately 35 seconds late to select HDG. My unintentional error. Weather: CAVU - DaylightWe were in the turn to 170 when the controller issued an additional turn to 180. For the next 2 minutes the controller did a poor job of managing the situation. We followed every subsequent instruction the controller issued.What ensued next largely increased our workload and introduced unnecessary stress to the event by the controller. Throughout this event we were issued non-standard phraseology instructions; asked if we needed assistance; were given a low altitude alert at 4600' with an MVA of 4200' never told to stop our descent; just told to Turn your plane now" while we were fully established in a standard turn then given a traffic alert of a converging aircraft 2 miles; 11 O'clock and 1000' below us while in the right turn away from traffic. A very confusing set of instructions in a short period while being vectored to the airport environment was less than ideal.My First Officer (FO) stayed calm and professional throughout the whole event. He kept this situation from getting any worse. I take full responsibility for the late turn. What happened after the late turn should have been handled better by the controller. We never received any terrain alerts or traffic alerts from our instruments throughout the arrival. Only non-standard calls and instructions from the controller. Apparently the MVA altitude the controller was primarily focused on was a main factor in what escalated this event.At no point was the flight ever in an unsafe condition. I was not going to let the fact the controller issued non-standard phraseology in a stressed tone put me; my crew or my aircraft in an unsafe situation. The controller may have thought they were helping the situation but in reality made it worse. We were vectored back to an intercept heading to Runway XX and landed uneventfully.Cause: Mitigating factors on this event would include the company strategy. Failed to verify the turn.",,We were on radar downwind for Runway XX from the ZZZZZ RNAV STAR. ATC gave us instructions to turn to heading 170 and descend and maintain 4000 feet. I read the clearance back and ensured the correct numbers were dialed in to the heading and altitude on the Mode Control Panel (MCP) and confirmed them. I then divided my scan between looking out to the right to scan for traffic that we would be following on the visual approach to XX and cross-checked the Class B airspace diagram to ensure we would be operating at a safe altitude of 4000 feet for when we were cleared the visual approach. The controller issued us a further turn to heading 180 for the approach; and I confirmed 180 heading on the MCP; and realized that the HDG button had not initially engaged. I made an accidental mistake by not verifying that the HDG mode had engaged in the Flight Mode Annunciator; only that the number was correct in the MCP window. After starting the turn; the controller subsequently told us to continue our turn to 210. The controller then asked us if we required any assistance; which confused me; then the controller attempted to issue a Low Altitude Alert for an MVA of 4;200 and acknowledged we were at 4;600. The controller's instructions did not include the 7110.65W standard phraseology Check Your Altitude Immediately"; which did not lead me to think that we were in fact going to descend below any MVA; only that the MVA for the area ahead was soon going to be 4;200 but we would be OK because we were at 4;600; turning; and still cleared to 4;000. The controller did not tell us to stop our descent or modify the altitude part of our clearance. Per the class B diagram; 4000 is a safe altitude out to the 15 DME ring from ZZZ; which I was tracking we were in; and we have no ability in the flight deck to know where all the minimum vectoring altitudes are. Shortly after that; we were issued an alert for traffic at 11 o'clock; which further distracted my attention searching for the traffic and monitoring the right turn. The next instruction that the controller issued to us included the non-standard phraseology "Turn Your Plane Now"; which was further confusing to me as we were already in a right-hand turn. We could not safely achieve any additional bank angle in the turn without creating an unusual attitude; and the Captain did a good job of maintaining safe aircraft control and not over banking the aircraft despite the controller's non-standard instructions and heightened tone of voice. We had no alerts of anything abnormal such as a TCAS TA; or a GPWS alert throughout the pattern. We were then vectored off the approach and re-vectored back in for another intercept for Runway XX. We had no idea that there was a concern with our altitude and the MVA until the ATC said that the flight might have gotten close to the MVA. It was my accidental error as the pilot monitoring that I did not ensure that the HDG mode button press had engaged the first time to start the turn.Cause: Automation Management/Monitoring- A causal factor would have been that I verified the correct heading and altitude in the Mode Control Panel window; however I accidentally did not verify that it actually engaged. In the future; I can also point to the Flight Mode Annunciator on my Primary Flight Display to double check that the correct roll mode engages.Communication-ATC- Another causal factor would be that the ATC controller did not directly address the concern that they had in standard phraseology or even in plain english. The controller asked us if we required any assistance; which was a confusing question when everything seemed normal to us. A more straightforward way to address a developing concern might have been to say 'I don't observe a turn yet on radar; stop descent at 4;200 for Minimum Vectoring Altitude.' This could have alleviated the controller from having to issue a Low Altitude Alert.Airport Conditions- Another causal factor is the amount of traffic inboundfor landing on Runway XX. During the early phases of our descent; another aircraft asked if they could get Runway XX instead of Runway XYL; and the controller replied that there is a 5:1 ratio of aircraft inbound for Runway XX versus runway XYL; and that a runway change was not possible for them. I suspect this could have also led to controller saturation; and led to the downwind leg for XX getting 'stretched out' for the aircraft in the pattern; which potentially put aircraft further to the east during the pattern; closer to potential terrain. We were already slowed to 190 per the controller's instructions; potentially slowing the downwind aircraft to 170 could have allowed more time to react in the event that altitude and terrain became an issue.Unpublished Restrictions- Minimum Vectoring Altitude information is not readily available to pilots. According to an article about MVAs; stakeholders and other pilot unions and groups have asked the FAA to release the MVA information to pilots for situational awareness. This would be an incredibly useful tool on the flight deck; leading to an increased ability to identify and trap errors. Even if it is not feasible to incorporate this into an FMS; a chart on Jepp Flight Deck Pro app; in the reference tab; or company charts; in conjunction with the aircraft moving map symbol would be a huge increase in pilot situational awareness. Yet; since the advent of the electronic flight bag; we still have no meaningful tools on the flight deck with respect to minimum vectoring altitudes. Terrain clearance is a shared responsibility with ATC; however we have no tools to assist with this besides our Ground Proximity Warning System; which does not prevent a situation from developing such as this one. In an age where air traffic is at an all-time high and visual approaches are preferred by ATC to increase traffic volume; we have no meaningful tools to choose altitudes for visual approaches besides using altitudes on IFR approaches; which do not take into account obstacle clearance areas not on the straight-in obstacle clearance surface on a charted Instrument Approach Procedure. I think having some charts for busy terminal areas (especially those with terrain concerns) would be a very valuable tool for pilot descent planning and provide an added margin of safety to mitigate the risks of controlled flight into terrain.",,Air carrier pilots reported receiving a low altitude alert from ATC during approach.
2274677,202508,1801-2400,SCT.TRACON,CA,,,,,,,,,,,,TRACON SCT,Air Carrier,Large Transport; Low Wing; 2 Turbojet Eng,,2,Part 121,IFR,Passenger,,Initial Climb,Vectors,Class D LGB,,,,,,,,,,,,,,,,,,,,,,,,,,,,,,Any Unknown or Unlisted Aircraft Manufacturer,,1,,,,,,None,Class D LGB,,,,,,,,,,,,,,,,,,,,,,,,Facility SCT.TRACON,,Government,Departure,Air Traffic Control Fully Certified,Air Traffic Control Time Certified In Pos 1 (mon) 0; Air Traffic Control Time Certified In Pos 1 (yrs) 13,,,,,2274677,,,,,,,,,,,,ATC Issue All Types; Conflict Airborne Conflict; Deviation / Discrepancy - Procedural Published Material / Policy; Inflight Event / Encounter CFTT / CFIT,,,Automation Air Traffic Control; Automation Aircraft TA; Person Air Traffic Control; Person Flight Crew,In-flight,Air Traffic Control Issued New Clearance; Air Traffic Control Separated Traffic; Flight Crew Returned To Clearance; Flight Crew Took Evasive Action,Airspace Structure; Human Factors,Airspace Structure,I was working Harbor sector which has departures off LGB airport. Aircraft X departed; there was a lot of VFR traffic in the area that wasn't talking to anyone and some that had just departed LGB. Aircraft X departs LGB keeps him for a little longer; I imagine is to try to deconflict from traffic. LGB calls and says we are stopping Aircraft X at 020 and then they ship him over. As soon as I talked to Aircraft X I gave a vector away from traffic. Aircraft X reported responding to a TCAS RA and climbing. Aircraft X didn't climbed much since there was an aircraft at 030. I saw a descend to 019. At this point Aircraft X entered a 027 MVA. The heading I issued was clear of traffic and Aircraft X was able to climb to 070. I keep saying this but if we don't fix this; we will have a midair here. If one of those targets doesn't have a transponder or Aircraft X gets the wrong frequency or TRACON assumes tower is doing something or vice versa. There's too many was this will happen. If they are modernizing things lets modernize the airspace around airports. LGB needs some airspace protection around the departure area. Also LGB tower needs more options for headings. They could use headings as far as 270 to 180. This should be an easy fix through LOA.Create airspace around LGB to protect arrivals and Departures. A class C would help or an extension of class B. Better procedures with headings that LGB is allowed to issue.,,,,SCT TRACON Controller reported working a departure aircraft that was responding to a TCAS RA resulting in flight below the MVA. The controller issued a heading and altitude to the aircraft that was clear of traffic and the flight continued to its destination.
2276057,202508,1201-1800,ZDV.ARTCC,CO,,,,34000,,VMC,,,Daylight,,,Center ZDV,Air Carrier,EMB ERJ 170/175 ER/LR,,2,Part 121,IFR,Passenger,,Descent; Cruise,,Class A ZDV,,,,,,,,,,,,,,,,,,,,,,,,,,,,Center ZDV,Air Carrier,B777 Undifferentiated or Other Model,,,Part 121,IFR,Passenger,,Descent,Vectors,Class A ZDV,,,,,,,,,,,,,,,,,,,,,,,,Aircraft X,Flight Deck,Air Carrier,Pilot Not Flying; Captain,Flight Crew Multiengine; Flight Crew Air Transport Pilot (ATP); Flight Crew Instrument,,,Communication Breakdown,Party1 Flight Crew; Party2 ATC,,2276057,Aircraft X,Flight Deck,Air Carrier,First Officer; Pilot Flying,Flight Crew Air Transport Pilot (ATP); Flight Crew Instrument; Flight Crew Multiengine,,,Communication Breakdown,Party1 Flight Crew; Party2 ATC,,2276384,ATC Issue All Types; Inflight Event / Encounter Wake Vortex Encounter,,,Person Flight Crew,In-flight,Air Traffic Control Provided Assistance; Air Traffic Control Issued New Clearance; Flight Crew Took Evasive Action; Flight Crew Requested ATC Assistance / Clarification,Procedure; Environment - Non Weather Related; Human Factors,Procedure,Just prior to reaching our initial descent into DEN on the LAWGR 4 Arrival; the First Officer (FO) and I noticed Denver Center vectoring a 777 around us to the right side of the aircraft. We were assigned a speed to maintain (Mach .74) and noticed the 777 was passing off our right 2000 feet above us; with about 3 - 4 mile spacing between us. At that particular time; the FO and I both deemed that spacing was adequate. Seeing as the 777 was flying much faster than we were (estimated around Mach .79); spacing continued to increase. The 777 was then vectored in front of us; and according to our TCAS system; spacing between us was about 12 miles at the time of the event.A few minutes later; we were in straight and level flight at about 34 thousand feet. The FO and I began accomplishing our descent tasks; which included obtaining the Digital ATIS; calculating the landing performance data from ACARS; verifying the points on the arrival and approach; bugging" the Flight Mode Annunciator (FMA) / Primary Flight Display (PFD); and accomplishing the arrival briefing. During the FO's arrival briefing; I noticed the 777 ahead of us was now at our altitude; but spaced about 12 miles in front of us. ATC did not notify us of traffic ahead; and I did not inquire about the traffic; seeing as this is a typical "in trail" spacing technique used by ATC. I also noted the winds aloft were showing a direct headwind at 33 knots.Shortly thereafter; our aircraft began "buffeting" and a few seconds later entered into two separate; aggressive thirty-degree banks in either direction. Autopilot was automatically turned off; and the FO promptly returned to straight and level flight. Seeing as this was not an "upset" the Standard Operating Procedures recovery procedure was not required. The FO (pilot flying) maintained control of the aircraft; and we eventually turned the autopilot back on.After ensuring control of the aircraft; I immediately notified ATC that we needed to descend due to wake turbulence. ATC promptly cleared us to descend and maintain FL320; and we quickly exited the wake turbulence.It was determined that this event occurred due to lack of communication / separation by ATC. We were not notified of a wake turbulence caution; and the 777 was vectored in front of us on the arrival. No TCAS RA / TA was triggered.After ensuring aircraft control; descending to a lower altitude; and communicating with ATC; I made a PA to the flight attendants (FAs) informing them to be seated immediately. Shortly thereafter; I called them on the interphone to ensure nobody in the cabin was injured during the wake turbulence event. Both FAs informed me that no passenger was injured; and that they were seated on the floor in the aft galley. I informed them it was now safe to get up and resume their duties.Promptly after speaking with the FAs; I decided to make a PA to the passengers; explaining the nature of the wake turbulence. The fasten seat belt sign remained on for the rest of the flight. The flight continued to DEN and landed with no further incident.Lack of communication between ATC and pilots regarding spacing / wake turbulence separation. Aircraft was vectored in front of us and then descended from FL360 down to our altitude (FL340) with inadequate separation.Suggest modifying spacing techniques; taking into consideration wake turbulence categories. For example; an Airbus A350 would not require as much spacing as an E-175 when flying behind a 777; because it is a much larger aircraft.Suggest better communication between ATC and aircraft with regards to wake turbulence. I notice I get many wake turbulence warnings in the terminal environment; but not as many when I am flying at a higher altitude.",,My Captain and I were doing our normal duties of flight at FL340; beginning prep for our descent into Denver on the LAWGR4 Arrival. As we were flying; we requested a higher altitude because of bumps at 340; but were told we couldn't get higher because of a trailing heavy aircraft at 360 on the same arrival into DEN. Later; we did see that trailing traffic overtake us (we were going approximately .74 Mach). They overtook us about 2.5 - 5 miles to the north of us at 36000 feet. Once we saw them past us; we considered them not a threat as they were faster and offset from us; and as of that time; hadn't encountered any wake turbulence to suggest we were crossing their flight path.As we were getting close to our descent; we began our descent tasks; and I began briefing the arrival into DEN when we began to pick up some buffeting. Immediately; my Captain said he thought it was wake turbulence from the jet ahead of us; and as he said that; we began to experience significant buffeting and roll induced by the wake turbulence. I reacted by counteracting the roll by inducing opposite aileron and attempting to maintain a level attitude. The automation was automatically turned off as we were banked up to 30 degrees to the left and right. We regained control quickly and were able to get the plane back to its original position while my Captain requested lower and put the altitude bug at 320 while waiting for clearance. We got the automation back on and did not think we had an UPSET" as the bank was never more than 30 from what I recall. We were ready to descend to lower if buffeting continued. We then received clearance for lower and descended.ATC never gave us a warning of traffic ahead or that we could encounter wake turbulence; but they were also about 12 miles ahead; so spacing seemed proper. The winds; however; were a direct headwind above 30 knots; and that probably played a part in the dissipation of the wake turbulence.During the descent things returned to normal and we had no other indication that we were too close to the 777 and we were then given warnings by the next control of possible wake turbulence. We continued our approach to landing without any other issues and were able to land the plane safely.After the event the Captain made sure to address the FAs and passengers to make sure no one was injured. We received word that everyone was seated despite the seat belt sign being off and that there were no injuries reported. The Captain had the FAs resume securing the cabin and prepare for landing. The seat belt sign was turned back on and remained on for the remainder of the flight.We believe this event was caused because of lack of ATC separation; with no verbal warning of the 777 ahead of us and possible wake turbulence. While they did have 10 - 12 miles of separation; because they descended ahead of us and directly in our track with the arrival; it led to us getting hit by the wake turbulence. In the future; I will be more aware of how quickly wake turbulence can affect the aircraft and will be ready to turn off automation in the case of experiencing wake turbulence. If we are ever in trail of a heavy aircraft; a warning of wake turbulence even if the aircraft is 10 miles ahead would be a good warning as well. Especially if the winds are coming from the west as they were today.",,ERJ-175 flight crew reported encountering wake turbulence from a preceding B777 on descent into DEN.
2276983,202508,1201-1800,ZZZ.Airport,US,,,,1200,,,,,,,,Tower ZZZ,Air Carrier,B737-800,,2,Part 121,IFR,Passenger,,Initial Climb; Takeoff / Launch,,Class B ZZZ,,,,,,,,,,,,,,,,,,,,,,,,,,,,Tower ZZZ,,Cessna Citation Undifferentiated or Other Model,,2,,IFR,,,Takeoff / Launch; Initial Climb,,Class B ZZZ,,,,,,,,,,,,,,,,,,,,,,,,Aircraft X,Flight Deck,Air Carrier,Pilot Flying,Flight Crew Instrument; Flight Crew Multiengine; Flight Crew Air Transport Pilot (ATP),,,Situational Awareness; Workload,,,2276983,,,,,,,,,,,,ATC Issue All Types; Conflict NMAC,,,Automation Aircraft TA; Automation Aircraft RA; Person Flight Crew,In-flight,Flight Crew Took Evasive Action,Procedure; Human Factors,Procedure,I was the pilot flying. Cleared TO RWY XXR and told by Tower that aircraft was taking off on XXL was going straight ahead.  When we were lining up; the citation XXL wasn't moving yet so I figured he was waiting for us to takeoff first.  During our takeoff roll; I looked over my shoulder and didn't see him so I assumed he was smart enough to delay and keep us in sight.  We were on the ZZZZZ SID.  Following the SID track; at 1200 feet; I looked out left window and saw the Citation off our left wing about 200 feet off our wing. I started right turn to turn away from him. We got a TCAS monitor vertical speed" and then immediately got a "clear of conflict".  I saw the target was at our altitude on the TCAS.  I continued my turn towards ZZZZZ1 while asking for flaps up. Cause: I am assuming the Citation had us visually but got too close.   If ATC wants to takeoff 2 aircraft at the same time; XXR AND XXL; time they should clear the trailing aircraft to maintain visual separation.  Didn't get visual of him until he was right off our left wing because he took off after us and wouldn't be expected to catch up.  Of course; we were busy with takeoff phase of flight.",,,,An air carrier pilot reported on initial climb they received a TCAS warning for an aircraft which departed the parallel runway.
2280779,202508,1201-1800,ZZZ.TRACON,US,,,,,,,,,,,,TRACON ZZZ,Air Taxi,Challenger 350,,2,Part 135,IFR,Passenger,,Initial Approach,,Class B ZZZ; Class E ZZZ,,,,,,,,,,,,,,,,,,,,,,,,,,,,,,Any Unknown or Unlisted Aircraft Manufacturer,,,,VFR,,,Cruise,,Class E ZZZ,,,,,,,,,,,,,,,,,,,,,,,,Aircraft X,Flight Deck,Air Taxi,Captain; Pilot Not Flying,Flight Crew Air Transport Pilot (ATP),,,Situational Awareness,,,2280779,,,,,,,,,,,,ATC Issue All Types; Conflict NMAC,,,Automation Aircraft RA; Person Flight Crew; Person Air Traffic Control,In-flight,Air Traffic Control Issued New Clearance; Flight Crew Took Evasive Action; Flight Crew Requested ATC Assistance / Clarification; Flight Crew Returned To Clearance,Procedure; Human Factors; Environment - Non Weather Related; Airspace Structure,Human Factors,We were on the ZZZZZ arrival approaching ZZZZZ1 waypoint and traffic was called at 11:00 O'clock about 5 miles. It was VFR traffic skirting the edges of the airspace and not talking to anybody; but his transponder was reporting position and altitude. I was seriously considering asking for a vector for traffic but then I was contemplating whether the traffic was converging or was going to pass around us. The turn at ZZZZZ1 is to the left so I'm wondering if that is going to put us closer to the traffic. I wasn't sure which direction the traffic was moving. TCAS traffic alert is issued and shortly after TCAS RA with monitor vertical speed". I then acquired visual contact with the traffic as he passed directly under us from left to right. ATC issued a traffic alert and right turn to a heading of 260. ( about a 45 degree turn ) The heading assignment and alert from ATC were both issued as we were passing over the traffic; therefore useless and too late to do anything. We were in the active RA as ATC was issuing the heading. I read back the heading and at the same time notified ATC of the RA. We passed directly over the traffic with 0 horizontal clearance and 400' vertical clearance. Suggestions: At the time of incident; traffic was relatively light for ZZZ. ATC knew that the traffic was there well in advance. They could have issued a heading and provided separation well in advance while it was still possible to do something about it. But; instead they chose to just talk about the traffic. In hindsight I should have asked for a vector early on. I know this because I've seen it happen too many times. The difficulty is that irrelevant traffic information is thrown at you all day long ( aircraft that are not really a threat ). Then when traffic is a legitimate threat it's handled by ATC the same way. You try to figure out how much of a threat it really is or isn't and then it's too late. I know this is not uncommon and it's not unique to ZZZ. It happens too often. It happened to me in City X not too long ago and I didn't file an report. We all just think; well that's life; that's how they do things. This is contrary to common sense. Don't just sit and yak about where the traffic is; just give me the heading.",,,,An air taxi Captain descending on a STAR reported a NMAC with a VFR aircraft.
2282168,202509,0001-0600,DOV.Airport,DE,,,0,,,VMC,,,Night,,,Tower DOV,Air Carrier,Commercial Fixed Wing,,2,Part 121,IFR,Passenger,,Taxi,,,,,,,,,,,,,,,,,,,,,,,,,,,,,,,,,,,,,,,,,,,,,,,,,,,,,,,,,,,,,,,,,Aircraft X,Flight Deck,Air Carrier,Captain; Pilot Flying,Flight Crew Air Transport Pilot (ATP); Flight Crew Multiengine; Flight Crew Instrument,,,Communication Breakdown,Party1 Flight Crew; Party2 ATC,,2282168,,,,,,,,,,,,ATC Issue All Types; Deviation / Discrepancy - Procedural Clearance; Ground Incursion Taxiway,,,Person Air Traffic Control; Person Flight Crew,Taxi,Air Traffic Control Issued New Clearance; Flight Crew Requested ATC Assistance / Clarification,Airport; Human Factors,Ambiguous,Misinterpretation of taxi chart.ATC Cleared to taxi D; hold short RWY 19".  Approaching RWY 19. " Cleared to cross RWY 19; Cleared to cross RWY 14; Bravo; hold short RWY 19."The taxi route given was as we had briefed in the preflight; including hotspot 1. Included in brief was that a hard turn to the right onto B was required after crossing RWY 14. This is where my interpretation was incorrect. The Centre intersection of all 4 taxiways on the taxi chart is on the North side of RWY 14; leading me to believe that I needed to cross RWY 14 before turning Right onto B. In retrospect a Right turn onto RWY 14; then right onto taxiway B is what was required.Before crossing RWY 14 on taxiway D; we didn't see any signs indicating that taxiway B was a right turn. This is a dark part of the airport; the signs may exist; but we didn't see them.As we crossed the 2nd RWY crossing (as instructed) ; RWY 14; I slowed the aircraft looking for taxiway B; I commented; "I can see a taxiway ahead; but that's a bit further ahead than I expected"; then I spotted that taxiway sign as Alpha. " I said "Ohhh that's Alpha" and stopped the aircraft; just as ATC said " Looks like you missed Bravo; continue straight ahead turn Right onto Alpha...etc"The ATC clearance to "cross RWY 14" re-affirmed in my mind that we needed to actually cross the RWY. In retrospect it seems obvious we could have backtrack on RWY 14; then turn right onto Bravo.Suggestions: Enhanced signage prior to RWY 14; that taxiway Bravo is to the right.This; although short ; is a backtrack on RWY 14;  NOT a crossing. Perhaps ATC should issue the clearance as " Cleared to cross RWY 19; Cleared for a right turn and backtrack on RWY 14; Right onto B..."I shall be more mindful of the confusion possible with taxiway intersection in close proximity to a RWY.",,,,Air carrier pilot reported a taxiway incursion at DOV; citing a combination of lack of signage and poor surface lighting as contributing.
2283967,202509,0601-1200,MDW.Airport,IL,,,0,,,VMC,,,Daylight,,,Ground MDW,Fractional,Medium Transport; Low Wing; 2 Turbojet Eng,,2,Part 91,,,,Taxi,,,,,,,,,,,,,,,,,,,,,,,,,,,,,,,,,,,,,,,,,,,,,,,,,,,,,,,,,,,,,,,,,Aircraft X,Flight Deck,Fractional,Pilot Not Flying; Captain,,,,Confusion; Situational Awareness; Communication Breakdown,Party1 Flight Crew; Party2 ATC,,2283967,,,,,,,,,,,,ATC Issue All Types; Ground Event / Encounter Other / Unknown,,,Person Flight Crew,Taxi,,Procedure; Airport; Environment - Non Weather Related; Human Factors,Airport,No taxiway sign for J as you taxi westbound across Runway 22R from F. Ground cleared us to cross Runway 22R; J and A to the ramp." As I consulted the taxi diagram to find J; we had reached the hold-short line for 22R. PM increased thrust for the runway crossing and I suspected he may not know where J was relative to Runway 22R. So as he said clear left; I said left turn on the runway for J; followed by cleared right. He said "heh?" so I pointed to his left and said that's Taxiway J; diagonally there to our left. He stepped on the brakes and said; "Are you sure?" I said yes; I've checked the diagram.Cause: No signage indicating "J" on the west exit of Runway 22R. ATC clearance that is delivered in the same way as the typical clearance where you cross the runway and then turn onto another taxiway.After the brief slowing and hesitation from the PF; we turned towards J on Runway 22R and exited as cleared by Ground.Suggestions: There needs to be at least one taxiway sign; preferably one on either side of Taxiway J visible from this crossing point on F; on the west exit Runway 22R. Suspect there is a sign further north on Runway 22R if you were landing on 22R to exit on J. This sign is not visible from where we were taxiing. I don't believe there is any; but with the lack of time involved I will say it was not identifiable by us.Also; the clearance we were given by Ground Control creates a confirmation bias. We expect to cross a runway; then turn onto the next taxiway. Our situation begs for something like "cross Runway 22R and EXIT ON J. Then A; cleared to the ramp" to be the clearance to emphasis the need to exit on a taxiway other than F; the one we entered the runway from.",,,,Fractional jet Captain reported there was no signage for Taxiway J on the west exit of Runway 22R at MDW.
2287112,202509,1801-2400,ZZZ.ARTCC,US,,,,10000,,VMC,,,Night,,,Center ZZZ,Air Carrier,Regional Jet 200 ER/LR (CRJ200),,2,Part 121,IFR,Passenger,,Initial Approach,,Class E ZZZ,,,,,,,,,,,,,,,,,,,,,,,,,,,,,,,,,,,,,,,,,,,,,,,,,,,,,,,,,,,,,,,Aircraft X,Flight Deck,Air Carrier,Pilot Not Flying,Flight Crew Air Transport Pilot (ATP),,,Communication Breakdown,Party1 Flight Crew; Party2 ATC,,2287112,Aircraft X,Flight Deck,Air Carrier,Captain; Pilot Flying,Flight Crew Air Transport Pilot (ATP),,,Communication Breakdown,Party1 Flight Crew; Party2 ATC,,2287113,ATC Issue All Types; Deviation - Altitude Overshoot; Deviation / Discrepancy - Procedural Clearance; Deviation / Discrepancy - Procedural Published Material / Policy; Deviation / Discrepancy - Procedural Weight And Balance; Inflight Event / Encounter CFTT / CFIT; Inflight Event / Encounter Fuel Issue,,,Person Air Traffic Control,In-flight,Air Traffic Control Issued Advisory / Alert; Air Traffic Control Issued New Clearance; Flight Crew Returned To Clearance,Human Factors,Human Factors,CA- Pilot flying. FO- Pilot monitoring. Prior to being cleared for the RNAV XX into ZZZ from ZZZZZ crew realized current fuel load and expected burn to landing would result in touching down overweight. To alleviate this threat the crew descended early from cruise; slowed and once on the approach extended partial flaps. After crossing ZZZZZ1 the crew determined there still needed to be excess fuel burned to avoid an overweight landing so radar vectors were requested off the approach southbound and the intention of returning back to ZZZZZ1 to continue the approach was made clear and understood by ATC. A clearance of turn left heading 220 and descend and maintain 10000.  FO heard and read back turn left heading 220 and descend and maintain 10000. No correction was given by ATC. CA set 10000 and began descending. ATC then informed the crew that they could stay on that heading until they advised ATC they were ready to proceed back to ZZZZZ1 and to expect a left turn. Once an acceptable fuel load was reached FO requested a left turn direct ZZZZZ1. This left turn was given by ATC. Well past heading 180 into the left turn ATC gave crew a terrain warning and instructed them to turn to a heading of 180 and seem confused why they were at 10000 and instructed the crew to climb to 12000 which was complied with immediately by the crew. This perceived confusion from ATC and the immediate climb to 12000 indicates a possible altitude deviation and is the reason for this report though crew believes they were cleared to 10000 and complied with that clearance. The crew was told to keep their own terrain clearance which was complied with. Crew queried ATC to confirm they wanted them to stop the left turn and turn back to the right to a heading of 180. ATC confirmed this and the crew complied. Once at an altitude of 12000 and heading 180 crew continued to approach and the remainder of the flight was completed without incident.Cause: The primary cause of this event was the FO potentially mishearing ATC clearance to descend to 12000 but rather heard and readback to descend to 10000. Additionally; if ATC would have corrected the possibly incorrect readback or noticed the crew descending below 12000 this would have prevented the descent to 10000 and the ATC terrain warning when cleared direct ZZZZZ1. Also; once seeing the aircraft at 10000 a right turn towards the airport and away from the terrain would seem to have been a better choice.Suggestions: In the future FO will be more careful with accurately hearing ATC instructions. Another option for the crew would have been to ask for a hold over a fix on the approach to burn fuel rather than being vectored off. Additionally; once on the vector the crew could have asked for the visual to either XX or XY given the visual contact with the airport. However; the intent of proceeding back to ZZZZZ1 to rejoin the approach was to provide an environment more conducive to a stable approach given this particular airport and it being at night. To avoid recurrences from ATC perspective it would be helpful to listen closer to verify crews are giving accurate read backs and aircraft are subsequently doing what they were instructed.,,Cleared for RNAV XX ZZZZZ.   Noted after crossing ZZZZZ1 that fuel despite earlier efforts was still too much.  Asked for and received vectors south to burn fuel with the intention of returning to the approach over ZZZZZ1.  We proceeded to 10000 on 220 heading with instructions to let ATC know when we would be able to return.  We were cleared initially a left turn back to ZZZZZ1.  Then ATC asked if we were going to climb to 12000.  We responded that we were at 10 and would climb to 12.  We were established in the left turn; then told to turn right to a 180 heading.  We were close to the field; asked for a visual; landed without incident.Cause: both crew believed we were cleared to 10.  We were surprised that we weren't to be at 10.  Somehow communication broke between clearance received; clearance read back; not challenged by ATC.Suggestions: In this case I thought we were cleared to 10.  We weren't challenged by ATC until we had been level at 10; and then we called ready to return ZZZZZ1.  High area of vulnerability; with changes to an approach.  A lot going on; and apparently a clearance to descend was incorrectly read back and missed by all parties.,,CRJ-200 flight crew reported a need for delay vectors to burn fuel and when cleared back to a fix for the approach they were below the MIA for the area resulting in ATC issuing a low altitude alert; climb; and vector back on course.
2288155,202509,,ZZZ.Airport,US,,,,1500,,VMC,,,,,,Tower ZZZ,Air Carrier,B737 Undifferentiated or Other Model,,2,Part 121,IFR,Passenger,,Final Approach,,Class B ZZZ,,,,,,,,,,,,,,,,,,,,,,,,,,,,Tower ZZZ,Air Carrier,Commercial Fixed Wing,,2,Part 121,IFR,,,Final Approach,,Class B ZZZ,,,,,,,,,,,,,,,,,,,,,,,,Aircraft X,Flight Deck,Air Carrier,Captain; Pilot Flying,Flight Crew Air Transport Pilot (ATP); Flight Crew Instrument; Flight Crew Multiengine,,,,,,2288155,,,,,,,,,,,,ATC Issue All Types; Conflict Airborne Conflict; Deviation / Discrepancy - Procedural Published Material / Policy; Inflight Event / Encounter CFTT / CFIT; Inflight Event / Encounter Fuel Issue,,,Automation Air Traffic Control; Automation Aircraft RA; Automation Aircraft Terrain Warning; Person Air Traffic Control; Person Flight Crew,In-flight,Air Traffic Control Issued Advisory / Alert; Flight Crew Executed Go Around / Missed Approach; Flight Crew FLC complied w / Automation / Advisory,Airport; Human Factors; Procedure,Procedure,On the RNAV ZZZZZ visual XXL we had pairing traffic to the parallel Runway.  At approx. 1500ft AFE (Above Field Elevation) we received a TCAS RA that commanded a descent.  I followed the RA down to 1000ft where tower issued us a low altitude alert and I elected to Go Around.  We were re-sequenced for another visual approach to XXL.  This time we were given a heading to intercept the localizer so we flew the ILS for course guidance on our visual approach.  We received an RA at about 1500ft which again commanded a descent.  I followed the RA again down to 1000ft where we received a 'GLIDESLOPE' aural and tower again issued a low altitude alert.  I called another Go-around and was resequenced again for a third visual to XXL.  At this point we were indicating 5;000lbs of fuel onboard.  I advised my FO that if we went below 4600lbs we would be declaring Minimum Fuel as we would be committed to landing ZZZ.  ZZZ1 was a 600lb fuel burn from ZZZ.  The third visual approach was completed to a landing without any issues due to better staggering of the pairing traffic.,,,,B737 Captain received multiple TCAS RA alerts followed by low altitude alerts due to parallel approaches.
2288725,202509,1201-1800,FDK.Airport,MD,,,,1400,,Marginal,5,,Daylight,CLR,,Tower FDK,Personal,Small Aircraft; Low Wing; 1 Eng; Retractable Gear,,1,Part 91,IFR,Personal,,Climb,None,Class D FDK,,,,,,,,,,,,,,,,,,,,,,,,,,,,Tower FDK,,Any Unknown or Unlisted Aircraft Manufacturer,,,,,,,,,Class D FDK,,,,,,,,,,,,,,,,,,,,,,,,Aircraft X,Flight Deck,Personal,Single Pilot; Pilot Flying,Flight Crew Commercial,Flight Crew Last 90 Days 38; Flight Crew Total 8312; Flight Crew Type 6600,,Situational Awareness; Communication Breakdown,Party1 Flight Crew; Party2 ATC,,2288725,,,,,,,,,,,,ATC Issue All Types; Conflict NMAC,,,Person Flight Crew,In-flight,General None Reported / Taken,Airspace Structure; Human Factors,Human Factors,With IFR clearance I departed FDK Runway 05; runway heading and when instructed turned to heading 290 degrees. At 2 north of FDK (departure control announced this when I checked in); at my 11 o'clock and 50 to 100 feet below was a small aircraft that I interpreted to be on left downwind for Runway 05. From runway heading; Tower advised me in the same transmission to both turn left to 290 degrees and contact departure. Departure was busy talking with the other aircraft; and I had to call 2 to 3 times to connect. Just as Controller identified me and told me 2 miles north of FDK; I noted the other small aircraft. There was no mention to me by the Tower or Departure Control of conflicting traffic. Neither my TCAS nor ADSB showing conflicting traffic. While I was on Tower frequency; I do not recall anything about traffic entering or on downwind. Reported visibility was 5 miles; but looking west it was only about 3 miles (for me and presumably the other small aircraft). I do not think that FDK Tower had radar information. The FDK Tower operator seemed over tasked.,,,,General aviation pilot reported a traffic conflict with another aircraft during climb on an assigned heading from ATC. The pilot did not see the other aircraft and ATC did not identify the aircraft in the traffic pattern.
2290480,202509,,ZZZ.Airport,US,,,,,,,,,,,,Tower ZZZ,Fractional,Citation Latitude (C680A),,2,Part 135,IFR,Passenger,Localizer/Glideslope/ILS ILS Z XX,Final Approach,Direct,Class C ZZZ,,,,,,,,,,,,,,,,,,,,,,,,,,,,Tower ZZZ,,Helicopter,,,,,,,,,Class C ZZZ,,,,,,,,,,,,,,,,,,,,,,,,Aircraft X,Flight Deck,Fractional,Captain; Pilot Flying,Flight Crew Air Transport Pilot (ATP),,,Communication Breakdown; Situational Awareness,Party1 Flight Crew; Party2 ATC,,2290480,,,,,,,,,,,,ATC Issue All Types; Conflict NMAC; Deviation - Altitude Excursion From Assigned Altitude,Horizontal 0; Vertical 225,,Automation Aircraft RA; Automation Aircraft TA; Person Flight Crew,In-flight,Flight Crew FLC complied w / Automation / Advisory; Flight Crew Took Evasive Action,Airspace Structure; Human Factors; Procedure,Ambiguous,Nominal flight until XA:00. A traffic alert was issued to us by the control tower while on the ILS Z Runway XX. A helicopter; Aircraft Y; was to pass behind us. Shortly after; a TA advisory was given by our TCAS system. Momentarily; it went away. The helicopter changed course and another TA was given; immediately followed by a RA with 'climb now' instructions. Our lowest reported altitude was 825 ft before taking action (XA:03). Aircraft Y's altitude at this time was 600ft. Only 225ft of vertical separation. We followed RA guidance until clear of conflict and ultimately flew the published missed approach to an uneventful 2nd approach and landing on Runway XX.I called clearance delivery after landing and requested the helicopter's tail number specifically to list in this report. They initially seemed very willing to comply. Then; I was provided with the Tower supervisor's phone number and told to ask him. When I called; he refused to provide the tail number. I said that I found this behavior odd and that I can locate the tail number using flight aware and/or liveATC.Suggestions: ZZZ Tower needs to severely limit helicopter traffic in its approach corridors. This is the SECOND time this year that I have had a helicopter fly directly at my aircraft while approaching ZZZ resulting in a RA. ZZZ Tower should be transparent and provide the tail number for the purpose of these reports. Refusal to provide the helicopter's tail number induces distrust.,,,,Fractional Captain reported an NMAC with a helicopter while on final approach.
2291062,202509,,LAS.Airport,NV,,,,800,,VMC,,,Night,,,Tower LAS,Air Carrier,B737 Undifferentiated or Other Model,,2,Part 121,IFR,Passenger,GPS,Takeoff / Launch; Initial Climb,,Class B LAS,,,,,,,,,,,,,,,,,,,,,,,,,,,,Tower LAS,,Helicopter,,,,,,,,,Class B LAS,,,,,,,,,,,,,,,,,,,,,,,,Aircraft X,Flight Deck,Air Carrier,Pilot Flying; Captain,Flight Crew Multiengine; Flight Crew Air Transport Pilot (ATP); Flight Crew Instrument,,,Situational Awareness; Time Pressure; Communication Breakdown,Party1 Flight Crew; Party2 ATC,,2291062,Aircraft X,Flight Deck,Air Carrier,Pilot Not Flying; First Officer,Flight Crew Instrument; Flight Crew Air Transport Pilot (ATP); Flight Crew Multiengine,,,Communication Breakdown; Time Pressure; Situational Awareness,Party1 Flight Crew; Party2 ATC,,2290376,ATC Issue All Types; Conflict Airborne Conflict; Deviation / Discrepancy - Procedural Published Material / Policy; Inflight Event / Encounter Loss Of Aircraft Control; Inflight Event / Encounter Wake Vortex Encounter,,,Automation Aircraft Other Automation; Person Flight Crew,In-flight,Flight Crew FLC complied w / Automation / Advisory; Flight Crew Regained Aircraft Control,Environment - Non Weather Related; Human Factors; Procedure,Ambiguous,We were given clearance to take off Runway 1L and climb via the RADYR2 Departure. This departure requires a significant turn over the Las Vegas strip; to achieve a greater than 135 degree course change. We departed at night; and upon the initiation of our turn at approximately 500 AGL; we encountered significant but short-lived wake turbulence that rolled the aircraft momentarily to approximately 45 degree left bank. As I adjusted the controls to bring us back to a more appropriate and moderate bank angle; ATC notified us that there was helicopter traffic within 200-300 feet of us; over the strip. The FO (First Officer) did not have visual contact. At about the same time; we received a TCAS Traffic Advisory; further alerting us of the nearby helicopter. I glanced at the ND (Navigation Display); and identified that the contact for this traffic was 300' below us and climbing; and approximately 2 miles to our 2 o'clock and flying on a converging course with us. I increased my turn to continue turning away from this traffic; while simultaneously increasing pitch in order to accelerate our climb. This enabled us to clear the incoming course of the other aircraft; although the bank angle increased momentarily beyond 30 degrees. The FO stated 'bank angle' and almost immediately the aircraft announced the same. I reduced the turn to below 30 degrees and we were able to continue with no further incident.,,While on initial takeoff from Runway 1R in Las Vegas on the RADYR 2 departure ATC notified [us] of helicopter traffic near our vicinity within 200-300 feet.  This was immediately followed by an aircraft TA and confirmed visually on the display unit.  During this time we had begun the initial turnout per the departure; a fairly large turn immediately after takeoff.  Due to the proximity of the traffic and unable to pick up the traffic visually; the PF turned slightly quicker to ensure safe clearance from the traffic. The bank angle approached 30 degrees and as it slightly passed through 30 the PM announced 'bank angle' and the aircraft also announced 'bank angle'.  The maximum bank angle was 35 degrees and the alert system briefly showed in 'amber'. The PF immediately reduced bank to 30 degrees and continued the departure.  The traffic was never picked up visually and an RA was never commanded.Las Vegas departure off 1R on the RADYR 2 departure.  Approximately 600 feet AGL left turn on departure from initial takeoff.,,B737 flight crew reported encountering wake turbulence soon after lift off; over-banking the aircraft's SOP limits and receiving a late call from ATC regarding conflicting traffic.
2291319,202510,1801-2400,ZDV.ARTCC,CO,,,,9500,,,,,,,,Center ZDV,Government,Military,,2,,IFR,Training,,Climb,Other IR137,,,,,,,,,,,,,,,,,,,,,,,,,,,,,,,,,,,,,,,,,,,,,,,,,,,,,,,,,,,,,,,,Facility ZDV.ARTCC,,Government,Enroute,Air Traffic Control Fully Certified,Air Traffic Control Time Certified In Pos 1 (mon) 0; Air Traffic Control Time Certified In Pos 1 (yrs) 10,,,,,2291319,,,,,,,,,,,,ATC Issue All Types; Deviation / Discrepancy - Procedural Clearance; Deviation / Discrepancy - Procedural Published Material / Policy; Inflight Event / Encounter CFTT / CFIT,,,Person Air Traffic Control,In-flight,Air Traffic Control Issued Advisory / Alert; Air Traffic Control Issued New Clearance,Human Factors; Procedure,Procedure,Aircraft X was cleared by ZAB to enter IR137 and exit at point G. Point G is underneath a 160 MIA (Minimum IFR Altitude) and is an alternate exit on IR137. The aircrafts flight plan had point G then direct ZZZ. They exited point G direct ZZZ at about 095; 6500 feet below the MIA. IR137 gives no specification on what altitude to exit at. The leg right before point G is SFC-160. I instructed them to maintain terrain and obstruction avoidance through 160 and climb and maintain FL250; their requested final. Essentially an aircraft on an approved IFR plan left the IR (Instrument Route) route direct destination below the MIA on an ATC clearance. No coordination was done on the aircraft entering the IR route; which is standard procedure from ZAB; so I could do nothing to prevent this situation from occurring.I have no idea who is at fault if anyone in this case. Clarification is requested.- Was ZAB expected to give Aircraft X a cross point G at 160? Despite not knowing the MIA there.- Was Aircraft X expected to know the MIA and exit at 160?- Should an altitude exit be listed on the IR route?- On the IR137 AP/1B page; it states the aircraft is authorized to fly within mission command guidance. Does this mean it is ok to exit below the MIA?- Should the aircraft remain within the confines of IR137 somehow until given a clearance out of it; and is this in conflict with their initial IFR flight plan clearance?- Or is there something else?,,,,Air Traffic Controller reported working an aircraft exiting an instrument route that requested IFR handling to their destination but the aircraft was below the Minimum IFR Altitude. The controller instructed the aircraft to maintain terrain obstruction avoidance until reaching the Minimum IFR Altitude for the area.
2291324,202510,0601-1200,ZZZ.Airport,US,,,,500,,VMC,,,,,,Tower ZZZ,Air Carrier,A321,,2,Part 121,IFR,Passenger,,Takeoff / Launch,,,,,,,,,,,,,,,,,,,,,,,,,,,,,,TRACON ZZZ,,Helicopter,,,,,,,Cruise,,Class B ZZZ,,,,,,,,,,,,,,,,,,,,,,,,Aircraft X,Flight Deck,Air Carrier,Pilot Not Flying; Captain,Flight Crew Multiengine; Flight Crew Air Transport Pilot (ATP); Flight Crew Instrument,,,Communication Breakdown; Situational Awareness,Party1 Flight Crew; Party2 ATC,,2291324,,,,,,,,,,,,ATC Issue All Types; Conflict NMAC; Deviation / Discrepancy - Procedural Published Material / Policy,,,Automation Aircraft TA; Person Flight Crew,In-flight,Flight Crew Requested ATC Assistance / Clarification,Airspace Structure; Procedure,Ambiguous,Tower cleared us to takeoff prior to reaching the runway with instructions to turn right heading 340.  FO read back the instructions as we followed SOP tasks approaching the runway. Once I lined up the plane I handed it over to the FO who was flying pilot . After rotation; FO called 'positive rate; gear up'.  After retracting the gear; my scan brought me to the ND (Navigation Display) and I noticed traffic straight ahead.  As I was focused on the traffic looking outside/ inside I noticed traffic was at our altitude. As we climbed through 500; we got the TCAS traffic alert as FO was in the turn to the right. Once we were clear of the hazard and back on track; tower told us to contact departure.  Before I switched to departure; I told tower we had a TA to traffic that we never saw. Tower nonchalantly explained yeah that was a helicopter at 500 ft that had you in sight. I'm glad he had us in sight because we never saw him. Both aircraft need to be made aware of one another at a minimum. I would love to know just how close we came to that helicopter; I imagine we were less than 500 ft at nearest point. Unacceptable.,,,,Air carrier Captain reported a near miss with a helicopter during initial climb.
2293261,202510,1201-1800,ZDC.ARTCC,VA,,,,45000,,,,,,,,Center ZDC,,Light Transport; Low Wing; 2 Turbojet Eng,,2,,IFR,,,Descent,,Class A ZDC,,,,,,,,,,,,,,,,,,,,,,,,Pressurization System,,X,Malfunctioning,Center ZDC,Air Carrier,Commercial Fixed Wing,,2,Part 121,IFR,Passenger,,Cruise,,Class A ZDC,,,,,,,,,,,,,,,,,,,,,,,,Facility ZDC.ARTCC,,Government,Enroute,Air Traffic Control Fully Certified,Air Traffic Control Time Certified In Pos 1 (mon) 0; Air Traffic Control Time Certified In Pos 1 (yrs) 18,,Communication Breakdown,Party1 ATC; Party2 Flight Crew,,2293261,,,,,,,,,,,,ATC Issue All Types; Aircraft Equipment Problem Critical; Conflict Airborne Conflict; Deviation / Discrepancy - Procedural Published Material / Policy,,,Person Air Traffic Control; Person Flight Crew,In-flight,Air Traffic Control Issued Advisory / Alert; Flight Crew Landed in Emergency Condition,ATC Equipment / Nav Facility / Buildings; Aircraft,Aircraft,I had just taken the handoff from sector 09 on Aircraft X. Aircraft X was flying north bound. Aircraft X was just crossing my sector boundary and he started descending very rapidly. I was not talking to Aircraft X nor was the previous sector. I had Aircraft Y south bound at FL360; that I was trying to move out of the way. Aircraft X kept descending and Aircraft Y  was not answering me either. I had to send a data com uplink to get Aircraft Y on frequency. The sector 09 controller finally was able to talk to Aircraft X  at the last second and issued a traffic alert. Both ACFT got a TCAS alert. Long story short Aircraft X lost pressurization and ended up Requesting Priority Handling.,,,,Enroute Air Traffic Controller reported having an aircraft begin a rapid descent towards another aircraft and both aircraft were not responding on frequency.  Both aircraft responded to TCAS alerts to avoid a collision.
2294694,202510,1201-1800,ZZZ.Airport,US,,10,,2000,,VMC,,,Daylight,,,Tower ZZZ,Personal,Skyhawk 172/Cutlass 172,,1,Part 91,None,Personal,,Cruise,Direct,Class E ZZZ,,,,,,,,,,,,,,,,,,,,,,,,,,,,,Government,Helicopter,,,Part 91,,,,Cruise,,Class E ZZZ,,,,,,,,,,,,,,,,,,,,,,,,Aircraft X,Flight Deck,Personal,Pilot Flying; Single Pilot,Flight Crew Air Transport Pilot (ATP); Flight Crew Flight Instructor; Flight Crew Multiengine; Flight Crew Instrument,Flight Crew Last 90 Days 112; Flight Crew Total 3100; Flight Crew Type 1300,,Situational Awareness; Communication Breakdown,Party1 Flight Crew; Party2 ATC,,2294694,,,,,,,,,,,,ATC Issue All Types; Conflict NMAC,Horizontal 400; Vertical 0,,Automation Aircraft TA,In-flight,Flight Crew Took Evasive Action,Human Factors; Procedure,Ambiguous,Departed ZZZ airport northwest-bound toward ZZZ1 airport. My intended route was to fly a 320 heading for a few miles and then turn westbound toward ZZZ1. During my takeoff roll I heard ZZZ tower clear a state trooper helicopter to depart from a taxiway northwest-bound. I made note that this was the same direction as my route. At approximately 5nm from ZZZ2; I was cleared to change frequencies. A few moments later I wanted to turn westbound toward ZZZ1; but I noticed on my TCAS that there was traffic in close proximity at the same altitude. I looked over my shoulder; but did not see any traffic. The helicopter was most likely obscured by the wing. I began a turn toward the west; but immediately got a traffic alert and stopped the turn. I could now see the helicopter and I turned to a heading which roughly paralleled their track. It appeared that the helicopter was attempting to overtake me. Soon after; the helicopter climbed above me. Once they were greater than 500ft above me according to TCAS; I resumed my turn toward the west. The flight concluded without incident. It would have been prudent for ZZZ Tower to advise one or both of us of the potential conflict. Particularly the helicopter as they were the faster of the two and likely to overtake.,,,,General aviation pilot reported a NMAC during departure with a helicopter that overtook and overflew them; requiring evasive action by the pilot.
2294711,202510,1201-1800,JPX.Airport,NY,,12,,3000,,VMC,10,,Daylight,4000,,TRACON N90,Air Taxi,Light Transport; Low Wing; 2 Turbojet Eng,,2,Part 135,IFR,Passenger,FMS Or FMC; GPS,Initial Approach,Vectors,Class E N90,,,,,,,,,,,,,,,,,,,,,,,,,,,,,,Any Unknown or Unlisted Aircraft Manufacturer,,,,,,,,,Class E N90,,,,,,,,,,,,,,,,,,,,,,,,Aircraft X,Flight Deck,Air Taxi,Pilot Flying; Captain,Flight Crew Multiengine; Flight Crew Instrument; Flight Crew Air Transport Pilot (ATP); Flight Crew Flight Instructor,Flight Crew Last 90 Days 80; Flight Crew Total 8000; Flight Crew Type 250,,Workload; Time Pressure; Situational Awareness,,,2294711,,,,,,,,,,,,ATC Issue All Types; Conflict NMAC; Deviation - Altitude Undershoot,Vertical 300,,Automation Aircraft RA; Person Flight Crew; Person Air Traffic Control,In-flight,Flight Crew Took Evasive Action,Airspace Structure; Environment - Non Weather Related,Airspace Structure,Our destination JPX is an uncontrolled airport (part-time control tower in the Summer season only).  The winds were light but just slightly favored runway 10; and this is what runway we requested due to the short runway length there.Our aircraft was a few miles east of the FOK Class D airspace at 3000ft. We were being vectored towards MATHW waypoint for the RNAV Z Runway 10 approach.  The ATC frequency was very busy; and I observed numerous TCAS targets on my MFD (Multi-function Flight Display) in the area around and below us.  The aircraft that caused the conflict in this episode was approximately 5 miles in front of me; between my 12 and 1 o'clock position at 2500 ft when the controller instructed us to turn right direct to MATHW; and very shortly thereafter cleared us to descend to 2000 ft.  I had some concern about that target; but the frequency was too congested for us to question the course/intentions of that target.  Just as I was starting my descent; this target started to climb and appeared to be moving toward our airplane; causing an immediate RA command for us to climb; and we complied without delay.  The TCAS was instrumental in helping to prevent a collision; because: 1)I never visually acquired the target; and 2) It was at least 5 seconds before the controller could issue deconflicting instructions due to frequency congestion.Ultimately; we were instructed to return to 4000 feet and vectored northwest away from the cluster of traffic in the space between our airplane and the destination airport.  Subsequently; when the frequency congestion cleared up a bit; the controller suggested vectors to the opposite runway; as he was observing that other VFR airplanes appeared to be maneuvering for that runway.  This would have been more useful for us to know earlier in the arrival; but again; just too much traffic and frequency congestion in the area for the PNF to be off frequency for any period of time to sort out what seemed to be a very fluid situation at the uncontrolled destination airport.I think it relevant to add I was astounded by the density of traffic in the proximity of our destination this day.  I have flown passengers commercially for 20 years and cannot recall seeing this level of density and traffic mix (small GA; helicopter; and jet traffic) at an uncontrolled airport simultaneously.  The overlying airspace is Class E with no regulatory requirement for VFR traffic to be in direct communication with ATC.  I have flown in Class C or TRSA areas with less traffic than was operating over the eastern portion of Long Island; NY today.  It also strains belief that JPX only operates a control tower during Summer months; today there absolutely was enough traffic at this field and in the immediate surrounding airspace to warrant a local control tower.,,,,Air taxi Captain reported an NMAC near JPX and requested a new evaluation be taken for this area regarding a full-time Control Tower.
2298273,202510,1201-1800,ZZZ.TRACON,US,,,,5000,,,,,,,,TRACON ZZZ,,PC-12,,1,Part 91,IFR,,,Cruise,,Class C ZZZ,,,,,,,,,,,,,,,,,,,,,,,,,,,,,,,,,,,,,,,,,,,,,,,,,,,,,,,,,,,,,,,Facility ZZZ.TRACON,,Government,Approach,Air Traffic Control Fully Certified,Air Traffic Control Radar 8,,Communication Breakdown,Party1 ATC; Party2 ATC,,2298273,,,,,,,,,,,,ATC Issue All Types; Airspace Violation All Types; Deviation / Discrepancy - Procedural Published Material / Policy; Inflight Event / Encounter CFTT / CFIT,,,Automation Air Traffic Control; Person Air Traffic Control,In-flight,Air Traffic Control Issued New Clearance,Procedure; Human Factors,Procedure,Aircraft X was a primary only target flying through the airspace appeared level at 050.  Issued the traffic to an Airbus that descending out of 080 for 060 landing ZZZ per our LOA (Letter Of Agreement) with ZZZ approach. I instructed the Airbus to stop at 070 to give some extra altitude to avoid a TCAS. I then realized that the primary only target was on a beacon code so I had handoff the code in the FDIO (Flight Data Input/Output). The flight plan showed IFR from ZZZ1 to ZZZ IFR 050 feet.  That aircraft was now in a 047 MVA but the last 20 miles before that from ZZZ1 from ZZZ approach was 051;060;052 and then 051 again on the MVA. I was never given any info on the aircraft we never took radar on them and ZZZ never called to coordinate. I immediately reached out to the aircraft was then just checking on 6 south west of ZZZ. I asked if they had been cleared IFR from ZZZ approach and they said affirmative; so as they started approaching the 054 MVA I gave them a climb to meet the next MVA. It appeared they were not going to meet that MVA so we got a point out with the tower to turn them east bound keep them climbing and avoid any further altitude issues. During this time Handoff took a call from ZZZ and all the controller said was Aircraft X not sure what happened with him. I vectored the Aircraft X into the left downwind and sequenced him in without any further issues. Complete incompetence and straight disregard for rules and safety on ZZZ approach; they are very aware of our complex air space due to mountainous terrain.    Controllers need to be well rested and in the correct state of mind to continue to work the ever changing and expanding aircraft volume and complexity. There is no reason we should be sitting on position thinking about when our next paycheck will come. Most families have enough personal issues and for the government to just not pay us for the work we are doing is egregious.,,,,A TRACON Controller reported a non-tracked IFR target in their airspace below the MVA that an adjacent facility failed to handoff resulted in a CFTT event.
2298461,202510,1201-1800,PHL.TRACON,PA,,,,6000,,,,,Daylight,,,TRACON PHL,Air Carrier,Medium Transport; Low Wing; 2 Turbojet Eng,,2,Part 121,IFR,Passenger,,Descent,STAR BOJID4,Class B PHL,,,,,,,,,,,,,,,,,,,,,,,,,,,,TRACON PHL,,Small Aircraft,,,,,,,,,Class B PHL,,,,,,,,,,,,,,,,,,,,,,,,Aircraft X,Flight Deck,Air Carrier,Pilot Not Flying; Captain,Flight Crew Multiengine; Flight Crew Instrument; Flight Crew Air Transport Pilot (ATP),,,Situational Awareness; Communication Breakdown,Party1 Flight Crew; Party2 ATC,,2298461,,,,,,,,,,,,ATC Issue All Types; Conflict Airborne Conflict; Deviation - Altitude Excursion From Assigned Altitude,,,Automation Aircraft RA; Person Flight Crew,In-flight,Flight Crew Took Evasive Action,Airspace Structure; Human Factors; Software and Automation,Human Factors,Philly arrival let Aircraft Y do 360's right in the middle of the BOJID arrival - as they often do; this is my second incident in 6 months caused by this.  So at 6000 in the vicinity of EYRIE; while in radio communication with the aircraft and us; ATC wasn't able to provide enough separation and we received a TCAS RA.  Descended 200'.  RA ended.  Advised ATC; who did not care in the least.ATC does not care about RA's caused by GA aircraft circling on their arrival fixes.  They know they are there and do not move them.  This is a recurring issue with no actions taken by FAA to change an obvious safety issue.Suggestion: Don't routinely and knowingly let GA aircraft circle in the middle of your IFR arrival.,,,,Air carrier Captain reported a traffic conflict with a general aviation aircraft both under ATC control; while in a descent on a published arrival to PHL. The Captain responded to a TCAS RA and maneuvered to avoid the traffic conflict.
