 ,Time,Time,Place,Place,Place,Place,Place,Place,Place,Environment,Environment,Environment,Environment,Environment,Environment,Aircraft 1,Aircraft 1,Aircraft 1,Aircraft 1,Aircraft 1,Aircraft 1,Aircraft 1,Aircraft 1,Aircraft 1,Aircraft 1,Aircraft 1,Aircraft 1,Aircraft 1,Aircraft 1,Aircraft 1,Aircraft 1,Aircraft 1,Aircraft 1,Aircraft 1,Aircraft 1,Aircraft 1,Aircraft 1,Aircraft 1,Aircraft 1,Aircraft 1,Aircraft 1,Aircraft 1,Aircraft 1,Aircraft 1,Aircraft 1,Aircraft 1,Aircraft 1,Aircraft 1,Aircraft 1,Aircraft 1,Component,Component,Component,Component,Aircraft 2,Aircraft 2,Aircraft 2,Aircraft 2,Aircraft 2,Aircraft 2,Aircraft 2,Aircraft 2,Aircraft 2,Aircraft 2,Aircraft 2,Aircraft 2,Aircraft 2,Aircraft 2,Aircraft 2,Aircraft 2,Aircraft 2,Aircraft 2,Aircraft 2,Aircraft 2,Aircraft 2,Aircraft 2,Aircraft 2,Aircraft 2,Aircraft 2,Aircraft 2,Aircraft 2,Aircraft 2,Aircraft 2,Aircraft 2,Aircraft 2,Aircraft 2,Aircraft 2,Aircraft 2,Aircraft 2,Person 1,Person 1,Person 1,Person 1,Person 1,Person 1,Person 1,Person 1,Person 1,Person 1,Person 1,Person 2,Person 2,Person 2,Person 2,Person 2,Person 2,Person 2,Person 2,Person 2,Person 2,Person 2,Events,Events,Events,Events,Events,Events,Assessments,Assessments,Report 1,Report 1,Report 2,Report 2,Report 1,
ACN,Date,Local Time Of Day,Locale Reference,State Reference,Relative Position.Angle.Radial,Relative Position.Distance.Nautical Miles,Altitude.AGL.Single Value,Altitude.MSL.Single Value,Latitude / Longitude (UAS),Flight Conditions,Weather Elements / Visibility,Work Environment Factor,Light,Ceiling,RVR.Single Value,ATC / Advisory,Aircraft Operator,Make Model Name,Aircraft Zone,Crew Size,Operating Under FAR Part,Flight Plan,Mission,Nav In Use,Flight Phase,Route In Use,Airspace,Maintenance Status.Maintenance Deferred,Maintenance Status.Records Complete,Maintenance Status.Released For Service,Maintenance Status.Required / Correct Doc On Board,Maintenance Status.Maintenance Type,Maintenance Status.Maintenance Items Involved,Cabin Lighting,Number Of Seats.Number,Passengers On Board.Number,Crew Size Flight Attendant.Number Of Crew,Airspace Authorization Provider (UAS),Operating Under Waivers / Exemptions / Authorizations (UAS),Waivers / Exemptions / Authorizations (UAS),Airworthiness Certification (UAS),Weight Category (UAS),Configuration (UAS),Flight Operated As (UAS),Flight Operated with Visual Observer (UAS),Control Mode (UAS),Flying In / Near / Over (UAS),Passenger Capable (UAS),Type (UAS),Number of UAS Being Controlled (UAS),Aircraft Component,Manufacturer,Aircraft Reference,Problem,ATC / Advisory,Aircraft Operator,Make Model Name,Aircraft Zone,Crew Size,Operating Under FAR Part,Flight Plan,Mission,Nav In Use,Flight Phase,Route In Use,Airspace,Maintenance Status.Maintenance Deferred,Maintenance Status.Records Complete,Maintenance Status.Released For Service,Maintenance Status.Required / Correct Doc On Board,Maintenance Status.Maintenance Type,Maintenance Status.Maintenance Items Involved,Cabin Lighting,Number Of Seats.Number,Passengers On Board.Number,Crew Size Flight Attendant.Number Of Crew,Airspace Authorization Provider (UAS),Operating Under Waivers / Exemptions / Authorizations (UAS),Waivers / Exemptions / Authorizations (UAS),Airworthiness Certification (UAS),Weight Category (UAS),Configuration (UAS),Flight Operated As (UAS),Flight Operated with Visual Observer (UAS),Control Mode (UAS),Flying In / Near / Over (UAS),Passenger Capable (UAS),Type (UAS),Number of UAS Being Controlled (UAS),Location Of Person,Location In Aircraft,Reporter Organization,Function,Qualification,Experience,Cabin Activity,Human Factors,Communication Breakdown,UAS Communication Breakdown,ASRS Report Number.Accession Number,Location Of Person,Location In Aircraft,Reporter Organization,Function,Qualification,Experience,Cabin Activity,Human Factors,Communication Breakdown,UAS Communication Breakdown,ASRS Report Number.Accession Number,Anomaly,Miss Distance,Were Passengers Involved In Event,Detector,When Detected,Result,Contributing Factors / Situations,Primary Problem,Narrative,Callback,Narrative,Callback,Synopsis,

834406,200905,1201-1800,ZZZ.ARTCC,US,,,,36000,,IMC,Thunderstorm; Turbulence,,Daylight,,,Center ZZZ,Air Carrier,Large Transport,,2,Part 121,IFR,Passenger,,Cruise,STAR ZZZZZ,Class A ZZZ,,,,,,,,,,,,,,,,,,,,,,,,,,,,,,,,,,,,,,,,,,,,,,,,,,,,,,,,,,,,,,,Aircraft x,Flight Deck,Air Carrier,Pilot Flying; Captain,,,,,,,834406,,,,,,,,,,,,Deviation - Track / Heading All Types; Inflight Event / Encounter Weather / Turbulence,,,Person Flight Crew,In-flight,Flight Crew Diverted; General Declared Emergency,Procedure; Weather; Airspace Structure,Weather,"Solid echo line extending slightly west of ZZZ to east of ZZZ1 and ZZZ2 with tops above FL410 and one reported possible top at around FL700. On board radar showed very few areas with any possibilities of deviation and rapidly closing those gaps.  Dispatcher had warned me of rapid developing saturation of previously opened gaps.  Safety of flight required the use of Captain's emergency authority.  After cleared of the weather ATC cleared us direct ZZZ3.  Dispatcher informed us of possibility of another severe weather approaching the ZZZ4 field.  ZZZ Approach gave us instructions to hold on the ZZZZZ X arrival at the ZZZZZ fix as published with a 30 minutes delay.  Weather over the field was slow in moving.  Dispatcher informed us of ZZZ5; ZZZ6; and ZZZ7 as alternates and we chose ZZZ7 the closest; hardly any weather and it had customs available since we were an International flight; which required ICE. Description: Severe weather deviation.  Breaks in between Echo line closed in rapidly leaving no place to cross safely; and ATC informed that to avoid weather I had to go as far west as ZZZ.  Informed ATC that's where we needed to go and gave them an initial heading of 310.  Winds aloft required a heading of 290.  Switched frequencies and next sector wanted me to turn right back on course direct to ZZZ VOR and proceed on course as previously filed within the next 20 miles.  Military restricted area was active and unless I exercised emergency authority he could not let me deviate through the active area.  I squawked 7700 and proceeded to deviate.",,,,"An air carrier crew declared an emergency and deviated from the cleared routing in order to avoid weather after ATC was unable to grant the requested weather avoidance track deviation.",
837838,200906,0601-1200,ZZZZ.ARTCC,FO,,,,17800,,Marginal,,,Daylight,,,Center ZZZZ,Air Carrier,B777-200,,4,Part 121,IFR,Passenger,,Climb,,,,,,,,,,,,,,,,,,,,,,,,,,,,,,,,,,,,,,,,,,,,,,,,,,,,,,,,,,,,,,,,,Aircraft X,Flight Deck,Air Carrier,Pilot Flying; Captain,,Flight Crew Last 90 Days 150; Flight Crew Total 16000; Flight Crew Type 4000,,Situational Awareness; Human-Machine Interface; Workload,,,837838,Aircraft X,Flight Deck,Air Carrier,Relief Pilot,,Flight Crew Last 90 Days 180; Flight Crew Total 14000; Flight Crew Type 2500,,Distraction; Human-Machine Interface; Workload; Situational Awareness,,,837842,Deviation - Altitude Overshoot; Deviation / Discrepancy - Procedural Clearance; Inflight Event / Encounter Weather / Turbulence,,N,Automation Aircraft Other Automation; Person Flight Crew,In-flight,Flight Crew Became Reoriented; Flight Crew Returned To Clearance,Human Factors; Weather,Human Factors,"I was hand flying the departure and there were widely scattered buildups around. I was trying to avoid some of these on the climbout and busted the cleared altitude of 17800' by about 400; I noticed the altitude indication turn to yellow. None of the other 3 pilots warned about the bust. I should have been on autopilot. We heard nothing from ATC and no conflict existed.",,"On climbout the departure ATC cleared us to climb to 17;700 FT. The Captain was hand flying and I was one of the Relief Pilots. I noticed it was very bumpy on the climbout because it was hard for me to write in the flight plan. The weather was VFR with some cumulus clouds in the area. I grabbed the flight plan and put my head down trying to write the take off time and figure out the ETAs for the reporting points. While I had my head down I hear an alarm went off. I saw the Captain's altimeter window in yellow and realized he was more than 300FT above the cleared altitude. The Captain corrected his altitude right away after the alarm went off while the First Officer was on the radio trying to get a weather deviation heading. We were cleared to deviate. We received no other comments from ATC and continued to our destination.",,"A B777 crew reports each crewmembers actions during an altitude overshoot on climb out in turbulence.",
845561,200907,0001-0600,ZHU.ARTCC,TX,,,,36000,,,Thunderstorm,,Daylight,,,Center ZHU,Air Carrier,B757-200,,2,Part 121,IFR,Passenger,FMS Or FMC,Cruise,Direct,Class A ZHU,,,,,,,,,,,,,,,,,,,,,,,,,,,,,,,,,,,,,,,,,,,,,,,,,,,,,,,,,,,,,,,Aircraft X,Flight Deck,Air Carrier,Pilot Flying; First Officer,,,,Communication Breakdown; Time Pressure; Situational Awareness,Party1 Flight Crew; Party2 ATC,,845561,Aircraft X,Flight Deck,Air Carrier,Captain; Pilot Not Flying,,,,Communication Breakdown; Time Pressure; Situational Awareness,Party1 Flight Crew; Party2 ATC,,845562,ATC Issue All Types; Deviation - Track / Heading All Types; Deviation / Discrepancy - Procedural Clearance; Inflight Event / Encounter Weather / Turbulence,,,Person Flight Crew,In-flight,Air Traffic Control Issued New Clearance; Flight Crew Took Evasive Action; General Declared Emergency,Procedure; Weather,Weather,"Received weather reroute from MIA Center. Direct MAEKO direct ELP flight plan route. Approximately 30 minutes later received...direct MINOW direct KELPP direct ELP...Continuing over the Gulf of Mexico we were told by MIA Center to contact HOU Center at 89W. Asked MIA Center for a weather deviation ahead to the south of course. MIA would not approve the deviation. Tried to contact HOU early to no avail. Asked for a relay and another air carrier relayed our request for a deviation to the south. We were told to standby. Captain then declared an emergency through the other air carrier flight and they relayed that we were deviating for weather. HOU then relayed through the other air carrier flight that we were approved for the deviation. Captain terminated the emergency and we returned the squawk from 7700 back to our assigned code.",,"We were over the Gulf of Mexico; Miami Center said to call Houston Center at 89W. Due to weather ahead; I called Miami Center requesting up to 60 miles south of course for weather deviation. The request was disapproved by Miami Center. I called Houston Center early; before 89W; to get deviation approval; but was out of VHF range for contact. I relayed to ask Houston Center for deviation south of course up to 60 miles for weather. After a lengthy delay; I did not receive clearance to deviate from Houston Center. I declared an emergency; set the transponder to 7700; and deviated south of course around weather. After the other air carrier relayed the emergency to Houston Center; Houston Center shortly came back with a clearance to deviate south of course. I terminated the emergency. I notified Houston Center through the other air carrier flight of the emergency termination. I notified Houston Center; myself; of the Z time of the emergency and termination time when in VHF radio range. The transponder code was returned to the assigned code at the termination of the emergency.",,"A B757 crew declared an emergency for a weather deviation while over the Gulf of Mexico. Because no VHF communications were possible at their location; another air carrier relayed for them.",
864575,200912,,ZZZZ.ARTCC,FO,,,,33000,,IMC,Thunderstorm; Turbulence,,Night,,,Center ZZZZ,Air Carrier,B767 Undifferentiated or Other Model,,3,Part 121,IFR,Passenger,,Cruise,Oceanic,Class A ZZZZ,,,,,,,,,,,,,,,,,,,,,,,,,,,,,,,,,,,,,,,,,,,,,,,,,,,,,,,,,,,,,,,Aircraft X,Flight Deck,Air Carrier,Captain; Pilot Flying; Single Pilot,Flight Crew Multiengine; Flight Crew Flight Engineer; Flight Crew Air Transport Pilot (ATP),Flight Crew Last 90 Days 210; Flight Crew Total 15000; Flight Crew Type 4000,,Workload; Situational Awareness; Time Pressure; Distraction; Communication Breakdown,Party1 Flight Crew; Party2 ATC,,864575,,,,,,,,,,,,Deviation - Track / Heading All Types; Deviation / Discrepancy - Procedural Clearance; Inflight Event / Encounter Weather / Turbulence,,,Person Air Traffic Control; Person Flight Crew,In-flight,Flight Crew Returned To Clearance,Airspace Structure; Weather,Weather,"At approximately XA15Z; we encountered moderate turbulence due to convective activity along our route of flight.  I was flying the aircraft. We were on an Oceanic Track at FL 330.  All aircraft were encountering turbulence as noted by the radio chatter on common frequency.  We were eastbound when we encountered moderate turbulence due to the convective activity; and began an immediate emergency deviation north of course to avoid heavy returns on the weather radar and perceived level 3 thunderstorm activity. The winds were approximately 70 kts out of the southwest affecting the aircraft in a northerly 'push'. A north deviation was the only option; as thunderstorm heavy returns extended to the south for approximately 100 nm.  A 'hole' through the weather was observed to the north on the radar as we began an immediate deviation to avoid injury to passengers and or damage to the aircraft. We cleared the weather after approximately 5 to 10 minutes and quickly navigated back to the Oceanic Track. We re-acquired the Oceanic Track a few minutes after passing the transition longitude. This emergency deviation occurred just prior to the transition longitude as we were preparing to switch from one Oceanic control to another Oceanic control. Our west FMC position report was sent out automatically and reported to Oceanic at our position north of course.  Due to the immediate nature of the weather avoidance we were unable to obtain clearance from either Oceanic Control.  After we had cleared the weather and were correcting back to course we were Selcal'ed by Oceanic requesting confirmation of our position.  We notified Oceanic that we had deviated north of course for weather avoidance; around a 'thunderstorm'.  We further notified Oceanic that we had terminated our weather deviation and that we were back on Track.  They copied our transmission and there was no further incident. Our entire deviation was approximately a 10-15 minute evolution in which we were extremely busy flying the aircraft and navigating to avoid level 3 thunderstorm activity and constant moderate turbulence with heavy radar returns.  We were unable to communicate with either Oceanic Control immediately as we were busy flying/navigating the aircraft; coordinating with our flight attendants/passengers; and communicating with aircraft around us on common frequency to avoid injury to passengers and possible damage to the aircraft. The wind was also a factor as it was blowing us north of track as we were deviating. We estimate that we had to deviate about 18-20 nm north of track to avoid the convective activity before we could turn back to re-acquire the track.  At no time did we consider that we were in extremes with any other aircraft and took careful and cautious actions to ensure that no other aircraft was around our position as a conflict.  The other pilot crew members were on break.",,,,"A B767 Captain reported deviating from an Oceanic Track because of weather at the east/west ATC Oceanic Control transition longitude but was unable to notify either Controlling agency. An automated position report alerted ATC.",
965989,201108,0001-0600,ZZZ.TRACON,US,,,,,,VMC,,,Night,,,TRACON ZZZ,Air Carrier,MD-80 Series (DC-9-80) Undifferentiated or Other Model,,2,Part 121,IFR,Passenger,,Climb,,,,,,,,,,,,,,,,,,,,,,,,,,Generator Drive,,X,Malfunctioning,,,,,,,,,,,,,,,,,,,,,,,,,,,,,,,,,,,,Aircraft X,Flight Deck,Air Carrier,Pilot Flying,,,,,,,965989,,,,,,,,,,,,Aircraft Equipment Problem Critical,,,Person Flight Crew,In-flight,Flight Crew Landed As Precaution; Flight Crew Returned To Departure Airport; General Maintenance Action,Aircraft; Human Factors; Weather,Aircraft,"Right CSD oil temp rose to above red line; rise was above 20C during climb approximately 20 minutes after departure.   Performed QRH procedure which led to APU start up and CSD disconnect.   Returned to [departure airport] after considering extra fuel burn required for APU would burn into enroute weather deviation extra fuel.  Seasonal storms enroute with deviations possible.  No emergency declared; no overweight landing. Re-dispatched with extra MEL/CDL fuel and weather deviation fuel with maintenance deferral of right CSD/generator.",,,,"MD80 pilot reports CSD oil temp high during climb.  The APU is started and the CSD is disconnected.  With the APU generator supplying the right bus the crew elects to return to the departure airport due to fuel considerations.",
1026369,201207,1201-1800,ZJX.ARTCC,FL,,,,18000,,Mixed,Thunderstorm; Turbulence; Icing; Rain; 4,,Daylight,,,Center ZJX,Corporate,King Air C90 E90,,2,Part 91,IFR,Passenger,,Cruise,STAR JRAMS TWO,Class A ZJX,,,,,,,,,,,,,,,,,,,,,,,,,,,,,,,,,,,,,,,,,,,,,,,,,,,,,,,,,,,,,,,Aircraft X,Flight Deck,Corporate,Pilot Flying; Captain,Flight Crew Instrument; Flight Crew Multiengine; Flight Crew Air Transport Pilot (ATP); Flight Crew Flight Instructor,Flight Crew Last 90 Days 45; Flight Crew Total 4850; Flight Crew Type 3550,,Communication Breakdown; Other / Unknown,Party1 Flight Crew; Party2 ATC,,1026369,,,,,,,,,,,,ATC Issue All Types; Deviation - Track / Heading All Types; Deviation / Discrepancy - Procedural Clearance; Inflight Event / Encounter Weather / Turbulence,,,Person Flight Crew; Person Air Traffic Control,In-flight,Air Traffic Control Issued Advisory / Alert; Air Traffic Control Issued New Clearance,Weather; Human Factors,Human Factors,"My co-pilot and I were in cruise flight at 16;000 FT. There were multiple level 3 and 4 thunderstorms in the area. We asked for permission to deviate around the cells in our flight path. The Controller gave us original instructions to deviate from a heading of 270 to 360 as needed. About 15 NM later we were approaching a level 3 thunderstorm and could only go right which was a direction to the northeast or left which was to the southwest. Our Radar; Nexrad XM weather and visual all looked like the best way around the cell was to the left. We asked the Controller if any aircraft had gone to the right around the cell. His answer was that no other aircraft had attempted to go to the right of the cell. At that point we asked to deviate to the left around the thunderstorm. ATC approved and we were cleared to deviate to the south around the cell as needed and cleared direct TURBO Intersection on the JRAMS2 arrival when able. As we began our deviation; the cell continued to build. We were in moderate to severe turbulence and rain. We requested a climb from 16;000 FT. to FL180 which was granted. As we leveled off at altitude; we began to clear the cell. At that time; a new Controller came on the radio and said; 'It looks like you are flying to the south.' We stated that yes; we were deviating around the buildup and are now clear of it to turn back to the right. The Controller said; 'You were given from 270 to 360 to deviate.' At this point we were flying on a 240 heading. Before I could explain the weather deviation instructions to the south the previous Controller had given us my co-pilot answered; 'Ok; sorry.' The Controller replied; 'Next time just let us know if you need to go south.' The Controller then gave us a clearance to turn north direct to a VOR on the arrival. The radio frequency was extremely busy with calls from other aircraft to ATC. There was not enough time for me to call back and clarify to this Controller the clearance we had received to deviate to the south around the thunderstorm cell from the first Controller. We do not know if this information was passed along to the second Controller.",,,,"A BE90 Captain is cleared to fly headings between 270 and 360 to deviate around weather.  When it becomes necessary to deviate to the southwest; a different Controller on the same frequency approves that request. When the first Controller returns to the frequency; he admonishes the crew for deviating from the original clearance. An explanation is not provided due to time and frequency congestion.",
1239909,201502,1201-1800,ZOA.ARTCC,CA,,,,20000,,Mixed,,,Night,,,Center ZOA,Air Carrier,B757-300,,2,Part 121,IFR,Passenger,,Cruise,Oceanic,Class A ZOA,,,,,,,,,,,,,,,,,,,,,,,,Oil Filter,,X,Malfunctioning,,,,,,,,,,,,,,,,,,,,,,,,,,,,,,,,,,,,Aircraft X,Flight Deck,Air Carrier,Pilot Flying; First Officer,Flight Crew Multiengine; Flight Crew Air Transport Pilot (ATP); Flight Crew Instrument,Flight Crew Last 90 Days 180; Flight Crew Total 12975; Flight Crew Type 2900,,,,,1239909,,,,,,,,,,,,Aircraft Equipment Problem Less Severe,,,Automation Aircraft Other Automation; Person Flight Crew,In-flight,Air Traffic Control Issued New Clearance; Flight Crew Diverted; Flight Crew Inflight Shutdown,Aircraft,Aircraft,"At cruise altitude between Los Angeles and Honolulu abeam DIALO fix. A 'Right Eng Oil Filter' caution message appeared. The captain was the pilot monitoring and ran the checklist. The checklist eventually directed us to shutdown the right engine; which we did. We were at the ETP so elected to continue towards HNL. We were already south of track on a weather deviation so we remained on that 15 mile left of track and got clearance to descend to 20;000 feet. Captain was able to get an HF conference call phone patch with dispatch; maintenance and chief pilot. The decision was made to divert to PHTO which we got clearance for and proceeded direct. We had a deadheading company 757 crew on board and the captain had one of them come up and assist which was helpful. Approach and landing were normal for single engine and no other problems arose. Passengers were kept informed and cabin crew stated that they seemed calm and not unusually upset.",,,,"A B-757-300 flight crew responded to a 'Right Eng Oil Filter' caution message and shutdown the engine. They received clearance to a lower altitude and elected to divert to an airport short of their destination.",
1265536,201505,1201-1800,CMH.TRACON,OH,,,,,,VMC,,,,,,,Air Carrier,Widebody; Low Wing; 2 Turbojet Eng,,,Part 121,IFR,Cargo / Freight / Delivery,,Initial Approach,,Class C CMH,,,,,,,,,,,,,,,,,,,,,,,,,,,,,,,,,,,,,,,,,,,,,,,,,,,,,,,,,,,,,,,Aircraft X,Flight Deck,Air Carrier,Captain; Pilot Flying,,,,Situational Awareness; Confusion; Communication Breakdown,Party1 Flight Crew; Party2 ATC,,1265536,Aircraft X,Flight Deck,,First Officer; Pilot Not Flying,,,,Situational Awareness; Confusion; Communication Breakdown,Party1 Flight Crew; Party2 ATC,,1265537,ATC Issue All Types; Deviation - Track / Heading All Types; Deviation / Discrepancy - Procedural Clearance,,,Person Flight Crew,In-flight,Air Traffic Control Issued New Clearance; Flight Crew Became Reoriented,Human Factors; Procedure,Procedure,"Filed flight plan was to LCK. Upon contact with Columbus approach initial vectors appeared to be for LCK; however; I thought I heard to expect the visual to runway 28R (there is no 28R at LCK). My First Officer (FO) said he heard 23R (which is appropriate for LCK); and I did not question it again. Then on right downwind to what we thought was LCK we were being kept very high in relation to LCK and I quickly realized we were being vectored to runway 28R at Columbus Intl. (CMH). We told approach that it appeared we were being vectored to the wrong airport; and that we were going to Rickenbacker. They asked us if we wanted to change our destination and we said we needed vectors to Rickenbacker. We were then given an immediate heading for a right base to 23R; and an immediate descent to 3;000 feet. I immediately command 'gear down' because I saw what was coming. The vector took us through final; but we had the field visually and were ultimately cleared for the visual approach to LCK 23R. We were stable at 500 feet and no further problems ensued. During our debrief we tried to understand why Columbus approach thought we were cleared to CMH vice LCK. What hit us was that earlier in the flight we changed our route with Indy Center in order to deviate for weather. We were cleared to Cincinnati and then Columbus. We did not realize center meant Columbus Intl and we didn't even think to question the clearance. Later we were cleared to the airport after the weather deviation- again; we didn't know he meant Columbus and LCK was on a direct line to CMH so it was never questioned. Apparently; during our reroute Indy somehow thought we were changing our destination although we never specifically stated those words.We should have questioned the initial runway assignment upon check in with Columbus approach. Also; when cleared to the 'Columbus Airport' by Indy center we should have verified they meant 'Rickenbacker'..Confirmation of all clearances and complete use of standard phraseology.",,"Attempting to avoid weather enroute; we requested a reroute to Columbus. Clearance was received and given the GAILL2 arrival. After deviating again for weather; we received vectors to final. Controller was busy and we were told to expect '28R' however I read back '23R'. There was weather to the east of our destination; so being vectored to the west seemed logical. Once reaching 6;000 feet abeam the field we verified the controller was vectoring us to 23R at LCK. We were asked if we wanted to changed our destination. We stated we wanted to land at LCK and was given a right turn and cleared for the visual 23R.Miscommunication. Requested a reroute to Columbus and received it. During the reroute our destination was changed in the ATC computer to Port Columbus.Re-state airport specifically when doing a re-route when there is more than 1 airport in the same city.",,"Flight crew received a new clearance enroute to avoid weather. During vectors to final approach they realized that the vectors were for the wrong airport. Destination airport was apparently changed by ATC when the new routing was issued.",
1283083,201507,1201-1800,DEN.Airport,CO,,,,20000,,Mixed,10,,Daylight,,,Center ZDV,Air Carrier,B737-800,,2,Part 121,IFR,Passenger,FMS Or FMC,Descent,STAR CREDE3,Class A ZDV,,,,,,,,,,,,,,,,,,,,,,,,,,,,,,,,,,,,,,,,,,,,,,,,,,,,,,,,,,,,,,,Aircraft X,Flight Deck,Air Carrier,Pilot Flying; Captain,Flight Crew Air Transport Pilot (ATP),Flight Crew Last 90 Days 181,,Communication Breakdown,Party1 ATC; Party2 Flight Crew,,1283083,Aircraft X,Flight Deck,Air Carrier,Pilot Not Flying; First Officer,Flight Crew Air Transport Pilot (ATP),Flight Crew Last 90 Days 302,,Situational Awareness,,,1284184,ATC Issue All Types; Deviation - Speed All Types; Deviation - Track / Heading All Types; Deviation / Discrepancy - Procedural Clearance,,,Person Flight Crew,In-flight,Air Traffic Control Issued New Clearance; Flight Crew Became Reoriented; Flight Crew Returned To Clearance,Weather; Procedure; Human Factors,Ambiguous,"To begin with; the descent and approach were planned and briefed prior to Top of Descent. The clearance was to descend via the CREDE 3 RNAV Arrival for a south landing. Unsure of the runway to expect (16L or 16R) I had briefed flying the arrival with vectors to a visual approach. I expected and briefed the ILS backup for the visual approach to 16L. Between CREDE and POWDR it was necessary to make slight deviations from course to avoid cumulus build ups. ATC was advised. As a result of the off course deviations it appeared that we might have a problem complying with the speed restriction at POWDR. We asked for relief from the restriction and were told to comply with the altitude restriction and 'do your best on the speed'. We were in compliance on the altitude; but about 15 knots above the 250 knot crossing restriction and quickly came within speed compliance. After that; the real challenge began. It was becoming obvious that ATC was under the gun. We were handed off to the Final Controller around MOGLS. The female Controller; speaking very fast; issued us a clearance for an RNAV Z Approach to 16R. This was unusual in that in all previous RNAV approaches I've made; it was because we asked for it. Nevertheless; it was unclear what she said with her rapid verbiage; so the FO asked her to repeat the clearance; which she did speaking even faster it seemed. This is the point where there was misunderstanding between the FO and me. I believed that she had given us the RNAV Z to 16L and was busy reprogramming the FMC; while the FO was receiving the approach clearance for the second time. When that was done; and after the FO was finished on the radio; he asked me to brief the approach. We did it by the book; I briefed all the points from the CDU (FMC) while he verified it on the EFB (iPad) chart. There were more radio distractions at the end of the brief. The airport was VMC with good visibility during the approach. I clearly saw the preceding traffic for 16L reported four and a half miles ahead. It was my understanding that I would follow him to 16L. However; the FO correctly believed our intended runway was 16R. When Tower cleared us to land on 16R; I thought that it was a late runway change so I disconnected the autopilot and autothrottles and adjusted my flight path to line up and land on 16R as cleared. It wasn't until later that I was able to determine that we were indeed cleared for the RNAV Z 16R. The first three points: CLFFF; CEPEE; and AAGEE are the same on both approach charts which is why the FO thought I was briefing the correct approach.The First Officer was outstanding in his duties as Pilot Monitoring. It was because of his diligence in speaking up that we were able to navigate what seemed like a mine field on the arrival. The female Controller was; because of her rapid fire clearance; very hard to understand and the pace in which she spoke contributed to the rushed feeling that we all had. RNAV approaches are very helpful and contribute to overall safety when planned and properly briefed in an unhurried environment. If it is the intent of ATC to have everyone flying RNAV approaches; it should be so advised in the ATIS if possible and not given so close in that it can't be properly briefed.",,"We were given instruction to descend via CREDE 3 at approximately FL320. This descent point put us slightly above the descent path. Additionally; we also requested a slight deviation due to a weather buildup. The radios were very busy at the time and it was difficult to transmit/receive. Once we were given the weather deviation clearance and very early on in the descent profile; we determined we were high on the PATH and most likely would miss the crossing restriction at POWDR (at 250 knots between FL220 and 17;000'). I immediately asked for crossing altitude relief. Following our request for relief; the Controller immediately responded; 'I don't understand; I gave you instructions to descend via.' At this point; we continued to attempt to make the crossing restrictions. About 30 seconds later; the Controller came back and said; 'make the altitude; and do the best you can with the airspeed.' We made the crossing restriction altitude at POWDR at FL220; but crossed at approximately 267 knots. We essentially were given relief and made the Controller's new instructions. We made all further restrictions. Following this event; Approach Control gave us an approach type just short of CLFFF that was not in the ATIS; nor was one that we had expected or briefed; RNAV (RNP) Z Runway 16R. In addition; the radio traffic was extremely busy at the time and the Controller had to state the approach clearance three times due to breaks in the transmissions. It was not the approach we had loaded nor briefed. The Captain; who was flying the approach; quickly loaded the approach and very quickly briefed it. At the time; the radio traffic continued to be heavy. In my mind; we were cleared the RNAV (RNP) Z Runway 16R; but due to all the radio traffic and late changes; I made a call at CLFFF to the Controller for mutual verification. I said; 'CLFFF; commencing the RNAV (RNP) Z Runway 16R approach.' A non-standard call; but I had a feeling that there was some confusion. She said 'Roger.' This gave me assurance we were flying the correct approach. Just shy of AAGEE; the Approach Controller switched us to Denver Tower. I checked in and we were cleared to land on 16R. This is what I had expected. At that point the Captain said; I thought we were landing on 16L. I said no and queried the Tower Controller. The Tower Controller re-stated; 'Cleared to land on 16R.' At this point it was discovered that the Captain had thought we were given the clearance for the RNAV (RNP) Z to 16L. Fortunately; we caught the error prior to AAGEE and since both approaches share the same track and point up to AAGEE; it's very unlikely we violated any airspace. There is a difference of 100 feet between the two approaches; so a slight altitude deviation may have occurred. The error occurred because the Captain and I did not have a shared mental model of what we were cleared for. In addition; when the Captain briefed the approach; I did not catch that the incorrect approach was loaded and did not hear the difference between the two approaches due to the heavy radio traffic; my perceived expectation of what he was briefing and was cleared to fly (RNAV RNP Z 16R); along with the rushed nature of our clearance. We corrected the error and landed on 16R without further incident. Be ready for all approaches and ensure there is adequate Crew coordination between Crew Members. If the briefing is rushed or a situation dictates; spend the extra time to brief the approach; even if it means asking for a different approach (visual) or asking for vectors back around the approach corridor to garner more time.",,"B737-800 Flight Crew reported misunderstanding an approach clearance to Runway 16R at DEN due to a last minute assignment of an RNAV approach when an ILS or visual was expected. The frequency was also very congested and the Controller was speaking rapidly. The clearance was for the right runway but the Captain heard the left and programed the FMC that way. This error was detected and corrected before a significant deviation resulted.",
1355886,201605,1201-1800,CLT.Airport,NC,,,0,,,VMC,,,Daylight,,,,Air Carrier,Regional Jet 900 (CRJ900),,2,Part 121,IFR,Passenger,,Parked,,,,,,,,,,,,,,,,,,,,,,,,,,,,,,,,,,,,,,,,,,,,,,,,,,,,,,,,,,,,,,,,,Aircraft X,Flight Deck,Air Carrier,Pilot Flying; Captain,Flight Crew Air Transport Pilot (ATP),,,Communication Breakdown; Training / Qualification; Situational Awareness,Party1 Flight Crew; Party2 Dispatch,,1355886,,,,,,,,,,,,Deviation / Discrepancy - Procedural Published Material / Policy; Inflight Event / Encounter Weather / Turbulence,,,Person Flight Crew,Pre-flight,General None Reported / Taken,Procedure,Procedure,"There were thunderstorms building south of Charlotte; and I noted with the first officer that we would look closely at the fuel and weather for the return trip. The airline procedure is to put extra fuel for enroute weather issues in the 'hold' line on the flight release. The airline also keeps very careful track of historic fuel usage. This process is referred to as the historical fuel requirement (HFR). It is designed to account for everyday issues; such as ATC required early descents and long final approaches at hub airports. Certain weather or runway parameters at the destination should trigger an increase in the HFR. This HFR is normally less than the minimum extra fuel (MEF) that we carry anyway; but HFR could well exceed MEF during a weather event. In a recent training class; we were told that the dispatcher consults a database during the planning process; and the HFR will change based on the average weather and air traffic conditions through the day. The example in the handout shows a route from Augusta to Charlotte. There is no way to tell the actual HFR numbers just by looking at the flight release; and I usually wouldn't need to know anyway. But if I did need to know; I would have to ask the dispatcher.In reviewing the weather and fuel plan; I noted the following:1. No hold fuel; or any other indication that the dispatcher had planned the flight taking enroute weather into account; and;2. An unusable alternate; given that the weather would be between me and said alternate; assuming that I started from a missed approach at the destination. At a minimum; using this alternate would have required additional fuel to go around the weather.I called the dispatcher; and asked why there was no fuel on the hold line for enroute delays. Further; what was the actual HFR required for the flight? Was our HFR at the 90th percentile (the everyday value); or the 99th (required in this case due to forecast thunderstorms at the destination)? My thinking was that if the HFR for this route at this time of day was very low; then the 1000 pound MEF could well suffice; provided I still had that fuel on the airplane at takeoff. (More on that later. It is a glaring flaw in this whole HFR system). On the other hand; if the HFR was; say; 800 pounds; then I would not have enough for my historic use on the route plus the anticipated enroute track around the weather.Imagine my disappointment when the dispatcher had no idea what I was talking about. He said that he had seen a memo on the subject; or maybe something during training; but hadn't understood it at all. He certainly didn't routinely consult any database. 'How much extra fuel did I want?' he asked. I started to dig in my heels; asking 'you first;' how much he thought I might need in terms of an enroute delay; not to mention actually getting to the alternate he had selected; and I really needed an answer about the 99th percentile fuel. However; I quickly decided that the dispatcher was utterly unequipped to take charge of the situation. Causing a significant delay to make a point was not going to make me very popular with my passengers or my boss; and the weather was building in the meantime. Getting the flight under way quickly and with adequate fuel was the best thing I could do. I asked for a new flight release showing an extra 1000 lbs on the hold line. I also briefed my F/O that we would not burn into our 1000 pound MEF by any significant amount prior to takeoff. Further; we would not attempt to go to the alternate on the release in the event of a diversion. There were several places that were both closer and had good weather enroute. We completed the flight without incident; and deviated for weather by perhaps 20-30 miles. That small weather deviation was luck; not skill. The weather was mostly off our left on the arrival; and did not directly affect the airport. Flights on other arrivals did have to hold; or got rerouted onto our arrival path.There appears to bea gap in dispatcher training and their day-to-day application of the historic fuel program. Also; each dispatcher has a monthly meeting with their supervisor; where their fuel stats are reviewed. (This was also mentioned in a training session by a consultant hired by mainline). Dispatchers are graded by the number of times they put extra fuel on a flight; among other things. A lower number is better. I think that this need to justify oneself later does not lead to a willingness to put extra fuel on now. It's easier to wait for captains to insist; and then put it off on them.Suggestions1. The required fuel value from the departure to destination and alternate must be realistic considering enroute weather conditions between those points; and account for any historic overburn.2. When HFR 99th is used; there should be a remark on the release. As the PIC; I would then be able to easily crosscheck whether this rule was followed.3. Obviously; the HFR process shown to pilots during training isn't how it really works. This should be fixed in dispatch; or we should provide pilots with factual information in training.We have an impressive database that appears to be unused in practice; and dispatchers who don't understand the most basic questions about how they planned the flight. Add a grading system that rewards overthinking; and you compound the problem. Also; this entire HFR process; for this flight and every flight; is flawed. We measure gate-to-gate; which means that the HFR includes ground delays; and even includes a taxi-in delay after arrival. This fuel is put in 'tanker;' which means it is not required to be on board at takeoff. 121.639 requires adequate fuel to be on board the airplane at takeoff (not at pushback; but at TAKEOFF); including fuel to the alternate. 121.647 further refines this process. We could put HFR above the line and require that amount for takeoff; and put the rest of the MEF on the tanker line. Maybe there is another way to do it. But knowing via our database that a given flight will overburn by x amount on average and not requiring that extra on the airplane at takeoff is; in my belief; negligent. We shouldn't do it; and FAA shouldn't allow it. Our statement that the HFR process does not determine where during the flight the over burn occurred; or why; amounts to willful ignorance. It does not excuse us from the regulation. Understanding the system; I will never commence a takeoff in one of our airplanes at the minimum legal fuel without knowing that the HFR value for that flight is zero.",,,,"CRJ-900 Captain reported he was unhappy with the Dispatcher's lack of knowledge with the company method for determining an appropriate fuel load.",
1433832,201703,,,,,,,,,VMC,,,Night,,,,Air Carrier,B777-300,,2,Part 121,IFR,Passenger,,Cruise,,,,,,,,,,,,,,,,,,,,,,,,,,,,,,,,,,,,,,,,,,,,,,,,,,,,,,,,,,,,,,,,,Aircraft X,Flight Deck,Air Carrier,Pilot Flying; Relief Pilot,Flight Crew Air Transport Pilot (ATP),,,Other / Unknown,,,1433832,Aircraft X,Flight Deck,Air Carrier,Relief Pilot; Pilot Not Flying,Flight Crew Air Transport Pilot (ATP),,,Other / Unknown,,,1436558,ATC Issue All Types; Deviation - Track / Heading All Types; Deviation / Discrepancy - Procedural Clearance; Inflight Event / Encounter Weather / Turbulence,,,Person Flight Crew,In-flight,Air Traffic Control Provided Assistance; Flight Crew Requested ATC Assistance / Clarification; Flight Crew Took Evasive Action,Procedure; Weather,Weather,"At cruise altitude and flying PIC while captain and other FO on break we received a couple SIGMETs reporting convective thunderstorms with tops at FL540. I plotted the coordinates and saw the lines was anchored on our routing. We requested what looked like best option and 125 miles right of course which was approved. While on this cleared deviation it became apparent we needed more distance to circumnavigate this solid line. I asked to increase another 25-50 miles as needed to work around and through the weather. The request was denied and we were told the best that could be done was 128 miles. So based on my options and my ability to navigate in a clear opening rather than through a massive red return on radar I chose to [use PIC authority] and stay clear as possible and follow emergency weather deviation procedures. We advised ATC and weather deviations after climbing 300 ft we continued and then after clear returned back to clearance and did resequenced of waypoints and reported back on route with ATC. We also SATCOM'd our flights dispatcher and advised of all related information. We returned to course and landed without further events. The event occurred while relief pilots were flying and assigned captain and first officer on break.",,"[Report narrative contained no additional information.]",,"B777 flight crew reported the necessity to deviate around weather while in cruise; but only after using PIC authority for the safety of flight.",
1445058,201704,0001-0600,ZZZ.Airport,US,,,,29000,,VMC,Turbulence,,Night,,,Center ZZZ,Air Carrier,B777-300,,2,Part 121,IFR,Passenger,GPS; FMS Or FMC,Cruise,Oceanic,Class A ZZZ,,,,,,,,,,,,,,,,,,,,,,,,,,,,,,,,,,,,,,,,,,,,,,,,,,,,,,,,,,,,,,,Aircraft X,Flight Deck,Air Carrier,Relief Pilot; Pilot Flying,Flight Crew Air Transport Pilot (ATP),,,Situational Awareness,,,1445058,Aircraft X,Crew Rest Area,Air Carrier,First Officer,Flight Crew Air Transport Pilot (ATP),,,Situational Awareness,,,1445079,Deviation - Track / Heading All Types; Flight Deck / Cabin / Aircraft Event Illness / Injury; Inflight Event / Encounter Weather / Turbulence,,,Person Flight Crew,In-flight,Flight Crew Took Evasive Action; General Physical Injury / Incapacitation,Weather,Weather,"We came off our break approximately 4 hrs into the flight. The seatbelt sign was on and the Captain and FO were just finishing a weather deviation at FL280. Shortly thereafter; we encountered light chop and eased the aircraft up to FL290. We had a block of FL280 to FL300. The ride was smooth at FL290. After approximately 15 to 20 minutes of smooth air at FL290 and in the clear with the seatbelt sign on we went from smooth air to severe turbulence in a fraction of a second. We descended immediately to FL280 (in the block) while coordinating for descent to FL250. We were hit a second time with severe turbulence at FL280 and descended with clearance to FL250 while deviating left of course. We descended to FL240 where the ride finally smoothed out. During descent to FL240 the crew rest airflow off light illuminated with a warning chime in the bunks. We felt the turbulence threat overrode the recommendation for the bunks to not be occupied due to airflow. Both encounters with severe turbulence lasted less than a minute. The aircraft was at turbulence penetration airspeed for both encounters. There were no passenger injuries. Two flight attendants were injured.Sleep inertia coming off of a break in the middle of the night was a factor. It was a busy cockpit with finishing a weather deviation; changing altitude for light chop at FL280 and plotting SIGMETs from dispatch. I had taken my iPad to the bunk and gotten up early from the bunk to get the latest weather. There was NO internet connectivity in the cockpit and the turbulence graphic I had pulled up in the bunk disappeared for some reason without the Wi-Fi signal in the cockpit.Wi-Fi that works in the cockpit would certainly have helped. I question dispatching though this particular weather system.",,"[Report narrative contained no additional information.]",,"B777 flight crew reported encountering severe turbulence several times until descending to smoother conditions.",
1534601,201804,1201-1800,NFFF.ARTCC,FO,,,,35000,,IMC,Thunderstorm,,Daylight,,,Center NFFF,Air Carrier,B787 Dreamliner Undifferentiated or Other Model,,3,Part 121,IFR,Passenger,FMS Or FMC,Cruise,Oceanic,,,,,,,,,,,,,,,,,,,,,,,,,Weather Radar,,X,Design,,,,,,,,,,,,,,,,,,,,,,,,,,,,,,,,,,,,Aircraft X,Flight Deck,Air Carrier,Pilot Flying; Captain,Flight Crew Instrument; Flight Crew Multiengine; Flight Crew Air Transport Pilot (ATP),Flight Crew Total 22000; Flight Crew Type 1131,,Human-Machine Interface; Communication Breakdown; Training / Qualification; Workload,Party1 Flight Crew; Party2 ATC; Party2 Dispatch,,1534601,Aircraft X,Flight Deck,Air Carrier,First Officer; Pilot Not Flying,Flight Crew Air Transport Pilot (ATP); Flight Crew Multiengine; Flight Crew Instrument,Flight Crew Last 90 Days 200; Flight Crew Total 11677; Flight Crew Type 1954,,Communication Breakdown; Human-Machine Interface; Training / Qualification; Workload,Party1 Flight Crew; Party2 ATC; Party2 Dispatch,,1535016,Aircraft Equipment Problem Less Severe; Deviation - Track / Heading All Types; Deviation / Discrepancy - Procedural Published Material / Policy; Inflight Event / Encounter Weather / Turbulence,,,Person Flight Crew,In-flight,Air Traffic Control Provided Assistance; Flight Crew FLC Overrode Automation; Flight Crew Overcame Equipment Problem,Aircraft; Human Factors; Weather,Ambiguous,"While transiting an area of weather; we were forced to utilize the Weather Deviation without a clearance procedure as outlined in the FOM and Quick Reference Guide. We were not the only ones that night; either. Air Carrier behind us; also required to utilize the procedure.At XA15Z we received NFFF/NADI SIGMET Number 1 showing stationary weather across our route extending as far east as S13E166 and as far west as S12W175 with tops to FL480. This effectively bisected our route for hundreds of miles both left and right of our course. As we approached the line of weather at FL350; It painted from behind and to the left (7:00-8:00 [o'clock]) across our route to our 1-2:00 position (both to the edges of effective radar coverage). At XB20Z; we received NFFF SIGMET Number 4 altering slightly the geographic points of SIGMET Number 1. Our radar display clearly favored a right deviation; so at XB24Z we initially asked for and received clearance for up to Right 70 NM. As we continued north eastbound; it quickly became necessary for larger deviations of 120 and finally 128 (XB32Z and XB45Z respectively); the maximum that NFFF could approve. Radar returns were growing and appearing further and further ahead of us as the storms reached the edge of our radar range (200 NM or so).While this was taking place (and with a dynamic and rapidly changing weather situation/picture; seating our Flight Attendants; etc.) we realized that for deviations greater than 99 NM; we needed to go to heading select mode; since the FMC (and therefore LNAV) will not accept greater than 99 NM offsets. This greatly increased our workload. Worse yet; beyond this distance (99 NM) we were not able to precisely determine 128 NM; our cleared limit; as OFFSET DISTANCE IS NO LONGER DISPLAYED IN THE FMC. As we passed 99 NM; right off course; the Prog. 2 page showed no usable data. To get around this limitation; we tried deleting the (99 NM FMC) offset completely in an effort to show a distance from the original route rather than from the 99 NM (FMC) offset; to no avail. Once beyond 99 NM off original course; the FMC DOES NOT SHOW OFFSET DISTANCE (at least on the Prog. page 2)! We therefore had to utilize the map range marks on the ND (at low ranges) as an approximation (while selecting at times more appropriate radar ranges); creating significant task saturation. As we approached what I estimated to be 128 NM right; I complied with the weather deviation without a clearance procedure including climb of 300 feet; lights on; etc.; as we still could not safely come back left. NFFF subsequently cleared us block 350-360; perhaps seeing that we had climbed 300 feet. NFFF was also asking if we had new routing in mind since he could not approve greater than 128 NM. We felt that with the radar display limited in distance and our task saturation; that we did not have time for a lengthy discussion with dispatch regarding routing options; nor did we have time then to figure it out on our own. Dispatch was sending messages at roughly the same time indicating where he saw lightning; but had indicated earlier that his radar picture of the area was not that great.I finally found an area that; while not ideal; was at least our first and perhaps only hole. I believe this to have been somewhere near our clearance limit of R128 NM; but was unable to exactly determine the distance from course; for the already mentioned reasons. I took the left turn and we were able to transit the remaining affected area with a reasonable ride. Around this time we received NFFF SIGMET Number 5 (issued at XC28Z) changing the boundaries of the affected airspace to slightly further both east and west. However; by this time we were well in the battle and had begun our correction back to our course.Obviously; the weather around us was changing rapidly. Perhaps this was why we had little warning of it prior to leaving [departure airport]. Several company aircraft transited the area in the hours before wedid; with no PIREPs; so this further illustrates the dynamic nature of the weather that evening.I have two concerns with this event: First; the FMC limitations that I illustrated dramatically increased our workload. When combined with the rapidly changing weather picture; we had limited bandwidth to coordinate with dispatch for a revised routing beyond the clearance limit of 128 NM right of course. Our job at that point was to keep us on a heading away from harm's way.Secondly; the B787 Multi-Scan radar is completely different from what we have operated in the past. I found this out during my first few months on the line with the 787; BUT DID NOT HAVE ANY SIGNIFICANT TRAINING ON IT. It tends to paint weather as more intensely in auto mode than previous radar models I have used (727; 737; 757/767; and 777). I knew this on our flight; however; being in the Equatorial Convergence Zone; my desire was to err on the side of caution; in case of dry-top storms. Using various manual mode settings to see something more comparable to my past experience definitely added to an already task saturated event. It was only through using manual mode in various configurations that we were able to find our 'hole' to fly through.  I ENCOURAGE COMPANY TO DEVELOP A COMPREHENSIVE TRAINING COURSE on the differences of this radar and how to most efficiently utilize its capabilities.",,"[Report narrative contained no additional information.]",,"B787 flight crew reported concerns with the Flight Dynamics; Navigation; and Safety Systems.",
1542386,201805,1801-2400,MKJS.Airport,FO,,,,2400,,IMC,,,,,,Center MKJK,Air Carrier,A319,,2,Part 121,IFR,Passenger,FMS Or FMC,Initial Approach,,,,,,,,,,,,,,,,,,,,,,,,,,,,,,,,,,,,,,,,,,,,,,,,,,,,,,,,,,,,,,,,,Aircraft X,Flight Deck,Air Carrier,Captain; Pilot Flying,Flight Crew Multiengine; Flight Crew Instrument; Flight Crew Air Transport Pilot (ATP),Flight Crew Total 16000,,Situational Awareness,,,1542386,Aircraft X,Flight Deck,Air Carrier,Pilot Not Flying; First Officer,Flight Crew Multiengine; Flight Crew Air Transport Pilot (ATP); Flight Crew Instrument,,,Situational Awareness,,,1545299,Inflight Event / Encounter CFTT / CFIT; Inflight Event / Encounter Weather / Turbulence,,,Automation Aircraft Terrain Warning; Person Flight Crew,In-flight,Flight Crew FLC complied w / Automation / Advisory; Flight Crew Executed Go Around / Missed Approach,Airport; Environment - Non Weather Related; Weather,Environment - Non Weather Related,"We were cleared direct to OMAXI for the ILS 07 approach to Montego Bay. We had to deviate east of course for weather. Once clear of weather we were re-cleared direct OMAXI. We were at 3000 ft and I started slowing and configuring the aircraft for the approach. I was at 180 kts and flaps 2 prior to OMAXI. We were coming into OMAXI at a 90 degree angle requiring a hard left turn to intercept the localizer. I did not want to overshoot the localizer due to high terrain to the south so I slowed and configured early. When cleared for the approach I turned slightly left to intercept the localizer inside of OMAXI. Once localizer captured I started a descent to 1800 ft so I would not be above glide slope and put the gear down to make sure we were stable early due to weather. After getting the 2500 ft call we got a terrain warning at approximately 2400 ft. Disconnected the autopilot pulled the nose up and selected TOGA thrust. Advised Approach Control we were going around. Turned left away from terrain and climbed to 3000 ft. Got vectors for another ILS 07 approach.Too steep of a descent on approach.Know your exact position in relation to terrain.",,"Inbound for MBJ runway 07. Deviation for weather. We were cleared direct OMAXI cleared ILS 07 after the weather deviation. The direct course to OMAXI after deviation was 90 degrees or so. The Captain was PF (pilot flying) and elected to start the inbound turn just prior to OMAXI to not allow the aircraft to over fly OMAXI and swing wide on the high terrain side of the approach. Inside OMAXI he selected 1800 ft in the altitude selector for the final approach fix ANAPA and started down. At the same time the aircraft was being slowed and configuring for gear and flaps 3. Outside ANAPA around 2000 ft we got a GPWS 'too low pull up'. We executed a GPWS escape maneuver and made a climbing left turn out over the water to 3000 ft. After that we got vectors and shot the approach to a landing.I don't know why the GPWS went off exactly; but I was in complete agreement with the Captain's idea to start the inbound [and] to not overfly OMAXI. The idea of staying on the water side and not the mountain side looked like a good call. The weather was IMC with light rain and scattered thunderstorms. Not to take a clearance direct OMAXI cleared the approach after a weather deviation has taken you east of that fix.",,"A319 flight crew reported receiving a GPWS terrain warning on approach to MKJS.",
1545618,201805,,,,,,,,,IMC,Turbulence; Thunderstorm; Rain,,Night,,,,Air Carrier,B747-400,,3,Part 121,IFR,Cargo / Freight / Delivery,FMS Or FMC,Cruise,,Class A Y,,,,,,,,,,,,,,,,,,,,,,,,Weather Radar,,X,Malfunctioning,,,,,,,,,,,,,,,,,,,,,,,,,,,,,,,,,,,,Aircraft X,Flight Deck,Air Carrier,Pilot Flying; First Officer,Flight Crew Multiengine; Flight Crew Air Transport Pilot (ATP); Flight Crew Instrument,,,Human-Machine Interface,,,1545618,Aircraft X,Flight Deck,Air Carrier,Pilot Flying; Captain,Flight Crew Instrument; Flight Crew Air Transport Pilot (ATP); Flight Crew Multiengine,,,Human-Machine Interface,,,1545621,Aircraft Equipment Problem Less Severe; Inflight Event / Encounter Weather / Turbulence,,,Person Flight Crew,In-flight,Flight Crew Took Evasive Action,Weather; Aircraft,Aircraft,"During the cruise phase of the flight it was a dark; moonless night. The Captain was on her break and the observer was occupying the captain seat. While maintaining the flight level; we noticed a weather event that looked like light rain on the radar display. After discussing the situation and tilting the radar down a bit we agreed that the weather condition was not harmful and decided not to deviate. When we penetrated the area of weather we experienced moderate turbulence; rain and convective activity. We immediately decided to deviate from the area however we were into the weather event. After few minutes; the Captain took the left seat. She mentioned that the turbulence prevented her making her way back to the flight deck. For the remainder of the flight; we never saw anything heavier than light rain (green color) depiction on the weather radar. Lucky for us; we had another aircraft en route to Miami that helped us out on 121.5 and 123.45 for weather deviation for the remainder of the flight. Multiple radio exchanges with them confirmed that our radar was not showing any of the convective activity to the level they were seeing it. Once we got over populated areas; weather avoidance became a bit easier as we could see the thunderstorms due to the city lights reflections off of the thunderstorm clouds.",,"I was on second rest in the crew bunk approaching Panama when we entered an area of moderate turbulence. The 'feel' of the turbulence was consistent with that of convective activity; and was forecast on the route of flight for this area. The amount of turbulence prevented me from walking to the flight deck; then once I made my way up (about the time the turbulence subsided and of the end of my break); the crew had mentioned that the weather radar wasn't consistent with what they encountered. We completed our changeover briefing; then one crew member went to rest (third break). Looking outside; there was a significant amount of lightning to the left and right of us; which illuminated the thunderstorm cells. We could also see cells in the distance to the north of us and along our flight path. However; only two small areas of whether were painting on the weather radar. This was definitely not consistent with what we were seeing outside. Fortunately; there was another aircraft approximately 30 miles to the north of us; 2;000 feet above us; on the same route of flight. We communicated with them; and compared what they saw on the weather radar with what we were seeing. It was clear that our weather radar was not functioning properly. We had been troubleshooting the weather radar removing it from calibrate; checking all settings; checking ground clutter suppression function; but to no avail. The left and right systems showed no difference. Since the weather radar was painting some convective activity; we could not say that the weather radar was not functioning at all.Through the remainder of the flight; the other aircraft assisted us by comparing what they saw on the weather radar; with what we were seeing outside. We eventually overtook them; and they helped us navigate past the areas of convection that were ahead of us. Fortunately; as they were filed on the same route; we were able to navigate around the upcoming weather with their assistance. I asked them to take snapshots of what they were painting on their weather radar for comparison once we got on the ground. We were very fortunate to have their assistance. Some of our deviations were up to 90 miles left of track requested due to weather. In the back of my mind; I considered the significance of my payload should we have to divert; but having the assistance of the other aircraft gave us an excellent CRM (Crew Resource Management) /TEM (Threat and Error Management) opportunity to complete the flight using them as a resource on this dark night with no moonlight. We landed uneventfully. I wrote up the weather radar; and the mechanic suggested that it could be an antenna problem.",,"B747-400 crew reported weather radar performance not sufficient for accurate navigation around weather.",
1588003,201810,1801-2400,PHX.Airport,AZ,,,,10000,,VMC,Thunderstorm; Turbulence,,Night,,,TRACON P50,Air Carrier,A321,,2,Part 121,IFR,Passenger,,Descent,STAR EAGUL6,Class B PHX,,,,,,,,,,,,,,,,,,,,,,,,Normal Brake System,,X,Failed,,,,,,,,,,,,,,,,,,,,,,,,,,,,,,,,,,,,Aircraft X,Flight Deck,Air Carrier,Pilot Flying; Captain,Flight Crew Air Transport Pilot (ATP); Flight Crew Multiengine; Flight Crew Instrument,Flight Crew Total 9000,,Workload; Distraction,,,1588003,,,,,,,,,,,,Aircraft Equipment Problem Less Severe; Deviation - Altitude Overshoot; Deviation - Altitude Crossing Restriction Not Met; Deviation - Track / Heading All Types; Inflight Event / Encounter Weather / Turbulence,,,Person Flight Crew,In-flight,Flight Crew Overcame Equipment Problem; Flight Crew Became Reoriented,Aircraft; Staffing; Weather,Ambiguous,"[Aircraft X] - ZZZ to PHX. Flight delayed 2 hours due to A/C being parked at maintenance. The Maintenance person who brought the A/C to the gate said they were short staffed and didn't have any qualified brake riders to bring the plane to the gate. Once the A/C arrived at the gate we updated the weather enroute to PHX. I contacted dispatch to request a re-route to approach PHX from the Northeast vice from the Southeast due to a line of weather building from the south and southeast of PHX. For the flight: Captain/ PF (Pilot Flying) and FO/PM (First Officer / Pilot Monitoring). Departure was uneventful. Enroute the ride quality deteriorated during the last half of the flight. We were assigned EAGUL 6 arrival with RWY 8 transition. As we were descending via the STAR to OBASE 210 at 7;000 feet (7;000 feet set in the FCU) and ATC requested we delete the speed assignments until QUENY (210 at 10;000 feet). Just after passing GEENO there was a line of weather quickly building directly crossing the arrival corridor. I told the FO; I'm using heading select to deviate slightly right to avoid a cell. ATC asked us if we were slight right on the arrival; the FO quickly responded to ATC that we took a slight deviation right for WX and we were returning to centerline. I steered back on course and set the FMS to managed heading. It was then I noted we had descended below the altitude restriction at QUENY because the aircraft dropped out of managed descent. I reset 10;000 in the FCU and climbed back to 10;000. Simultaneously; the FO immediately told ATC of the altitude deviation and of our prompt corrective action. ATC advised us of traffic approaching from the south; to keep visual separation; switch to final approach and have a good evening. The FO talked me back into the green and the rest of the arrival and arrival was safely completed.On final approach; when we put the gear down; the Normal brake system failed and the Auto brakes kicked off. The FO stated it wasn't an immediate action item and quickly accomplished the ECAM items. Because we were in an A321 we still had alternate brakes and NWS. I thought the safest course of action and I made the decision to continue and land on RWY 8. We had 11;489 feet on a dry runway with alternate brakes and normal NWS.1. I am a brand new Captain on the A321 with about 50 hours in the airplane. I am still adjusting to the aircraft. I've only flown into PHX maybe twice (ever). With the delay; it would have been nice if Dispatch would have been more engaged in helping get the flight out and help us keep an eye on the weather. 2. The Maintenance 2 hour delay for not having anyone to bring the aircraft over from the [parking area] was a contributing factor for entire crew. We all wanted to get the flight out on time and we felt the effects of that pressure to get things underway despite the delay. 3. In retrospect; I should have been more directive about our weather deviation. Tell the FO to ask ATC for a right of course deviation or make an ATC request/inquiry earlier about the arrival weather & possible deviations. At night and into an unfamiliar airport; asking for ATC help would have made the deviation decision easier. 4. Once I made the decision to deviate; we should have requested or told ATC that we were making the turn to north and how far off track we needed. 5. I realize that when selecting 'heading select' that the aircraft is longer in managed descent but vertical speed. The responsibly for meeting altitude restrictions then falls on the PF to 'manually' meet those altitude restraints on the arrival. Being new on the aircraft I am still building my situational awareness and in that moment my scan broke down. Once realizing my error; fessing up and making timely corrections was a good response and the FO did an outstanding job in talking me back into the green. Couple of things: Having the undo maintenance delay contributed to setting the tone for the flight. Waiting around unnecessarily for Maintenance to deliver the aircraft was just an unwanted perturbation. It would have been nice to have Dispatch more involved in helping us with the weather planning. Having the iPad tools to access the weather radar helped tremendously for keeping the SA (Situational Awareness) on the building weather from the south. Plan ahead as much as practical and use all the tools available to assess the weather situation. Request deviation early for ATC if able. If as in our case; we tried to avoid at the last minute what we perceived rapidly building cells. Be direct with the PM and ATC about what we are doing to avoid the weather once the decision is made.I've reviewed and discussed with my FO and other pilots with extensive AIRBUS experience on how to improve my scan and what to expect when using selected heading on an arrival. Close altitude monitoring and properly using the FMC altitude window to protect from descending below arrival (or other) constraints.",,,,"A321 Captain reported heading and altitude deviations while hand flying an approach; and an ANTI SKID/Brake issue after lowering landing gear.",
1599416,201811,0001-0600,NFFF.ARTCC,FO,,,,39000,,IMC,Icing,,,,,Center NFFF,Air Carrier,B787-900,,3,Part 121,IFR,Passenger,,Cruise,Direct,,,,,,,,,,,,,,,,,,,,,,,,,Engine Vibration Indication,,X,,,,,,,,,,,,,,,,,,,,,,,,,,,,,,,,,,,,,Aircraft X,Flight Deck,Air Carrier,Pilot Flying; First Officer,Flight Crew Multiengine; Flight Crew Air Transport Pilot (ATP); Flight Crew Instrument,Flight Crew Last 90 Days 216.12; Flight Crew Total 14075.20; Flight Crew Type 3026.63,,Human-Machine Interface; Troubleshooting; Situational Awareness,,,1599416,Aircraft X,Flight Deck,Air Carrier,Pilot Flying; Captain,Flight Crew Air Transport Pilot (ATP); Flight Crew Instrument; Flight Crew Multiengine,Flight Crew Last 90 Days 30; Flight Crew Total 15216.73; Flight Crew Type 1463.75,,Situational Awareness; Human-Machine Interface; Troubleshooting,,,1598322,Aircraft Equipment Problem Critical; Deviation - Track / Heading All Types; Inflight Event / Encounter Weather / Turbulence,,,Person Flight Crew,In-flight,Flight Crew Diverted; Flight Crew Landed in Emergency Condition; Flight Crew Overcame Equipment Problem,Aircraft,Aircraft,"At 39;000 feet enroute cruising IMC; icing conditions; the left engine vibration reached 7.0. The intensity of the vibration was felt in the airframe throughout the cabin; audible in the flight deck; and shaking the glareshield. In accordance with the Flight Manual; we reduced power on the left engine to 60% N1 and the vibration level dropped below 4.0. After various power setting tests; we determined 60% N1 was the maximum power setting to keep vibration level below 4.0. This power setting was inadequate to maintain altitude and airspeed. Since we were still left of course on a weather deviation; ATC was unable to approve our request to descend until we reported back on route. The Captain was notified and returned to the flight deck. At that point; we sent a CPDLC message with a request to descend. We were cleared and descended to 33;000 feet. At this altitude; the aircraft was able to maintain 250 knots in level flight. After some discussion with Maintenance Control and Dispatch; the degraded engine performance condition required landing at the nearest suitable airport. Dispatch coordinated the ground response and ATC issued a divert clearance. The descent; arrival; approach; and landing were conducted as if we were a single engine aircraft; with the exception of starting the APU.",,"[Report narrative contained no additional information.]",,"B787 flight crew reported excessive vibration from the left engine resulted in a diversion.",
1746738,202006,1201-1800,ZZZ.TRACON,US,,,,5150,,VMC,,,Daylight,,,TRACON ZZZ,Air Carrier,Commercial Fixed Wing,,2,Part 121,IFR,Passenger,,Initial Approach,,Class B ZZZ,,,,,,,,,,,,,,,,,,,,,,,,,,,,,,,,,,,,,,,,,,,,,,,,,,,,,,,,,,,,,,,Aircraft X,Flight Deck,Air Carrier,Check Pilot; Captain; Pilot Flying,Flight Crew Multiengine; Flight Crew Instrument; Flight Crew Air Transport Pilot (ATP); Flight Crew Flight Instructor,,,Distraction; Situational Awareness; Training / Qualification,,,1746738,Aircraft X,Flight Deck,Air Carrier,First Officer; Pilot Not Flying,Flight Crew Multiengine; Flight Crew Air Transport Pilot (ATP); Flight Crew Instrument,,,Communication Breakdown; Confusion; Situational Awareness; Training / Qualification,Party1 Flight Crew; Party2 Flight Crew,,1747003,Deviation - Altitude Excursion From Assigned Altitude; Deviation - Speed All Types; Deviation / Discrepancy - Procedural Clearance; Inflight Event / Encounter Unstabilized Approach,,,Person Flight Crew,In-flight,Air Traffic Control Issued New Clearance; Flight Crew Returned To Clearance,Procedure; Human Factors; Company Policy,Company Policy,"As a line check airman; I was teaching and providing operating experience to a First Officer (FO) transitioning back to the Aircraft X type; after flying another aircraft type.  I was the pilot flying and the trainee FO was in the pilot monitoring role.  During our arrival into ZZZ; we received a STAR change from the ZZZZZ arrival to the ZZZZZ1 arrival due to East flow in ZZZ.  This clearance was initially given without a runway transition; so we followed company procedure and put in the ZZZZZ1 arrival with XR Transition per the approach notes.  At this time; we both mentioned that XR was closed; but decided to follow company procedure with the intention of changing the runway later.The FMS and Automation systems from the trainee's previous aircraft had an auto-throttle and VNAV system.  The Aircraft X type does not have these systems; so the descent needs to be manually managed with the thrust levers and vertical speed.  The difficulty was compounded because we were using a single FMS Aircraft X type which is physically located in the 4 o'clock position from the Captain; making it nearly impossible to monitor the flight instruments and FMS simultaneously. I was teaching some techniques to manage the altitude and speed adjustments during the RNAV star.  When the PM checked in with approach control; we were assigned Runway Y as anticipated.  We tuned in the localizer frequencies and briefed the changes for runway Y; but neglected to reprogram the FMS due to the high workload of managing the STAR restrictions.During the downwind portion of the STAR; ZZZ Approach assigned us to descend to expedite descent to 5;000 MSL.  I aggressively descended the aircraft; and when approaching 5;400 MSL ATC told us to climb and maintain 6;000 MSL.  I climbed the aircraft back up using the autopilot; but was confused and distracted by this unusual change of altitude.ATC gave us a vector for the base to runway Y.  I was verbally instructing the FO how to sequence the FMS for the approach and made a quick visual check to make sure it was done correctly (not realizing the waypoints were still programmed for runway XR).  I also coached the FO to change the Navigation mode on the FO's Navigation display for greater situational awareness and in case the FMS is improperly programmed.ATC gave us an intercept vector over the ZZZZZ2 intersection and cleared us to intercept the Localizer.  I intended to initially track inbound on the FMS and switch to the ILS when within 18 NM. I had a mental red flag and thought 'That's not right' when I heard ZZZZZ2 but saw ZZZZZ3 Intersection on my MFD.  The localizer had already passed for the FO's Nav Display; but due to his lack of recent experience and FMS differences from the previous aircraft; he did not mention this to me.  I realized we were overshooting and shutoff the autopilot; while turning back toward the south to re-intercept the Runway Y course.  As I was doing this; ATC noticed our error and gave us a vector to re-intercept.As I was intercepting and re-stabilizing the aircraft; I let the aircraft drift up and down about 150 feet.  I was also initially slow to get the aircraft slowed to an ATC assigned 160 kts because they were querying us about what happened.  I reengaged the autopilot; aggressively slowed the aircraft and we were re-established for a stabilized approach.  We were very lucky that XR was closed this day; otherwise a serious traffic issue could have occurred.Cause: Poorly positioned Single FMS on Aircraft X type; Loading Arrival and Runway Changes using RNAV STARs; ATC altitude change distraction; low and non-recent experience of FO in training environment; overall decreased currency and proficiency of all pilots due to COVID-19 effects on industry; high workload during RNAV STAR. Neglected to reprogram FMS and verify waypoints for correct runway after ATC assignment; Untimely Teaching; FO not speaking up about localizer movement.I will guard against untimely teaching and focus more on my primary responsibility of flying and monitoring the aircraft; especially close to the terminal area.  When training pilots coming from another aircraft; I will start from an assumption that their situational awareness is nil and that they might not have the recency with procedures; Flight Guidance; and FMS to back me up.  I will be extra careful to listen and put runway changes into my FMS soon after they are assigned by ATC.",,"Left seat pilot (PF) Right seat pilot (PM). There was a lack of communication between the check airman and trainee due to the check airman focusing primarily on training instead of flying the airplane. During the departure briefing; as a right seat pilot; I asked to load Runway Y instead of Runway XR although STARS was saying Runway XR. This was because Runway XR was closed according to ATIS. But the left seat pilot replied that we should load the FMS with the runway on STARS and he would correct it when we received our runway assignment. While cruising; left seat (PF) and right seat (PM) executed positive exchange of controls for the arrival briefing. Suddenly things changed by ATC; such as arrival and runway while trying to stay away from weather.Meanwhile; left seat pilot asked for weather related deviation 15 degree to the right. I asked to make sure right or left because there were storm cells to the right. Left seat pilot affirmed and asked again to the right. I requested from ATC 15 degree to the right due to weather. ATC was astounded and repeated the question 'Are you asking for left or right?' I said right; ATC replied standby and 10 seconds after approved weather deviation to the left because of the weather to the right. We then established left deviation from current heading to avoid weather. After left seat pilot finished the arrival briefing; we executed a positive exchange of controls and right seat resumed PM duties. When the left seat then resumed PF duties; the high speed warning occurred 3 times. Both side frequencies and courses were set for Runway Y; but the FMS was still on Runway XR. ATC instructed us to descend and maintain 5;000 feet from 6;000 feet. While we were around 5;300 feet; ATC instructed us to climb and maintain 6;000 feet. PF did not change the altitude. I said again; ATC assigned 6;000 feet. He bugged 6;000 feet and verified but he did not start climbing. I reminded him again that we should climb to 6;000 feet and he finally started climbing. I then verified once more with ATC to ensure assigned 6;000 feet was correct. We got vectors to Runway Y ILS and as a PM; I switched to green needles to make sure all was OK.While left seat was on FMS; I figured out we were going to deviate from Runway Y course and I pushed the TCS and started turning to the right. Simultaneously; left seat pilot kicked the auto pilot off and back to Runway Y course. ATC advised us of a 20 degree deviation while we were around 210 KIAS and asked to reduce speed to 170. I offered gear down; but left seat pilot did not respond. I offered gear down again and ATC then asked to reduce speed to 160 KIAS immediately. Finally; PF asked for gear down and flaps 22. I was almost going to ask to go around; but we corrected and were able to configure the airplane. We made it stable and landed without much hassle.Cause: Lack of crew communication. Mutual errors. Lack of verification when FMS was set up due to changing STARS and runway and fast paced environment. Meanwhile; left seat pilot was talking about topics related to training purposes. As a result; the aircraft automation established us for Runway XR instead of Runway Y.Always take your time. If behind the airplane; ask for help from ATC. If you cannot descend or climb immediately due to lack of crew communication; advise ATC unable. Make sure both pilots are on the same page regardless of their level of experience; seat or check airman status. We are human beings and we may make mistakes; therefore CRM plays a crucial role in the safety of flight instead of being single pilot. It is a gray area and a question between left seat and right seat pilots of what action would be better if STARS is saying a specific runway and that runway is closed. I learned from this event that the crew should be strict about the sterile cockpit rule regardless of it being a training event. Therefore; both crew members can then focus on flying the airplane in order to prevent staying behind the airplane. Finally; the most important thing I have learned from this event is regardless of the other pilot's position/status; do not assume they will do everything correct.",,"Air carrier flight crew reported experiencing an unstabilized approach and setting up to land on a closed runway with anticipation of changing to landing runway later.",
1767811,202010,,ZZZ.ARTCC,US,,,,36000,,,,,,,,Center ZZZ,Air Carrier,Commercial Fixed Wing,,3,Part 121,IFR,Passenger,,Cruise,,Class A ZZZ,,,,,,,,,,,,,,,,,,,,,,,,,,,,,,,,,,,,,,,,,,,,,,,,,,,,,,,,,,,,,,,Aircraft X,Flight Deck,Air Carrier,First Officer; Pilot Flying,Flight Crew Multiengine; Flight Crew Instrument; Flight Crew Air Transport Pilot (ATP),,,Situational Awareness; Distraction; Confusion; Communication Breakdown,Party1 Flight Crew; Party2 ATC,,1767811,,,,,,,,,,,,ATC Issue All Types; Deviation - Altitude Excursion From Assigned Altitude; Deviation / Discrepancy - Procedural Clearance; Inflight Event / Encounter Weather / Turbulence,,,Person Air Traffic Control,In-flight,Air Traffic Control Issued New Clearance; Flight Crew Returned To Clearance,Environment - Non Weather Related; Human Factors; Procedure,Human Factors,"Had been issued a block altitude clearance and been changing altitude as needed within that block (related to turbulence) for several hours. Requested deviation around weather. ATC granted 50 NM. During deviation; descended from FL370 to FL360 due to turbulence. When ATC requested that we confirm altitude; signaled that something was amiss. Reread the deviation message...both of us had previously missed the cancellation of our block clearance- we both thought we still had one. Climbed back to FL370 and flight continued normally to destination.There were several [causes]; speaking only for myself. This was my first flight after nearly X months off due to COVID. I still feel confident; but out of practice. [I] was in seat 5+ hours when event occurred; energy was waning a bit. New to the X type aircraft fleet and just consolidated prior to extended time off. Had only crossed Ocean X twice and unfamiliar with 'the norms' (Didn't know that ATC tends to cancel block clearances in conjunction with another instruction/clearance over Ocean X.) Expected that an altitude clearance/cancellation would be communicated on its own; not included with weather deviation. Due to aforementioned factors; regrettably didn't register the block cancellation. Captain evidently didn't either.I admit and sincerely apologize for the error; however; altitude clearances are critical to our safety and should be given separately from any other clearance or instruction. One CPDLC message sounds (one chime in the flight deck) - I believe it's human to expect the message to address one thing; not two. It's easier to miss the 2nd item if clearances are combined; especially after many hours sitting with low activity. My suggestion is to send the weather deviation clearance as one message (one chime) and the block altitude cancellation as a separate message (2nd chime.)",,,,"Air carrier First Officer reported an altitude deviation after descending to avoid turbulence. The crew thought they were still cleared to a block altitude; but realized they were not after ATC asked them to confirm their altitude.",
1830855,202108,1801-2400,ZZZ.ARTCC,US,,,,25000,,,,,,,,Center ZZZ,Air Carrier,EMB ERJ 145 ER/LR,,2,Part 121,IFR,Passenger,,Cruise,,Class A ZZZ,,,,,,,,,,,,,,,,,,,,,,,,Pneumatic System,,X,Failed,,,,,,,,,,,,,,,,,,,,,,,,,,,,,,,,,,,,Aircraft X,Flight Deck,Air Carrier,Pilot Flying; Captain,Flight Crew Multiengine; Flight Crew Instrument; Flight Crew Air Transport Pilot (ATP),,,Troubleshooting; Workload,,,1830855,Aircraft X,Flight Deck,Air Carrier,Pilot Flying; Captain,Flight Crew Multiengine; Flight Crew Instrument; Flight Crew Air Transport Pilot (ATP),,,Workload; Troubleshooting,,,1830556,Aircraft Equipment Problem Less Severe; Flight Deck / Cabin / Aircraft Event Smoke / Fire / Fumes / Odor,,,Person Flight Attendant; Person Flight Crew,In-flight,Flight Crew Landed in Emergency Condition,Aircraft,Aircraft,"Departing ZZZ; received a No. 2 engine bleed leak message on pneumatic panel; with EICAS message. Deselected engine bleed source per QRH procedure. Continued flight after considering air return to ZZZ as bleed leak warning went out shortly after deselecting right engine bleed.  Later in flight at FL250; suddenly noticed acrid strong odor. Captain called flight attendant on interphone and confirmed some smoke and strong odor present in cabin. Decided to perform 'smoke in cockpit' memory items. During this procedure apparently Captain's mask interphone failed and he was unable to communicate with O2 mask on. Pilot Flying assumed flying and ATC communication responsibilities and coordinating descent and weather deviation with ATC. [Requested ATC priority handling]. During descent eventually Pack 1 overheat EICAS message annunciation. Smoke and odor dissipated so O2 masks removed and normal crew communication resumed. Continued to destination as no longer producing smoke and no odor detected in cockpit and confirmed by flight attendant in cabin. Landed uneventfully in ZZZ1 with good priority handling by ATC and some weather deviation due to local rain showers. [I] understand that the left air conditioning pack failed; causing smoke and odor noted.",,"At FL250 with right pack and bleed deselected; began to get smoke throughout aircraft. Donned masks and [requested priority handling] with ZZZ ATC. We received clearance direct to ZZZ1 from about 80 miles out and descended to 10;000'. After about 2-3 minutes; smoke dissipated and did not reappear. Uneventful landing.",,"EMB145 flight crew reported a fume event of smoke and strong odor in the cabin occurred in cruise following a number 2 engine bleed leak EICAS message.",
1839242,202109,0001-0600,ZZZ.TRACON,US,,,,,,,,,,,,Tower ZZZ,Air Carrier,Commercial Fixed Wing,,2,Part 121,IFR,Passenger,,Initial Approach,Vectors,Class C ZZZ; Class E ZZZ1,,,,,,,,,,,,,,,,,,,,,,,,,,,,,,,,,,,,,,,,,,,,,,,,,,,,,,,,,,,,,,,Aircraft X,Flight Deck,Air Carrier,Captain; Pilot Flying,Flight Crew Air Transport Pilot (ATP); Flight Crew Instrument; Flight Crew Multiengine,,,Communication Breakdown; Situational Awareness; Time Pressure,Party1 Flight Crew; Party2 Flight Attendant,,1839242,,,,,,,,,,,,Flight Deck / Cabin / Aircraft Event Illness / Injury; Inflight Event / Encounter Loss Of Aircraft Control; Inflight Event / Encounter Weather / Turbulence,,N,Person Flight Crew,In-flight,Flight Crew Regained Aircraft Control; General Physical Injury / Incapacitation,Human Factors; Procedure; Weather,Procedure,"Trip started with FA (Flight Attendant) Brief re: Weather enroute and at ZZZ at Arrival; Passengers got same brief. Twice enroute I had FA's take their seats due to Company Alert; and Weather deviation around Utah; no issues...90nm from ZZZ; I briefed the Passengers of the weather and Arrival info; expecting a bumpy ride on the descent; and that we would be landing; and then parking at Gate XX; at XX:35 ZZZ Time; 30 minutes to landing. 20 minutes to landing; I made a PA for the FA's to take their seats; as a precaution. We were cleared direct ZZZZZ and to keep our speed up. We were then cleared to descend via the ZZZZZ and transition to 310 kts.; as we were #1. We were then given a heading for vectors to the ILSXX Approach; and descend to 12;000 ft.At 12;000 ft.; I cycled the seat belt switch and stated 'Flight Attendants prepare for landing' over the PA; early on purpose. We were then given Descend to 8;000 ft.; followed by a turn to downwind and descend to 4;000 ft. We were IMC; it was 9 degrees Celsius; 29.49; and strong winds and moderate rain. Descending from 5;000 ft. to 4;000 ft.; we encountered severe turbulence; the AP kicked off and the airplane pitched up and down erratically.I hand flew the airplane to regain control of our Flight Path; and we settled down at 4;000 ft. and re-engaged the AP. We were then given a descent to 3;000 ft.; followed by a heading to Intercept the ILSXX Approach Course; and cleared for the approach. We broke out at about 2;000 ft.; configured for a full flap landing; encountered 30 kts. headwind on Final; followed by a 10 kt. tailwind on landing; and made a normal landing.As we were rolling out; we got a call from the back (FA's); and the FO (First Officer) answered as I taxied clear of the runway. She informed me that the #2 FA hit the floor hard on her left side; and could we ask for Medics to meet us at the Gate.We were met at the Gate by 2 ZZZ Airport [Officials]; and they checked out our #2 FA. They recommended that she go to the hospital; as did I; so she could get a proper check out. It was also recommended that at least 1 other FA go with her. The FA's then left the aircraft; as did the FO.I stayed with the aircraft; so I could note in the logbook that an aircraft inspection would be needed do to our encounter with severe turbulence. FA did not go to hospital; and returned to work the next day.The 2 AFT FA's did not take their seats when instructed; by my PA: 'Flight Attendants take your seats'. FA's need to follow instructions; i.e. when told to Be Seated; then Take Your Seat.",,,,"Captain reported aft Flight Attendants were slow to take their seats during approach in turbulence; resulting in an injury to one Flight Attendant.",
2114946,202405,1201-1800,ZZZZ.Airport,FO,,,,,,,,,,,,,Air Carrier,B737-800,,2,Part 121,IFR,Passenger,,Cruise,,,,,,,,,,,,,,,,,,,,,,,,,,Fuel System,,X,Malfunctioning,,,,,,,,,,,,,,,,,,,,,,,,,,,,,,,,,,,,Aircraft X,Flight Deck,Air Carrier,Captain; Check Pilot; Pilot Flying,Flight Crew Air Transport Pilot (ATP); Flight Crew Instrument; Flight Crew Multiengine,,,Troubleshooting,,,2114946,Aircraft X,Flight Deck,Air Carrier,First Officer; Pilot Not Flying,Flight Crew Instrument; Flight Crew Multiengine; Flight Crew Air Transport Pilot (ATP),,,Troubleshooting,,,2114937,Aircraft Equipment Problem Critical; Flight Deck / Cabin / Aircraft Event Smoke / Fire / Fumes / Odor; Ground Event / Encounter Fuel Issue; Inflight Event / Encounter Fuel Issue,,,,,General None Reported / Taken,Human Factors; Aircraft,Aircraft,"Shortly after center fuel tanks were emptied; we began deviating around thunderstorms encountered to ZZZZ.  I had shut off our center pumps with fuel even in both main tanks. Shortly thereafter; noticed a 500 lb imbalance between L and R tanks; with the R tank being low-strange; because fuel flow was slightly higher on L side. I opted to crossfeed; and we ended up with even tanks. Shortly thereafter; the right side again began to appear lower than L side. I crossfed again; and got the tanks to even. I then notified dispatch that I would be putting in a discrepancy and to please relay to Maintenance Control. Our fuel; when the problem first surfaced; was estimated to be 11.7 on landing; which was normal at the time.  Though suspecting we had a fuel leak; I was hesitant to shut down the #2 engine; we were closing in on ZZZZ; and our left engine had a high (though within normal range; oil temperature). I asked our flight attendants to discreetly see if anything appeared normal outside our right wing; and they mentioned all appeared normal.  We opted to stay high until going idle for descent into ZZZZ. By the time we touched down; we eventually had 6700 lbs. a shortage of 5000 lbs.After landing; we cleared the runway; and the aircraft had begun to have a strong fuel odor. I asked my FO to shut down engine #2; but the smell persisted. Our Flight Attendant's called and started to mention the cabin was smelling like fuel; and a few rampers with another airline kept motioning to our number 2 engine. I told apron we needed a gate ASAP; as I was hoping to prevent a panic which might cause further passenger issues. We got to the gate and quickly deplaned all passengers.I am curious if the incident is related to a maintenance write up on Day 0 for the #2 Engine Main Oil/Fuel Heat Exchanger leaking fuel during idle run and after shutdown.",,"Under an hour prior to scheduled arrival in ZZZZ; flight crew observed a lateral imbalance between main fuel tanks. This occurred shortly after center fuel tank exhaustion over ZZZZ. Pilot flying (check pilot flying for currency/proficiency) implemented fuel balancing. I (first Officer/pilot monitoring) agreed. Also; at this time flight crew requested weather deviation west of course through ZZZZ1 airspace for hazardous buildups. Flight crew completed fuel balancing; and noticed decrease in expected arrival fuel. Flight crew initially assessed decrease in arrival fuel as result of lateral weather deviation. Flight crew then noticed another fuel imbalance (once again; tank 2 quantity approx 500 lb lighter than tank 1). Simultaneously flight crew noticed engine 1 oil temp significantly higher than engine 2 (118C vs ~70C) and lower oil pressure (48psi vs ~6psi) although still in normal range. Flight crew re-balanced fuel a second time; and then noticed additional decrease in arrival fuel (approx 8klbs; initially 11.5klbs). As flight crew resumed normal route after weather deviation; we began to suspect a non-normal condition in the fuel system specifically regarding engine #2. Flight crew assessed that ZZZZ by this point was the nearest suitable airfield. Once again; fuel imbalance detected a third time with tank 2500lb lower. Flight crew discussed the likelihood of a fuel leak and had flight attendants discreetly visually check aircraft right side for evidence. No evidence detected. Flight crew rebalanced fuel for a third and final time while commencing descent into ZZZZ. Flight crew discussed the potential risks of running fuel leak QRH procedure and ultimately shutting down engine 2; with oil temp & pressure close to limits on engine 1 over the water and elected to recover the aircraft without executing any non- normal procedures. A normal landing was made safely by the left seat pilot flying. After vacating runway and approaching gate; flight crew detected an odor of jet fuel which was confirmed by flight attendants. Captain directed a shutdown of engine 2; I agreed; and shut it down normally. Shortly thereafter; ground personnel began to approach the aircraft gesticulating to shut down engine 2 which had already been accomplished. The gate then became available; flight crew taxied in on engine 1; and requested Ops to expedite jet bridge to minimize delays in deplaning passengers. Flight crew shut down normally at the gate with 6.5klbs fuel remaining. Fuel odor began to subside. After shutdown; flight crew observed large puddle of fluids on ramp which had prompted response from ground personnel. A smaller puddle sat below engine 2 at parking location. Passengers and crew deplaned safely through jet bridge.Cause: Suspected malfunction & fuel leak from engine 2 fuel pump(s). Masked for majority of flight by use of center tank fuel overriding the manifold; and delayed assessment due to weather deviation affecting arrival fuel state. Over water route of flight and engine 1 oil data affected decision whether or not to pursue use of QRH for possible fuel leak which would ultimately have led to shutdown of engine 2.I'm not sure what could be done to preclude this ever happening again - maintenance personnel and flight crews do their best to maintain safety of flight at all times; and redundant systems/sound decision making practices enhance safety. It seems the fuel pump just decided it was time to stop working properly.",,"B737-800 flight crew reported recurring fuel imbalance during cruise. After landing flight crew observed puddles of fuel on ground and flight attendants reported strong fuel fumes in cabin.",
2119529,202405,1801-2400,ZZZ.ARTCC,US,,150,,36000,,,5,,Night,45000,,Center ZZZ,Air Carrier,B737-700,,2,Part 121,IFR,Passenger,,Cruise,,Class A ZZZ,,,,,,,,,,,,,,,,,,,,,,,,Autoflight System,,X,Malfunctioning,,,,,,,,,,,,,,,,,,,,,,,,,,,,,,,,,,,,Aircraft X,Flight Deck,Air Carrier,First Officer; Pilot Flying,Flight Crew Instrument; Flight Crew Multiengine; Flight Crew Air Transport Pilot (ATP),Flight Crew Last 90 Days 70; Flight Crew Type 242,,Situational Awareness,,,2119529,Aircraft X,Flight Deck,Air Carrier,Captain; Pilot Not Flying,Flight Crew Air Transport Pilot (ATP); Flight Crew Instrument; Flight Crew Multiengine,Flight Crew Last 90 Days 190,,Situational Awareness,,,2118748,Aircraft Equipment Problem Critical; Deviation - Altitude Excursion From Assigned Altitude; Deviation / Discrepancy - Procedural Clearance; Inflight Event / Encounter Weather / Turbulence,,,Person Flight Crew; Person Air Traffic Control,In-flight,Flight Crew Returned To Clearance; Flight Crew Regained Aircraft Control,Human Factors; Aircraft,Aircraft,"At FL360 as the FO and Pilot Flying while transitioning from a heading; to avoid weather; to ZZZZZ waypoint to return to our route.  Both flight directors dropped offline unexpectedly; resulting in the autopilot disengaging and the aircraft in the right bank started to climb. We gained about 320' in RVSM airspace (36;320') while recovering the aircraft position. We immediately reported the deviation to ATC. ATC queried us if it was result of a wake turbulence or clear air turbulence event. We were operating in occasional moderate to severe turbulence due to convective activity in the area. We reported to ATC the autopilot unexpectedly dropped off and we immediately corrected the altitude back to FL360. During the event; both flight director switches were in the on position and no intentional disengagement of the autopilot had taken place. Upon arrival in ZZZ [airport]; we wrote up the automation failure and also noticed a similar event had been written up earlier in the month.Suggestion: Because this was an unexpected systems failure; I think the only thing we could've done to improve the outcome would have been to monitor the controls a little bit closer in RVSM airspace. By looking back further in the Maintenance log prior to the flight; we may have been able to see the previous writeup and be a little bit more aware of the potential for this to happen in flight. However; as the earlier write up was very cryptic in its description of the events; I'm not sure that we would've been able to gleam the full effects of the previous failure. A quicker response to the autopilot dropping offline might have resulted in preventing the altitude deviation.",,"While in cruise at FL360 and after re-intercepting course following weather deviation; the autopilot (CMD B) inadvertently disengaged. Assuming it was pilot induced; I looked at reengaging it but noticed both flight directors had disappeared from view (Flight Director switches remained ON). While assessing; I realized the PF had not taken control manually yet; so I mention it (this was within the first five seconds or so of the disengagement and there had been a startle factor). He took immediate control and corrected to proper path; but the aircraft had drifted up by 300' beforehand.After approximately 30 seconds; the flight directors reappeared on the PFD (Primary Flight Display); and we were able to reengage the autopilot. There were no other cockpit or FMS indications associated with the malfunction. ATC queried (before we had a chance to notify) because there had been a lot of widespread turbulence throughout the region. We informed them and I sent a message to Dispatch to inform him of the malfunction and deviation. I reviewed the entire logbook for previous writeups and found one dated (date). Similar to our situation and Maintenance ran tests at that time but found no faults.Suggestion: This was a first for me; but I would say our initial response to the autopilot kicking off was a little slow. The autopilot's aural alert is so unnatural to hear in cruise that it was a distraction. Then the FD disappearing was confusing.  All that led to the deviation because no one took immediate control of the aircraft (for five seconds or so). Simulator training could expose Crews this type of "startle factor" event.",,"B737-700 flight crew reported an altitude deviation occurred when both flight directors and the autopilot dropped offline during cruise. Systems came back online eventually and flight continued.",
2253595,202506,1201-1800,KZAK.ARTCC,HI,,,,37000,,,,,,,,Center ZAK,Air Carrier,Widebody; Low Wing; 2 Turbojet Eng,,,Part 121,IFR,Passenger,,Cruise,,Class A ZAK,,,,,,,,,,,,,,,,,,,,,,,,,,,,,,,,,,,,,,,,,,,,,,,,,,,,,,,,,,,,,,,Aircraft X,Flight Deck,Air Carrier,First Officer; Pilot Flying,Flight Crew Instrument; Flight Crew Multiengine; Flight Crew Air Transport Pilot (ATP),,,,,,2253595,,,,,,,,,,,,Deviation - Altitude Excursion From Assigned Altitude; Inflight Event / Encounter Loss Of Aircraft Control; Inflight Event / Encounter Weather / Turbulence,,,Person Flight Crew,In-flight,Flight Crew Regained Aircraft Control; Flight Crew Returned To Clearance; General Physical Injury / Incapacitation,Weather,Weather,"I was pilot monitoring at the time of incident ZZZZ ZZZ. We were routed south towards Saipan for apu inop; putting us in line for some weather enroute. Aware of this and approaching our second sigmet; we asked and received 30L/R weather deviation from KZAK. It was limited moonlight visual conditions; night time over the pacific and we were mostly navigating around buildups visually; as well as radar. The First Officer's (FO's) radar range at this time was set to 40miles; and I was switching between 80 and 160 miles selected for longer range SA. During execution of the offset 15L and 20° to intercept; we entered clouds not showing radar returns on 'All'; on our intended course. As we started our right turn to intercept our course 15L in IMC; we maintained situational awareness of the two cells we were avoiding visually saw prior to entering IMC: one left side; one right side. The right cell appeared as a red dot; surrounded by a significant band of yellow surrounding; then scattered yet consistent green surrounding the yellow. The cell on our left was a larger band of yellow than the right cell and had more green surrounding it. The gap between these two cells where we intended to go; was only painting occasional green dots on all. Since we were intending to turn right to join our course; the right cell was of more concern to us. After clearing the cell on the right according to radar; we started turning right to join parallel to our original course as programmed into the Multi-purpose Control Display Unit (MCDU). We popped out of the smooth stratus layer between the two cells. This is when we saw the incident cloud dead ahead of us. We were on lateral deviation; but hard altitude FL370.As the pilot monitoring (PM); I mentioned we should pull heading mode and turn to go around the cell immediately. At the same time; I reached for the handset thinking to do the PA for cabin crew take your jumpseats. While picking up the handset; I instinctively selected Interphone+1 from muscle memory (from previous Bathroom break requests) but recognized my mistake and reset the phone. I then picked it up again; pressed PA+ALL and before I could hit the PTT button; we had entered the cloud. Timewise; this discussion and pa attempt occurred in 15 seconds or less.To our calculations at around 500 kt ground speed; we had less than 2 miles of clear air between exiting IMC; and the developing cell in front of us. We entered the cloud between XA:30 and XA:45.The FO was flying pilot; we were on Autopilot 2 (AP2); seatbelts sign on; and within the cloud we entered the rain. AP2 did its best but disconnected; and the aircraft climbed to an altitude of 37600 feet. To us up front; we thought it felt moderate and as precaution checked in with our effective first flight attendant (FA) (the established first was on break at that time). We asked if everyone was ok; and initially the response was yes; just surprised. I later received a call from the aft with the news no one wants to hear: one of our flight attendants was up in the aft galley and fell during the turbulence; and was injured.She advised that she was not too badly injured but had back pain and wanted to lay down. It appears no one else was standing or was injured from this incident. Our excellent team of flight attendants around her made sure she got ice; ibuprofen; and a row to lay down for the remainder of the flight. She advised medlink was not necessary. Around 60-90 minutes later; we were rotating pilots and the Captain returned to the flight deck. After the FO vacated to go on break and some discussion between the Captain and I; we called back to the aft galley; asking to see if we should call medlink on the injured FAs behalf. They called us back with her response saying 'maybe'; and out of an abundance of caution; we called via satphone. In short; Dispatch was on during the call and medlink advised that the actions already taken were appropriate (ice and ibuprofen); let her rest aslong as possible and if her condition worsens at all that we should call back. We arranged for medical checkout at the gate; and the situation did not seem to worsen. By the time the pilots could make our way back to check in with her after the passengers had deplaned; she was able to speak and walk to deplane on her own. The paramedics took basic vitals including blood pressure and heart rate. I stayed with the flight attendant; we were processed thru customs and went our separate ways curbside. The flight attendant was taken to hospital for check up by a family member; results as of writing this report are unknown.",,,,"Air carrier First Officer reported a Flight Attendant suffered minor injuries when they encountered moderate turbulence at FL370 over the Pacific Ocean.",
